ISO-10303-21;
HEADER;
FILE_DESCRIPTION (( 'STEP AP214' ),
    '1' );
FILE_NAME ('B22AP.STEP',
    '2025-08-10T16:09:36',
    ( '' ),
    ( '' ),
    'SwSTEP 2.0',
    'SolidWorks 2023',
    '' );
FILE_SCHEMA (( 'AUTOMOTIVE_DESIGN' ));
ENDSEC;

DATA;
#1 = CARTESIAN_POINT ( 'NONE',  ( -2.540000000000000036, -3.962399999999999700, 2.540000000000000036 ) ) ;
#2 = ORIENTED_EDGE ( 'NONE', *, *, #298, .T. ) ;
#3 = FACE_OUTER_BOUND ( 'NONE', #2855, .T. ) ;
#4 = PLANE ( 'NONE',  #1228 ) ;
#5 = ORIENTED_EDGE ( 'NONE', *, *, #358, .F. ) ;
#6 = CARTESIAN_POINT ( 'NONE',  ( 3.987799999999999567, 5.181599999999999540, -3.987799999999999567 ) ) ;
#7 = ORIENTED_EDGE ( 'NONE', *, *, #578, .T. ) ;
#8 = LINE ( 'NONE', #58, #759 ) ;
#9 = DIRECTION ( 'NONE',  ( 0.000000000000000000, 0.000000000000000000, -1.000000000000000000 ) ) ;
#10 = CARTESIAN_POINT ( 'NONE',  ( -3.987799999999999567, 0.7620000000000000107, 3.987799999999999567 ) ) ;
#11 = EDGE_CURVE ( 'NONE', #3054, #2440, #859, .T. ) ;
#12 = EDGE_CURVE ( 'NONE', #420, #582, #1793, .T. ) ;
#13 = VECTOR ( 'NONE', #876, 1000.000000000000000 ) ;
#14 = LINE ( 'NONE', #3015, #2993 ) ;
#15 = LINE ( 'NONE', #1513, #2735 ) ;
#16 = AXIS2_PLACEMENT_3D ( 'NONE', #3027, #272, #555 ) ;
#17 = EDGE_CURVE ( 'NONE', #2226, #2685, #1823, .T. ) ;
#18 = VERTEX_POINT ( 'NONE', #2296 ) ;
#19 = FACE_OUTER_BOUND ( 'NONE', #2564, .T. ) ;
#20 = VECTOR ( 'NONE', #1005, 1000.000000000000000 ) ;
#21 = CARTESIAN_POINT ( 'NONE',  ( -4.394199999999999662, 8.839199999999999946, 4.140200000000000102 ) ) ;
#22 = ORIENTED_EDGE ( 'NONE', *, *, #1080, .T. ) ;
#23 = CARTESIAN_POINT ( 'NONE',  ( 0.2540000000000000036, 3.505199999999999871, 1.778000000000000025 ) ) ;
#24 = VECTOR ( 'NONE', #32, 1000.000000000000000 ) ;
#25 = VERTEX_POINT ( 'NONE', #3101 ) ;
#26 = AXIS2_PLACEMENT_3D ( 'NONE', #94, #1298, #422 ) ;
#27 = DIRECTION ( 'NONE',  ( 0.000000000000000000, 0.000000000000000000, 1.000000000000000000 ) ) ;
#28 = CYLINDRICAL_SURFACE ( 'NONE', #3102, 0.3048000000000000154 ) ;
#29 = CARTESIAN_POINT ( 'NONE',  ( -2.540000000000000036, -3.962399999999999700, -2.540000000000000036 ) ) ;
#30 = VECTOR ( 'NONE', #3200, 1000.000000000000000 ) ;
#31 = VECTOR ( 'NONE', #1132, 1000.000000000000000 ) ;
#32 = DIRECTION ( 'NONE',  ( 0.000000000000000000, -1.000000000000000000, 0.000000000000000000 ) ) ;
#33 = LINE ( 'NONE', #1740, #2684 ) ;
#34 = VECTOR ( 'NONE', #1208, 1000.000000000000000 ) ;
#35 = EDGE_LOOP ( 'NONE', ( #2726, #1403, #791, #2360, #385 ) ) ;
#36 = EDGE_CURVE ( 'NONE', #2332, #3021, #2542, .T. ) ;
#37 = CARTESIAN_POINT ( 'NONE',  ( -4.394199999999999662, 8.839199999999999946, -4.140200000000000102 ) ) ;
#38 = DIRECTION ( 'NONE',  ( 0.000000000000000000, 1.000000000000000000, 0.000000000000000000 ) ) ;
#39 = EDGE_CURVE ( 'NONE', #1062, #1564, #1624, .T. ) ;
#40 = ORIENTED_EDGE ( 'NONE', *, *, #1826, .F. ) ;
#41 = DIRECTION ( 'NONE',  ( 1.000000000000000000, 0.000000000000000000, 0.000000000000000000 ) ) ;
#42 = ITEM_DEFINED_TRANSFORMATION ( 'NONE', 'NONE', #1804,  #1388 ) ;
#43 = VERTEX_POINT ( 'NONE', #592 ) ;
#44 = ORIENTED_EDGE ( 'NONE', *, *, #638, .F. ) ;
#45 = LINE ( 'NONE', #1250, #3091 ) ;
#46 = LINE ( 'NONE', #1783, #2117 ) ;
#47 =( LENGTH_UNIT ( ) NAMED_UNIT ( * ) SI_UNIT ( .MILLI., .METRE. ) );
#48 = CARTESIAN_POINT ( 'NONE',  ( 1.347350128516598412E-14, -1.016000000000460979, 113.1480137398609997 ) ) ;
#49 = LINE ( 'NONE', #763, #728 ) ;
#50 = ORIENTED_EDGE ( 'NONE', *, *, #1585, .F. ) ;
#51 = CARTESIAN_POINT ( 'NONE',  ( 2.540000000000000036, -3.962399999999999700, 2.844800000000000217 ) ) ;
#52 = DIRECTION ( 'NONE',  ( -1.000000000000000000, -2.754855886670365980E-17, -1.193259181024237167E-16 ) ) ;
#53 = EDGE_CURVE ( 'NONE', #1809, #1055, #63, .T. ) ;
#54 = VERTEX_POINT ( 'NONE', #1597 ) ;
#55 = CARTESIAN_POINT ( 'NONE',  ( -3.987799999999999567, 5.181599999999999540, -3.987799999999999567 ) ) ;
#56 = VERTEX_POINT ( 'NONE', #2607 ) ;
#57 = EDGE_CURVE ( 'NONE', #992, #553, #1340, .T. ) ;
#58 = CARTESIAN_POINT ( 'NONE',  ( -3.378200000000000092, 5.181599999999999540, 3.987799999999999567 ) ) ;
#59 = DIRECTION ( 'NONE',  ( 0.000000000000000000, 0.000000000000000000, -1.000000000000000000 ) ) ;
#60 = PLANE ( 'NONE',  #3207 ) ;
#61 = CARTESIAN_POINT ( 'NONE',  ( 4.394199999999999662, 0.7873999999999999888, -3.606799999999999784 ) ) ;
#62 = ORIENTED_EDGE ( 'NONE', *, *, #2426, .T. ) ;
#63 = LINE ( 'NONE', #613, #1519 ) ;
#64 = CARTESIAN_POINT ( 'NONE',  ( -4.394199999999999662, 5.181599999999999540, -4.140200000000000102 ) ) ;
#65 = CARTESIAN_POINT ( 'NONE',  ( -4.394199999999999662, 5.181599999999999540, -3.378200000000000092 ) ) ;
#66 = VECTOR ( 'NONE', #1626, 1000.000000000000000 ) ;
#67 = ORIENTED_EDGE ( 'NONE', *, *, #3206, .F. ) ;
#68 = VECTOR ( 'NONE', #1655, 1000.000000000000000 ) ;
#69 = CARTESIAN_POINT ( 'NONE',  ( -2.540000000000000036, -3.962399999999999700, -2.540000000000000036 ) ) ;
#70 = AXIS2_PLACEMENT_3D ( 'NONE', #190, #2694, #236 ) ;
#71 = ORIENTED_EDGE ( 'NONE', *, *, #3009, .F. ) ;
#72 = CARTESIAN_POINT ( 'NONE',  ( 3.987799999999999567, 3.911600000000000410, 3.378200000000000092 ) ) ;
#73 = EDGE_CURVE ( 'NONE', #2029, #1083, #2593, .T. ) ;
#74 = AXIS2_PLACEMENT_3D ( 'NONE', #2557, #2110, #115 ) ;
#75 = LINE ( 'NONE', #2630, #2683 ) ;
#76 = SHAPE_REPRESENTATION_RELATIONSHIP ( 'NONE' , 'NONE' ,  #954, #1941 ) ;
#77 = AXIS2_PLACEMENT_3D ( 'NONE', #2293, #1835, #361 ) ;
#78 = PRODUCT_DEFINITION_SHAPE ( 'NONE', 'NONE',  #3225 ) ;
#79 = VERTEX_POINT ( 'NONE', #379 ) ;
#80 = AXIS2_PLACEMENT_3D ( 'NONE', #1422, #1967, #1702 ) ;
#81 = DIRECTION ( 'NONE',  ( 0.000000000000000000, 0.000000000000000000, -1.000000000000000000 ) ) ;
#82 = AXIS2_PLACEMENT_3D ( 'NONE', #1927, #1466, #1196 ) ;
#83 = ORIENTED_EDGE ( 'NONE', *, *, #377, .F. ) ;
#84 = CYLINDRICAL_SURFACE ( 'NONE', #1364, 0.3048000000000000154 ) ;
#85 = DIRECTION ( 'NONE',  ( -1.000000000000000000, 0.000000000000000000, 0.000000000000000000 ) ) ;
#86 = SHAPE_REPRESENTATION ( 'B22AP.stp', ( #1388, #354, #1753, #1543, #1082, #2898 ), #1966 ) ;
#87 = CARTESIAN_POINT ( 'NONE',  ( -3.606799999999999784, 0.8128000000000000780, -3.606799999999999784 ) ) ;
#88 = AXIS2_PLACEMENT_3D ( 'NONE', #2962, #1510, #539 ) ;
#89 = EDGE_LOOP ( 'NONE', ( #108, #1827, #1318, #2083 ) ) ;
#90 = CARTESIAN_POINT ( 'NONE',  ( -2.540000000000000036, 0.000000000000000000, 0.3047999999999999599 ) ) ;
#91 = ORIENTED_EDGE ( 'NONE', *, *, #2687, .T. ) ;
#92 = EDGE_LOOP ( 'NONE', ( #1198, #2647 ) ) ;
#93 = LINE ( 'NONE', #3139, #1475 ) ;
#94 = CARTESIAN_POINT ( 'NONE',  ( 0.000000000000000000, 3.505199999999999871, 0.000000000000000000 ) ) ;
#95 = ADVANCED_FACE ( 'NONE', ( #1810 ), #84, .T. ) ;
#96 = ORIENTED_EDGE ( 'NONE', *, *, #1360, .T. ) ;
#97 = EDGE_CURVE ( 'NONE', #1809, #468, #2614, .T. ) ;
#98 = CARTESIAN_POINT ( 'NONE',  ( 3.606799999999999784, 0.8128000000000000780, 3.606799999999999784 ) ) ;
#99 = ORIENTED_EDGE ( 'NONE', *, *, #1370, .T. ) ;
#100 = EDGE_CURVE ( 'NONE', #2610, #2968, #3033, .T. ) ;
#101 = ORIENTED_EDGE ( 'NONE', *, *, #2502, .T. ) ;
#102 = FACE_OUTER_BOUND ( 'NONE', #946, .T. ) ;
#103 = LINE ( 'NONE', #1102, #31 ) ;
#104 = VERTEX_POINT ( 'NONE', #1063 ) ;
#105 = DIRECTION ( 'NONE',  ( 0.000000000000000000, 0.000000000000000000, 1.000000000000000000 ) ) ;
#106 = ORIENTED_EDGE ( 'NONE', *, *, #1348, .F. ) ;
#107 = DIRECTION ( 'NONE',  ( 0.000000000000000000, 0.000000000000000000, -1.000000000000000000 ) ) ;
#108 = ORIENTED_EDGE ( 'NONE', *, *, #100, .T. ) ;
#109 =( NAMED_UNIT ( * ) SI_UNIT ( $, .STERADIAN. ) SOLID_ANGLE_UNIT ( ) );
#110 = EDGE_CURVE ( 'NONE', #1743, #3088, #2059, .T. ) ;
#111 = DIRECTION ( 'NONE',  ( 0.000000000000000000, -1.000000000000000000, 0.000000000000000000 ) ) ;
#112 = EDGE_CURVE ( 'NONE', #2968, #1124, #1892, .T. ) ;
#113 = EDGE_LOOP ( 'NONE', ( #2076, #2472, #349, #889 ) ) ;
#114 = DIRECTION ( 'NONE',  ( 8.659560562354926695E-17, -0.7071067811865480168, 0.7071067811865470176 ) ) ;
#115 = DIRECTION ( 'NONE',  ( 1.000000000000000000, 0.000000000000000000, 0.000000000000000000 ) ) ;
#116 = PLANE ( 'NONE',  #2732 ) ;
#117 = EDGE_CURVE ( 'NONE', #3134, #2610, #1385, .T. ) ;
#118 = EDGE_LOOP ( 'NONE', ( #618, #1849, #2485, #1833, #2704 ) ) ;
#119 = DIRECTION ( 'NONE',  ( 1.000000000000000000, 0.000000000000000000, 0.000000000000000000 ) ) ;
#120 = CLOSED_SHELL ( 'NONE', ( #1973, #1607, #159, #1255, #460, #2030, #1990, #2926, #1688, #3208, #1021, #3149 ) ) ;
#121 = COLOUR_RGB ( '',0.9490196078431372140, 0.9490196078431372140, 0.9490196078431372140 ) ;
#122 = VERTEX_POINT ( 'NONE', #395 ) ;
#123 = FACE_OUTER_BOUND ( 'NONE', #1815, .T. ) ;
#124 = AXIS2_PLACEMENT_3D ( 'NONE', #819, #1798, #2794 ) ;
#125 = ORIENTED_EDGE ( 'NONE', *, *, #1213, .F. ) ;
#126 = AXIS2_PLACEMENT_3D ( 'NONE', #3151, #1678, #2143 ) ;
#127 = DIRECTION ( 'NONE',  ( 0.7071067811865480168, 0.000000000000000000, -0.7071067811865470176 ) ) ;
#128 = PLANE ( 'NONE',  #2321 ) ;
#129 = CIRCLE ( 'NONE', #341, 2.743199999999999861 ) ;
#130 = ORIENTED_EDGE ( 'NONE', *, *, #745, .F. ) ;
#131 = DIRECTION ( 'NONE',  ( 0.000000000000000000, 1.000000000000000000, 0.000000000000000000 ) ) ;
#132 = AXIS2_PLACEMENT_3D ( 'NONE', #688, #470, #486 ) ;
#133 = LINE ( 'NONE', #2095, #602 ) ;
#134 = LINE ( 'NONE', #87, #559 ) ;
#135 = CIRCLE ( 'NONE', #2840, 1.295399999999999885 ) ;
#136 = ORIENTED_EDGE ( 'NONE', *, *, #2963, .F. ) ;
#137 = EDGE_LOOP ( 'NONE', ( #1257, #597, #2207, #96, #850, #2084, #2654 ) ) ;
#138 = CARTESIAN_POINT ( 'NONE',  ( 4.140200000000000102, 8.839199999999999946, 4.394199999999999662 ) ) ;
#139 = EDGE_CURVE ( 'NONE', #1829, #1971, #2489, .T. ) ;
#140 = VECTOR ( 'NONE', #478, 1000.000000000000000 ) ;
#141 =( GEOMETRIC_REPRESENTATION_CONTEXT ( 3 ) GLOBAL_UNCERTAINTY_ASSIGNED_CONTEXT ( ( #1595 ) ) GLOBAL_UNIT_ASSIGNED_CONTEXT ( ( #588, #310, #2847 ) ) REPRESENTATION_CONTEXT ( 'NONE', 'WORKASPACE' ) );
#142 = ORIENTED_EDGE ( 'NONE', *, *, #2841, .T. ) ;
#143 = CARTESIAN_POINT ( 'NONE',  ( 4.140200000000000102, 8.839199999999999946, 4.140200000000000102 ) ) ;
#144 = DIRECTION ( 'NONE',  ( 1.000000000000000000, 0.000000000000000000, 0.000000000000000000 ) ) ;
#145 = ORIENTED_EDGE ( 'NONE', *, *, #501, .F. ) ;
#146 = CARTESIAN_POINT ( 'NONE',  ( -3.606799999999999784, 0.7873999999999999888, -4.394199999999999662 ) ) ;
#147 = DIRECTION ( 'NONE',  ( -1.000000000000000000, 0.000000000000000000, 0.000000000000000000 ) ) ;
#148 = ORIENTED_EDGE ( 'NONE', *, *, #2345, .F. ) ;
#149 = CARTESIAN_POINT ( 'NONE',  ( -3.378200000000000092, 3.911600000000000410, -4.394199999999999662 ) ) ;
#150 = CARTESIAN_POINT ( 'NONE',  ( -4.394199999999999662, 0.7873999999999999888, -3.606799999999999784 ) ) ;
#151 = CARTESIAN_POINT ( 'NONE',  ( -3.606799999999999784, 0.8128000000000000780, -3.606799999999999784 ) ) ;
#152 = ORIENTED_EDGE ( 'NONE', *, *, #506, .T. ) ;
#153 = CARTESIAN_POINT ( 'NONE',  ( 4.140200000000000102, 0.000000000000000000, -4.394199999999999662 ) ) ;
#154 = DIRECTION ( 'NONE',  ( 1.000000000000000000, 0.000000000000000000, 0.000000000000000000 ) ) ;
#155 = EDGE_CURVE ( 'NONE', #1975, #2332, #995, .T. ) ;
#156 = ORIENTED_EDGE ( 'NONE', *, *, #2434, .T. ) ;
#157 = CARTESIAN_POINT ( 'NONE',  ( -3.987799999999999567, 5.181599999999999540, -3.987799999999999567 ) ) ;
#158 =( NAMED_UNIT ( * ) PLANE_ANGLE_UNIT ( ) SI_UNIT ( $, .RADIAN. ) );
#159 = ADVANCED_FACE ( 'NONE', ( #417 ), #1661, .T. ) ;
#160 = ORIENTED_EDGE ( 'NONE', *, *, #2807, .F. ) ;
#161 = LINE ( 'NONE', #938, #2261 ) ;
#162 = CARTESIAN_POINT ( 'NONE',  ( 0.2540000000000000036, 3.505199999999999871, 2.731415427942090357 ) ) ;
#163 = PRODUCT_DEFINITION_CONTEXT ( 'detailed design', #1203, 'design' ) ;
#164 = EDGE_LOOP ( 'NONE', ( #812, #2322, #410 ) ) ;
#165 = CARTESIAN_POINT ( 'NONE',  ( -3.378200000000000092, 3.911600000000000410, -3.987799999999999567 ) ) ;
#166 = DIRECTION ( 'NONE',  ( 0.000000000000000000, -1.000000000000000000, 0.000000000000000000 ) ) ;
#167 = DIRECTION ( 'NONE',  ( -0.7071067811865480168, 0.000000000000000000, 0.7071067811865470176 ) ) ;
#168 = ORIENTED_EDGE ( 'NONE', *, *, #2137, .T. ) ;
#169 = ORIENTED_EDGE ( 'NONE', *, *, #3005, .T. ) ;
#170 = CARTESIAN_POINT ( 'NONE',  ( 3.606799999999999784, 0.000000000000000000, -4.394199999999999662 ) ) ;
#171 = DIRECTION ( 'NONE',  ( -0.000000000000000000, 1.000000000000000000, 0.000000000000000000 ) ) ;
#172 = ORIENTED_EDGE ( 'NONE', *, *, #1988, .F. ) ;
#173 = CLOSED_SHELL ( 'NONE', ( #1054, #1333, #3002, #1237, #1928, #1623, #3191, #95, #1408, #407, #538, #3110, #1932, #841, #1745, #843, #2233, #2742, #849, #865, #2194, #598, #1013, #2012 ) ) ;
#174 = CARTESIAN_POINT ( 'NONE',  ( -4.394199999999999662, 0.000000000000000000, -3.606799999999999784 ) ) ;
#175 = CARTESIAN_POINT ( 'NONE',  ( 0.000000000000000000, 0.000000000000000000, 0.000000000000000000 ) ) ;
#176 = VECTOR ( 'NONE', #1140, 1000.000000000000000 ) ;
#177 = ORIENTED_EDGE ( 'NONE', *, *, #826, .T. ) ;
#178 = EDGE_CURVE ( 'NONE', #1111, #1007, #540, .T. ) ;
#179 = AXIS2_PLACEMENT_3D ( 'NONE', #2203, #1421, #909 ) ;
#180 = CARTESIAN_POINT ( 'NONE',  ( -3.378200000000000092, 3.911600000000000410, -3.987799999999999567 ) ) ;
#181 = EDGE_CURVE ( 'NONE', #476, #2699, #2658, .T. ) ;
#182 = DIRECTION ( 'NONE',  ( 0.000000000000000000, 0.000000000000000000, 1.000000000000000000 ) ) ;
#183 = ORIENTED_EDGE ( 'NONE', *, *, #1348, .T. ) ;
#184 = LINE ( 'NONE', #1925, #2154 ) ;
#185 = CYLINDRICAL_SURFACE ( 'NONE', #3152, 0.2539999999999998925 ) ;
#186 = AXIS2_PLACEMENT_3D ( 'NONE', #545, #251, #2013 ) ;
#187 = DIRECTION ( 'NONE',  ( -1.000000000000000000, 0.000000000000000000, 0.000000000000000000 ) ) ;
#188 = AXIS2_PLACEMENT_3D ( 'NONE', #1922, #443, #427 ) ;
#189 = EDGE_LOOP ( 'NONE', ( #1669, #3112, #101, #2114 ) ) ;
#190 = CARTESIAN_POINT ( 'NONE',  ( 3.606799999999999784, 0.000000000000000000, -4.394199999999999662 ) ) ;
#191 = CARTESIAN_POINT ( 'NONE',  ( 4.394199999999999662, 5.181599999999999540, 3.378200000000000092 ) ) ;
#192 = AXIS2_PLACEMENT_3D ( 'NONE', #2004, #1030, #2729 ) ;
#193 = ORIENTED_EDGE ( 'NONE', *, *, #2822, .F. ) ;
#194 = VECTOR ( 'NONE', #1825, 1000.000000000000000 ) ;
#195 = DIRECTION ( 'NONE',  ( 1.000000000000000000, 0.000000000000000000, 0.000000000000000000 ) ) ;
#196 = DIRECTION ( 'NONE',  ( 1.000000000000000000, 0.000000000000000000, 0.000000000000000000 ) ) ;
#197 = ORIENTED_EDGE ( 'NONE', *, *, #1136, .F. ) ;
#198 = PRODUCT_DEFINITION_FORMATION_WITH_SPECIFIED_SOURCE ( 'ANY', '', #3018, .NOT_KNOWN. ) ;
#199 = LINE ( 'NONE', #2184, #2367 ) ;
#200 = LINE ( 'NONE', #2701, #352 ) ;
#201 = EDGE_CURVE ( 'NONE', #3092, #1116, #2868, .T. ) ;
#202 = EDGE_CURVE ( 'NONE', #2851, #2011, #645, .T. ) ;
#203 = CARTESIAN_POINT ( 'NONE',  ( 3.987799999999999567, 0.7620000000000000107, 3.987799999999999567 ) ) ;
#204 = CARTESIAN_POINT ( 'NONE',  ( 3.987799999999999567, 5.181599999999999540, -3.987799999999999567 ) ) ;
#205 = FACE_OUTER_BOUND ( 'NONE', #2477, .T. ) ;
#206 = APPLICATION_CONTEXT ( 'automotive_design' ) ;
#207 = EDGE_CURVE ( 'NONE', #3209, #1358, #2623, .T. ) ;
#208 = ORIENTED_EDGE ( 'NONE', *, *, #2980, .F. ) ;
#209 = DIRECTION ( 'NONE',  ( 0.000000000000000000, 1.000000000000000000, 0.000000000000000000 ) ) ;
#210 = CARTESIAN_POINT ( 'NONE',  ( -4.394199999999999662, 3.911600000000000410, 3.378200000000000092 ) ) ;
#211 = ORIENTED_EDGE ( 'NONE', *, *, #1784, .F. ) ;
#212 = CARTESIAN_POINT ( 'NONE',  ( -0.2540000000000000036, 3.505199999999999871, 2.489199999999999857 ) ) ;
#213 = ORIENTED_EDGE ( 'NONE', *, *, #1407, .T. ) ;
#214 = DIRECTION ( 'NONE',  ( 1.000000000000000000, 0.000000000000000000, 0.000000000000000000 ) ) ;
#215 = PLANE ( 'NONE',  #1856 ) ;
#216 = EDGE_CURVE ( 'NONE', #2029, #3134, #681, .T. ) ;
#217 = PLANE ( 'NONE',  #1736 ) ;
#218 = PLANE ( 'NONE',  #1334 ) ;
#219 = PRODUCT_RELATED_PRODUCT_CATEGORY ( 'part', '', ( #289 ) ) ;
#220 = ORIENTED_EDGE ( 'NONE', *, *, #333, .T. ) ;
#221 = CARTESIAN_POINT ( 'NONE',  ( -3.987799999999999567, 0.7620000000000000107, -3.987799999999999567 ) ) ;
#222 = DIRECTION ( 'NONE',  ( 1.000000000000000000, 0.000000000000000000, 0.000000000000000000 ) ) ;
#223 = EDGE_CURVE ( 'NONE', #1335, #54, #184, .T. ) ;
#224 = ORIENTED_EDGE ( 'NONE', *, *, #223, .T. ) ;
#225 = SHAPE_DEFINITION_REPRESENTATION ( #552, #1748 ) ;
#226 = VERTEX_POINT ( 'NONE', #697 ) ;
#227 = DIRECTION ( 'NONE',  ( 0.000000000000000000, 0.000000000000000000, 1.000000000000000000 ) ) ;
#228 = DIRECTION ( 'NONE',  ( 1.000000000000000000, 0.000000000000000000, 0.000000000000000000 ) ) ;
#229 = VECTOR ( 'NONE', #2884, 1000.000000000000000 ) ;
#230 = VECTOR ( 'NONE', #1556, 1000.000000000000000 ) ;
#231 = ORIENTED_EDGE ( 'NONE', *, *, #1080, .F. ) ;
#232 = DIRECTION ( 'NONE',  ( 0.000000000000000000, 1.000000000000000000, 0.000000000000000000 ) ) ;
#233 = DIRECTION ( 'NONE',  ( 0.000000000000000000, 1.000000000000000000, 0.000000000000000000 ) ) ;
#234 = VERTEX_POINT ( 'NONE', #149 ) ;
#235 = VECTOR ( 'NONE', #1019, 1000.000000000000000 ) ;
#236 = DIRECTION ( 'NONE',  ( 0.000000000000000000, 1.000000000000000000, 0.000000000000000000 ) ) ;
#237 = LINE ( 'NONE', #191, #1796 ) ;
#238 = VECTOR ( 'NONE', #2525, 1000.000000000000000 ) ;
#239 = VERTEX_POINT ( 'NONE', #1677 ) ;
#240 = EDGE_CURVE ( 'NONE', #3025, #2299, #2396, .T. ) ;
#241 = FACE_OUTER_BOUND ( 'NONE', #953, .T. ) ;
#242 = AXIS2_PLACEMENT_3D ( 'NONE', #2079, #3071, #615 ) ;
#243 = ORIENTED_EDGE ( 'NONE', *, *, #1217, .T. ) ;
#244 = ORIENTED_EDGE ( 'NONE', *, *, #1360, .F. ) ;
#245 = DIRECTION ( 'NONE',  ( 0.000000000000000000, 0.000000000000000000, 1.000000000000000000 ) ) ;
#246 =( GEOMETRIC_REPRESENTATION_CONTEXT ( 3 ) GLOBAL_UNCERTAINTY_ASSIGNED_CONTEXT ( ( #1622 ) ) GLOBAL_UNIT_ASSIGNED_CONTEXT ( ( #47, #1094, #2815 ) ) REPRESENTATION_CONTEXT ( 'NONE', 'WORKASPACE' ) );
#247 = DIRECTION ( 'NONE',  ( 0.000000000000000000, 0.000000000000000000, 1.000000000000000000 ) ) ;
#248 = ORIENTED_EDGE ( 'NONE', *, *, #885, .T. ) ;
#249 = CARTESIAN_POINT ( 'NONE',  ( 3.987799999999999567, 3.911600000000000410, -3.378200000000000092 ) ) ;
#250 = ORIENTED_EDGE ( 'NONE', *, *, #2625, .F. ) ;
#251 = DIRECTION ( 'NONE',  ( 0.000000000000000000, 1.000000000000000000, 0.000000000000000000 ) ) ;
#252 = PLANE ( 'NONE',  #726 ) ;
#253 = ORIENTED_EDGE ( 'NONE', *, *, #53, .F. ) ;
#254 = LINE ( 'NONE', #2774, #1837 ) ;
#255 = ADVANCED_FACE ( 'NONE', ( #1160 ), #1985, .T. ) ;
#256 = CONTEXT_DEPENDENT_SHAPE_REPRESENTATION ( #306, #2314 ) ;
#257 = EDGE_CURVE ( 'NONE', #2440, #2029, #2728, .T. ) ;
#258 = ORIENTED_EDGE ( 'NONE', *, *, #2761, .F. ) ;
#259 = CARTESIAN_POINT ( 'NONE',  ( 3.987799999999999567, 0.7620000000000000107, -3.987799999999999567 ) ) ;
#260 = DIRECTION ( 'NONE',  ( 0.000000000000000000, 1.000000000000000000, 0.000000000000000000 ) ) ;
#261 = PLANE ( 'NONE',  #457 ) ;
#262 = EDGE_CURVE ( 'NONE', #1743, #2640, #2127, .T. ) ;
#263 = CARTESIAN_POINT ( 'NONE',  ( 4.394199999999999662, 0.000000000000000000, -3.606799999999999784 ) ) ;
#264 = DIRECTION ( 'NONE',  ( 0.000000000000000000, 0.000000000000000000, 1.000000000000000000 ) ) ;
#265 = ORIENTED_EDGE ( 'NONE', *, *, #1765, .F. ) ;
#266 = CARTESIAN_POINT ( 'NONE',  ( 3.378200000000000092, 3.911600000000000410, -3.987799999999999567 ) ) ;
#267 = DIRECTION ( 'NONE',  ( 1.000000000000000000, 0.000000000000000000, 0.000000000000000000 ) ) ;
#268 = EDGE_LOOP ( 'NONE', ( #966, #577, #2400, #1041 ) ) ;
#269 = DIRECTION ( 'NONE',  ( 0.000000000000000000, -1.000000000000000000, 0.000000000000000000 ) ) ;
#270 = ITEM_DEFINED_TRANSFORMATION ( 'NONE', 'NONE', #1753,  #1078 ) ;
#271 = EDGE_LOOP ( 'NONE', ( #833, #1567, #765, #258, #1630, #735 ) ) ;
#272 = DIRECTION ( 'NONE',  ( 0.000000000000000000, 1.000000000000000000, 0.000000000000000000 ) ) ;
#273 = CARTESIAN_POINT ( 'NONE',  ( -0.2540000000000000036, 3.505199999999999871, 2.731415427942090357 ) ) ;
#274 = DIRECTION ( 'NONE',  ( -0.000000000000000000, 1.000000000000000000, 0.000000000000000000 ) ) ;
#275 = ADVANCED_FACE ( 'NONE', ( #3131 ), #1875, .F. ) ;
#276 = VECTOR ( 'NONE', #3150, 1000.000000000000000 ) ;
#277 = CARTESIAN_POINT ( 'NONE',  ( -4.140200000000000102, 8.839199999999999946, -4.394199999999999662 ) ) ;
#278 = CARTESIAN_POINT ( 'NONE',  ( -2.540000000000000036, -3.962399999999999700, 0.000000000000000000 ) ) ;
#279 = VECTOR ( 'NONE', #2339, 1000.000000000000000 ) ;
#280 = ORIENTED_EDGE ( 'NONE', *, *, #748, .F. ) ;
#281 = DIRECTION ( 'NONE',  ( 0.000000000000000000, 1.000000000000000000, 0.000000000000000000 ) ) ;
#282 = VECTOR ( 'NONE', #1150, 1000.000000000000000 ) ;
#283 = DIRECTION ( 'NONE',  ( -0.000000000000000000, 1.000000000000000000, 0.000000000000000000 ) ) ;
#284 = VECTOR ( 'NONE', #1439, 1000.000000000000000 ) ;
#285 = EDGE_LOOP ( 'NONE', ( #1044, #1705, #1461, #2971, #3115, #1087, #867, #591, #584, #684, #1649, #291 ) ) ;
#286 = CARTESIAN_POINT ( 'NONE',  ( -4.394199999999999662, 0.7873999999999999888, -3.606799999999999784 ) ) ;
#287 = SHAPE_DEFINITION_REPRESENTATION ( #796, #408 ) ;
#288 = AXIS2_PLACEMENT_3D ( 'NONE', #1738, #1976, #2493 ) ;
#289 = PRODUCT ( 'B22APtoggle.stp', 'B22APtoggle.stp', '', ( #1218 ) ) ;
#290 = VERTEX_POINT ( 'NONE', #3116 ) ;
#291 = ORIENTED_EDGE ( 'NONE', *, *, #462, .F. ) ;
#292 = AXIS2_PLACEMENT_3D ( 'NONE', #1557, #587, #1880 ) ;
#293 = LINE ( 'NONE', #2021, #1314 ) ;
#294 = LINE ( 'NONE', #1756, #722 ) ;
#295 = VECTOR ( 'NONE', #2269, 1000.000000000000000 ) ;
#296 = VECTOR ( 'NONE', #1350, 1000.000000000000000 ) ;
#297 = FACE_OUTER_BOUND ( 'NONE', #1921, .T. ) ;
#298 = EDGE_CURVE ( 'NONE', #2025, #2612, #650, .T. ) ;
#299 = DIRECTION ( 'NONE',  ( 0.000000000000000000, 0.000000000000000000, 1.000000000000000000 ) ) ;
#300 = EDGE_CURVE ( 'NONE', #1553, #1555, #323, .T. ) ;
#301 = ORIENTED_EDGE ( 'NONE', *, *, #2179, .T. ) ;
#302 = DIRECTION ( 'NONE',  ( 0.000000000000000000, -1.000000000000000000, 0.000000000000000000 ) ) ;
#303 = FACE_OUTER_BOUND ( 'NONE', #866, .T. ) ;
#304 = EDGE_CURVE ( 'NONE', #2710, #3159, #2518, .T. ) ;
#305 = CARTESIAN_POINT ( 'NONE',  ( 0.2540000000000000036, 3.505199999999999871, 2.731415427942090357 ) ) ;
#306 =( REPRESENTATION_RELATIONSHIP ('NONE','NONE', #86, #2088 ) REPRESENTATION_RELATIONSHIP_WITH_TRANSFORMATION ( #1518 )SHAPE_REPRESENTATION_RELATIONSHIP( ) );
#307 = ORIENTED_EDGE ( 'NONE', *, *, #240, .T. ) ;
#308 = CARTESIAN_POINT ( 'NONE',  ( -3.987799999999999567, 5.181599999999999540, -3.987799999999999567 ) ) ;
#309 = LINE ( 'NONE', #807, #772 ) ;
#310 =( NAMED_UNIT ( * ) PLANE_ANGLE_UNIT ( ) SI_UNIT ( $, .RADIAN. ) );
#311 = LINE ( 'NONE', #2571, #2523 ) ;
#312 = CARTESIAN_POINT ( 'NONE',  ( 2.540000000000000036, 0.000000000000000000, -2.844800000000000217 ) ) ;
#313 = ADVANCED_FACE ( 'NONE', ( #1056 ), #2503, .F. ) ;
#314 = ORIENTED_EDGE ( 'NONE', *, *, #11, .T. ) ;
#315 = DIRECTION ( 'NONE',  ( 0.000000000000000000, 0.000000000000000000, 1.000000000000000000 ) ) ;
#316 = LINE ( 'NONE', #1501, #499 ) ;
#317 = PRODUCT_RELATED_PRODUCT_CATEGORY ( 'part', '', ( #3203 ) ) ;
#318 = CARTESIAN_POINT ( 'NONE',  ( -4.140200000000000102, 0.000000000000000000, 4.140200000000000102 ) ) ;
#319 = EDGE_LOOP ( 'NONE', ( #1586, #1749, #534, #2696 ) ) ;
#320 = CARTESIAN_POINT ( 'NONE',  ( 0.000000000000000000, 8.197505282624899081, -3.222017557577413704 ) ) ;
#321 = EDGE_CURVE ( 'NONE', #2376, #959, #2289, .T. ) ;
#322 = ORIENTED_EDGE ( 'NONE', *, *, #578, .F. ) ;
#323 = LINE ( 'NONE', #308, #1572 ) ;
#324 = CARTESIAN_POINT ( 'NONE',  ( 0.000000000000000000, 5.181599999999999540, 0.000000000000000000 ) ) ;
#325 = CARTESIAN_POINT ( 'NONE',  ( 0.000000000000000000, 8.488906878421939695, -1.959818575654620254 ) ) ;
#326 = EDGE_LOOP ( 'NONE', ( #1152, #2912, #169, #1717 ) ) ;
#327 = DIRECTION ( 'NONE',  ( 1.000000000000000000, 0.000000000000000000, 0.000000000000000000 ) ) ;
#328 = CARTESIAN_POINT ( 'NONE',  ( -4.394199999999999662, 0.7873999999999999888, -3.606799999999999784 ) ) ;
#329 = CARTESIAN_POINT ( 'NONE',  ( 0.000000000000000000, 0.000000000000000000, 0.000000000000000000 ) ) ;
#330 = EDGE_LOOP ( 'NONE', ( #2862, #1112, #1164, #2917 ) ) ;
#331 = AXIS2_PLACEMENT_3D ( 'NONE', #174, #488, #424 ) ;
#332 = FACE_OUTER_BOUND ( 'NONE', #1023, .T. ) ;
#333 = EDGE_CURVE ( 'NONE', #122, #2685, #293, .T. ) ;
#334 = AXIS2_PLACEMENT_3D ( 'NONE', #2454, #1651, #1917 ) ;
#335 = EDGE_CURVE ( 'NONE', #2965, #2673, #2763, .T. ) ;
#336 = ORIENTED_EDGE ( 'NONE', *, *, #2054, .T. ) ;
#337 = DIRECTION ( 'NONE',  ( 0.000000000000000000, 1.000000000000000000, 0.000000000000000000 ) ) ;
#338 = CIRCLE ( 'NONE', #74, 0.2539999999999998925 ) ;
#339 = CARTESIAN_POINT ( 'NONE',  ( -4.394199999999999662, 0.7873999999999999888, 3.606799999999999784 ) ) ;
#340 = CARTESIAN_POINT ( 'NONE',  ( 0.000000000000000000, 0.000000000000000000, 0.000000000000000000 ) ) ;
#341 = AXIS2_PLACEMENT_3D ( 'NONE', #414, #2430, #1396 ) ;
#342 = PRODUCT_DEFINITION_SHAPE ( 'NONE', 'NONE',  #3228 ) ;
#343 = ORIENTED_EDGE ( 'NONE', *, *, #178, .T. ) ;
#344 = SURFACE_STYLE_FILL_AREA ( #1096 ) ;
#345 = AXIS2_PLACEMENT_3D ( 'NONE', #968, #1267, #1769 ) ;
#346 = DIRECTION ( 'NONE',  ( -0.000000000000000000, 1.000000000000000000, 0.000000000000000000 ) ) ;
#347 = AXIS2_PLACEMENT_3D ( 'NONE', #2497, #2511, #267 ) ;
#348 = ORIENTED_EDGE ( 'NONE', *, *, #1591, .F. ) ;
#349 = ORIENTED_EDGE ( 'NONE', *, *, #622, .F. ) ;
#350 = CYLINDRICAL_SURFACE ( 'NONE', #970, 0.3048000000000000154 ) ;
#351 = CARTESIAN_POINT ( 'NONE',  ( 3.987799999999999567, 0.7620000000000000107, 3.987799999999999567 ) ) ;
#352 = VECTOR ( 'NONE', #1923, 1000.000000000000000 ) ;
#353 = ORIENTED_EDGE ( 'NONE', *, *, #2208, .T. ) ;
#354 = AXIS2_PLACEMENT_3D ( 'NONE', #1447, #3192, #1427 ) ;
#355 = PLANE ( 'NONE',  #713 ) ;
#356 = EDGE_LOOP ( 'NONE', ( #3082, #2443, #2267, #197, #893, #1792, #742, #535 ) ) ;
#357 = ORIENTED_EDGE ( 'NONE', *, *, #1766, .F. ) ;
#358 = EDGE_CURVE ( 'NONE', #2816, #54, #8, .T. ) ;
#359 = CARTESIAN_POINT ( 'NONE',  ( 4.394199999999999662, 8.839199999999999946, 4.140200000000000102 ) ) ;
#360 = EDGE_CURVE ( 'NONE', #2242, #56, #2050, .T. ) ;
#361 = DIRECTION ( 'NONE',  ( 0.000000000000000000, 0.000000000000000000, 1.000000000000000000 ) ) ;
#362 = EDGE_CURVE ( 'NONE', #2399, #1763, #2053, .T. ) ;
#363 = CARTESIAN_POINT ( 'NONE',  ( 2.255268505535320323, 1.574799999999999978, -1.896058260692554898 ) ) ;
#364 = ORIENTED_EDGE ( 'NONE', *, *, #2464, .F. ) ;
#365 = CARTESIAN_POINT ( 'NONE',  ( 3.606799999999999784, 0.000000000000000000, 4.394199999999999662 ) ) ;
#366 = DIRECTION ( 'NONE',  ( 0.000000000000000000, -0.9743700647852352459, 0.2249510543438650589 ) ) ;
#367 = FACE_OUTER_BOUND ( 'NONE', #2769, .T. ) ;
#368 = VERTEX_POINT ( 'NONE', #2813 ) ;
#369 = CARTESIAN_POINT ( 'NONE',  ( 0.000000000000000000, -1.229054469320137954, 0.2837495821267289609 ) ) ;
#370 = APPLICATION_CONTEXT ( 'automotive_design' ) ;
#371 = ORIENTED_EDGE ( 'NONE', *, *, #982, .T. ) ;
#372 = LINE ( 'NONE', #1359, #2159 ) ;
#373 = DIRECTION ( 'NONE',  ( 0.000000000000000000, 0.000000000000000000, 1.000000000000000000 ) ) ;
#374 = EDGE_LOOP ( 'NONE', ( #1592, #1930, #2155, #2787, #224, #5, #172 ) ) ;
#375 = FACE_BOUND ( 'NONE', #2392, .T. ) ;
#376 = EDGE_CURVE ( 'NONE', #2093, #239, #2536, .T. ) ;
#377 = EDGE_CURVE ( 'NONE', #1560, #2011, #2277, .T. ) ;
#378 = ORIENTED_EDGE ( 'NONE', *, *, #2524, .F. ) ;
#379 = CARTESIAN_POINT ( 'NONE',  ( -2.540000000000000036, -3.962399999999999700, 0.3047999999999999599 ) ) ;
#380 = CARTESIAN_POINT ( 'NONE',  ( -2.540000000000000036, -3.962399999999999700, 2.235200000000000298 ) ) ;
#381 = LINE ( 'NONE', #2349, #2320 ) ;
#382 = ORIENTED_EDGE ( 'NONE', *, *, #2407, .T. ) ;
#383 = DIRECTION ( 'NONE',  ( 1.000000000000000000, 0.000000000000000000, 0.000000000000000000 ) ) ;
#384 = VECTOR ( 'NONE', #2142, 1000.000000000000000 ) ;
#385 = ORIENTED_EDGE ( 'NONE', *, *, #542, .F. ) ;
#386 = CARTESIAN_POINT ( 'NONE',  ( 1.896058260692554898, 1.574799999999999978, -2.255268505535320323 ) ) ;
#387 = SHAPE_REPRESENTATION_RELATIONSHIP ( 'NONE' , 'NONE' ,  #2088, #1619 ) ;
#388 = AXIS2_PLACEMENT_3D ( 'NONE', #221, #1701, #209 ) ;
#389 = ORIENTED_EDGE ( 'NONE', *, *, #207, .T. ) ;
#390 = AXIS2_PLACEMENT_3D ( 'NONE', #1367, #2363, #1131 ) ;
#391 = LINE ( 'NONE', #146, #1532 ) ;
#392 = CARTESIAN_POINT ( 'NONE',  ( 0.000000000000000000, 3.276600000000000179, 0.000000000000000000 ) ) ;
#393 = UNCERTAINTY_MEASURE_WITH_UNIT (LENGTH_MEASURE( 1.000000000000000082E-05 ), #3078, 'distance_accuracy_value', 'NONE');
#394 = ORIENTED_EDGE ( 'NONE', *, *, #1430, .F. ) ;
#395 = CARTESIAN_POINT ( 'NONE',  ( 2.631265161656280327, 1.574799999999999978, -2.272054916813509795 ) ) ;
#396 = EDGE_CURVE ( 'NONE', #2826, #2851, #45, .T. ) ;
#397 = AXIS2_PLACEMENT_3D ( 'NONE', #740, #1715, #2706 ) ;
#398 = DIRECTION ( 'NONE',  ( 1.000000000000000000, 0.000000000000000000, 0.000000000000000000 ) ) ;
#399 = CARTESIAN_POINT ( 'NONE',  ( 3.378200000000000092, 3.911600000000000410, 4.394199999999999662 ) ) ;
#400 = PRODUCT_RELATED_PRODUCT_CATEGORY ( 'part', '', ( #3018 ) ) ;
#401 = VECTOR ( 'NONE', #299, 1000.000000000000000 ) ;
#402 = VERTEX_POINT ( 'NONE', #777 ) ;
#403 = ORIENTED_EDGE ( 'NONE', *, *, #257, .F. ) ;
#404 = FACE_OUTER_BOUND ( 'NONE', #1384, .T. ) ;
#405 = VECTOR ( 'NONE', #2734, 1000.000000000000000 ) ;
#406 = DIRECTION ( 'NONE',  ( -0.000000000000000000, 1.000000000000000000, 0.000000000000000000 ) ) ;
#407 = ADVANCED_FACE ( 'NONE', ( #1045 ), #2777, .T. ) ;
#408 = SHAPE_REPRESENTATION ( 'B22AP', ( #1914, #1804 ), #2275 ) ;
#409 = ADVANCED_FACE ( 'NONE', ( #780 ), #1770, .T. ) ;
#410 = ORIENTED_EDGE ( 'NONE', *, *, #2649, .F. ) ;
#411 = CARTESIAN_POINT ( 'NONE',  ( 3.987799999999999567, 5.181599999999999540, 3.378200000000000092 ) ) ;
#412 = CARTESIAN_POINT ( 'NONE',  ( 0.000000000000000000, 0.000000000000000000, 0.000000000000000000 ) ) ;
#413 = EDGE_LOOP ( 'NONE', ( #836, #2017, #389, #2871, #569, #3106, #904, #3213 ) ) ;
#414 = CARTESIAN_POINT ( 'NONE',  ( 0.000000000000000000, 3.505199999999999871, 0.000000000000000000 ) ) ;
#415 = LINE ( 'NONE', #734, #827 ) ;
#416 = ORIENTED_EDGE ( 'NONE', *, *, #2389, .F. ) ;
#417 = FACE_OUTER_BOUND ( 'NONE', #1389, .T. ) ;
#418 = CARTESIAN_POINT ( 'NONE',  ( -4.140200000000000102, 8.839199999999999946, 4.140200000000000102 ) ) ;
#419 = CARTESIAN_POINT ( 'NONE',  ( -3.505199999999999871, 0.000000000000000000, 3.505199999999999871 ) ) ;
#420 = VERTEX_POINT ( 'NONE', #586 ) ;
#421 = CARTESIAN_POINT ( 'NONE',  ( 2.177422008883993865E-16, 0.000000000000000000, -1.778000000000000025 ) ) ;
#422 = DIRECTION ( 'NONE',  ( 0.000000000000000000, 0.000000000000000000, -1.000000000000000000 ) ) ;
#423 = EDGE_CURVE ( 'NONE', #2226, #2699, #2569, .T. ) ;
#424 = DIRECTION ( 'NONE',  ( 0.000000000000000000, -1.000000000000000000, 0.000000000000000000 ) ) ;
#425 = DIRECTION ( 'NONE',  ( 1.000000000000000000, 0.000000000000000000, 0.000000000000000000 ) ) ;
#426 = ORIENTED_EDGE ( 'NONE', *, *, #1846, .F. ) ;
#427 = DIRECTION ( 'NONE',  ( 1.000000000000000000, 0.000000000000000000, 0.000000000000000000 ) ) ;
#428 = FACE_OUTER_BOUND ( 'NONE', #484, .T. ) ;
#429 = EDGE_LOOP ( 'NONE', ( #1984, #7, #2804, #1261 ) ) ;
#430 = DIRECTION ( 'NONE',  ( 0.000000000000000000, 0.000000000000000000, -1.000000000000000000 ) ) ;
#431 = DIRECTION ( 'NONE',  ( -1.000000000000000000, 0.000000000000000000, 0.000000000000000000 ) ) ;
#432 = LINE ( 'NONE', #1894, #30 ) ;
#433 = EDGE_LOOP ( 'NONE', ( #343, #1609 ) ) ;
#434 = PLANE ( 'NONE',  #70 ) ;
#435 = CARTESIAN_POINT ( 'NONE',  ( 3.670511386404447336E-16, 3.251200000000000312, -2.997200000000000308 ) ) ;
#436 = EDGE_LOOP ( 'NONE', ( #307, #44, #2388, #1481 ) ) ;
#437 = CARTESIAN_POINT ( 'NONE',  ( 1.159881089057259081E-16, -1.442108938640272564, -0.6390907116418480527 ) ) ;
#438 = EDGE_CURVE ( 'NONE', #959, #1680, #1009, .T. ) ;
#439 = EDGE_CURVE ( 'NONE', #420, #456, #536, .T. ) ;
#440 = STYLED_ITEM ( 'NONE', ( #2927 ), #617 ) ;
#441 = ORIENTED_EDGE ( 'NONE', *, *, #73, .F. ) ;
#442 = AXIS2_PLACEMENT_3D ( 'NONE', #864, #2809, #1565 ) ;
#443 = DIRECTION ( 'NONE',  ( -0.000000000000000000, 1.000000000000000000, 0.000000000000000000 ) ) ;
#444 = CYLINDRICAL_SURFACE ( 'NONE', #779, 0.3047999999999999599 ) ;
#445 = EDGE_CURVE ( 'NONE', #1654, #476, #2468, .T. ) ;
#446 = VECTOR ( 'NONE', #814, 1000.000000000000000 ) ;
#447 = CARTESIAN_POINT ( 'NONE',  ( 3.987799999999999567, 5.181599999999999540, -3.987799999999999567 ) ) ;
#448 = LINE ( 'NONE', #1662, #1120 ) ;
#449 =( GEOMETRIC_REPRESENTATION_CONTEXT ( 3 ) GLOBAL_UNCERTAINTY_ASSIGNED_CONTEXT ( ( #1859 ) ) GLOBAL_UNIT_ASSIGNED_CONTEXT ( ( #562, #1857, #109 ) ) REPRESENTATION_CONTEXT ( 'NONE', 'WORKASPACE' ) );
#450 = DIRECTION ( 'NONE',  ( 0.000000000000000000, 0.000000000000000000, -1.000000000000000000 ) ) ;
#451 = AXIS2_PLACEMENT_3D ( 'NONE', #751, #1406, #1167 ) ;
#452 = ORIENTED_EDGE ( 'NONE', *, *, #57, .T. ) ;
#453 = DIRECTION ( 'NONE',  ( 0.000000000000000000, 1.000000000000000000, 0.000000000000000000 ) ) ;
#454 = DIRECTION ( 'NONE',  ( 1.000000000000000000, 0.000000000000000000, 0.000000000000000000 ) ) ;
#455 = AXIS2_PLACEMENT_3D ( 'NONE', #278, #495, #264 ) ;
#456 = VERTEX_POINT ( 'NONE', #2258 ) ;
#457 = AXIS2_PLACEMENT_3D ( 'NONE', #2712, #247, #1253 ) ;
#458 = DIRECTION ( 'NONE',  ( 0.000000000000000000, 0.000000000000000000, 1.000000000000000000 ) ) ;
#459 = AXIS2_PLACEMENT_3D ( 'NONE', #1858, #81, #2106 ) ;
#460 = ADVANCED_FACE ( 'NONE', ( #1029 ), #2550, .F. ) ;
#461 = EDGE_LOOP ( 'NONE', ( #2615, #863 ) ) ;
#462 = EDGE_CURVE ( 'NONE', #2541, #2516, #93, .T. ) ;
#463 = CARTESIAN_POINT ( 'NONE',  ( 3.987799999999999567, 3.911600000000000410, 3.378200000000000092 ) ) ;
#464 = DIRECTION ( 'NONE',  ( 0.000000000000000000, 1.000000000000000000, 0.000000000000000000 ) ) ;
#465 = EDGE_CURVE ( 'NONE', #1282, #702, #1061, .T. ) ;
#466 = DIRECTION ( 'NONE',  ( 0.000000000000000000, 1.000000000000000000, 0.000000000000000000 ) ) ;
#467 = DIRECTION ( 'NONE',  ( -1.000000000000000000, 0.000000000000000000, 0.000000000000000000 ) ) ;
#468 = VERTEX_POINT ( 'NONE', #1617 ) ;
#469 = DIRECTION ( 'NONE',  ( 1.000000000000000000, 0.000000000000000000, 0.000000000000000000 ) ) ;
#470 = DIRECTION ( 'NONE',  ( -1.000000000000000000, 0.000000000000000000, 0.000000000000000000 ) ) ;
#471 = ORIENTED_EDGE ( 'NONE', *, *, #705, .F. ) ;
#472 = ADVANCED_BREP_SHAPE_REPRESENTATION ( '', ( #1692, #1078 ), #2739 ) ;
#473 = DIRECTION ( 'NONE',  ( 4.273955692857027015E-18, 0.9659258262890685343, -0.2588190451025199068 ) ) ;
#474 = PRODUCT_CONTEXT ( 'NONE', #370, 'mechanical' ) ;
#475 = PRODUCT_DEFINITION_SHAPE ( 'NONE', 'NONE',  #3046 ) ;
#476 = VERTEX_POINT ( 'NONE', #386 ) ;
#477 = PLANE ( 'NONE',  #870 ) ;
#478 = DIRECTION ( 'NONE',  ( 1.000000000000000000, 0.000000000000000000, 0.000000000000000000 ) ) ;
#479 =( LENGTH_UNIT ( ) NAMED_UNIT ( * ) SI_UNIT ( .MILLI., .METRE. ) );
#480 = ORIENTED_EDGE ( 'NONE', *, *, #2717, .T. ) ;
#481 = ADVANCED_FACE ( 'NONE', ( #2875 ), #1604, .T. ) ;
#482 = CARTESIAN_POINT ( 'NONE',  ( 0.2540000000000000036, 3.276600000000000179, 2.489199999999999857 ) ) ;
#483 = EDGE_CURVE ( 'NONE', #1564, #2025, #898, .T. ) ;
#484 = EDGE_LOOP ( 'NONE', ( #2295, #738, #685, #1901 ) ) ;
#485 = CARTESIAN_POINT ( 'NONE',  ( 4.140200000000000102, 5.181599999999999540, -4.140200000000000102 ) ) ;
#486 = DIRECTION ( 'NONE',  ( 0.000000000000000000, 0.000000000000000000, 1.000000000000000000 ) ) ;
#487 = ORIENTED_EDGE ( 'NONE', *, *, #2429, .T. ) ;
#488 = DIRECTION ( 'NONE',  ( 0.000000000000000000, 0.000000000000000000, -1.000000000000000000 ) ) ;
#489 = ORIENTED_EDGE ( 'NONE', *, *, #1808, .F. ) ;
#490 = DIRECTION ( 'NONE',  ( 0.000000000000000000, 1.000000000000000000, 0.000000000000000000 ) ) ;
#491 = DIRECTION ( 'NONE',  ( 1.000000000000000000, 0.000000000000000000, 0.000000000000000000 ) ) ;
#492 = VECTOR ( 'NONE', #3062, 1000.000000000000000 ) ;
#493 = EDGE_LOOP ( 'NONE', ( #1247, #3167, #1301, #1650 ) ) ;
#494 =( NAMED_UNIT ( * ) PLANE_ANGLE_UNIT ( ) SI_UNIT ( $, .RADIAN. ) );
#495 = DIRECTION ( 'NONE',  ( 0.000000000000000000, 1.000000000000000000, 0.000000000000000000 ) ) ;
#496 = VECTOR ( 'NONE', #1714, 1000.000000000000000 ) ;
#497 = ADVANCED_FACE ( 'NONE', ( #123 ), #884, .T. ) ;
#498 = ORIENTED_EDGE ( 'NONE', *, *, #97, .F. ) ;
#499 = VECTOR ( 'NONE', #750, 1000.000000000000000 ) ;
#500 = DIRECTION ( 'NONE',  ( 0.000000000000000000, 0.000000000000000000, 1.000000000000000000 ) ) ;
#501 = EDGE_CURVE ( 'NONE', #1850, #2565, #372, .T. ) ;
#502 = CARTESIAN_POINT ( 'NONE',  ( 0.000000000000000000, 3.505199999999999871, 2.997200000000000308 ) ) ;
#503 = VECTOR ( 'NONE', #232, 1000.000000000000000 ) ;
#504 = VERTEX_POINT ( 'NONE', #2325 ) ;
#505 = CARTESIAN_POINT ( 'NONE',  ( -2.540000000000000036, -3.962399999999999700, -2.235200000000000298 ) ) ;
#506 = EDGE_CURVE ( 'NONE', #1309, #2311, #2120, .T. ) ;
#507 = CONICAL_SURFACE ( 'NONE', #26, 2.743199999999999861, 0.7853981633974476129 ) ;
#508 = CIRCLE ( 'NONE', #1852, 0.9471147843319508430 ) ;
#509 = VERTEX_POINT ( 'NONE', #1868 ) ;
#510 = DIRECTION ( 'NONE',  ( 0.000000000000000000, 0.000000000000000000, -1.000000000000000000 ) ) ;
#511 = DIRECTION ( 'NONE',  ( 1.000000000000000000, 0.000000000000000000, 0.000000000000000000 ) ) ;
#512 = VECTOR ( 'NONE', #1989, 1000.000000000000114 ) ;
#513 = DIRECTION ( 'NONE',  ( 0.000000000000000000, -0.2249510543438650589, -0.9743700647852351349 ) ) ;
#514 = PRESENTATION_STYLE_ASSIGNMENT (( #2714 ) ) ;
#515 = EDGE_LOOP ( 'NONE', ( #677, #571, #2240, #2346, #603, #2180, #612 ) ) ;
#516 = LINE ( 'NONE', #37, #2936 ) ;
#517 = DIRECTION ( 'NONE',  ( 1.000000000000000000, 0.000000000000000000, 0.000000000000000000 ) ) ;
#518 = DIRECTION ( 'NONE',  ( 0.000000000000000000, -1.000000000000000000, 0.000000000000000000 ) ) ;
#519 = EDGE_CURVE ( 'NONE', #2546, #3083, #2374, .T. ) ;
#520 = SHAPE_DEFINITION_REPRESENTATION ( #2061, #2088 ) ;
#521 = EDGE_CURVE ( 'NONE', #1358, #509, #1092, .T. ) ;
#522 = EDGE_LOOP ( 'NONE', ( #2069, #1521 ) ) ;
#523 = DIRECTION ( 'NONE',  ( 1.000000000000000000, 0.000000000000000000, 0.000000000000000000 ) ) ;
#524 = FACE_OUTER_BOUND ( 'NONE', #629, .T. ) ;
#525 = FACE_OUTER_BOUND ( 'NONE', #2412, .T. ) ;
#526 = CARTESIAN_POINT ( 'NONE',  ( 3.670511386404447336E-16, 0.000000000000000000, -2.997200000000000308 ) ) ;
#527 = CARTESIAN_POINT ( 'NONE',  ( 3.378200000000000092, 5.181599999999999540, -3.987799999999999567 ) ) ;
#528 = ORIENTED_EDGE ( 'NONE', *, *, #2782, .T. ) ;
#529 = CARTESIAN_POINT ( 'NONE',  ( -3.987799999999999567, 0.7620000000000000107, -3.987799999999999567 ) ) ;
#530 = DIRECTION ( 'NONE',  ( 0.000000000000000000, 0.000000000000000000, -1.000000000000000000 ) ) ;
#531 = EDGE_LOOP ( 'NONE', ( #1190, #2547, #1095, #696 ) ) ;
#532 = LINE ( 'NONE', #23, #1477 ) ;
#533 = APPLICATION_CONTEXT ( 'automotive_design' ) ;
#534 = ORIENTED_EDGE ( 'NONE', *, *, #1851, .F. ) ;
#535 = ORIENTED_EDGE ( 'NONE', *, *, #2034, .T. ) ;
#536 = LINE ( 'NONE', #2796, #230 ) ;
#537 = FACE_OUTER_BOUND ( 'NONE', #2574, .T. ) ;
#538 = ADVANCED_FACE ( 'NONE', ( #2085 ), #853, .F. ) ;
#539 = DIRECTION ( 'NONE',  ( 0.000000000000000000, 1.000000000000000000, 0.000000000000000000 ) ) ;
#540 = CIRCLE ( 'NONE', #2715, 0.3048000000000000154 ) ;
#541 = SURFACE_STYLE_USAGE ( .BOTH. , #1289 ) ;
#542 = EDGE_CURVE ( 'NONE', #1379, #25, #2390, .T. ) ;
#543 = CARTESIAN_POINT ( 'NONE',  ( 0.000000000000000000, 3.505199999999999871, -2.743199999999999861 ) ) ;
#544 = VERTEX_POINT ( 'NONE', #157 ) ;
#545 = CARTESIAN_POINT ( 'NONE',  ( -2.540000000000000036, -3.962399999999999700, 2.540000000000000036 ) ) ;
#546 = VECTOR ( 'NONE', #2419, 1000.000000000000000 ) ;
#547 = DIRECTION ( 'NONE',  ( 0.000000000000000000, 1.000000000000000000, 0.000000000000000000 ) ) ;
#548 = VECTOR ( 'NONE', #1147, 1000.000000000000000 ) ;
#549 = VERTEX_POINT ( 'NONE', #2135 ) ;
#550 = LINE ( 'NONE', #2513, #3147 ) ;
#551 = AXIS2_PLACEMENT_3D ( 'NONE', #1157, #3145, #2151 ) ;
#552 = PRODUCT_DEFINITION_SHAPE ( 'NONE', 'NONE',  #2283 ) ;
#553 = VERTEX_POINT ( 'NONE', #3122 ) ;
#554 = AXIS2_PLACEMENT_3D ( 'NONE', #1734, #2490, #9 ) ;
#555 = DIRECTION ( 'NONE',  ( 1.000000000000000000, 0.000000000000000000, 0.000000000000000000 ) ) ;
#556 = PLANE ( 'NONE',  #3158 ) ;
#557 = SHAPE_REPRESENTATION_RELATIONSHIP ( 'NONE' , 'NONE' ,  #1748, #472 ) ;
#558 = EDGE_CURVE ( 'NONE', #628, #1600, #1393, .T. ) ;
#559 = VECTOR ( 'NONE', #2836, 1000.000000000000000 ) ;
#560 = PRODUCT_RELATED_PRODUCT_CATEGORY ( 'part', '', ( #1278 ) ) ;
#561 = AXIS2_PLACEMENT_3D ( 'NONE', #2357, #346, #1594 ) ;
#562 =( LENGTH_UNIT ( ) NAMED_UNIT ( * ) SI_UNIT ( .MILLI., .METRE. ) );
#563 = CARTESIAN_POINT ( 'NONE',  ( 3.378200000000000092, 5.181599999999999540, -3.987799999999999567 ) ) ;
#564 = EDGE_CURVE ( 'NONE', #1468, #2041, #2616, .T. ) ;
#565 = ORIENTED_EDGE ( 'NONE', *, *, #945, .T. ) ;
#566 = ORIENTED_EDGE ( 'NONE', *, *, #2747, .T. ) ;
#567 = CARTESIAN_POINT ( 'NONE',  ( 2.540000000000000036, -3.962399999999999700, 0.000000000000000000 ) ) ;
#568 = LINE ( 'NONE', #1486, #1182 ) ;
#569 = ORIENTED_EDGE ( 'NONE', *, *, #155, .T. ) ;
#570 = FACE_OUTER_BOUND ( 'NONE', #2044, .T. ) ;
#571 = ORIENTED_EDGE ( 'NONE', *, *, #1217, .F. ) ;
#572 = DIRECTION ( 'NONE',  ( 0.000000000000000000, 1.000000000000000000, 0.000000000000000000 ) ) ;
#573 = DIRECTION ( 'NONE',  ( -0.000000000000000000, 1.000000000000000000, 0.000000000000000000 ) ) ;
#574 = DIRECTION ( 'NONE',  ( 0.000000000000000000, 1.000000000000000000, 0.000000000000000000 ) ) ;
#575 = DIRECTION ( 'NONE',  ( 0.000000000000000000, 0.2249510543438645593, 0.9743700647852352459 ) ) ;
#576 = VERTEX_POINT ( 'NONE', #605 ) ;
#577 = ORIENTED_EDGE ( 'NONE', *, *, #2807, .T. ) ;
#578 = EDGE_CURVE ( 'NONE', #1282, #707, #2894, .T. ) ;
#579 = DIRECTION ( 'NONE',  ( 0.000000000000000000, 0.000000000000000000, -1.000000000000000000 ) ) ;
#580 = CARTESIAN_POINT ( 'NONE',  ( 3.505199999999999871, 0.02540000000000000244, -3.505199999999999871 ) ) ;
#581 = EDGE_CURVE ( 'NONE', #553, #468, #1589, .T. ) ;
#582 = VERTEX_POINT ( 'NONE', #1347 ) ;
#583 = CARTESIAN_POINT ( 'NONE',  ( -3.987799999999999567, 5.181599999999999540, 3.378200000000000092 ) ) ;
#584 = ORIENTED_EDGE ( 'NONE', *, *, #439, .T. ) ;
#585 = VERTEX_POINT ( 'NONE', #1853 ) ;
#586 = CARTESIAN_POINT ( 'NONE',  ( 3.606799999999999784, 0.000000000000000000, 4.394199999999999662 ) ) ;
#587 = DIRECTION ( 'NONE',  ( -0.000000000000000000, 1.000000000000000000, 0.000000000000000000 ) ) ;
#588 =( LENGTH_UNIT ( ) NAMED_UNIT ( * ) SI_UNIT ( .MILLI., .METRE. ) );
#589 = CARTESIAN_POINT ( 'NONE',  ( 4.140200000000000102, 8.839199999999999946, -4.140200000000000102 ) ) ;
#590 = VECTOR ( 'NONE', #2819, 1000.000000000000000 ) ;
#591 = ORIENTED_EDGE ( 'NONE', *, *, #12, .F. ) ;
#592 = CARTESIAN_POINT ( 'NONE',  ( -3.606799999999999784, 0.7873999999999999888, 4.394199999999999662 ) ) ;
#593 = DIRECTION ( 'NONE',  ( 0.000000000000000000, 0.000000000000000000, 1.000000000000000000 ) ) ;
#594 = DIRECTION ( 'NONE',  ( 0.000000000000000000, 0.000000000000000000, 1.000000000000000000 ) ) ;
#595 = AXIS2_PLACEMENT_3D ( 'NONE', #1782, #572, #27 ) ;
#596 = EDGE_CURVE ( 'NONE', #620, #776, #2846, .T. ) ;
#597 = ORIENTED_EDGE ( 'NONE', *, *, #207, .F. ) ;
#598 = ADVANCED_FACE ( 'NONE', ( #2652 ), #1204, .F. ) ;
#599 = AXIS2_PLACEMENT_3D ( 'NONE', #2770, #3220, #1761 ) ;
#600 = LINE ( 'NONE', #138, #2515 ) ;
#601 = APPLICATION_CONTEXT ( 'automotive_design' ) ;
#602 = VECTOR ( 'NONE', #877, 1000.000000000000000 ) ;
#603 = ORIENTED_EDGE ( 'NONE', *, *, #1691, .T. ) ;
#604 = ADVANCED_FACE ( 'NONE', ( #708 ), #1629, .T. ) ;
#605 = CARTESIAN_POINT ( 'NONE',  ( 2.540000000000000036, -3.962399999999999700, -2.235200000000000298 ) ) ;
#606 = CIRCLE ( 'NONE', #390, 1.778000000000000025 ) ;
#607 = VECTOR ( 'NONE', #1273, 1000.000000000000000 ) ;
#608 = SURFACE_SIDE_STYLE ('',( #3065 ) ) ;
#609 = AXIS2_PLACEMENT_3D ( 'NONE', #2231, #1986, #2259 ) ;
#610 = CARTESIAN_POINT ( 'NONE',  ( 4.140200000000000102, 5.181599999999999540, 4.140200000000000102 ) ) ;
#611 = VECTOR ( 'NONE', #1863, 1000.000000000000000 ) ;
#612 = ORIENTED_EDGE ( 'NONE', *, *, #1155, .T. ) ;
#613 = CARTESIAN_POINT ( 'NONE',  ( 3.359451099421019078E-16, 3.505199999999999871, 2.743199999999999861 ) ) ;
#614 = DIRECTION ( 'NONE',  ( 0.000000000000000000, 0.000000000000000000, 1.000000000000000000 ) ) ;
#615 = DIRECTION ( 'NONE',  ( 1.000000000000000000, 0.000000000000000000, 0.000000000000000000 ) ) ;
#616 = VECTOR ( 'NONE', #2153, 1000.000000000000000 ) ;
#617 = MANIFOLD_SOLID_BREP ( 'B22AP.stp<1>', #1889 ) ;
#618 = ORIENTED_EDGE ( 'NONE', *, *, #623, .F. ) ;
#619 = CARTESIAN_POINT ( 'NONE',  ( 0.000000000000000000, 3.505199999999999871, 0.000000000000000000 ) ) ;
#620 = VERTEX_POINT ( 'NONE', #437 ) ;
#621 = DIRECTION ( 'NONE',  ( 0.000000000000000000, 1.000000000000000000, 0.000000000000000000 ) ) ;
#622 = EDGE_CURVE ( 'NONE', #2145, #2376, #1216, .T. ) ;
#623 = EDGE_CURVE ( 'NONE', #2183, #924, #690, .T. ) ;
#624 = ORIENTED_EDGE ( 'NONE', *, *, #445, .T. ) ;
#625 = LINE ( 'NONE', #98, #2121 ) ;
#626 = UNCERTAINTY_MEASURE_WITH_UNIT (LENGTH_MEASURE( 1.000000000000000082E-05 ), #1499, 'distance_accuracy_value', 'NONE');
#627 = ADVANCED_BREP_SHAPE_REPRESENTATION ( '', ( #1672, #1078 ), #141 ) ;
#628 = VERTEX_POINT ( 'NONE', #935 ) ;
#629 = EDGE_LOOP ( 'NONE', ( #2098, #1399 ) ) ;
#630 = CARTESIAN_POINT ( 'NONE',  ( 0.000000000000000000, -25.76499964554500011, 5.948318862517750105 ) ) ;
#631 = DIRECTION ( 'NONE',  ( 0.000000000000000000, 0.000000000000000000, -1.000000000000000000 ) ) ;
#632 = EDGE_LOOP ( 'NONE', ( #3178, #3135, #1776, #916 ) ) ;
#633 = ORIENTED_EDGE ( 'NONE', *, *, #2800, .T. ) ;
#634 = FACE_OUTER_BOUND ( 'NONE', #2020, .T. ) ;
#635 = ORIENTED_EDGE ( 'NONE', *, *, #3084, .F. ) ;
#636 = CARTESIAN_POINT ( 'NONE',  ( 2.540000000000000036, -3.962399999999999700, 0.000000000000000000 ) ) ;
#637 = APPLICATION_PROTOCOL_DEFINITION ( 'draft international standard', 'automotive_design', 1998, #601 ) ;
#638 = EDGE_CURVE ( 'NONE', #3083, #2299, #1953, .T. ) ;
#639 = ORIENTED_EDGE ( 'NONE', *, *, #11, .F. ) ;
#640 = EDGE_CURVE ( 'NONE', #1055, #2122, #811, .T. ) ;
#641 = PLANE ( 'NONE',  #2939 ) ;
#642 = DIRECTION ( 'NONE',  ( 0.000000000000000000, -1.000000000000000000, 0.000000000000000000 ) ) ;
#643 = ORIENTED_EDGE ( 'NONE', *, *, #1605, .T. ) ;
#644 = ADVANCED_FACE ( 'NONE', ( #3210 ), #980, .F. ) ;
#645 = LINE ( 'NONE', #1416, #66 ) ;
#646 = CARTESIAN_POINT ( 'NONE',  ( -2.540000000000000036, 0.000000000000000000, -2.540000000000000036 ) ) ;
#647 = CARTESIAN_POINT ( 'NONE',  ( 4.394199999999999662, 3.911600000000000410, 3.378200000000000092 ) ) ;
#648 = ORIENTED_EDGE ( 'NONE', *, *, #667, .F. ) ;
#649 = DIRECTION ( 'NONE',  ( 0.000000000000000000, 1.000000000000000000, 0.000000000000000000 ) ) ;
#650 = CIRCLE ( 'NONE', #2463, 1.778000000000000025 ) ;
#651 = PLANE ( 'NONE',  #822 ) ;
#652 = AXIS2_PLACEMENT_3D ( 'NONE', #3043, #2035, #2243 ) ;
#653 = EDGE_LOOP ( 'NONE', ( #142, #452, #2638, #498, #3201 ) ) ;
#654 = DIRECTION ( 'NONE',  ( 1.000000000000000000, 0.000000000000000000, 0.000000000000000000 ) ) ;
#655 = AXIS2_PLACEMENT_3D ( 'NONE', #976, #1165, #739 ) ;
#656 = SHAPE_REPRESENTATION ( 'B22APtrmnls.stp', ( #1078 ), #141 ) ;
#657 = ORIENTED_EDGE ( 'NONE', *, *, #396, .T. ) ;
#658 = VECTOR ( 'NONE', #1258, 1000.000000000000000 ) ;
#659 = DIRECTION ( 'NONE',  ( 0.000000000000000000, 1.000000000000000000, 0.000000000000000000 ) ) ;
#660 = CARTESIAN_POINT ( 'NONE',  ( -4.394199999999999662, 0.000000000000000000, 3.606799999999999784 ) ) ;
#661 = UNCERTAINTY_MEASURE_WITH_UNIT (LENGTH_MEASURE( 1.000000000000000082E-05 ), #854, 'distance_accuracy_value', 'NONE');
#662 = VECTOR ( 'NONE', #1380, 1000.000000000000000 ) ;
#663 = VERTEX_POINT ( 'NONE', #2470 ) ;
#664 = DIRECTION ( 'NONE',  ( -1.000000000000000000, 0.000000000000000000, 0.000000000000000000 ) ) ;
#665 = VECTOR ( 'NONE', #1039, 1000.000000000000000 ) ;
#666 = CARTESIAN_POINT ( 'NONE',  ( -2.540000000000000036, 0.000000000000000000, 2.235200000000000298 ) ) ;
#667 = EDGE_CURVE ( 'NONE', #2311, #549, #741, .T. ) ;
#668 = CARTESIAN_POINT ( 'NONE',  ( 2.272054916813509795, 0.7620000000000000107, -2.631265161656280327 ) ) ;
#669 = ADVANCED_FACE ( 'NONE', ( #241 ), #2682, .F. ) ;
#670 = VECTOR ( 'NONE', #2284, 1000.000000000000000 ) ;
#671 = VERTEX_POINT ( 'NONE', #212 ) ;
#672 = LINE ( 'NONE', #1212, #496 ) ;
#673 = CARTESIAN_POINT ( 'NONE',  ( -3.606799999999999784, 0.7873999999999999888, -3.606799999999999784 ) ) ;
#674 = ORIENTED_EDGE ( 'NONE', *, *, #623, .T. ) ;
#675 = CARTESIAN_POINT ( 'NONE',  ( -2.540000000000000036, -3.962399999999999700, -2.844800000000000217 ) ) ;
#676 = DIRECTION ( 'NONE',  ( 0.000000000000000000, 0.000000000000000000, 1.000000000000000000 ) ) ;
#677 = ORIENTED_EDGE ( 'NONE', *, *, #1349, .T. ) ;
#678 = PLANE ( 'NONE',  #1739 ) ;
#679 = CYLINDRICAL_SURFACE ( 'NONE', #2480, 0.3048000000000000154 ) ;
#680 = ORIENTED_EDGE ( 'NONE', *, *, #155, .F. ) ;
#681 = LINE ( 'NONE', #259, #3196 ) ;
#682 = FACE_OUTER_BOUND ( 'NONE', #2276, .T. ) ;
#683 = DIRECTION ( 'NONE',  ( 0.000000000000000000, -1.000000000000000000, 0.000000000000000000 ) ) ;
#684 = ORIENTED_EDGE ( 'NONE', *, *, #897, .F. ) ;
#685 = ORIENTED_EDGE ( 'NONE', *, *, #640, .F. ) ;
#686 = CARTESIAN_POINT ( 'NONE',  ( 3.378200000000000092, 3.911600000000000410, -3.987799999999999567 ) ) ;
#687 = EDGE_CURVE ( 'NONE', #553, #671, #1982, .T. ) ;
#688 = CARTESIAN_POINT ( 'NONE',  ( -3.606799999999999784, 0.7873999999999999888, -4.394199999999999662 ) ) ;
#689 = ORIENTED_EDGE ( 'NONE', *, *, #2911, .F. ) ;
#690 = LINE ( 'NONE', #2444, #1317 ) ;
#691 = EDGE_CURVE ( 'NONE', #858, #2844, #2981, .T. ) ;
#692 = CARTESIAN_POINT ( 'NONE',  ( 0.000000000000000000, 8.839199999999999946, 0.000000000000000000 ) ) ;
#693 = EDGE_LOOP ( 'NONE', ( #3181, #1878, #852, #1404 ) ) ;
#694 = CARTESIAN_POINT ( 'NONE',  ( -3.606799999999999784, 0.000000000000000000, -4.394199999999999662 ) ) ;
#695 = CYLINDRICAL_SURFACE ( 'NONE', #1188, 2.997200000000000308 ) ;
#696 = ORIENTED_EDGE ( 'NONE', *, *, #881, .F. ) ;
#697 = CARTESIAN_POINT ( 'NONE',  ( -3.378200000000000092, 5.181599999999999540, -4.394199999999999662 ) ) ;
#698 = ORIENTED_EDGE ( 'NONE', *, *, #558, .F. ) ;
#699 = DIRECTION ( 'NONE',  ( -0.000000000000000000, 1.000000000000000000, 0.000000000000000000 ) ) ;
#700 = CARTESIAN_POINT ( 'NONE',  ( 2.177422008883993865E-16, 3.505199999999999871, -1.778000000000000025 ) ) ;
#701 = ORIENTED_EDGE ( 'NONE', *, *, #1391, .F. ) ;
#702 = VERTEX_POINT ( 'NONE', #505 ) ;
#703 = CARTESIAN_POINT ( 'NONE',  ( 0.000000000000000000, 3.505199999999999871, 2.489199999999999857 ) ) ;
#704 = PLANE ( 'NONE',  #1435 ) ;
#705 = EDGE_CURVE ( 'NONE', #1448, #2845, #1728, .T. ) ;
#706 = EDGE_CURVE ( 'NONE', #1955, #2965, #1491, .T. ) ;
#707 = VERTEX_POINT ( 'NONE', #2273 ) ;
#708 = FACE_OUTER_BOUND ( 'NONE', #271, .T. ) ;
#709 = DIRECTION ( 'NONE',  ( 1.000000000000000000, 0.000000000000000000, 0.000000000000000000 ) ) ;
#710 = AXIS2_PLACEMENT_3D ( 'NONE', #1410, #2457, #1716 ) ;
#711 = ADVANCED_FACE ( 'NONE', ( #2241 ), #1537, .F. ) ;
#712 = ORIENTED_EDGE ( 'NONE', *, *, #2324, .F. ) ;
#713 = AXIS2_PLACEMENT_3D ( 'NONE', #1847, #1582, #1118 ) ;
#714 = LINE ( 'NONE', #463, #2473 ) ;
#715 = DIRECTION ( 'NONE',  ( 0.000000000000000000, 0.000000000000000000, 1.000000000000000000 ) ) ;
#716 = APPLICATION_CONTEXT ( 'automotive_design' ) ;
#717 = CIRCLE ( 'NONE', #1175, 0.3048000000000000154 ) ;
#718 = PRODUCT ( 'B22APblack.stp', 'B22APblack.stp', '', ( #2972 ) ) ;
#719 = FACE_OUTER_BOUND ( 'NONE', #92, .T. ) ;
#720 = STYLED_ITEM ( 'NONE', ( #2590 ), #1692 ) ;
#721 = CARTESIAN_POINT ( 'NONE',  ( -3.987799999999999567, 3.911600000000000410, 3.378200000000000092 ) ) ;
#722 = VECTOR ( 'NONE', #2214, 1000.000000000000000 ) ;
#723 = ORIENTED_EDGE ( 'NONE', *, *, #2330, .T. ) ;
#724 = DIRECTION ( 'NONE',  ( 1.000000000000000000, 0.000000000000000000, 0.000000000000000000 ) ) ;
#725 = PLANE ( 'NONE',  #2372 ) ;
#726 = AXIS2_PLACEMENT_3D ( 'NONE', #318, #283, #2484 ) ;
#727 = EDGE_LOOP ( 'NONE', ( #1536, #698, #2883, #2951 ) ) ;
#728 = VECTOR ( 'NONE', #1256, 1000.000000000000000 ) ;
#729 = CARTESIAN_POINT ( 'NONE',  ( 1.159881089057259081E-16, -1.442108938640272564, -0.6390907116418480527 ) ) ;
#730 = EDGE_LOOP ( 'NONE', ( #1552, #3155, #1476 ) ) ;
#731 = ADVANCED_FACE ( 'NONE', ( #1997 ), #1262, .F. ) ;
#732 = LINE ( 'NONE', #1972, #1742 ) ;
#733 = EDGE_CURVE ( 'NONE', #801, #2452, #1283, .T. ) ;
#734 = CARTESIAN_POINT ( 'NONE',  ( 3.606799999999999784, 0.000000000000000000, -4.394199999999999662 ) ) ;
#735 = ORIENTED_EDGE ( 'NONE', *, *, #769, .F. ) ;
#736 = DIRECTION ( 'NONE',  ( 0.000000000000000000, 0.000000000000000000, 1.000000000000000000 ) ) ;
#737 = FACE_OUTER_BOUND ( 'NONE', #2380, .T. ) ;
#738 = ORIENTED_EDGE ( 'NONE', *, *, #862, .T. ) ;
#739 = DIRECTION ( 'NONE',  ( 0.000000000000000000, 0.000000000000000000, 1.000000000000000000 ) ) ;
#740 = CARTESIAN_POINT ( 'NONE',  ( 0.000000000000000000, 8.488906878421939695, -1.959818575654620254 ) ) ;
#741 = LINE ( 'NONE', #1671, #760 ) ;
#742 = ORIENTED_EDGE ( 'NONE', *, *, #2606, .T. ) ;
#743 = DIRECTION ( 'NONE',  ( -0.000000000000000000, 1.000000000000000000, 0.000000000000000000 ) ) ;
#744 = LINE ( 'NONE', #1719, #2637 ) ;
#745 = EDGE_CURVE ( 'NONE', #1324, #2081, #2723, .T. ) ;
#746 = CARTESIAN_POINT ( 'NONE',  ( 3.606799999999999784, 0.7873999999999999888, 3.606799999999999784 ) ) ;
#747 = CARTESIAN_POINT ( 'NONE',  ( 0.000000000000000000, -1.016000000000003123, 1.206589875895305974 ) ) ;
#748 = EDGE_CURVE ( 'NONE', #1206, #1429, #1423, .T. ) ;
#749 = ORIENTED_EDGE ( 'NONE', *, *, #300, .T. ) ;
#750 = DIRECTION ( 'NONE',  ( -1.000000000000000000, 0.000000000000000000, 0.000000000000000000 ) ) ;
#751 = CARTESIAN_POINT ( 'NONE',  ( 4.140200000000000102, 0.000000000000000000, -4.140200000000000102 ) ) ;
#752 = VERTEX_POINT ( 'NONE', #2988 ) ;
#753 = DIRECTION ( 'NONE',  ( 1.000000000000000000, 0.000000000000000000, 0.000000000000000000 ) ) ;
#754 = PRODUCT_CONTEXT ( 'NONE', #1425, 'mechanical' ) ;
#755 = ORIENTED_EDGE ( 'NONE', *, *, #1452, .T. ) ;
#756 = DIRECTION ( 'NONE',  ( 1.000000000000000000, 0.000000000000000000, 0.000000000000000000 ) ) ;
#757 = FACE_OUTER_BOUND ( 'NONE', #805, .T. ) ;
#758 = CARTESIAN_POINT ( 'NONE',  ( 3.987799999999999567, 5.181599999999999540, 3.987799999999999567 ) ) ;
#759 = VECTOR ( 'NONE', #3012, 1000.000000000000000 ) ;
#760 = VECTOR ( 'NONE', #1935, 1000.000000000000000 ) ;
#761 = CARTESIAN_POINT ( 'NONE',  ( 0.000000000000000000, -50.51399929108954012, -101.2513760148255102 ) ) ;
#762 = ORIENTED_EDGE ( 'NONE', *, *, #2860, .T. ) ;
#763 = CARTESIAN_POINT ( 'NONE',  ( 0.2540000000000000036, 3.276600000000000179, 2.997200000000000308 ) ) ;
#764 = VECTOR ( 'NONE', #2466, 1000.000000000000000 ) ;
#765 = ORIENTED_EDGE ( 'NONE', *, *, #640, .T. ) ;
#766 = VECTOR ( 'NONE', #891, 1000.000000000000000 ) ;
#767 = DIRECTION ( 'NONE',  ( 1.000000000000000000, 0.000000000000000000, 0.000000000000000000 ) ) ;
#768 = DIRECTION ( 'NONE',  ( 0.000000000000000000, 0.000000000000000000, 1.000000000000000000 ) ) ;
#769 = EDGE_CURVE ( 'NONE', #3032, #3100, #2632, .T. ) ;
#770 = ORIENTED_EDGE ( 'NONE', *, *, #2825, .F. ) ;
#771 = DIRECTION ( 'NONE',  ( -1.000000000000000000, 0.000000000000000000, 0.000000000000000000 ) ) ;
#772 = VECTOR ( 'NONE', #911, 1000.000000000000000 ) ;
#773 = SHAPE_DEFINITION_REPRESENTATION ( #2211, #954 ) ;
#774 = VECTOR ( 'NONE', #1812, 1000.000000000000000 ) ;
#775 = APPLICATION_CONTEXT ( 'automotive_design' ) ;
#776 = VERTEX_POINT ( 'NONE', #320 ) ;
#777 = CARTESIAN_POINT ( 'NONE',  ( -4.394199999999999662, 5.181599999999999540, -4.140200000000000102 ) ) ;
#778 = CARTESIAN_POINT ( 'NONE',  ( 0.000000000000000000, 9.751105860344734921, -2.251220171451663088 ) ) ;
#779 = AXIS2_PLACEMENT_3D ( 'NONE', #2930, #464, #715 ) ;
#780 = FACE_OUTER_BOUND ( 'NONE', #2889, .T. ) ;
#781 = FILL_AREA_STYLE ('',( #2767 ) ) ;
#782 = LINE ( 'NONE', #563, #1284 ) ;
#783 = ORIENTED_EDGE ( 'NONE', *, *, #945, .F. ) ;
#784 = CARTESIAN_POINT ( 'NONE',  ( 3.606799999999999784, 0.000000000000000000, -4.394199999999999662 ) ) ;
#785 = LINE ( 'NONE', #2985, #3051 ) ;
#786 = ADVANCED_FACE ( 'NONE', ( #1042 ), #3022, .F. ) ;
#787 = VERTEX_POINT ( 'NONE', #1296 ) ;
#788 = EDGE_CURVE ( 'NONE', #3100, #104, #532, .T. ) ;
#789 = FACE_OUTER_BOUND ( 'NONE', #2481, .T. ) ;
#790 = APPLICATION_PROTOCOL_DEFINITION ( 'draft international standard', 'automotive_design', 1998, #1260 ) ;
#791 = ORIENTED_EDGE ( 'NONE', *, *, #2848, .F. ) ;
#792 = EDGE_CURVE ( 'NONE', #544, #2640, #2548, .T. ) ;
#793 = CARTESIAN_POINT ( 'NONE',  ( -3.606799999999999784, 0.7873999999999999888, -3.606799999999999784 ) ) ;
#794 = DIRECTION ( 'NONE',  ( 0.000000000000000000, 0.9743700647852352459, -0.2249510543438650589 ) ) ;
#795 = CARTESIAN_POINT ( 'NONE',  ( 2.272054916813509795, 1.574799999999999978, -2.631265161656280327 ) ) ;
#796 = PRODUCT_DEFINITION_SHAPE ( 'NONE', 'NONE',  #1363 ) ;
#797 = DIRECTION ( 'NONE',  ( 1.000000000000000000, 0.000000000000000000, 0.000000000000000000 ) ) ;
#798 = ORIENTED_EDGE ( 'NONE', *, *, #519, .T. ) ;
#799 = DIRECTION ( 'NONE',  ( 0.000000000000000000, 0.000000000000000000, 1.000000000000000000 ) ) ;
#800 = LINE ( 'NONE', #1502, #2997 ) ;
#801 = VERTEX_POINT ( 'NONE', #1777 ) ;
#802 = DIRECTION ( 'NONE',  ( 0.000000000000000000, 0.000000000000000000, 1.000000000000000000 ) ) ;
#803 = EDGE_CURVE ( 'NONE', #1138, #2041, #254, .T. ) ;
#804 = PRODUCT_DEFINITION ( 'UNKNOWN', '', #1493, #2604 ) ;
#805 = EDGE_LOOP ( 'NONE', ( #2987, #1472, #353, #2428 ) ) ;
#806 = DIRECTION ( 'NONE',  ( 1.000000000000000000, 0.000000000000000000, 0.000000000000000000 ) ) ;
#807 = CARTESIAN_POINT ( 'NONE',  ( -3.606799999999999784, 0.8128000000000000780, 3.606799999999999784 ) ) ;
#808 = EDGE_CURVE ( 'NONE', #43, #56, #550, .T. ) ;
#809 = DIRECTION ( 'NONE',  ( 0.000000000000000000, 1.000000000000000000, 0.000000000000000000 ) ) ;
#810 = LINE ( 'NONE', #1545, #405 ) ;
#811 = CIRCLE ( 'NONE', #3144, 2.997200000000000308 ) ;
#812 = ORIENTED_EDGE ( 'NONE', *, *, #1551, .F. ) ;
#813 = ORIENTED_EDGE ( 'NONE', *, *, #1076, .F. ) ;
#814 = DIRECTION ( 'NONE',  ( -1.000000000000000000, 0.000000000000000000, 0.000000000000000000 ) ) ;
#815 = AXIS2_PLACEMENT_3D ( 'NONE', #2705, #1931, #1405 ) ;
#816 = LINE ( 'NONE', #1795, #2529 ) ;
#817 = VECTOR ( 'NONE', #1759, 1000.000000000000000 ) ;
#818 = ORIENTED_EDGE ( 'NONE', *, *, #923, .F. ) ;
#819 = CARTESIAN_POINT ( 'NONE',  ( -2.540000000000000036, -3.962399999999999700, 2.540000000000000036 ) ) ;
#820 = VECTOR ( 'NONE', #1315, 1000.000000000000000 ) ;
#821 = ORIENTED_EDGE ( 'NONE', *, *, #181, .F. ) ;
#822 = AXIS2_PLACEMENT_3D ( 'NONE', #2891, #154, #1803 ) ;
#823 = DIRECTION ( 'NONE',  ( 0.000000000000000000, 0.000000000000000000, 1.000000000000000000 ) ) ;
#824 = FACE_BOUND ( 'NONE', #1135, .T. ) ;
#825 = AXIS2_PLACEMENT_3D ( 'NONE', #2040, #2236, #1274 ) ;
#826 = EDGE_CURVE ( 'NONE', #226, #234, #1504, .T. ) ;
#827 = VECTOR ( 'NONE', #1397, 1000.000000000000000 ) ;
#828 = FACE_OUTER_BOUND ( 'NONE', #1242, .T. ) ;
#829 = ORIENTED_EDGE ( 'NONE', *, *, #2173, .F. ) ;
#830 = CARTESIAN_POINT ( 'NONE',  ( 0.2540000000000000036, 3.276600000000000179, 2.489199999999999857 ) ) ;
#831 = PLANE ( 'NONE',  #2006 ) ;
#832 = LINE ( 'NONE', #1534, #665 ) ;
#833 = ORIENTED_EDGE ( 'NONE', *, *, #2906, .T. ) ;
#834 = FACE_BOUND ( 'NONE', #433, .T. ) ;
#835 = ORIENTED_EDGE ( 'NONE', *, *, #769, .T. ) ;
#836 = ORIENTED_EDGE ( 'NONE', *, *, #2626, .F. ) ;
#837 = DIRECTION ( 'NONE',  ( 0.000000000000000000, 1.000000000000000000, 0.000000000000000000 ) ) ;
#838 = DIRECTION ( 'NONE',  ( 1.000000000000000000, 0.000000000000000000, 0.000000000000000000 ) ) ;
#839 = ORIENTED_EDGE ( 'NONE', *, *, #1072, .T. ) ;
#840 = FILL_AREA_STYLE_COLOUR ( '', #3047 ) ;
#841 = ADVANCED_FACE ( 'NONE', ( #789 ), #3040, .T. ) ;
#842 = CARTESIAN_POINT ( 'NONE',  ( -3.987799999999999567, 0.000000000000000000, 3.987799999999999567 ) ) ;
#843 = ADVANCED_FACE ( 'NONE', ( #570 ), #1554, .T. ) ;
#844 = ORIENTED_EDGE ( 'NONE', *, *, #304, .F. ) ;
#845 = VERTEX_POINT ( 'NONE', #153 ) ;
#846 = PRODUCT_DEFINITION_SHAPE ( 'NONE', 'NONE',  #3227 ) ;
#847 = DIRECTION ( 'NONE',  ( 0.000000000000000000, 0.000000000000000000, 1.000000000000000000 ) ) ;
#848 = LINE ( 'NONE', #1599, #194 ) ;
#849 = ADVANCED_FACE ( 'NONE', ( #634, #1104, #2319, #1373, #1614, #3108, #834 ), #1814, .F. ) ;
#850 = ORIENTED_EDGE ( 'NONE', *, *, #1566, .T. ) ;
#851 = LINE ( 'NONE', #2824, #282 ) ;
#852 = ORIENTED_EDGE ( 'NONE', *, *, #112, .F. ) ;
#853 = PLANE ( 'NONE',  #1834 ) ;
#854 =( LENGTH_UNIT ( ) NAMED_UNIT ( * ) SI_UNIT ( .MILLI., .METRE. ) );
#855 = ORIENTED_EDGE ( 'NONE', *, *, #2046, .T. ) ;
#856 = CARTESIAN_POINT ( 'NONE',  ( 3.987799999999999567, 0.7620000000000000107, 3.987799999999999567 ) ) ;
#857 = CYLINDRICAL_SURFACE ( 'NONE', #2533, 0.2539999999999998925 ) ;
#858 = VERTEX_POINT ( 'NONE', #1325 ) ;
#859 = LINE ( 'NONE', #1839, #1727 ) ;
#860 = DIRECTION ( 'NONE',  ( 0.000000000000000000, 0.000000000000000000, 1.000000000000000000 ) ) ;
#861 = FACE_OUTER_BOUND ( 'NONE', #730, .T. ) ;
#862 = EDGE_CURVE ( 'NONE', #1568, #2122, #2370, .T. ) ;
#863 = ORIENTED_EDGE ( 'NONE', *, *, #2625, .T. ) ;
#864 = CARTESIAN_POINT ( 'NONE',  ( -4.394199999999999662, 0.7873999999999999888, 3.606799999999999784 ) ) ;
#865 = ADVANCED_FACE ( 'NONE', ( #1088 ), #355, .T. ) ;
#866 = EDGE_LOOP ( 'NONE', ( #829, #71, #983, #1797 ) ) ;
#867 = ORIENTED_EDGE ( 'NONE', *, *, #3005, .F. ) ;
#868 = DIRECTION ( 'NONE',  ( 0.000000000000000000, 0.000000000000000000, 1.000000000000000000 ) ) ;
#869 = VECTOR ( 'NONE', #1243, 1000.000000000000000 ) ;
#870 = AXIS2_PLACEMENT_3D ( 'NONE', #2975, #2711, #3013 ) ;
#871 = SURFACE_STYLE_USAGE ( .BOTH. , #608 ) ;
#872 = DIRECTION ( 'NONE',  ( 0.000000000000000000, -1.000000000000000000, 0.000000000000000000 ) ) ;
#873 = VECTOR ( 'NONE', #3029, 1000.000000000000000 ) ;
#874 = APPLICATION_CONTEXT ( 'automotive_design' ) ;
#875 = ORIENTED_EDGE ( 'NONE', *, *, #445, .F. ) ;
#876 = DIRECTION ( 'NONE',  ( -1.000000000000000000, 0.000000000000000000, 0.000000000000000000 ) ) ;
#877 = DIRECTION ( 'NONE',  ( 0.000000000000000000, 0.000000000000000000, -1.000000000000000000 ) ) ;
#878 = FACE_OUTER_BOUND ( 'NONE', #285, .T. ) ;
#879 = ORIENTED_EDGE ( 'NONE', *, *, #964, .T. ) ;
#880 = CARTESIAN_POINT ( 'NONE',  ( 0.000000000000000000, 0.000000000000000000, 0.000000000000000000 ) ) ;
#881 = EDGE_CURVE ( 'NONE', #79, #896, #3120, .T. ) ;
#882 = ADVANCED_FACE ( 'NONE', ( #332 ), #2597, .F. ) ;
#883 = VERTEX_POINT ( 'NONE', #2611 ) ;
#884 = CYLINDRICAL_SURFACE ( 'NONE', #2411, 0.2539999999999998925 ) ;
#885 = EDGE_CURVE ( 'NONE', #1773, #549, #2629, .T. ) ;
#886 = ORIENTED_EDGE ( 'NONE', *, *, #1885, .F. ) ;
#887 = CARTESIAN_POINT ( 'NONE',  ( 0.000000000000000000, 5.181599999999999540, 0.000000000000000000 ) ) ;
#888 = PLANE ( 'NONE',  #2843 ) ;
#889 = ORIENTED_EDGE ( 'NONE', *, *, #2434, .F. ) ;
#890 = DIRECTION ( 'NONE',  ( 1.000000000000000000, 0.000000000000000000, 0.000000000000000000 ) ) ;
#891 = DIRECTION ( 'NONE',  ( -1.000000000000000000, 0.000000000000000000, 0.000000000000000000 ) ) ;
#892 = CARTESIAN_POINT ( 'NONE',  ( 0.000000000000000000, 3.505199999999999871, 1.778000000000000025 ) ) ;
#893 = ORIENTED_EDGE ( 'NONE', *, *, #139, .F. ) ;
#894 = DIRECTION ( 'NONE',  ( 0.000000000000000000, 0.2249510543438650312, 0.9743700647852352459 ) ) ;
#895 = CARTESIAN_POINT ( 'NONE',  ( 0.000000000000000000, 0.000000000000000000, 2.997200000000000308 ) ) ;
#896 = VERTEX_POINT ( 'NONE', #90 ) ;
#897 = EDGE_CURVE ( 'NONE', #752, #456, #600, .T. ) ;
#898 = LINE ( 'NONE', #1882, #279 ) ;
#899 = PRODUCT_DEFINITION ( 'UNKNOWN', '', #933, #163 ) ;
#900 = ORIENTED_EDGE ( 'NONE', *, *, #1826, .T. ) ;
#901 = CARTESIAN_POINT ( 'NONE',  ( -4.394199999999999662, 5.181599999999999540, -4.140200000000000102 ) ) ;
#902 = ADVANCED_FACE ( 'NONE', ( #2115 ), #1828, .T. ) ;
#903 = DIRECTION ( 'NONE',  ( 0.000000000000000000, 0.000000000000000000, 1.000000000000000000 ) ) ;
#904 = ORIENTED_EDGE ( 'NONE', *, *, #2980, .T. ) ;
#905 = CARTESIAN_POINT ( 'NONE',  ( 0.000000000000000000, 3.505199999999999871, 0.000000000000000000 ) ) ;
#906 = PLANE ( 'NONE',  #1374 ) ;
#907 = DIRECTION ( 'NONE',  ( 0.000000000000000000, 0.000000000000000000, 1.000000000000000000 ) ) ;
#908 = ORIENTED_EDGE ( 'NONE', *, *, #745, .T. ) ;
#909 = DIRECTION ( 'NONE',  ( 1.000000000000000000, 0.000000000000000000, 0.000000000000000000 ) ) ;
#910 = VECTOR ( 'NONE', #1569, 1000.000000000000000 ) ;
#911 = DIRECTION ( 'NONE',  ( 0.000000000000000000, -1.000000000000000000, 0.000000000000000000 ) ) ;
#912 =( GEOMETRIC_REPRESENTATION_CONTEXT ( 3 ) GLOBAL_UNCERTAINTY_ASSIGNED_CONTEXT ( ( #2866 ) ) GLOBAL_UNIT_ASSIGNED_CONTEXT ( ( #2666, #2913, #1446 ) ) REPRESENTATION_CONTEXT ( 'NONE', 'WORKASPACE' ) );
#913 = ORIENTED_EDGE ( 'NONE', *, *, #1038, .F. ) ;
#914 = DIRECTION ( 'NONE',  ( 1.000000000000000000, 0.000000000000000000, 0.000000000000000000 ) ) ;
#915 =( LENGTH_UNIT ( ) NAMED_UNIT ( * ) SI_UNIT ( .MILLI., .METRE. ) );
#916 = ORIENTED_EDGE ( 'NONE', *, *, #638, .T. ) ;
#917 = AXIS2_PLACEMENT_3D ( 'NONE', #1710, #166, #2414 ) ;
#918 = CARTESIAN_POINT ( 'NONE',  ( 3.639405357706103179E-16, 3.276600000000000179, 2.971799999999999109 ) ) ;
#919 = FACE_OUTER_BOUND ( 'NONE', #1186, .T. ) ;
#920 = UNCERTAINTY_MEASURE_WITH_UNIT (LENGTH_MEASURE( 1.000000000000000082E-05 ), #915, 'distance_accuracy_value', 'NONE');
#921 = ADVANCED_FACE ( 'NONE', ( #1137 ), #2055, .T. ) ;
#922 = PRESENTATION_LAYER_ASSIGNMENT (  '', '', ( #1018 ) ) ;
#923 = EDGE_CURVE ( 'NONE', #1553, #3173, #1879, .T. ) ;
#924 = VERTEX_POINT ( 'NONE', #3073 ) ;
#925 = DIRECTION ( 'NONE',  ( -1.000000000000000000, 0.000000000000000000, 0.000000000000000000 ) ) ;
#926 = VECTOR ( 'NONE', #2970, 1000.000000000000000 ) ;
#927 = FACE_OUTER_BOUND ( 'NONE', #1001, .T. ) ;
#928 = CARTESIAN_POINT ( 'NONE',  ( -3.378200000000000092, 5.181599999999999540, 3.987799999999999567 ) ) ;
#929 = CIRCLE ( 'NONE', #2478, 2.997200000000000308 ) ;
#930 = ORIENTED_EDGE ( 'NONE', *, *, #36, .F. ) ;
#931 = DIRECTION ( 'NONE',  ( 0.000000000000000000, 1.000000000000000000, 0.000000000000000000 ) ) ;
#932 = DIRECTION ( 'NONE',  ( 1.000000000000000000, 0.000000000000000000, 0.000000000000000000 ) ) ;
#933 = PRODUCT_DEFINITION_FORMATION_WITH_SPECIFIED_SOURCE ( 'ANY', '', #3203, .NOT_KNOWN. ) ;
#934 = ORIENTED_EDGE ( 'NONE', *, *, #2667, .T. ) ;
#935 = CARTESIAN_POINT ( 'NONE',  ( -3.378200000000000092, 3.911600000000000410, 3.987799999999999567 ) ) ;
#936 = DIRECTION ( 'NONE',  ( 1.000000000000000000, 0.000000000000000000, 0.000000000000000000 ) ) ;
#937 = EDGE_LOOP ( 'NONE', ( #798, #528, #2776, #22 ) ) ;
#938 = CARTESIAN_POINT ( 'NONE',  ( 4.394199999999999662, 5.181599999999999540, 4.140200000000000102 ) ) ;
#939 = FACE_OUTER_BOUND ( 'NONE', #2195, .T. ) ;
#940 = ORIENTED_EDGE ( 'NONE', *, *, #792, .T. ) ;
#941 = DIRECTION ( 'NONE',  ( 0.000000000000000000, 1.000000000000000000, 0.000000000000000000 ) ) ;
#942 = ADVANCED_FACE ( 'NONE', ( #404 ), #2872, .F. ) ;
#943 = CARTESIAN_POINT ( 'NONE',  ( -3.987799999999999567, 5.181599999999999540, 3.378200000000000092 ) ) ;
#944 = CARTESIAN_POINT ( 'NONE',  ( 3.606799999999999784, 0.7873999999999999888, 3.606799999999999784 ) ) ;
#945 = EDGE_CURVE ( 'NONE', #2826, #2183, #851, .T. ) ;
#946 = EDGE_LOOP ( 'NONE', ( #1371, #950, #1576 ) ) ;
#947 = FACE_OUTER_BOUND ( 'NONE', #1855, .T. ) ;
#948 = CARTESIAN_POINT ( 'NONE',  ( 2.540000000000000036, 0.000000000000000000, 0.000000000000000000 ) ) ;
#949 = ADVANCED_FACE ( 'NONE', ( #2581 ), #1631, .F. ) ;
#950 = ORIENTED_EDGE ( 'NONE', *, *, #1551, .T. ) ;
#951 = DIRECTION ( 'NONE',  ( 0.000000000000000000, -1.000000000000000000, 0.000000000000000000 ) ) ;
#952 = DIRECTION ( 'NONE',  ( 0.000000000000000000, 0.000000000000000000, 1.000000000000000000 ) ) ;
#953 = EDGE_LOOP ( 'NONE', ( #2318, #963, #3003, #2901 ) ) ;
#954 = SHAPE_REPRESENTATION ( 'B22APbody.stp', ( #1078 ), #246 ) ;
#955 = CARTESIAN_POINT ( 'NONE',  ( 0.000000000000000000, 5.181599999999999540, 0.000000000000000000 ) ) ;
#956 = CARTESIAN_POINT ( 'NONE',  ( 3.378200000000000092, 3.911600000000000410, -4.394199999999999662 ) ) ;
#957 = FACE_OUTER_BOUND ( 'NONE', #3075, .T. ) ;
#958 = CARTESIAN_POINT ( 'NONE',  ( -3.606799999999999784, 0.000000000000000000, -3.606799999999999784 ) ) ;
#959 = VERTEX_POINT ( 'NONE', #2192 ) ;
#960 = CARTESIAN_POINT ( 'NONE',  ( -2.540000000000000036, 0.000000000000000000, -2.540000000000000036 ) ) ;
#961 = PLANE ( 'NONE',  #132 ) ;
#962 = EDGE_CURVE ( 'NONE', #2546, #3025, #3186, .T. ) ;
#963 = ORIENTED_EDGE ( 'NONE', *, *, #3143, .F. ) ;
#964 = EDGE_CURVE ( 'NONE', #104, #671, #1230, .T. ) ;
#965 = CARTESIAN_POINT ( 'NONE',  ( 0.000000000000000000, 3.505199999999999871, 0.000000000000000000 ) ) ;
#966 = ORIENTED_EDGE ( 'NONE', *, *, #1016, .T. ) ;
#967 = AXIS2_PLACEMENT_3D ( 'NONE', #1751, #41, #3060 ) ;
#968 = CARTESIAN_POINT ( 'NONE',  ( 2.540000000000000036, 0.000000000000000000, 0.000000000000000000 ) ) ;
#969 = DIRECTION ( 'NONE',  ( 1.000000000000000000, 0.000000000000000000, 0.000000000000000000 ) ) ;
#970 = AXIS2_PLACEMENT_3D ( 'NONE', #1611, #1320, #860 ) ;
#971 = DIRECTION ( 'NONE',  ( 0.000000000000000000, 0.000000000000000000, 1.000000000000000000 ) ) ;
#972 = CIRCLE ( 'NONE', #288, 2.743199999999999861 ) ;
#973 = CARTESIAN_POINT ( 'NONE',  ( 0.000000000000000000, -1.229054469320137954, 0.2837495821267289609 ) ) ;
#974 = VECTOR ( 'NONE', #2403, 1000.000000000000000 ) ;
#975 = EDGE_LOOP ( 'NONE', ( #1991, #2138 ) ) ;
#976 = CARTESIAN_POINT ( 'NONE',  ( -2.540000000000000036, -3.962399999999999700, 0.000000000000000000 ) ) ;
#977 = DIRECTION ( 'NONE',  ( 0.000000000000000000, 0.000000000000000000, 1.000000000000000000 ) ) ;
#978 = CIRCLE ( 'NONE', #2266, 0.3048000000000000154 ) ;
#979 = AXIS2_PLACEMENT_3D ( 'NONE', #1974, #1497, #997 ) ;
#980 = PLANE ( 'NONE',  #331 ) ;
#981 = EDGE_CURVE ( 'NONE', #2452, #3209, #2441, .T. ) ;
#982 = EDGE_CURVE ( 'NONE', #1145, #2710, #1965, .T. ) ;
#983 = ORIENTED_EDGE ( 'NONE', *, *, #139, .T. ) ;
#984 = FACE_OUTER_BOUND ( 'NONE', #319, .T. ) ;
#985 = FACE_OUTER_BOUND ( 'NONE', #2959, .T. ) ;
#986 = ADVANCED_FACE ( 'NONE', ( #947 ), #434, .F. ) ;
#987 = EDGE_LOOP ( 'NONE', ( #635, #2707, #1285, #2422 ) ) ;
#988 = LINE ( 'NONE', #3000, #1641 ) ;
#989 = ORIENTED_EDGE ( 'NONE', *, *, #1648, .T. ) ;
#990 = CARTESIAN_POINT ( 'NONE',  ( 2.540000000000000036, 0.000000000000000000, 2.540000000000000036 ) ) ;
#991 = LINE ( 'NONE', #1980, #926 ) ;
#992 = VERTEX_POINT ( 'NONE', #2955 ) ;
#993 = DIRECTION ( 'NONE',  ( 1.000000000000000000, 0.000000000000000000, 0.000000000000000000 ) ) ;
#994 = ORIENTED_EDGE ( 'NONE', *, *, #881, .T. ) ;
#995 = LINE ( 'NONE', #1911, #1163 ) ;
#996 = CARTESIAN_POINT ( 'NONE',  ( -4.394199999999999662, 0.000000000000000000, -3.606799999999999784 ) ) ;
#997 = DIRECTION ( 'NONE',  ( 1.000000000000000000, 0.000000000000000000, 0.000000000000000000 ) ) ;
#998 = EDGE_CURVE ( 'NONE', #1720, #707, #2775, .T. ) ;
#999 = CARTESIAN_POINT ( 'NONE',  ( 3.606799999999999784, 0.7873999999999999888, 3.606799999999999784 ) ) ;
#1000 = CYLINDRICAL_SURFACE ( 'NONE', #825, 1.778000000000000025 ) ;
#1001 = EDGE_LOOP ( 'NONE', ( #1415, #818, #1819, #1596 ) ) ;
#1002 = CARTESIAN_POINT ( 'NONE',  ( -4.394199999999999662, 0.7873999999999999888, 3.606799999999999784 ) ) ;
#1003 = CARTESIAN_POINT ( 'NONE',  ( 2.540000000000000036, -3.962399999999999700, 0.3047999999999999599 ) ) ;
#1004 = ORIENTED_EDGE ( 'NONE', *, *, #2208, .F. ) ;
#1005 = DIRECTION ( 'NONE',  ( 0.000000000000000000, 0.000000000000000000, 1.000000000000000000 ) ) ;
#1006 = APPLICATION_PROTOCOL_DEFINITION ( 'draft international standard', 'automotive_design', 1998, #1867 ) ;
#1007 = VERTEX_POINT ( 'NONE', #1457 ) ;
#1008 = EDGE_LOOP ( 'NONE', ( #1129, #2914, #2257, #2940 ) ) ;
#1009 = LINE ( 'NONE', #2748, #1525 ) ;
#1010 = FACE_OUTER_BOUND ( 'NONE', #268, .T. ) ;
#1011 = DIRECTION ( 'NONE',  ( 0.000000000000000000, 0.9743700647852352459, -0.2249510543438650589 ) ) ;
#1012 = AXIS2_PLACEMENT_3D ( 'NONE', #1764, #2255, #2286 ) ;
#1013 = ADVANCED_FACE ( 'NONE', ( #1947 ), #3136, .F. ) ;
#1014 = DIRECTION ( 'NONE',  ( 1.000000000000000000, 0.000000000000000000, 0.000000000000000000 ) ) ;
#1015 = CIRCLE ( 'NONE', #3096, 0.3048000000000000154 ) ;
#1016 = EDGE_CURVE ( 'NONE', #576, #2350, #1787, .T. ) ;
#1017 = ORIENTED_EDGE ( 'NONE', *, *, #376, .F. ) ;
#1018 = STYLED_ITEM ( 'NONE', ( #1079 ), #1672 ) ;
#1019 = DIRECTION ( 'NONE',  ( 0.000000000000000000, 1.000000000000000000, 0.000000000000000000 ) ) ;
#1020 = DIRECTION ( 'NONE',  ( 0.000000000000000000, 0.000000000000000000, 1.000000000000000000 ) ) ;
#1021 = ADVANCED_FACE ( 'NONE', ( #2648 ), #1443, .F. ) ;
#1022 = VECTOR ( 'NONE', #2409, 1000.000000000000000 ) ;
#1023 = EDGE_LOOP ( 'NONE', ( #3189, #2160, #2788, #566 ) ) ;
#1024 = DIRECTION ( 'NONE',  ( 0.000000000000000000, 0.000000000000000000, 1.000000000000000000 ) ) ;
#1025 = AXIS2_PLACEMENT_3D ( 'NONE', #3137, #2326, #2797 ) ;
#1026 = CONTEXT_DEPENDENT_SHAPE_REPRESENTATION ( #2218, #342 ) ;
#1027 = VECTOR ( 'NONE', #2112, 1000.000000000000000 ) ;
#1028 = ORIENTED_EDGE ( 'NONE', *, *, #1433, .F. ) ;
#1029 = FACE_OUTER_BOUND ( 'NONE', #2792, .T. ) ;
#1030 = DIRECTION ( 'NONE',  ( 0.000000000000000000, 0.000000000000000000, -1.000000000000000000 ) ) ;
#1031 = VECTOR ( 'NONE', #1434, 1000.000000000000000 ) ;
#1032 = DIRECTION ( 'NONE',  ( 0.000000000000000000, -1.000000000000000000, 0.000000000000000000 ) ) ;
#1033 = CARTESIAN_POINT ( 'NONE',  ( 2.371789521519675148, 1.574799999999999978, -2.371789521519675148 ) ) ;
#1034 = FACE_OUTER_BOUND ( 'NONE', #3011, .T. ) ;
#1035 = EDGE_CURVE ( 'NONE', #702, #1720, #672, .T. ) ;
#1036 = ORIENTED_EDGE ( 'NONE', *, *, #333, .F. ) ;
#1037 = CARTESIAN_POINT ( 'NONE',  ( 4.140200000000000102, 0.000000000000000000, -4.394199999999999662 ) ) ;
#1038 = EDGE_CURVE ( 'NONE', #368, #1335, #2206, .T. ) ;
#1039 = DIRECTION ( 'NONE',  ( 0.000000000000000000, 0.000000000000000000, 1.000000000000000000 ) ) ;
#1040 =( REPRESENTATION_RELATIONSHIP ('NONE','NONE', #408, #86 ) REPRESENTATION_RELATIONSHIP_WITH_TRANSFORMATION ( #42 )SHAPE_REPRESENTATION_RELATIONSHIP( ) );
#1041 = ORIENTED_EDGE ( 'NONE', *, *, #2800, .F. ) ;
#1042 = FACE_OUTER_BOUND ( 'NONE', #493, .T. ) ;
#1043 = ADVANCED_FACE ( 'NONE', ( #2402 ), #3204, .F. ) ;
#1044 = ORIENTED_EDGE ( 'NONE', *, *, #3184, .F. ) ;
#1045 = FACE_OUTER_BOUND ( 'NONE', #1606, .T. ) ;
#1046 = DIRECTION ( 'NONE',  ( 1.000000000000000000, 0.000000000000000000, 0.000000000000000000 ) ) ;
#1047 = CARTESIAN_POINT ( 'NONE',  ( -3.378200000000000092, 3.911600000000000410, 4.394199999999999662 ) ) ;
#1048 = ORIENTED_EDGE ( 'NONE', *, *, #110, .F. ) ;
#1049 = DIRECTION ( 'NONE',  ( 0.000000000000000000, 1.000000000000000000, 0.000000000000000000 ) ) ;
#1050 = DIRECTION ( 'NONE',  ( -1.193259181024237167E-16, 0.000000000000000000, 1.000000000000000000 ) ) ;
#1051 = VERTEX_POINT ( 'NONE', #1201 ) ;
#1052 = ORIENTED_EDGE ( 'NONE', *, *, #596, .F. ) ;
#1053 = CARTESIAN_POINT ( 'NONE',  ( -3.378200000000000092, 5.181599999999999540, -4.394199999999999662 ) ) ;
#1054 = ADVANCED_FACE ( 'NONE', ( #1187 ), #3156, .T. ) ;
#1055 = VERTEX_POINT ( 'NONE', #2162 ) ;
#1056 = FACE_OUTER_BOUND ( 'NONE', #1864, .T. ) ;
#1057 = FACE_OUTER_BOUND ( 'NONE', #436, .T. ) ;
#1058 = VECTOR ( 'NONE', #315, 1000.000000000000000 ) ;
#1059 = PLANE ( 'NONE',  #2781 ) ;
#1060 = CARTESIAN_POINT ( 'NONE',  ( 4.394199999999999662, 3.911600000000000410, -3.378200000000000092 ) ) ;
#1061 = CIRCLE ( 'NONE', #1996, 0.3048000000000000154 ) ;
#1062 = VERTEX_POINT ( 'NONE', #421 ) ;
#1063 = CARTESIAN_POINT ( 'NONE',  ( 0.2540000000000000036, 3.505199999999999871, 2.489199999999999857 ) ) ;
#1064 = DIRECTION ( 'NONE',  ( 0.000000000000000000, -1.000000000000000000, 0.000000000000000000 ) ) ;
#1065 = VECTOR ( 'NONE', #383, 1000.000000000000000 ) ;
#1066 = CARTESIAN_POINT ( 'NONE',  ( -3.987799999999999567, 3.911600000000000410, -3.378200000000000092 ) ) ;
#1067 = VECTOR ( 'NONE', #2510, 1000.000000000000000 ) ;
#1068 = ORIENTED_EDGE ( 'NONE', *, *, #362, .T. ) ;
#1069 = DIRECTION ( 'NONE',  ( 0.000000000000000000, 1.000000000000000000, 0.000000000000000000 ) ) ;
#1070 = VECTOR ( 'NONE', #1142, 1000.000000000000000 ) ;
#1071 = ORIENTED_EDGE ( 'NONE', *, *, #1098, .F. ) ;
#1072 = EDGE_CURVE ( 'NONE', #2237, #585, #1221, .T. ) ;
#1073 = AXIS2_PLACEMENT_3D ( 'NONE', #948, #2420, #932 ) ;
#1074 = DIRECTION ( 'NONE',  ( 0.000000000000000000, 0.000000000000000000, 1.000000000000000000 ) ) ;
#1075 = DIRECTION ( 'NONE',  ( 0.000000000000000000, 0.000000000000000000, -1.000000000000000000 ) ) ;
#1076 = EDGE_CURVE ( 'NONE', #1971, #3092, #1469, .T. ) ;
#1077 = VECTOR ( 'NONE', #187, 1000.000000000000000 ) ;
#1078 = AXIS2_PLACEMENT_3D ( 'NONE', #340, #373, #1332 ) ;
#1079 = PRESENTATION_STYLE_ASSIGNMENT (( #1820 ) ) ;
#1080 = EDGE_CURVE ( 'NONE', #2965, #2546, #1667, .T. ) ;
#1081 = DIRECTION ( 'NONE',  ( 0.000000000000000000, 1.000000000000000000, 0.000000000000000000 ) ) ;
#1082 = AXIS2_PLACEMENT_3D ( 'NONE', #2136, #3124, #425 ) ;
#1083 = VERTEX_POINT ( 'NONE', #2268 ) ;
#1084 = CARTESIAN_POINT ( 'NONE',  ( -3.987799999999999567, 0.000000000000000000, -3.987799999999999567 ) ) ;
#1085 = CARTESIAN_POINT ( 'NONE',  ( 3.987799999999999567, 5.181599999999999540, 3.378200000000000092 ) ) ;
#1086 = DIRECTION ( 'NONE',  ( -1.000000000000000000, 0.000000000000000000, -0.000000000000000000 ) ) ;
#1087 = ORIENTED_EDGE ( 'NONE', *, *, #808, .F. ) ;
#1088 = FACE_OUTER_BOUND ( 'NONE', #937, .T. ) ;
#1089 = SHAPE_REPRESENTATION ( 'B22APblack.stp', ( #1078 ), #2793 ) ;
#1090 = ORIENTED_EDGE ( 'NONE', *, *, #1653, .T. ) ;
#1091 = ORIENTED_EDGE ( 'NONE', *, *, #1451, .T. ) ;
#1092 = LINE ( 'NONE', #411, #1895 ) ;
#1093 = FACE_OUTER_BOUND ( 'NONE', #3138, .T. ) ;
#1094 =( NAMED_UNIT ( * ) PLANE_ANGLE_UNIT ( ) SI_UNIT ( $, .RADIAN. ) );
#1095 = ORIENTED_EDGE ( 'NONE', *, *, #2429, .F. ) ;
#1096 = FILL_AREA_STYLE ('',( #1788 ) ) ;
#1097 = CARTESIAN_POINT ( 'NONE',  ( -3.378200000000000092, 5.181599999999999540, -3.987799999999999567 ) ) ;
#1098 = EDGE_CURVE ( 'NONE', #1946, #896, #1321, .T. ) ;
#1099 = EDGE_LOOP ( 'NONE', ( #2925, #1211, #145, #3219, #1220 ) ) ;
#1100 = ORIENTED_EDGE ( 'NONE', *, *, #262, .T. ) ;
#1101 = CARTESIAN_POINT ( 'NONE',  ( 2.272054916813509795, 0.7620000000000000107, -2.631265161656280327 ) ) ;
#1102 = CARTESIAN_POINT ( 'NONE',  ( -3.378200000000000092, 5.181599999999999540, -3.987799999999999567 ) ) ;
#1103 = ORIENTED_EDGE ( 'NONE', *, *, #1885, .T. ) ;
#1104 = FACE_BOUND ( 'NONE', #3038, .T. ) ;
#1105 = ORIENTED_EDGE ( 'NONE', *, *, #202, .T. ) ;
#1106 = EDGE_LOOP ( 'NONE', ( #1938, #3042, #1238, #3198 ) ) ;
#1107 = CARTESIAN_POINT ( 'NONE',  ( -4.394199999999999662, 0.000000000000000000, -4.140200000000000102 ) ) ;
#1108 = CARTESIAN_POINT ( 'NONE',  ( 0.000000000000000000, 0.000000000000000000, 0.000000000000000000 ) ) ;
#1109 = PLANE ( 'NONE',  #459 ) ;
#1110 = AXIS2_PLACEMENT_3D ( 'NONE', #2312, #1130, #2361 ) ;
#1111 = VERTEX_POINT ( 'NONE', #2718 ) ;
#1112 = ORIENTED_EDGE ( 'NONE', *, *, #1741, .F. ) ;
#1113 = CYLINDRICAL_SURFACE ( 'NONE', #2418, 0.2539999999999998925 ) ;
#1114 = DIRECTION ( 'NONE',  ( 1.000000000000000000, 0.000000000000000000, 0.000000000000000000 ) ) ;
#1115 = ADVANCED_FACE ( 'NONE', ( #19 ), #2482, .F. ) ;
#1116 = VERTEX_POINT ( 'NONE', #2738 ) ;
#1117 = VECTOR ( 'NONE', #1344, 1000.000000000000000 ) ;
#1118 = DIRECTION ( 'NONE',  ( 1.000000000000000000, 0.000000000000000000, 0.000000000000000000 ) ) ;
#1119 = EDGE_CURVE ( 'NONE', #2612, #2025, #2161, .T. ) ;
#1120 = VECTOR ( 'NONE', #736, 1000.000000000000000 ) ;
#1121 = DIRECTION ( 'NONE',  ( 0.000000000000000000, -1.000000000000000000, 0.000000000000000000 ) ) ;
#1122 = SHAPE_REPRESENTATION_RELATIONSHIP ( 'NONE' , 'NONE' ,  #1089, #1779 ) ;
#1123 = AXIS2_PLACEMENT_3D ( 'NONE', #3175, #2442, #3205 ) ;
#1124 = VERTEX_POINT ( 'NONE', #1774 ) ;
#1125 = DIRECTION ( 'NONE',  ( -1.000000000000000000, 0.000000000000000000, 0.000000000000000000 ) ) ;
#1126 = VECTOR ( 'NONE', #2785, 1000.000000000000000 ) ;
#1127 = FACE_OUTER_BOUND ( 'NONE', #2488, .T. ) ;
#1128 = AXIS2_PLACEMENT_3D ( 'NONE', #1338, #2554, #2075 ) ;
#1129 = ORIENTED_EDGE ( 'NONE', *, *, #39, .F. ) ;
#1130 = DIRECTION ( 'NONE',  ( 0.000000000000000000, -1.000000000000000000, 0.000000000000000000 ) ) ;
#1131 = DIRECTION ( 'NONE',  ( 0.000000000000000000, 0.000000000000000000, 1.000000000000000000 ) ) ;
#1132 = DIRECTION ( 'NONE',  ( 0.000000000000000000, -1.000000000000000000, 0.000000000000000000 ) ) ;
#1133 = CARTESIAN_POINT ( 'NONE',  ( -4.140200000000000102, 0.000000000000000000, -4.140200000000000102 ) ) ;
#1134 = EDGE_CURVE ( 'NONE', #1138, #1277, #2986, .T. ) ;
#1135 = EDGE_LOOP ( 'NONE', ( #99, #2285 ) ) ;
#1136 = EDGE_CURVE ( 'NONE', #1971, #2845, #1533, .T. ) ;
#1137 = FACE_OUTER_BOUND ( 'NONE', #1634, .T. ) ;
#1138 = VERTEX_POINT ( 'NONE', #2026 ) ;
#1139 = EDGE_CURVE ( 'NONE', #402, #1051, #516, .T. ) ;
#1140 = DIRECTION ( 'NONE',  ( 0.000000000000000000, 0.000000000000000000, 1.000000000000000000 ) ) ;
#1141 = ORIENTED_EDGE ( 'NONE', *, *, #1310, .T. ) ;
#1142 = DIRECTION ( 'NONE',  ( 0.000000000000000000, -1.000000000000000000, 0.000000000000000000 ) ) ;
#1143 = CARTESIAN_POINT ( 'NONE',  ( 4.394199999999999662, 3.911600000000000410, -3.378200000000000092 ) ) ;
#1144 = PRODUCT_DEFINITION_CONTEXT ( 'detailed design', #533, 'design' ) ;
#1145 = VERTEX_POINT ( 'NONE', #784 ) ;
#1146 = DIRECTION ( 'NONE',  ( 0.000000000000000000, -1.000000000000000000, 0.000000000000000000 ) ) ;
#1147 = DIRECTION ( 'NONE',  ( 0.000000000000000000, -1.000000000000000000, 0.000000000000000000 ) ) ;
#1148 = CARTESIAN_POINT ( 'NONE',  ( 0.000000000000000000, 8.488906878421939695, -1.959818575654620254 ) ) ;
#1149 = ORIENTED_EDGE ( 'NONE', *, *, #3090, .F. ) ;
#1150 = DIRECTION ( 'NONE',  ( 0.000000000000000000, -1.000000000000000000, 0.000000000000000000 ) ) ;
#1151 = CARTESIAN_POINT ( 'NONE',  ( 3.505199999999999871, 0.02540000000000000244, -3.505199999999999871 ) ) ;
#1152 = ORIENTED_EDGE ( 'NONE', *, *, #3084, .T. ) ;
#1153 = CARTESIAN_POINT ( 'NONE',  ( -3.378200000000000092, 3.911600000000000410, 3.987799999999999567 ) ) ;
#1154 = EDGE_CURVE ( 'NONE', #2565, #2093, #1485, .T. ) ;
#1155 = EDGE_CURVE ( 'NONE', #1724, #402, #1633, .T. ) ;
#1156 = ORIENTED_EDGE ( 'NONE', *, *, #1988, .T. ) ;
#1157 = CARTESIAN_POINT ( 'NONE',  ( -2.540000000000000036, -3.962399999999999700, 0.000000000000000000 ) ) ;
#1158 = LINE ( 'NONE', #2656, #2948 ) ;
#1159 = EDGE_LOOP ( 'NONE', ( #2605, #2722 ) ) ;
#1160 = FACE_OUTER_BOUND ( 'NONE', #356, .T. ) ;
#1161 = PLANE ( 'NONE',  #1323 ) ;
#1162 = CARTESIAN_POINT ( 'NONE',  ( 3.606799999999999784, 0.7873999999999999888, -4.394199999999999662 ) ) ;
#1163 = VECTOR ( 'NONE', #2176, 1000.000000000000000 ) ;
#1164 = ORIENTED_EDGE ( 'NONE', *, *, #438, .T. ) ;
#1165 = DIRECTION ( 'NONE',  ( 0.000000000000000000, 1.000000000000000000, 0.000000000000000000 ) ) ;
#1166 = MECHANICAL_DESIGN_GEOMETRIC_PRESENTATION_REPRESENTATION (  '', ( #440 ), #912 ) ;
#1167 = DIRECTION ( 'NONE',  ( 1.000000000000000000, 0.000000000000000000, 0.000000000000000000 ) ) ;
#1168 = AXIS2_PLACEMENT_3D ( 'NONE', #1235, #2227, #2166 ) ;
#1169 = ORIENTED_EDGE ( 'NONE', *, *, #2187, .T. ) ;
#1170 = CARTESIAN_POINT ( 'NONE',  ( 2.540000000000000036, 0.000000000000000000, -2.540000000000000036 ) ) ;
#1171 = DIRECTION ( 'NONE',  ( 1.000000000000000000, 0.000000000000000000, 0.000000000000000000 ) ) ;
#1172 = AXIS2_PLACEMENT_3D ( 'NONE', #2531, #2238, #799 ) ;
#1173 = EDGE_CURVE ( 'NONE', #1083, #2610, #2754, .T. ) ;
#1174 = EDGE_LOOP ( 'NONE', ( #2803, #3093, #1409, #2000 ) ) ;
#1175 = AXIS2_PLACEMENT_3D ( 'NONE', #1698, #1646, #2397 ) ;
#1176 = EDGE_CURVE ( 'NONE', #1731, #1412, #2789, .T. ) ;
#1177 = CARTESIAN_POINT ( 'NONE',  ( 2.371789521519675148, 1.574799999999999978, -2.371789521519675148 ) ) ;
#1178 = CARTESIAN_POINT ( 'NONE',  ( 4.394199999999999662, 8.839199999999999946, 4.140200000000000102 ) ) ;
#1179 = ORIENTED_EDGE ( 'NONE', *, *, #1789, .F. ) ;
#1180 = EDGE_CURVE ( 'NONE', #2081, #239, #1744, .T. ) ;
#1181 = CARTESIAN_POINT ( 'NONE',  ( -3.987799999999999567, 0.000000000000000000, 3.987799999999999567 ) ) ;
#1182 = VECTOR ( 'NONE', #1020, 1000.000000000000000 ) ;
#1183 = CARTESIAN_POINT ( 'NONE',  ( -4.140200000000000102, 0.000000000000000000, -4.394199999999999662 ) ) ;
#1184 = CARTESIAN_POINT ( 'NONE',  ( 4.394199999999999662, 0.000000000000000000, 4.140200000000000102 ) ) ;
#1185 = COLOUR_RGB ( '',0.4980392156862745168, 0.4980392156862745168, 0.4980392156862745168 ) ;
#1186 = EDGE_LOOP ( 'NONE', ( #2552, #2001, #1179, #152, #2175, #2492, #1822, #2982, #1813, #1531, #2369, #1884 ) ) ;
#1187 = FACE_OUTER_BOUND ( 'NONE', #531, .T. ) ;
#1188 = AXIS2_PLACEMENT_3D ( 'NONE', #3128, #1642, #903 ) ;
#1189 = CARTESIAN_POINT ( 'NONE',  ( -3.606799999999999784, 0.000000000000000000, 3.606799999999999784 ) ) ;
#1190 = ORIENTED_EDGE ( 'NONE', *, *, #1807, .T. ) ;
#1191 = VERTEX_POINT ( 'NONE', #3019 ) ;
#1192 = DIRECTION ( 'NONE',  ( 0.000000000000000000, 0.000000000000000000, 1.000000000000000000 ) ) ;
#1193 = CARTESIAN_POINT ( 'NONE',  ( -3.505199999999999871, 0.02540000000000000244, -3.505199999999999871 ) ) ;
#1194 = CARTESIAN_POINT ( 'NONE',  ( -3.987799999999999567, 3.911600000000000410, -3.378200000000000092 ) ) ;
#1195 = CARTESIAN_POINT ( 'NONE',  ( 0.2540000000000000036, 3.276600000000000179, 2.489199999999999857 ) ) ;
#1196 = DIRECTION ( 'NONE',  ( 0.000000000000000000, 1.000000000000000000, 0.000000000000000000 ) ) ;
#1197 = EDGE_CURVE ( 'NONE', #1007, #1111, #1900, .T. ) ;
#1198 = ORIENTED_EDGE ( 'NONE', *, *, #1016, .F. ) ;
#1199 = ORIENTED_EDGE ( 'NONE', *, *, #1870, .F. ) ;
#1200 = PRODUCT ( 'B22APtrmnls.stp', 'B22APtrmnls.stp', '', ( #474 ) ) ;
#1201 = CARTESIAN_POINT ( 'NONE',  ( -4.394199999999999662, 0.000000000000000000, -4.140200000000000102 ) ) ;
#1202 = CARTESIAN_POINT ( 'NONE',  ( 3.606799999999999784, 0.7873999999999999888, -4.394199999999999662 ) ) ;
#1203 = APPLICATION_CONTEXT ( 'automotive_design' ) ;
#1204 = PLANE ( 'NONE',  #710 ) ;
#1205 = DIRECTION ( 'NONE',  ( 0.000000000000000000, 0.000000000000000000, 1.000000000000000000 ) ) ;
#1206 = VERTEX_POINT ( 'NONE', #51 ) ;
#1207 = DIRECTION ( 'NONE',  ( 1.000000000000000000, 0.000000000000000000, 0.000000000000000000 ) ) ;
#1208 = DIRECTION ( 'NONE',  ( 0.000000000000000000, -1.000000000000000000, 0.000000000000000000 ) ) ;
#1209 = LINE ( 'NONE', #2200, #548 ) ;
#1210 = DIRECTION ( 'NONE',  ( 0.000000000000000000, -1.000000000000000000, 0.000000000000000000 ) ) ;
#1211 = ORIENTED_EDGE ( 'NONE', *, *, #2301, .T. ) ;
#1212 = CARTESIAN_POINT ( 'NONE',  ( -2.540000000000000036, -3.962399999999999700, -2.235200000000000298 ) ) ;
#1213 = EDGE_CURVE ( 'NONE', #1335, #1703, #1979, .T. ) ;
#1214 = CARTESIAN_POINT ( 'NONE',  ( -3.378200000000000092, 3.911600000000000410, 3.987799999999999567 ) ) ;
#1215 = ORIENTED_EDGE ( 'NONE', *, *, #1723, .F. ) ;
#1216 = LINE ( 'NONE', #3177, #2204 ) ;
#1217 = EDGE_CURVE ( 'NONE', #2640, #2307, #2042, .T. ) ;
#1218 = PRODUCT_CONTEXT ( 'NONE', #2709, 'mechanical' ) ;
#1219 = VECTOR ( 'NONE', #868, 1000.000000000000000 ) ;
#1220 = ORIENTED_EDGE ( 'NONE', *, *, #1883, .F. ) ;
#1221 = CIRCLE ( 'NONE', #2570, 0.2539999999999998925 ) ;
#1222 = CARTESIAN_POINT ( 'NONE',  ( 2.540000000000000036, -3.962399999999999700, -2.540000000000000036 ) ) ;
#1223 = DIRECTION ( 'NONE',  ( 1.000000000000000000, 0.000000000000000000, 0.000000000000000000 ) ) ;
#1224 = VECTOR ( 'NONE', #809, 1000.000000000000000 ) ;
#1225 = CARTESIAN_POINT ( 'NONE',  ( -3.987799999999999567, 5.181599999999999540, 3.987799999999999567 ) ) ;
#1226 = CIRCLE ( 'NONE', #1903, 2.997200000000000308 ) ;
#1227 = CARTESIAN_POINT ( 'NONE',  ( 3.505199999999999871, 0.000000000000000000, 3.505199999999999871 ) ) ;
#1228 = AXIS2_PLACEMENT_3D ( 'NONE', #2771, #2790, #768 ) ;
#1229 = ORIENTED_EDGE ( 'NONE', *, *, #262, .F. ) ;
#1230 = LINE ( 'NONE', #703, #2934 ) ;
#1231 = DIRECTION ( 'NONE',  ( 0.000000000000000000, 1.000000000000000000, 0.000000000000000000 ) ) ;
#1232 = VECTOR ( 'NONE', #3031, 1000.000000000000000 ) ;
#1233 = ORIENTED_EDGE ( 'NONE', *, *, #2187, .F. ) ;
#1234 = VECTOR ( 'NONE', #1675, 1000.000000000000000 ) ;
#1235 = CARTESIAN_POINT ( 'NONE',  ( 3.987799999999999567, 3.911600000000000410, -3.378200000000000092 ) ) ;
#1236 = ITEM_DEFINED_TRANSFORMATION ( 'NONE', 'NONE', #1543,  #1078 ) ;
#1237 = ADVANCED_FACE ( 'NONE', ( #3 ), #2543, .T. ) ;
#1238 = ORIENTED_EDGE ( 'NONE', *, *, #1723, .T. ) ;
#1239 = ORIENTED_EDGE ( 'NONE', *, *, #1488, .T. ) ;
#1240 = CARTESIAN_POINT ( 'NONE',  ( 0.000000000000000000, 3.251200000000000312, 0.000000000000000000 ) ) ;
#1241 = FACE_OUTER_BOUND ( 'NONE', #1686, .T. ) ;
#1242 = EDGE_LOOP ( 'NONE', ( #1017, #2954, #156, #336 ) ) ;
#1243 = DIRECTION ( 'NONE',  ( 1.000000000000000000, 0.000000000000000000, 0.000000000000000000 ) ) ;
#1244 = ORIENTED_EDGE ( 'NONE', *, *, #596, .T. ) ;
#1245 = DIRECTION ( 'NONE',  ( 0.000000000000000000, -1.000000000000000000, 0.000000000000000000 ) ) ;
#1246 = CARTESIAN_POINT ( 'NONE',  ( 0.000000000000000000, 8.488906878421939695, -1.959818575654620254 ) ) ;
#1247 = ORIENTED_EDGE ( 'NONE', *, *, #1870, .T. ) ;
#1248 = DIRECTION ( 'NONE',  ( 0.000000000000000000, 1.000000000000000000, 0.000000000000000000 ) ) ;
#1249 = ORIENTED_EDGE ( 'NONE', *, *, #2280, .T. ) ;
#1250 = CARTESIAN_POINT ( 'NONE',  ( -4.394199999999999662, 0.7873999999999999888, -3.606799999999999784 ) ) ;
#1251 = CARTESIAN_POINT ( 'NONE',  ( -0.2540000000000000036, 3.352811735543990146, 2.884433764084334939 ) ) ;
#1252 = EDGE_CURVE ( 'NONE', #226, #1724, #316, .T. ) ;
#1253 = DIRECTION ( 'NONE',  ( 1.000000000000000000, 0.000000000000000000, 0.000000000000000000 ) ) ;
#1254 = CARTESIAN_POINT ( 'NONE',  ( 4.423544863740864402E-14, 1.574799999999999978, -4.987329993433319134E-14 ) ) ;
#1255 = ADVANCED_FACE ( 'NONE', ( #1725 ), #2496, .F. ) ;
#1256 = DIRECTION ( 'NONE',  ( 0.000000000000000000, 0.000000000000000000, -1.000000000000000000 ) ) ;
#1257 = ORIENTED_EDGE ( 'NONE', *, *, #521, .F. ) ;
#1258 = DIRECTION ( 'NONE',  ( -1.000000000000000000, 0.000000000000000000, 0.000000000000000000 ) ) ;
#1259 = DIRECTION ( 'NONE',  ( 1.000000000000000000, 0.000000000000000000, 0.000000000000000000 ) ) ;
#1260 = APPLICATION_CONTEXT ( 'automotive_design' ) ;
#1261 = ORIENTED_EDGE ( 'NONE', *, *, #1035, .F. ) ;
#1262 = PLANE ( 'NONE',  #2107 ) ;
#1263 = SHAPE_DEFINITION_REPRESENTATION ( #3048, #1089 ) ;
#1264 = VECTOR ( 'NONE', #2109, 1000.000000000000000 ) ;
#1265 = ORIENTED_EDGE ( 'NONE', *, *, #2508, .T. ) ;
#1266 = CARTESIAN_POINT ( 'NONE',  ( -4.394199999999999662, 0.7873999999999999888, 3.606799999999999784 ) ) ;
#1267 = DIRECTION ( 'NONE',  ( 0.000000000000000000, 1.000000000000000000, 0.000000000000000000 ) ) ;
#1268 = CARTESIAN_POINT ( 'NONE',  ( 3.987799999999999567, 0.000000000000000000, -3.987799999999999567 ) ) ;
#1269 = AXIS2_PLACEMENT_3D ( 'NONE', #2304, #1121, #107 ) ;
#1270 = ADVANCED_FACE ( 'NONE', ( #1598 ), #1113, .T. ) ;
#1271 = ADVANCED_FACE ( 'NONE', ( #102 ), #2210, .F. ) ;
#1272 = VECTOR ( 'NONE', #2066, 1000.000000000000000 ) ;
#1273 = DIRECTION ( 'NONE',  ( 1.193259181024236181E-16, -3.635980405647390036E-15, 1.000000000000000000 ) ) ;
#1274 = DIRECTION ( 'NONE',  ( 0.000000000000000000, 0.000000000000000000, 1.000000000000000000 ) ) ;
#1275 = VECTOR ( 'NONE', #1064, 1000.000000000000000 ) ;
#1276 = EDGE_CURVE ( 'NONE', #585, #845, #3085, .T. ) ;
#1277 = VERTEX_POINT ( 'NONE', #380 ) ;
#1278 = PRODUCT ( 'B22AP', 'B22AP', '', ( #2861 ) ) ;
#1279 = CARTESIAN_POINT ( 'NONE',  ( 3.987799999999999567, 5.181599999999999540, 3.378200000000000092 ) ) ;
#1280 = CARTESIAN_POINT ( 'NONE',  ( 3.606799999999999784, 0.8128000000000000780, 3.606799999999999784 ) ) ;
#1281 = AXIS2_PLACEMENT_3D ( 'NONE', #2504, #794, #3194 ) ;
#1282 = VERTEX_POINT ( 'NONE', #1578 ) ;
#1283 = LINE ( 'NONE', #2486, #2621 ) ;
#1284 = VECTOR ( 'NONE', #2540, 1000.000000000000000 ) ;
#1285 = ORIENTED_EDGE ( 'NONE', *, *, #622, .T. ) ;
#1286 = VERTEX_POINT ( 'NONE', #1101 ) ;
#1287 = CARTESIAN_POINT ( 'NONE',  ( 3.505199999999999871, 0.02540000000000000244, 3.505199999999999871 ) ) ;
#1288 = DIRECTION ( 'NONE',  ( 0.000000000000000000, 1.000000000000000000, 0.000000000000000000 ) ) ;
#1289 = SURFACE_SIDE_STYLE ('',( #2713 ) ) ;
#1290 = ORIENTED_EDGE ( 'NONE', *, *, #2687, .F. ) ;
#1291 = EDGE_CURVE ( 'NONE', #2237, #2094, #1876, .T. ) ;
#1292 = CARTESIAN_POINT ( 'NONE',  ( -3.606799999999999784, 0.000000000000000000, -3.606799999999999784 ) ) ;
#1293 = LINE ( 'NONE', #1762, #295 ) ;
#1294 = EDGE_CURVE ( 'NONE', #663, #1780, #3056, .T. ) ;
#1295 = ORIENTED_EDGE ( 'NONE', *, *, #1276, .F. ) ;
#1296 = CARTESIAN_POINT ( 'NONE',  ( -1.586407463615480765E-16, 8.780308474218982084, -0.6976195937318266926 ) ) ;
#1297 = DIRECTION ( 'NONE',  ( 0.000000000000000000, 0.000000000000000000, -1.000000000000000000 ) ) ;
#1298 = DIRECTION ( 'NONE',  ( 0.000000000000000000, -1.000000000000000000, 0.000000000000000000 ) ) ;
#1299 = SURFACE_SIDE_STYLE ('',( #344 ) ) ;
#1300 = FILL_AREA_STYLE_COLOUR ( '', #1185 ) ;
#1301 = ORIENTED_EDGE ( 'NONE', *, *, #687, .T. ) ;
#1302 = CARTESIAN_POINT ( 'NONE',  ( 3.987799999999999567, 3.911600000000000410, -3.378200000000000092 ) ) ;
#1303 = DIRECTION ( 'NONE',  ( 0.000000000000000000, -1.000000000000000000, 0.000000000000000000 ) ) ;
#1304 = DIRECTION ( 'NONE',  ( 0.000000000000000000, 1.000000000000000000, 0.000000000000000000 ) ) ;
#1305 = EDGE_CURVE ( 'NONE', #776, #1981, #3202, .T. ) ;
#1306 = ORIENTED_EDGE ( 'NONE', *, *, #465, .F. ) ;
#1307 = ADVANCED_FACE ( 'NONE', ( #2334 ), #1561, .F. ) ;
#1308 = CARTESIAN_POINT ( 'NONE',  ( -3.505199999999999871, 0.02540000000000000244, 3.505199999999999871 ) ) ;
#1309 = VERTEX_POINT ( 'NONE', #2820 ) ;
#1310 = EDGE_CURVE ( 'NONE', #456, #2311, #338, .T. ) ;
#1311 = DIRECTION ( 'NONE',  ( 0.000000000000000000, -1.000000000000000000, 0.000000000000000000 ) ) ;
#1312 = FACE_OUTER_BOUND ( 'NONE', #2103, .T. ) ;
#1313 = ORIENTED_EDGE ( 'NONE', *, *, #2841, .F. ) ;
#1314 = VECTOR ( 'NONE', #2567, 1000.000000000000000 ) ;
#1315 = DIRECTION ( 'NONE',  ( 0.000000000000000000, 0.000000000000000000, -1.000000000000000000 ) ) ;
#1316 = CARTESIAN_POINT ( 'NONE',  ( -4.394199999999999662, 0.7873999999999999888, -3.606799999999999784 ) ) ;
#1317 = VECTOR ( 'NONE', #993, 1000.000000000000000 ) ;
#1318 = ORIENTED_EDGE ( 'NONE', *, *, #2344, .F. ) ;
#1319 = DIRECTION ( 'NONE',  ( 0.000000000000000000, 1.000000000000000000, 0.000000000000000000 ) ) ;
#1320 = DIRECTION ( 'NONE',  ( 0.000000000000000000, 1.000000000000000000, 0.000000000000000000 ) ) ;
#1321 = CIRCLE ( 'NONE', #599, 0.3048000000000000154 ) ;
#1322 = DIRECTION ( 'NONE',  ( 0.000000000000000000, -1.000000000000000000, 0.000000000000000000 ) ) ;
#1323 = AXIS2_PLACEMENT_3D ( 'NONE', #943, #2659, #1912 ) ;
#1324 = VERTEX_POINT ( 'NONE', #328 ) ;
#1325 = CARTESIAN_POINT ( 'NONE',  ( 2.540000000000000036, 0.000000000000000000, -2.235200000000000298 ) ) ;
#1326 = ORIENTED_EDGE ( 'NONE', *, *, #2097, .T. ) ;
#1327 = EDGE_LOOP ( 'NONE', ( #2716, #2483, #2465, #394 ) ) ;
#1328 = AXIS2_PLACEMENT_3D ( 'NONE', #1066, #2755, #517 ) ;
#1329 = CARTESIAN_POINT ( 'NONE',  ( -2.540000000000000036, -3.962399999999999700, -2.540000000000000036 ) ) ;
#1330 = EDGE_CURVE ( 'NONE', #1124, #3134, #133, .T. ) ;
#1331 = DIRECTION ( 'NONE',  ( 1.000000000000000000, 0.000000000000000000, 0.000000000000000000 ) ) ;
#1332 = DIRECTION ( 'NONE',  ( 1.000000000000000000, 0.000000000000000000, 0.000000000000000000 ) ) ;
#1333 = ADVANCED_FACE ( 'NONE', ( #1341 ), #350, .T. ) ;
#1334 = AXIS2_PLACEMENT_3D ( 'NONE', #482, #2220, #1210 ) ;
#1335 = VERTEX_POINT ( 'NONE', #2297 ) ;
#1336 = AXIS2_PLACEMENT_3D ( 'NONE', #2832, #872, #2801 ) ;
#1337 =( NAMED_UNIT ( * ) SI_UNIT ( $, .STERADIAN. ) SOLID_ANGLE_UNIT ( ) );
#1338 = CARTESIAN_POINT ( 'NONE',  ( -3.606799999999999784, 0.8128000000000000780, -3.606799999999999784 ) ) ;
#1339 = ORIENTED_EDGE ( 'NONE', *, *, #542, .T. ) ;
#1340 = LINE ( 'NONE', #830, #1994 ) ;
#1341 = FACE_OUTER_BOUND ( 'NONE', #429, .T. ) ;
#1342 = CARTESIAN_POINT ( 'NONE',  ( -4.140200000000000102, 8.839199999999999946, 4.394199999999999662 ) ) ;
#1343 = ORIENTED_EDGE ( 'NONE', *, *, #2280, .F. ) ;
#1344 = DIRECTION ( 'NONE',  ( -1.000000000000000000, 0.000000000000000000, 0.000000000000000000 ) ) ;
#1345 = ORIENTED_EDGE ( 'NONE', *, *, #2601, .F. ) ;
#1346 = ORIENTED_EDGE ( 'NONE', *, *, #3206, .T. ) ;
#1347 = CARTESIAN_POINT ( 'NONE',  ( 3.606799999999999784, 0.7873999999999999888, 4.394199999999999662 ) ) ;
#1348 = EDGE_CURVE ( 'NONE', #2041, #1468, #1015, .T. ) ;
#1349 = EDGE_CURVE ( 'NONE', #402, #2307, #2608, .T. ) ;
#1350 = DIRECTION ( 'NONE',  ( 0.000000000000000000, 1.000000000000000000, 0.000000000000000000 ) ) ;
#1351 = ORIENTED_EDGE ( 'NONE', *, *, #1310, .F. ) ;
#1352 = ADVANCED_FACE ( 'NONE', ( #2062 ), #831, .F. ) ;
#1353 = CARTESIAN_POINT ( 'NONE',  ( 3.987799999999999567, 0.7620000000000000107, -3.987799999999999567 ) ) ;
#1354 = CARTESIAN_POINT ( 'NONE',  ( -4.140200000000000102, 8.839199999999999946, -4.140200000000000102 ) ) ;
#1355 = CARTESIAN_POINT ( 'NONE',  ( 2.540000000000000036, -3.962399999999999700, -0.3047999999999999599 ) ) ;
#1356 = ORIENTED_EDGE ( 'NONE', *, *, #216, .T. ) ;
#1357 = CARTESIAN_POINT ( 'NONE',  ( -2.540000000000000036, -3.962399999999999700, 0.3047999999999999599 ) ) ;
#1358 = VERTEX_POINT ( 'NONE', #1085 ) ;
#1359 = CARTESIAN_POINT ( 'NONE',  ( -4.394199999999999662, 0.000000000000000000, -3.606799999999999784 ) ) ;
#1360 = EDGE_CURVE ( 'NONE', #2452, #2516, #2078, .T. ) ;
#1361 = PLANE ( 'NONE',  #561 ) ;
#1362 = UNCERTAINTY_MEASURE_WITH_UNIT (LENGTH_MEASURE( 1.000000000000000082E-05 ), #3080, 'distance_accuracy_value', 'NONE');
#1363 = PRODUCT_DEFINITION ( 'UNKNOWN', '', #3059, #2379 ) ;
#1364 = AXIS2_PLACEMENT_3D ( 'NONE', #1861, #3055, #1366 ) ;
#1365 = ORIENTED_EDGE ( 'NONE', *, *, #2405, .T. ) ;
#1366 = DIRECTION ( 'NONE',  ( 0.000000000000000000, 0.000000000000000000, 1.000000000000000000 ) ) ;
#1367 = CARTESIAN_POINT ( 'NONE',  ( 0.000000000000000000, 0.000000000000000000, 0.000000000000000000 ) ) ;
#1368 = CARTESIAN_POINT ( 'NONE',  ( -2.540000000000000036, -3.962399999999999700, 2.235200000000000298 ) ) ;
#1369 = AXIS2_PLACEMENT_3D ( 'NONE', #2002, #1541, #2070 ) ;
#1370 = EDGE_CURVE ( 'NONE', #1564, #1062, #606, .T. ) ;
#1371 = ORIENTED_EDGE ( 'NONE', *, *, #1546, .F. ) ;
#1372 = AXIS2_PLACEMENT_3D ( 'NONE', #960, #2922, #469 ) ;
#1373 = FACE_BOUND ( 'NONE', #1613, .T. ) ;
#1374 = AXIS2_PLACEMENT_3D ( 'NONE', #3169, #2932, #2674 ) ;
#1375 = DIRECTION ( 'NONE',  ( 0.000000000000000000, 0.000000000000000000, -1.000000000000000000 ) ) ;
#1376 =( GEOMETRIC_REPRESENTATION_CONTEXT ( 3 ) GLOBAL_UNCERTAINTY_ASSIGNED_CONTEXT ( ( #1362 ) ) GLOBAL_UNIT_ASSIGNED_CONTEXT ( ( #3080, #2356, #1337 ) ) REPRESENTATION_CONTEXT ( 'NONE', 'WORKASPACE' ) );
#1377 = DIRECTION ( 'NONE',  ( 0.000000000000000000, 0.000000000000000000, 1.000000000000000000 ) ) ;
#1378 = AXIS2_PLACEMENT_3D ( 'NONE', #895, #2290, #2873 ) ;
#1379 = VERTEX_POINT ( 'NONE', #2128 ) ;
#1380 = DIRECTION ( 'NONE',  ( 0.000000000000000000, 0.000000000000000000, 1.000000000000000000 ) ) ;
#1381 = CIRCLE ( 'NONE', #3053, 0.3048000000000000154 ) ;
#1382 = DIRECTION ( 'NONE',  ( 1.000000000000000000, 0.000000000000000000, 0.000000000000000000 ) ) ;
#1383 = VECTOR ( 'NONE', #1223, 1000.000000000000000 ) ;
#1384 = EDGE_LOOP ( 'NONE', ( #835, #1395, #2148, #1313 ) ) ;
#1385 = LINE ( 'NONE', #1436, #3036 ) ;
#1386 = LINE ( 'NONE', #2904, #1954 ) ;
#1387 = DIRECTION ( 'NONE',  ( 0.000000000000000000, 0.000000000000000000, -1.000000000000000000 ) ) ;
#1388 = AXIS2_PLACEMENT_3D ( 'NONE', #1937, #676, #196 ) ;
#1389 = EDGE_LOOP ( 'NONE', ( #378, #2829, #220, #1169 ) ) ;
#1390 = DIRECTION ( 'NONE',  ( -0.000000000000000000, 1.000000000000000000, 0.000000000000000000 ) ) ;
#1391 = EDGE_CURVE ( 'NONE', #707, #1720, #2573, .T. ) ;
#1392 = DIRECTION ( 'NONE',  ( 0.000000000000000000, 1.000000000000000000, 0.000000000000000000 ) ) ;
#1393 = LINE ( 'NONE', #1153, #1683 ) ;
#1394 = DIRECTION ( 'NONE',  ( 1.000000000000000000, 0.000000000000000000, 0.000000000000000000 ) ) ;
#1395 = ORIENTED_EDGE ( 'NONE', *, *, #788, .T. ) ;
#1396 = DIRECTION ( 'NONE',  ( 0.000000000000000000, 0.000000000000000000, 1.000000000000000000 ) ) ;
#1397 = DIRECTION ( 'NONE',  ( 0.000000000000000000, 0.000000000000000000, 1.000000000000000000 ) ) ;
#1398 = UNCERTAINTY_MEASURE_WITH_UNIT (LENGTH_MEASURE( 1.000000000000000082E-05 ), #1689, 'distance_accuracy_value', 'NONE');
#1399 = ORIENTED_EDGE ( 'NONE', *, *, #2766, .F. ) ;
#1400 = CARTESIAN_POINT ( 'NONE',  ( 2.540000000000000036, 0.000000000000000000, 2.540000000000000036 ) ) ;
#1401 = DIRECTION ( 'NONE',  ( 1.000000000000000000, 0.000000000000000000, 0.000000000000000000 ) ) ;
#1402 = DIRECTION ( 'NONE',  ( -0.000000000000000000, 1.000000000000000000, 0.000000000000000000 ) ) ;
#1403 = ORIENTED_EDGE ( 'NONE', *, *, #360, .T. ) ;
#1404 = ORIENTED_EDGE ( 'NONE', *, *, #100, .F. ) ;
#1405 = DIRECTION ( 'NONE',  ( 0.000000000000000000, 0.000000000000000000, 1.000000000000000000 ) ) ;
#1406 = DIRECTION ( 'NONE',  ( 0.000000000000000000, 1.000000000000000000, 0.000000000000000000 ) ) ;
#1407 = EDGE_CURVE ( 'NONE', #1145, #2183, #448, .T. ) ;
#1408 = ADVANCED_FACE ( 'NONE', ( #719 ), #906, .F. ) ;
#1409 = ORIENTED_EDGE ( 'NONE', *, *, #706, .F. ) ;
#1410 = CARTESIAN_POINT ( 'NONE',  ( -3.505199999999999871, 0.02540000000000000244, 3.505199999999999871 ) ) ;
#1411 = ADVANCED_FACE ( 'NONE', ( #927 ), #1161, .T. ) ;
#1412 = VERTEX_POINT ( 'NONE', #1183 ) ;
#1413 = CARTESIAN_POINT ( 'NONE',  ( -3.606799999999999784, 0.7873999999999999888, -4.394199999999999662 ) ) ;
#1414 = LINE ( 'NONE', #2410, #1909 ) ;
#1415 = ORIENTED_EDGE ( 'NONE', *, *, #1511, .F. ) ;
#1416 = CARTESIAN_POINT ( 'NONE',  ( 4.394199999999999662, 0.7873999999999999888, -3.606799999999999784 ) ) ;
#1417 = CARTESIAN_POINT ( 'NONE',  ( -4.394199999999999662, 0.7873999999999999888, 3.606799999999999784 ) ) ;
#1418 = LINE ( 'NONE', #2415, #1077 ) ;
#1419 = AXIS2_PLACEMENT_3D ( 'NONE', #2575, #131, #2834 ) ;
#1420 = ORIENTED_EDGE ( 'NONE', *, *, #962, .F. ) ;
#1421 = DIRECTION ( 'NONE',  ( -0.000000000000000000, 1.000000000000000000, 0.000000000000000000 ) ) ;
#1422 = CARTESIAN_POINT ( 'NONE',  ( 2.371789521519675148, 0.7620000000000000107, -2.371789521519675148 ) ) ;
#1423 = CIRCLE ( 'NONE', #1012, 0.3048000000000000154 ) ;
#1424 = ORIENTED_EDGE ( 'NONE', *, *, #178, .F. ) ;
#1425 = APPLICATION_CONTEXT ( 'automotive_design' ) ;
#1426 = CARTESIAN_POINT ( 'NONE',  ( -0.2540000000000000036, 3.276600000000000179, 2.489199999999999857 ) ) ;
#1427 = DIRECTION ( 'NONE',  ( 1.000000000000000000, 0.000000000000000000, 0.000000000000000000 ) ) ;
#1428 = VECTOR ( 'NONE', #431, 1000.000000000000000 ) ;
#1429 = VERTEX_POINT ( 'NONE', #2188 ) ;
#1430 = EDGE_CURVE ( 'NONE', #239, #2242, #3182, .T. ) ;
#1431 = AXIS2_PLACEMENT_3D ( 'NONE', #1254, #2461, #1771 ) ;
#1432 = CARTESIAN_POINT ( 'NONE',  ( 3.606799999999999784, 0.8128000000000000780, 3.606799999999999784 ) ) ;
#1433 = EDGE_CURVE ( 'NONE', #2556, #2141, #2885, .T. ) ;
#1434 = DIRECTION ( 'NONE',  ( -1.000000000000000000, 0.000000000000000000, 0.000000000000000000 ) ) ;
#1435 = AXIS2_PLACEMENT_3D ( 'NONE', #2469, #171, #2225 ) ;
#1436 = CARTESIAN_POINT ( 'NONE',  ( 3.987799999999999567, 0.000000000000000000, -3.987799999999999567 ) ) ;
#1437 = EDGE_LOOP ( 'NONE', ( #2249, #1290, #639, #1700 ) ) ;
#1438 = CONICAL_SURFACE ( 'NONE', #1281, 0.9471147843319508430, 0.03490658503988566114 ) ;
#1439 = DIRECTION ( 'NONE',  ( 0.000000000000000000, -1.000000000000000000, 0.000000000000000000 ) ) ;
#1440 = DIRECTION ( 'NONE',  ( 1.000000000000000000, 0.000000000000000000, 0.000000000000000000 ) ) ;
#1441 = AXIS2_PLACEMENT_3D ( 'NONE', #1842, #2316, #2578 ) ;
#1442 = ORIENTED_EDGE ( 'NONE', *, *, #423, .T. ) ;
#1443 = PLANE ( 'NONE',  #388 ) ;
#1444 = AXIS2_PLACEMENT_3D ( 'NONE', #1178, #147, #2900 ) ;
#1445 = CARTESIAN_POINT ( 'NONE',  ( -3.378200000000000092, 3.911600000000000410, -4.394199999999999662 ) ) ;
#1446 =( NAMED_UNIT ( * ) SI_UNIT ( $, .STERADIAN. ) SOLID_ANGLE_UNIT ( ) );
#1447 = CARTESIAN_POINT ( 'NONE',  ( 0.000000000000000000, 0.000000000000000000, 0.000000000000000000 ) ) ;
#1448 = VERTEX_POINT ( 'NONE', #204 ) ;
#1449 = CARTESIAN_POINT ( 'NONE',  ( 3.606799999999999784, 0.8128000000000000780, -3.606799999999999784 ) ) ;
#1450 = FACE_OUTER_BOUND ( 'NONE', #1099, .T. ) ;
#1451 = EDGE_CURVE ( 'NONE', #992, #104, #2382, .T. ) ;
#1452 = EDGE_CURVE ( 'NONE', #1924, #79, #2471, .T. ) ;
#1453 = DIRECTION ( 'NONE',  ( 1.000000000000000000, 0.000000000000000000, 0.000000000000000000 ) ) ;
#1454 = DIRECTION ( 'NONE',  ( 1.000000000000000000, 0.000000000000000000, 0.000000000000000000 ) ) ;
#1455 = ADVANCED_FACE ( 'NONE', ( #957 ), #3132, .F. ) ;
#1456 = ORIENTED_EDGE ( 'NONE', *, *, #981, .T. ) ;
#1457 = CARTESIAN_POINT ( 'NONE',  ( 2.540000000000000036, 0.000000000000000000, 2.235200000000000298 ) ) ;
#1458 = LINE ( 'NONE', #1445, #1959 ) ;
#1459 = EDGE_LOOP ( 'NONE', ( #2202, #1905, #248, #648, #1351 ) ) ;
#1460 = SURFACE_SIDE_STYLE ('',( #2423 ) ) ;
#1461 = ORIENTED_EDGE ( 'NONE', *, *, #223, .F. ) ;
#1462 = CARTESIAN_POINT ( 'NONE',  ( 3.378200000000000092, 3.911600000000000410, -3.987799999999999567 ) ) ;
#1463 = PLANE ( 'NONE',  #979 ) ;
#1464 = ADVANCED_FACE ( 'NONE', ( #1943 ), #2952, .F. ) ;
#1465 = LINE ( 'NONE', #2751, #869 ) ;
#1466 = DIRECTION ( 'NONE',  ( 1.000000000000000000, 0.000000000000000000, 0.000000000000000000 ) ) ;
#1467 = PRODUCT_RELATED_PRODUCT_CATEGORY ( 'part', '', ( #1200 ) ) ;
#1468 = VERTEX_POINT ( 'NONE', #666 ) ;
#1469 = LINE ( 'NONE', #686, #764 ) ;
#1470 = FACE_OUTER_BOUND ( 'NONE', #975, .T. ) ;
#1471 = EDGE_CURVE ( 'NONE', #2350, #576, #717, .T. ) ;
#1472 = ORIENTED_EDGE ( 'NONE', *, *, #2524, .T. ) ;
#1473 = CLOSED_SHELL ( 'NONE', ( #1043, #1781, #2882, #2964, #2559, #2327, #2600, #1411, #669, #313, #1115, #2265, #2362, #2924, #2664, #1464, #1352, #3170, #1307, #2152, #986, #644, #882, #481, #1670, #409, #2092, #255, #2371, #1270, #2944, #3024, #497, #2449, #1505, #2116, #1936, #1455, #3123, #731, #1696, #3187, #2015, #711, #1704, #1951, #275, #2941, #2047, #1506 ) ) ;
#1474 = ITEM_DEFINED_TRANSFORMATION ( 'NONE', 'NONE', #1082,  #1078 ) ;
#1475 = VECTOR ( 'NONE', #621, 1000.000000000000000 ) ;
#1476 = ORIENTED_EDGE ( 'NONE', *, *, #1305, .F. ) ;
#1477 = VECTOR ( 'NONE', #2300, 1000.000000000000000 ) ;
#1478 = PLANE ( 'NONE',  #2216 ) ;
#1479 = FACE_OUTER_BOUND ( 'NONE', #1437, .T. ) ;
#1480 = AXIS2_PLACEMENT_3D ( 'NONE', #2348, #1811, #3070 ) ;
#1481 = ORIENTED_EDGE ( 'NONE', *, *, #962, .T. ) ;
#1482 = PRESENTATION_LAYER_ASSIGNMENT (  '', '', ( #1844 ) ) ;
#1483 = AXIS2_PLACEMENT_3D ( 'NONE', #2193, #1231, #222 ) ;
#1484 = ORIENTED_EDGE ( 'NONE', *, *, #803, .T. ) ;
#1485 = LINE ( 'NONE', #1292, #235 ) ;
#1486 = CARTESIAN_POINT ( 'NONE',  ( -3.987799999999999567, 0.7620000000000000107, -3.987799999999999567 ) ) ;
#1487 = VECTOR ( 'NONE', #2953, 1000.000000000000000 ) ;
#1488 = EDGE_CURVE ( 'NONE', #3209, #883, #1386, .T. ) ;
#1489 = EDGE_CURVE ( 'NONE', #25, #1703, #2990, .T. ) ;
#1490 = CIRCLE ( 'NONE', #2018, 1.295399999999999663 ) ;
#1491 = LINE ( 'NONE', #1308, #1897 ) ;
#1492 = APPLICATION_PROTOCOL_DEFINITION ( 'draft international standard', 'automotive_design', 1998, #2756 ) ;
#1493 = PRODUCT_DEFINITION_FORMATION_WITH_SPECIFIED_SOURCE ( 'ANY', '', #2288, .NOT_KNOWN. ) ;
#1494 = ORIENTED_EDGE ( 'NONE', *, *, #335, .T. ) ;
#1495 = DIRECTION ( 'NONE',  ( 0.000000000000000000, 1.000000000000000000, 0.000000000000000000 ) ) ;
#1496 = CARTESIAN_POINT ( 'NONE',  ( -0.2540000000000000036, 3.429012717553255207, 2.807931417077190073 ) ) ;
#1497 = DIRECTION ( 'NONE',  ( 0.000000000000000000, 0.000000000000000000, 1.000000000000000000 ) ) ;
#1498 = CARTESIAN_POINT ( 'NONE',  ( -4.394199999999999662, 0.7873999999999999888, 3.606799999999999784 ) ) ;
#1499 =( LENGTH_UNIT ( ) NAMED_UNIT ( * ) SI_UNIT ( .MILLI., .METRE. ) );
#1500 = ORIENTED_EDGE ( 'NONE', *, *, #1139, .F. ) ;
#1501 = CARTESIAN_POINT ( 'NONE',  ( 4.140200000000000102, 5.181599999999999540, -4.394199999999999662 ) ) ;
#1502 = CARTESIAN_POINT ( 'NONE',  ( -3.987799999999999567, 3.911600000000000410, 3.378200000000000092 ) ) ;
#1503 = ORIENTED_EDGE ( 'NONE', *, *, #2137, .F. ) ;
#1504 = LINE ( 'NONE', #1053, #1999 ) ;
#1505 = ADVANCED_FACE ( 'NONE', ( #682 ), #185, .T. ) ;
#1506 = ADVANCED_FACE ( 'NONE', ( #2448 ), #217, .F. ) ;
#1507 = ORIENTED_EDGE ( 'NONE', *, *, #2287, .T. ) ;
#1508 = DIRECTION ( 'NONE',  ( -1.000000000000000000, 0.000000000000000000, 0.000000000000000000 ) ) ;
#1509 = PLANE ( 'NONE',  #192 ) ;
#1510 = DIRECTION ( 'NONE',  ( 1.000000000000000000, 0.000000000000000000, 0.000000000000000000 ) ) ;
#1511 = EDGE_CURVE ( 'NONE', #3173, #2141, #1209, .T. ) ;
#1512 = DIRECTION ( 'NONE',  ( 0.000000000000000000, 1.000000000000000000, 0.000000000000000000 ) ) ;
#1513 = CARTESIAN_POINT ( 'NONE',  ( -4.140200000000000102, 0.000000000000000000, 4.394199999999999662 ) ) ;
#1514 = EDGE_LOOP ( 'NONE', ( #2456, #1507, #1249, #1881 ) ) ;
#1515 = DIRECTION ( 'NONE',  ( 0.000000000000000000, -1.000000000000000000, 0.000000000000000000 ) ) ;
#1516 = PLANE ( 'NONE',  #347 ) ;
#1517 = DIRECTION ( 'NONE',  ( 0.000000000000000000, 1.000000000000000000, 0.000000000000000000 ) ) ;
#1518 = ITEM_DEFINED_TRANSFORMATION ( 'NONE', 'NONE', #2898,  #1078 ) ;
#1519 = VECTOR ( 'NONE', #114, 1000.000000000000000 ) ;
#1520 = ORIENTED_EDGE ( 'NONE', *, *, #1294, .T. ) ;
#1521 = ORIENTED_EDGE ( 'NONE', *, *, #1391, .T. ) ;
#1522 = CARTESIAN_POINT ( 'NONE',  ( 3.606799999999999784, 0.7873999999999999888, -4.394199999999999662 ) ) ;
#1523 = LINE ( 'NONE', #2520, #1904 ) ;
#1524 = PLANE ( 'NONE',  #3001 ) ;
#1525 = VECTOR ( 'NONE', #1508, 1000.000000000000000 ) ;
#1526 = VECTOR ( 'NONE', #3174, 1000.000000000000000 ) ;
#1527 = EDGE_CURVE ( 'NONE', #2081, #1379, #3199, .T. ) ;
#1528 = DIRECTION ( 'NONE',  ( 0.000000000000000000, -1.000000000000000000, 0.000000000000000000 ) ) ;
#1529 = SURFACE_STYLE_FILL_AREA ( #1790 ) ;
#1530 = VECTOR ( 'NONE', #2223, 1000.000000000000000 ) ;
#1531 = ORIENTED_EDGE ( 'NONE', *, *, #1291, .F. ) ;
#1532 = VECTOR ( 'NONE', #2197, 1000.000000000000000 ) ;
#1533 = LINE ( 'NONE', #266, #1530 ) ;
#1534 = CARTESIAN_POINT ( 'NONE',  ( -3.606799999999999784, 0.000000000000000000, -4.394199999999999662 ) ) ;
#1535 = CIRCLE ( 'NONE', #1073, 0.3048000000000000154 ) ;
#1536 = ORIENTED_EDGE ( 'NONE', *, *, #3067, .T. ) ;
#1537 = PLANE ( 'NONE',  #967 ) ;
#1538 = STYLED_ITEM ( 'NONE', ( #514 ), #2744 ) ;
#1539 = CONICAL_SURFACE ( 'NONE', #2896, 110.0194872068155831, 1.343903524035630070 ) ;
#1540 = ORIENTED_EDGE ( 'NONE', *, *, #1139, .T. ) ;
#1541 = DIRECTION ( 'NONE',  ( 0.000000000000000000, 1.000000000000000000, 0.000000000000000000 ) ) ;
#1542 = CARTESIAN_POINT ( 'NONE',  ( 0.000000000000000000, 3.505199999999999871, 1.778000000000000025 ) ) ;
#1543 = AXIS2_PLACEMENT_3D ( 'NONE', #692, #2895, #144 ) ;
#1544 = EDGE_CURVE ( 'NONE', #2332, #3030, #2978, .T. ) ;
#1545 = CARTESIAN_POINT ( 'NONE',  ( 3.606799999999999784, 0.7873999999999999888, -4.394199999999999662 ) ) ;
#1546 = EDGE_CURVE ( 'NONE', #504, #620, #2024, .T. ) ;
#1547 = ORIENTED_EDGE ( 'NONE', *, *, #1072, .F. ) ;
#1548 = ORIENTED_EDGE ( 'NONE', *, *, #2132, .F. ) ;
#1549 = CARTESIAN_POINT ( 'NONE',  ( -4.140200000000000102, 8.839199999999999946, 4.394199999999999662 ) ) ;
#1550 = CARTESIAN_POINT ( 'NONE',  ( 2.540000000000000036, -3.962399999999999700, -2.844800000000000217 ) ) ;
#1551 = EDGE_CURVE ( 'NONE', #504, #18, #2733, .T. ) ;
#1552 = ORIENTED_EDGE ( 'NONE', *, *, #2858, .T. ) ;
#1553 = VERTEX_POINT ( 'NONE', #2247 ) ;
#1554 = CYLINDRICAL_SURFACE ( 'NONE', #3095, 0.3048000000000000154 ) ;
#1555 = VERTEX_POINT ( 'NONE', #1225 ) ;
#1556 = DIRECTION ( 'NONE',  ( 1.000000000000000000, 0.000000000000000000, 0.000000000000000000 ) ) ;
#1557 = CARTESIAN_POINT ( 'NONE',  ( -4.394199999999999662, 0.7873999999999999888, -3.606799999999999784 ) ) ;
#1558 = PLANE ( 'NONE',  #1128 ) ;
#1559 = ORIENTED_EDGE ( 'NONE', *, *, #1349, .F. ) ;
#1560 = VERTEX_POINT ( 'NONE', #999 ) ;
#1561 = PLANE ( 'NONE',  #1480 ) ;
#1562 = FACE_OUTER_BOUND ( 'NONE', #330, .T. ) ;
#1563 = EDGE_CURVE ( 'NONE', #3100, #290, #972, .T. ) ;
#1564 = VERTEX_POINT ( 'NONE', #2507 ) ;
#1565 = DIRECTION ( 'NONE',  ( 1.000000000000000000, 0.000000000000000000, 0.000000000000000000 ) ) ;
#1566 = EDGE_CURVE ( 'NONE', #2516, #752, #1465, .T. ) ;
#1567 = ORIENTED_EDGE ( 'NONE', *, *, #53, .T. ) ;
#1568 = VERTEX_POINT ( 'NONE', #526 ) ;
#1569 = DIRECTION ( 'NONE',  ( 0.000000000000000000, 0.000000000000000000, -1.000000000000000000 ) ) ;
#1570 = CARTESIAN_POINT ( 'NONE',  ( 2.540000000000000036, 0.000000000000000000, 0.3047999999999999599 ) ) ;
#1571 =( NAMED_UNIT ( * ) SI_UNIT ( $, .STERADIAN. ) SOLID_ANGLE_UNIT ( ) );
#1572 = VECTOR ( 'NONE', #1802, 1000.000000000000000 ) ;
#1573 = AXIS2_PLACEMENT_3D ( 'NONE', #1170, #3161, #195 ) ;
#1574 = CARTESIAN_POINT ( 'NONE',  ( -3.987799999999999567, 8.839199999999999946, 3.987799999999999567 ) ) ;
#1575 = AXIS2_PLACEMENT_3D ( 'NONE', #2937, #453, #724 ) ;
#1576 = ORIENTED_EDGE ( 'NONE', *, *, #2439, .F. ) ;
#1577 = ORIENTED_EDGE ( 'NONE', *, *, #2133, .T. ) ;
#1578 = CARTESIAN_POINT ( 'NONE',  ( -2.540000000000000036, -3.962399999999999700, -2.844800000000000217 ) ) ;
#1579 = AXIS2_PLACEMENT_3D ( 'NONE', #619, #1601, #2082 ) ;
#1580 = DIRECTION ( 'NONE',  ( -0.000000000000000000, 1.000000000000000000, 0.000000000000000000 ) ) ;
#1581 = ORIENTED_EDGE ( 'NONE', *, *, #2174, .F. ) ;
#1582 = DIRECTION ( 'NONE',  ( -0.000000000000000000, 1.000000000000000000, 0.000000000000000000 ) ) ;
#1583 = EDGE_CURVE ( 'NONE', #1955, #1616, #14, .T. ) ;
#1584 =( GEOMETRIC_REPRESENTATION_CONTEXT ( 3 ) GLOBAL_UNCERTAINTY_ASSIGNED_CONTEXT ( ( #2343 ) ) GLOBAL_UNIT_ASSIGNED_CONTEXT ( ( #479, #494, #2235 ) ) REPRESENTATION_CONTEXT ( 'NONE', 'WORKASPACE' ) );
#1585 = EDGE_CURVE ( 'NONE', #1724, #1412, #2262, .T. ) ;
#1586 = ORIENTED_EDGE ( 'NONE', *, *, #501, .T. ) ;
#1587 = ORIENTED_EDGE ( 'NONE', *, *, #2667, .F. ) ;
#1588 = CIRCLE ( 'NONE', #2010, 0.2539999999999998925 ) ;
#1589 = LINE ( 'NONE', #2586, #1219 ) ;
#1590 = VECTOR ( 'NONE', #594, 1000.000000000000000 ) ;
#1591 = EDGE_CURVE ( 'NONE', #1773, #1560, #2966, .T. ) ;
#1592 = ORIENTED_EDGE ( 'NONE', *, *, #300, .F. ) ;
#1593 = AXIS2_PLACEMENT_3D ( 'NONE', #610, #2865, #2125 ) ;
#1594 = DIRECTION ( 'NONE',  ( 1.000000000000000000, 0.000000000000000000, 0.000000000000000000 ) ) ;
#1595 = UNCERTAINTY_MEASURE_WITH_UNIT (LENGTH_MEASURE( 1.000000000000000082E-05 ), #588, 'distance_accuracy_value', 'NONE');
#1596 = ORIENTED_EDGE ( 'NONE', *, *, #1433, .T. ) ;
#1597 = CARTESIAN_POINT ( 'NONE',  ( -3.378200000000000092, 5.181599999999999540, 4.394199999999999662 ) ) ;
#1598 = FACE_OUTER_BOUND ( 'NONE', #2585, .T. ) ;
#1599 = CARTESIAN_POINT ( 'NONE',  ( 2.371789521519675148, 1.574799999999999978, -2.649772613092156615 ) ) ;
#1600 = VERTEX_POINT ( 'NONE', #1047 ) ;
#1601 = DIRECTION ( 'NONE',  ( 0.000000000000000000, 1.000000000000000000, 0.000000000000000000 ) ) ;
#1602 = ORIENTED_EDGE ( 'NONE', *, *, #1330, .T. ) ;
#1603 = EDGE_CURVE ( 'NONE', #924, #2851, #2219, .T. ) ;
#1604 = PLANE ( 'NONE',  #2254 ) ;
#1605 = EDGE_CURVE ( 'NONE', #122, #2818, #2313, .T. ) ;
#1606 = EDGE_LOOP ( 'NONE', ( #160, #2453, #633, #250 ) ) ;
#1607 = ADVANCED_FACE ( 'NONE', ( #297 ), #2039, .T. ) ;
#1608 = DIRECTION ( 'NONE',  ( 0.000000000000000000, 1.000000000000000000, 0.000000000000000000 ) ) ;
#1609 = ORIENTED_EDGE ( 'NONE', *, *, #1197, .T. ) ;
#1610 = ORIENTED_EDGE ( 'NONE', *, *, #1603, .T. ) ;
#1611 = CARTESIAN_POINT ( 'NONE',  ( -2.540000000000000036, -3.962399999999999700, -2.540000000000000036 ) ) ;
#1612 = CARTESIAN_POINT ( 'NONE',  ( 2.371789521519675148, 0.7620000000000000107, -2.649772613092156615 ) ) ;
#1613 = EDGE_LOOP ( 'NONE', ( #183, #1737 ) ) ;
#1614 = FACE_BOUND ( 'NONE', #1159, .T. ) ;
#1615 = MANIFOLD_SOLID_BREP ( 'B22AP.stp<1>', #120 ) ;
#1616 = VERTEX_POINT ( 'NONE', #2007 ) ;
#1617 = CARTESIAN_POINT ( 'NONE',  ( -0.2540000000000000036, 3.276600000000000179, 2.960925402640194548 ) ) ;
#1618 = EDGE_LOOP ( 'NONE', ( #2928, #2108, #1424, #1343 ) ) ;
#1619 = ADVANCED_BREP_SHAPE_REPRESENTATION ( '', ( #617, #1078 ), #2123 ) ;
#1620 = LINE ( 'NONE', #2863, #1636 ) ;
#1621 = FACE_OUTER_BOUND ( 'NONE', #653, .T. ) ;
#1622 = UNCERTAINTY_MEASURE_WITH_UNIT (LENGTH_MEASURE( 1.000000000000000082E-05 ), #47, 'distance_accuracy_value', 'NONE');
#1623 = ADVANCED_FACE ( 'NONE', ( #2999 ), #1721, .T. ) ;
#1624 = CIRCLE ( 'NONE', #1419, 1.778000000000000025 ) ;
#1625 = EDGE_LOOP ( 'NONE', ( #3072, #1326, #1365, #1559, #1540, #2498, #3037, #908, #2596, #1339, #2589, #265 ) ) ;
#1626 = DIRECTION ( 'NONE',  ( 0.000000000000000000, 0.000000000000000000, 1.000000000000000000 ) ) ;
#1627 = DIRECTION ( 'NONE',  ( 0.000000000000000000, 0.000000000000000000, -1.000000000000000000 ) ) ;
#1628 = CARTESIAN_POINT ( 'NONE',  ( -3.378200000000000092, 5.181599999999999540, -3.987799999999999567 ) ) ;
#1629 = CONICAL_SURFACE ( 'NONE', #1948, 2.743199999999999861, 0.7853981633974476129 ) ;
#1630 = ORIENTED_EDGE ( 'NONE', *, *, #1563, .F. ) ;
#1631 = CYLINDRICAL_SURFACE ( 'NONE', #2721, 1.778000000000000025 ) ;
#1632 = CARTESIAN_POINT ( 'NONE',  ( 4.394199999999999662, 0.7873999999999999888, 3.606799999999999784 ) ) ;
#1633 = CIRCLE ( 'NONE', #2519, 0.2539999999999998925 ) ;
#1634 = EDGE_LOOP ( 'NONE', ( #2100, #1244, #1890, #770 ) ) ;
#1635 = DIRECTION ( 'NONE',  ( 0.000000000000000000, -1.000000000000000000, 0.000000000000000000 ) ) ;
#1636 = VECTOR ( 'NONE', #659, 1000.000000000000000 ) ;
#1637 =( NAMED_UNIT ( * ) PLANE_ANGLE_UNIT ( ) SI_UNIT ( $, .RADIAN. ) );
#1638 = CIRCLE ( 'NONE', #2064, 0.3048000000000000154 ) ;
#1639 = VERTEX_POINT ( 'NONE', #2074 ) ;
#1640 = LINE ( 'NONE', #3127, #1022 ) ;
#1641 = VECTOR ( 'NONE', #2279, 1000.000000000000000 ) ;
#1642 = DIRECTION ( 'NONE',  ( 0.000000000000000000, 1.000000000000000000, 0.000000000000000000 ) ) ;
#1643 = AXIS2_PLACEMENT_3D ( 'NONE', #2996, #1011, #2005 ) ;
#1644 = ORIENTED_EDGE ( 'NONE', *, *, #2522, .F. ) ;
#1645 = DIRECTION ( 'NONE',  ( -0.000000000000000000, 1.000000000000000000, 0.000000000000000000 ) ) ;
#1646 = DIRECTION ( 'NONE',  ( 0.000000000000000000, 1.000000000000000000, 0.000000000000000000 ) ) ;
#1647 = DIRECTION ( 'NONE',  ( 0.000000000000000000, 0.000000000000000000, 1.000000000000000000 ) ) ;
#1648 = EDGE_CURVE ( 'NONE', #1654, #122, #311, .T. ) ;
#1649 = ORIENTED_EDGE ( 'NONE', *, *, #1566, .F. ) ;
#1650 = ORIENTED_EDGE ( 'NONE', *, *, #2588, .T. ) ;
#1651 = DIRECTION ( 'NONE',  ( 1.000000000000000000, 0.000000000000000000, 0.000000000000000000 ) ) ;
#1652 = CARTESIAN_POINT ( 'NONE',  ( 4.394199999999999662, 0.000000000000000000, -4.140200000000000102 ) ) ;
#1653 = EDGE_CURVE ( 'NONE', #1568, #1968, #1226, .T. ) ;
#1654 = VERTEX_POINT ( 'NONE', #3049 ) ;
#1655 = DIRECTION ( 'NONE',  ( -1.000000000000000000, 0.000000000000000000, 0.000000000000000000 ) ) ;
#1656 =( NAMED_UNIT ( * ) SI_UNIT ( $, .STERADIAN. ) SOLID_ANGLE_UNIT ( ) );
#1657 = ORIENTED_EDGE ( 'NONE', *, *, #1950, .F. ) ;
#1658 = DIRECTION ( 'NONE',  ( 1.000000000000000000, 0.000000000000000000, 0.000000000000000000 ) ) ;
#1659 = CARTESIAN_POINT ( 'NONE',  ( -3.987799999999999567, 5.181599999999999540, 3.378200000000000092 ) ) ;
#1660 = ORIENTED_EDGE ( 'NONE', *, *, #2522, .T. ) ;
#1661 = CYLINDRICAL_SURFACE ( 'NONE', #2102, 0.2779830915724816887 ) ;
#1662 = CARTESIAN_POINT ( 'NONE',  ( 3.606799999999999784, 0.000000000000000000, -4.394199999999999662 ) ) ;
#1663 = PLANE ( 'NONE',  #2582 ) ;
#1664 = ORIENTED_EDGE ( 'NONE', *, *, #3107, .F. ) ;
#1665 = ORIENTED_EDGE ( 'NONE', *, *, #2842, .T. ) ;
#1666 = ORIENTED_EDGE ( 'NONE', *, *, #1252, .F. ) ;
#1667 = LINE ( 'NONE', #1898, #2308 ) ;
#1668 = FACE_OUTER_BOUND ( 'NONE', #1919, .T. ) ;
#1669 = ORIENTED_EDGE ( 'NONE', *, *, #826, .F. ) ;
#1670 = ADVANCED_FACE ( 'NONE', ( #2602 ), #2329, .T. ) ;
#1671 = CARTESIAN_POINT ( 'NONE',  ( 4.394199999999999662, 0.000000000000000000, 4.140200000000000102 ) ) ;
#1672 = MANIFOLD_SOLID_BREP ( 'B22AP.stp<1>', #173 ) ;
#1673 = ORIENTED_EDGE ( 'NONE', *, *, #2561, .F. ) ;
#1674 = LINE ( 'NONE', #901, #2888 ) ;
#1675 = DIRECTION ( 'NONE',  ( 1.000000000000000000, 0.000000000000000000, 0.000000000000000000 ) ) ;
#1676 = ORIENTED_EDGE ( 'NONE', *, *, #1305, .T. ) ;
#1677 = CARTESIAN_POINT ( 'NONE',  ( -3.606799999999999784, 0.7873999999999999888, 3.606799999999999784 ) ) ;
#1678 = DIRECTION ( 'NONE',  ( 0.000000000000000000, 1.000000000000000000, 0.000000000000000000 ) ) ;
#1679 = CYLINDRICAL_SURFACE ( 'NONE', #455, 0.3047999999999999599 ) ;
#1680 = VERTEX_POINT ( 'NONE', #2089 ) ;
#1681 = VERTEX_POINT ( 'NONE', #2831 ) ;
#1682 = DIRECTION ( 'NONE',  ( 0.000000000000000000, -1.000000000000000000, 0.000000000000000000 ) ) ;
#1683 = VECTOR ( 'NONE', #2149, 1000.000000000000000 ) ;
#1684 = DIRECTION ( 'NONE',  ( -1.000000000000000000, 0.000000000000000000, 0.000000000000000000 ) ) ;
#1685 = AXIS2_PLACEMENT_3D ( 'NONE', #369, #2131, #894 ) ;
#1686 = EDGE_LOOP ( 'NONE', ( #280, #2808 ) ) ;
#1687 = SURFACE_STYLE_USAGE ( .BOTH. , #1460 ) ;
#1688 = ADVANCED_FACE ( 'NONE', ( #2341 ), #60, .F. ) ;
#1689 =( LENGTH_UNIT ( ) NAMED_UNIT ( * ) SI_UNIT ( .MILLI., .METRE. ) );
#1690 = VECTOR ( 'NONE', #593, 1000.000000000000000 ) ;
#1691 = EDGE_CURVE ( 'NONE', #2512, #226, #2553, .T. ) ;
#1692 = MANIFOLD_SOLID_BREP ( 'B22AP.stp<1>', #1832 ) ;
#1693 = ORIENTED_EDGE ( 'NONE', *, *, #2324, .T. ) ;
#1694 = CARTESIAN_POINT ( 'NONE',  ( -4.140200000000000102, 5.181599999999999540, -4.394199999999999662 ) ) ;
#1695 = LINE ( 'NONE', #2641, #1234 ) ;
#1696 = ADVANCED_FACE ( 'NONE', ( #2799 ), #1059, .T. ) ;
#1697 = VECTOR ( 'NONE', #450, 1000.000000000000000 ) ;
#1698 = CARTESIAN_POINT ( 'NONE',  ( 2.540000000000000036, -3.962399999999999700, -2.540000000000000036 ) ) ;
#1699 = CARTESIAN_POINT ( 'NONE',  ( 3.987799999999999567, 5.181599999999999540, -3.987799999999999567 ) ) ;
#1700 = ORIENTED_EDGE ( 'NONE', *, *, #2028, .T. ) ;
#1701 = DIRECTION ( 'NONE',  ( 1.000000000000000000, 0.000000000000000000, 0.000000000000000000 ) ) ;
#1702 = DIRECTION ( 'NONE',  ( 1.000000000000000000, 0.000000000000000000, 0.000000000000000000 ) ) ;
#1703 = VERTEX_POINT ( 'NONE', #2639 ) ;
#1704 = ADVANCED_FACE ( 'NONE', ( #2377 ), #641, .T. ) ;
#1705 = ORIENTED_EDGE ( 'NONE', *, *, #3067, .F. ) ;
#1706 = PRODUCT_DEFINITION ( 'UNKNOWN', '', #2072, #1888 ) ;
#1707 = CARTESIAN_POINT ( 'NONE',  ( -2.540000000000000036, 0.000000000000000000, -0.3047999999999999599 ) ) ;
#1708 = CARTESIAN_POINT ( 'NONE',  ( 0.000000000000000000, -25.76499964554500011, 5.948318862517750105 ) ) ;
#1709 = EDGE_CURVE ( 'NONE', #1850, #1324, #1620, .T. ) ;
#1710 = CARTESIAN_POINT ( 'NONE',  ( -3.378200000000000092, 3.911600000000000410, 3.987799999999999567 ) ) ;
#1711 = CARTESIAN_POINT ( 'NONE',  ( 2.540000000000000036, 0.000000000000000000, -2.540000000000000036 ) ) ;
#1712 = ORIENTED_EDGE ( 'NONE', *, *, #982, .F. ) ;
#1713 = PRODUCT_DEFINITION_SHAPE ( 'NONE', 'NONE',  #804 ) ;
#1714 = DIRECTION ( 'NONE',  ( 0.000000000000000000, 1.000000000000000000, 0.000000000000000000 ) ) ;
#1715 = DIRECTION ( 'NONE',  ( -1.000000000000000000, 0.000000000000000000, -0.000000000000000000 ) ) ;
#1716 = DIRECTION ( 'NONE',  ( 0.000000000000000000, -1.000000000000000000, 0.000000000000000000 ) ) ;
#1717 = ORIENTED_EDGE ( 'NONE', *, *, #1752, .F. ) ;
#1718 = DIRECTION ( 'NONE',  ( 0.000000000000000000, 0.000000000000000000, 1.000000000000000000 ) ) ;
#1719 = CARTESIAN_POINT ( 'NONE',  ( 2.540000000000000036, -3.962399999999999700, 2.235200000000000298 ) ) ;
#1720 = VERTEX_POINT ( 'NONE', #2617 ) ;
#1721 = CYLINDRICAL_SURFACE ( 'NONE', #2727, 0.3048000000000000154 ) ;
#1722 = DIRECTION ( 'NONE',  ( 1.000000000000000000, 0.000000000000000000, 0.000000000000000000 ) ) ;
#1723 = EDGE_CURVE ( 'NONE', #3159, #2093, #391, .T. ) ;
#1724 = VERTEX_POINT ( 'NONE', #1694 ) ;
#1725 = FACE_OUTER_BOUND ( 'NONE', #1964, .T. ) ;
#1726 = CARTESIAN_POINT ( 'NONE',  ( -3.606799999999999784, 0.8128000000000000780, 3.606799999999999784 ) ) ;
#1727 = VECTOR ( 'NONE', #327, 1000.000000000000000 ) ;
#1728 = LINE ( 'NONE', #6, #1272 ) ;
#1729 = PRODUCT_CONTEXT ( 'NONE', #1867, 'mechanical' ) ;
#1730 = VECTOR ( 'NONE', #473, 1000.000000000000000 ) ;
#1731 = VERTEX_POINT ( 'NONE', #694 ) ;
#1732 = DIRECTION ( 'NONE',  ( 0.000000000000000000, 1.000000000000000000, 0.000000000000000000 ) ) ;
#1733 = AXIS2_PLACEMENT_3D ( 'NONE', #1279, #500, #767 ) ;
#1734 = CARTESIAN_POINT ( 'NONE',  ( 2.371789521519675148, 1.574799999999999978, -2.371789521519675148 ) ) ;
#1735 = LINE ( 'NONE', #795, #873 ) ;
#1736 = AXIS2_PLACEMENT_3D ( 'NONE', #150, #699, #398 ) ;
#1737 = ORIENTED_EDGE ( 'NONE', *, *, #564, .T. ) ;
#1738 = CARTESIAN_POINT ( 'NONE',  ( 0.000000000000000000, 3.505199999999999871, 0.000000000000000000 ) ) ;
#1739 = AXIS2_PLACEMENT_3D ( 'NONE', #1432, #1939, #1192 ) ;
#1740 = CARTESIAN_POINT ( 'NONE',  ( 4.394199999999999662, 0.7873999999999999888, 3.606799999999999784 ) ) ;
#1741 = EDGE_CURVE ( 'NONE', #959, #2826, #1906, .T. ) ;
#1742 = VECTOR ( 'NONE', #1288, 1000.000000000000000 ) ;
#1743 = VERTEX_POINT ( 'NONE', #2686 ) ;
#1744 = LINE ( 'NONE', #1002, #1067 ) ;
#1745 = ADVANCED_FACE ( 'NONE', ( #1886 ), #2669, .F. ) ;
#1746 = CARTESIAN_POINT ( 'NONE',  ( 4.394199999999999662, 0.000000000000000000, 4.140200000000000102 ) ) ;
#1747 = VECTOR ( 'NONE', #2178, 1000.000000000000000 ) ;
#1748 = SHAPE_REPRESENTATION ( 'B22APbtoggl.stp', ( #1078 ), #2739 ) ;
#1749 = ORIENTED_EDGE ( 'NONE', *, *, #1154, .T. ) ;
#1750 = AXIS2_PLACEMENT_3D ( 'NONE', #392, #3081, #1382 ) ;
#1751 = CARTESIAN_POINT ( 'NONE',  ( -4.394199999999999662, 8.839199999999999946, -4.140200000000000102 ) ) ;
#1752 = EDGE_CURVE ( 'NONE', #239, #43, #3179, .T. ) ;
#1753 = AXIS2_PLACEMENT_3D ( 'NONE', #3162, #458, #2653 ) ;
#1754 = ORIENTED_EDGE ( 'NONE', *, *, #396, .F. ) ;
#1755 = DIRECTION ( 'NONE',  ( 0.000000000000000000, -1.000000000000000000, 0.000000000000000000 ) ) ;
#1756 = CARTESIAN_POINT ( 'NONE',  ( -4.394199999999999662, 0.7873999999999999888, -3.606799999999999784 ) ) ;
#1757 = DIRECTION ( 'NONE',  ( 1.000000000000000000, 0.000000000000000000, 0.000000000000000000 ) ) ;
#1758 = APPLICATION_CONTEXT ( 'automotive_design' ) ;
#1759 = DIRECTION ( 'NONE',  ( 0.000000000000000000, -1.000000000000000000, 0.000000000000000000 ) ) ;
#1760 = ORIENTED_EDGE ( 'NONE', *, *, #1134, .T. ) ;
#1761 = DIRECTION ( 'NONE',  ( 1.000000000000000000, 0.000000000000000000, 0.000000000000000000 ) ) ;
#1762 = CARTESIAN_POINT ( 'NONE',  ( 3.505199999999999871, 0.000000000000000000, 3.505199999999999871 ) ) ;
#1763 = VERTEX_POINT ( 'NONE', #2915 ) ;
#1764 = CARTESIAN_POINT ( 'NONE',  ( 2.540000000000000036, -3.962399999999999700, 2.540000000000000036 ) ) ;
#1765 = EDGE_CURVE ( 'NONE', #3173, #368, #1674, .T. ) ;
#1766 = EDGE_CURVE ( 'NONE', #585, #1116, #1640, .T. ) ;
#1767 = ORIENTED_EDGE ( 'NONE', *, *, #1891, .F. ) ;
#1768 = CARTESIAN_POINT ( 'NONE',  ( 3.606799999999999784, 0.8128000000000000780, 3.606799999999999784 ) ) ;
#1769 = DIRECTION ( 'NONE',  ( 1.000000000000000000, 0.000000000000000000, 0.000000000000000000 ) ) ;
#1770 = PLANE ( 'NONE',  #2688 ) ;
#1771 = DIRECTION ( 'NONE',  ( 1.000000000000000000, 0.000000000000000000, 0.000000000000000000 ) ) ;
#1772 = LINE ( 'NONE', #543, #1126 ) ;
#1773 = VERTEX_POINT ( 'NONE', #2879 ) ;
#1774 = CARTESIAN_POINT ( 'NONE',  ( 3.987799999999999567, 0.000000000000000000, 3.987799999999999567 ) ) ;
#1775 = LINE ( 'NONE', #21, #2169 ) ;
#1776 = ORIENTED_EDGE ( 'NONE', *, *, #2782, .F. ) ;
#1777 = CARTESIAN_POINT ( 'NONE',  ( 3.378200000000000092, 3.911600000000000410, 3.987799999999999567 ) ) ;
#1778 = AXIS2_PLACEMENT_3D ( 'NONE', #447, #2156, #1146 ) ;
#1779 = ADVANCED_BREP_SHAPE_REPRESENTATION ( '', ( #1615, #1078 ), #2793 ) ;
#1780 = VERTEX_POINT ( 'NONE', #2393 ) ;
#1781 = ADVANCED_FACE ( 'NONE', ( #3165 ), #678, .T. ) ;
#1782 = CARTESIAN_POINT ( 'NONE',  ( 2.540000000000000036, -3.962399999999999700, -2.540000000000000036 ) ) ;
#1783 = CARTESIAN_POINT ( 'NONE',  ( -4.394199999999999662, 3.911600000000000410, 3.378200000000000092 ) ) ;
#1784 = EDGE_CURVE ( 'NONE', #290, #1191, #129, .T. ) ;
#1785 = PLANE ( 'NONE',  #3058 ) ;
#1786 = VECTOR ( 'NONE', #1635, 1000.000000000000000 ) ;
#1787 = CIRCLE ( 'NONE', #1575, 0.3048000000000000154 ) ;
#1788 = FILL_AREA_STYLE_COLOUR ( '', #2113 ) ;
#1789 = EDGE_CURVE ( 'NONE', #1309, #509, #161, .T. ) ;
#1790 = FILL_AREA_STYLE ('',( #1300 ) ) ;
#1791 = AXIS2_PLACEMENT_3D ( 'NONE', #1417, #971, #1962 ) ;
#1792 = ORIENTED_EDGE ( 'NONE', *, *, #2502, .F. ) ;
#1793 = LINE ( 'NONE', #365, #2563 ) ;
#1794 = DIRECTION ( 'NONE',  ( 0.000000000000000000, 1.000000000000000000, 0.000000000000000000 ) ) ;
#1795 = CARTESIAN_POINT ( 'NONE',  ( -4.394199999999999662, 3.911600000000000410, -3.378200000000000092 ) ) ;
#1796 = VECTOR ( 'NONE', #1933, 1000.000000000000000 ) ;
#1797 = ORIENTED_EDGE ( 'NONE', *, *, #1076, .T. ) ;
#1798 = DIRECTION ( 'NONE',  ( 0.000000000000000000, 1.000000000000000000, 0.000000000000000000 ) ) ;
#1799 = MECHANICAL_DESIGN_GEOMETRIC_PRESENTATION_REPRESENTATION (  '', ( #1538 ), #2634 ) ;
#1800 = ORIENTED_EDGE ( 'NONE', *, *, #2387, .T. ) ;
#1801 = ORIENTED_EDGE ( 'NONE', *, *, #2366, .T. ) ;
#1802 = DIRECTION ( 'NONE',  ( 0.000000000000000000, 0.000000000000000000, 1.000000000000000000 ) ) ;
#1803 = DIRECTION ( 'NONE',  ( 0.000000000000000000, 1.000000000000000000, 0.000000000000000000 ) ) ;
#1804 = AXIS2_PLACEMENT_3D ( 'NONE', #2876, #2168, #936 ) ;
#1805 =( LENGTH_UNIT ( ) NAMED_UNIT ( * ) SI_UNIT ( .MILLI., .METRE. ) );
#1806 = FACE_OUTER_BOUND ( 'NONE', #189, .T. ) ;
#1807 = EDGE_CURVE ( 'NONE', #79, #1924, #1956, .T. ) ;
#1808 = EDGE_CURVE ( 'NONE', #3164, #476, #199, .T. ) ;
#1809 = VERTEX_POINT ( 'NONE', #918 ) ;
#1810 = FACE_OUTER_BOUND ( 'NONE', #1514, .T. ) ;
#1811 = DIRECTION ( 'NONE',  ( -1.000000000000000000, 0.000000000000000000, 0.000000000000000000 ) ) ;
#1812 = DIRECTION ( 'NONE',  ( -1.000000000000000000, 0.000000000000000000, 0.000000000000000000 ) ) ;
#1813 = ORIENTED_EDGE ( 'NONE', *, *, #2720, .T. ) ;
#1814 = PLANE ( 'NONE',  #3041 ) ;
#1815 = EDGE_LOOP ( 'NONE', ( #1960, #2118, #1141, #2592 ) ) ;
#1816 = ORIENTED_EDGE ( 'NONE', *, *, #298, .F. ) ;
#1817 = DIRECTION ( 'NONE',  ( 0.000000000000000000, 0.000000000000000000, 1.000000000000000000 ) ) ;
#1818 = LINE ( 'NONE', #2147, #2427 ) ;
#1819 = ORIENTED_EDGE ( 'NONE', *, *, #3090, .T. ) ;
#1820 = SURFACE_STYLE_USAGE ( .BOTH. , #1299 ) ;
#1821 = LINE ( 'NONE', #2572, #616 ) ;
#1822 = ORIENTED_EDGE ( 'NONE', *, *, #202, .F. ) ;
#1823 = LINE ( 'NONE', #2347, #590 ) ;
#1824 = DIRECTION ( 'NONE',  ( -0.7071067811865480168, 0.000000000000000000, 0.7071067811865470176 ) ) ;
#1825 = DIRECTION ( 'NONE',  ( 0.000000000000000000, -1.000000000000000000, 0.000000000000000000 ) ) ;
#1826 = EDGE_CURVE ( 'NONE', #1975, #2908, #714, .T. ) ;
#1827 = ORIENTED_EDGE ( 'NONE', *, *, #2028, .F. ) ;
#1828 = CYLINDRICAL_SURFACE ( 'NONE', #1579, 2.997200000000000308 ) ;
#1829 = VERTEX_POINT ( 'NONE', #180 ) ;
#1830 = ORIENTED_EDGE ( 'NONE', *, *, #1843, .T. ) ;
#1831 = DIRECTION ( 'NONE',  ( 1.000000000000000000, 0.000000000000000000, 0.000000000000000000 ) ) ;
#1832 = CLOSED_SHELL ( 'NONE', ( #604, #3050, #949, #2960, #942, #786, #2618, #2467, #2759, #2090, #902, #2073 ) ) ;
#1833 = ORIENTED_EDGE ( 'NONE', *, *, #2263, .F. ) ;
#1834 = AXIS2_PLACEMENT_3D ( 'NONE', #636, #3094, #2635 ) ;
#1835 = DIRECTION ( 'NONE',  ( -1.000000000000000000, 0.000000000000000000, 0.000000000000000000 ) ) ;
#1836 = DIRECTION ( 'NONE',  ( 0.000000000000000000, -1.000000000000000000, 0.000000000000000000 ) ) ;
#1837 = VECTOR ( 'NONE', #1517, 1000.000000000000000 ) ;
#1838 = ORIENTED_EDGE ( 'NONE', *, *, #3184, .T. ) ;
#1839 = CARTESIAN_POINT ( 'NONE',  ( -3.987799999999999567, 0.7620000000000000107, 3.987799999999999567 ) ) ;
#1840 = CARTESIAN_POINT ( 'NONE',  ( -2.540000000000000036, 0.000000000000000000, 2.540000000000000036 ) ) ;
#1841 = VECTOR ( 'NONE', #1515, 1000.000000000000000 ) ;
#1842 = CARTESIAN_POINT ( 'NONE',  ( 3.606799999999999784, 0.8128000000000000780, -3.606799999999999784 ) ) ;
#1843 = EDGE_CURVE ( 'NONE', #2818, #3164, #2008, .T. ) ;
#1844 = STYLED_ITEM ( 'NONE', ( #3217 ), #1615 ) ;
#1845 = ORIENTED_EDGE ( 'NONE', *, *, #57, .F. ) ;
#1846 = EDGE_CURVE ( 'NONE', #2122, #1055, #2167, .T. ) ;
#1847 = CARTESIAN_POINT ( 'NONE',  ( 0.000000000000000000, 0.02540000000000000244, 0.000000000000000000 ) ) ;
#1848 = CIRCLE ( 'NONE', #609, 1.295399999999999663 ) ;
#1849 = ORIENTED_EDGE ( 'NONE', *, *, #1407, .F. ) ;
#1850 = VERTEX_POINT ( 'NONE', #996 ) ;
#1851 = EDGE_CURVE ( 'NONE', #1324, #2093, #294, .T. ) ;
#1852 = AXIS2_PLACEMENT_3D ( 'NONE', #973, #2438, #1963 ) ;
#1853 = CARTESIAN_POINT ( 'NONE',  ( 4.140200000000000102, 5.181599999999999540, -4.394199999999999662 ) ) ;
#1854 = VECTOR ( 'NONE', #467, 1000.000000000000000 ) ;
#1855 = EDGE_LOOP ( 'NONE', ( #193, #1712, #213, #783 ) ) ;
#1856 = AXIS2_PLACEMENT_3D ( 'NONE', #2198, #3195, #969 ) ;
#1857 =( NAMED_UNIT ( * ) PLANE_ANGLE_UNIT ( ) SI_UNIT ( $, .RADIAN. ) );
#1858 = CARTESIAN_POINT ( 'NONE',  ( -3.606799999999999784, 0.8128000000000000780, 3.606799999999999784 ) ) ;
#1859 = UNCERTAINTY_MEASURE_WITH_UNIT (LENGTH_MEASURE( 1.000000000000000082E-05 ), #562, 'distance_accuracy_value', 'NONE');
#1860 = ORIENTED_EDGE ( 'NONE', *, *, #803, .F. ) ;
#1861 = CARTESIAN_POINT ( 'NONE',  ( 2.540000000000000036, -3.962399999999999700, 2.540000000000000036 ) ) ;
#1862 = CARTESIAN_POINT ( 'NONE',  ( -3.378200000000000092, 5.181599999999999540, 3.987799999999999567 ) ) ;
#1863 = DIRECTION ( 'NONE',  ( 0.000000000000000000, 1.000000000000000000, 0.000000000000000000 ) ) ;
#1864 = EDGE_LOOP ( 'NONE', ( #1265, #930, #680, #900 ) ) ;
#1865 = ORIENTED_EDGE ( 'NONE', *, *, #2097, .F. ) ;
#1866 = DIRECTION ( 'NONE',  ( 0.000000000000000000, 1.000000000000000000, 0.000000000000000000 ) ) ;
#1867 = APPLICATION_CONTEXT ( 'automotive_design' ) ;
#1868 = CARTESIAN_POINT ( 'NONE',  ( 4.394199999999999662, 5.181599999999999540, 3.378200000000000092 ) ) ;
#1869 = ADVANCED_FACE ( 'NONE', ( #537 ), #1438, .T. ) ;
#1870 = EDGE_CURVE ( 'NONE', #1191, #468, #2665, .T. ) ;
#1871 = EDGE_LOOP ( 'NONE', ( #177, #1942, #1874, #357, #2757, #480, #371, #2753, #1800, #2746, #50, #1666 ) ) ;
#1872 = DIRECTION ( 'NONE',  ( 1.000000000000000000, 0.000000000000000000, 0.000000000000000000 ) ) ;
#1873 = DIRECTION ( 'NONE',  ( 0.000000000000000000, 0.000000000000000000, -1.000000000000000000 ) ) ;
#1874 = ORIENTED_EDGE ( 'NONE', *, *, #201, .T. ) ;
#1875 = PLANE ( 'NONE',  #2048 ) ;
#1876 = LINE ( 'NONE', #3103, #1275 ) ;
#1877 = DIRECTION ( 'NONE',  ( 1.000000000000000000, 0.000000000000000000, 0.000000000000000000 ) ) ;
#1878 = ORIENTED_EDGE ( 'NONE', *, *, #1330, .F. ) ;
#1879 = LINE ( 'NONE', #583, #1117 ) ;
#1880 = DIRECTION ( 'NONE',  ( 1.000000000000000000, 0.000000000000000000, 0.000000000000000000 ) ) ;
#1881 = ORIENTED_EDGE ( 'NONE', *, *, #1197, .F. ) ;
#1882 = CARTESIAN_POINT ( 'NONE',  ( 0.000000000000000000, 3.505199999999999871, 1.778000000000000025 ) ) ;
#1883 = EDGE_CURVE ( 'NONE', #1412, #1051, #1588, .T. ) ;
#1884 = ORIENTED_EDGE ( 'NONE', *, *, #2864, .F. ) ;
#1885 = EDGE_CURVE ( 'NONE', #1555, #2897, #732, .T. ) ;
#1886 = FACE_OUTER_BOUND ( 'NONE', #2867, .T. ) ;
#1887 = CARTESIAN_POINT ( 'NONE',  ( 0.2540000000000000036, 3.276600000000000179, 2.960925402640194548 ) ) ;
#1888 = PRODUCT_DEFINITION_CONTEXT ( 'detailed design', #1758, 'design' ) ;
#1889 = CLOSED_SHELL ( 'NONE', ( #1271, #921, #2528, #2229, #1869, #3125 ) ) ;
#1890 = ORIENTED_EDGE ( 'NONE', *, *, #1915, .F. ) ;
#1891 = EDGE_CURVE ( 'NONE', #2058, #1639, #2579, .T. ) ;
#1892 = LINE ( 'NONE', #1181, #276 ) ;
#1893 = DIRECTION ( 'NONE',  ( 0.000000000000000000, 1.000000000000000000, 0.000000000000000000 ) ) ;
#1894 = CARTESIAN_POINT ( 'NONE',  ( 3.987799999999999567, 8.839199999999999946, 3.987799999999999567 ) ) ;
#1895 = VECTOR ( 'NONE', #914, 1000.000000000000000 ) ;
#1896 = ORIENTED_EDGE ( 'NONE', *, *, #2246, .F. ) ;
#1897 = VECTOR ( 'NONE', #2019, 1000.000000000000000 ) ;
#1898 = CARTESIAN_POINT ( 'NONE',  ( 3.505199999999999871, 0.02540000000000000244, 3.505199999999999871 ) ) ;
#1899 = PLANE ( 'NONE',  #1025 ) ;
#1900 = CIRCLE ( 'NONE', #2830, 0.3048000000000000154 ) ;
#1901 = ORIENTED_EDGE ( 'NONE', *, *, #2426, .F. ) ;
#1902 = DIRECTION ( 'NONE',  ( 0.000000000000000000, 1.000000000000000000, 0.000000000000000000 ) ) ;
#1903 = AXIS2_PLACEMENT_3D ( 'NONE', #1108, #574, #2105 ) ;
#1904 = VECTOR ( 'NONE', #1046, 1000.000000000000000 ) ;
#1905 = ORIENTED_EDGE ( 'NONE', *, *, #3087, .F. ) ;
#1906 = LINE ( 'NONE', #1449, #1070 ) ;
#1907 = VECTOR ( 'NONE', #1454, 1000.000000000000000 ) ;
#1908 = DIRECTION ( 'NONE',  ( 0.000000000000000000, 1.000000000000000000, 0.000000000000000000 ) ) ;
#1909 = VECTOR ( 'NONE', #3166, 1000.000000000000000 ) ;
#1910 = ORIENTED_EDGE ( 'NONE', *, *, #12, .T. ) ;
#1911 = CARTESIAN_POINT ( 'NONE',  ( 3.987799999999999567, 3.911600000000000410, 3.378200000000000092 ) ) ;
#1912 = DIRECTION ( 'NONE',  ( 0.000000000000000000, -1.000000000000000000, 0.000000000000000000 ) ) ;
#1913 = LINE ( 'NONE', #2920, #2119 ) ;
#1914 = AXIS2_PLACEMENT_3D ( 'NONE', #412, #1205, #1394 ) ;
#1915 = EDGE_CURVE ( 'NONE', #787, #776, #1848, .T. ) ;
#1916 = ORIENTED_EDGE ( 'NONE', *, *, #1883, .T. ) ;
#1917 = DIRECTION ( 'NONE',  ( 0.000000000000000000, 1.000000000000000000, 0.000000000000000000 ) ) ;
#1918 = LINE ( 'NONE', #1214, #2892 ) ;
#1919 = EDGE_LOOP ( 'NONE', ( #1801, #1420, #231, #1494 ) ) ;
#1920 = CARTESIAN_POINT ( 'NONE',  ( -3.505199999999999871, 0.02540000000000000244, -3.505199999999999871 ) ) ;
#1921 = EDGE_LOOP ( 'NONE', ( #2417, #875, #989, #643, #1830 ) ) ;
#1922 = CARTESIAN_POINT ( 'NONE',  ( -2.540000000000000036, -3.962399999999999700, -2.540000000000000036 ) ) ;
#1923 = DIRECTION ( 'NONE',  ( 0.000000000000000000, 0.000000000000000000, -1.000000000000000000 ) ) ;
#1924 = VERTEX_POINT ( 'NONE', #3214 ) ;
#1925 = CARTESIAN_POINT ( 'NONE',  ( -4.140200000000000102, 5.181599999999999540, 4.394199999999999662 ) ) ;
#1926 = DIRECTION ( 'NONE',  ( 0.000000000000000000, -1.000000000000000000, 0.000000000000000000 ) ) ;
#1927 = CARTESIAN_POINT ( 'NONE',  ( 3.378200000000000092, 3.911600000000000410, 3.987799999999999567 ) ) ;
#1928 = ADVANCED_FACE ( 'NONE', ( #1010 ), #28, .T. ) ;
#1929 = ORIENTED_EDGE ( 'NONE', *, *, #2566, .F. ) ;
#1930 = ORIENTED_EDGE ( 'NONE', *, *, #923, .T. ) ;
#1931 = DIRECTION ( 'NONE',  ( 0.000000000000000000, 1.000000000000000000, 0.000000000000000000 ) ) ;
#1932 = ADVANCED_FACE ( 'NONE', ( #524 ), #1478, .F. ) ;
#1933 = DIRECTION ( 'NONE',  ( 0.000000000000000000, -1.000000000000000000, 0.000000000000000000 ) ) ;
#1934 = ORIENTED_EDGE ( 'NONE', *, *, #733, .T. ) ;
#1935 = DIRECTION ( 'NONE',  ( 0.000000000000000000, 0.000000000000000000, -1.000000000000000000 ) ) ;
#1936 = ADVANCED_FACE ( 'NONE', ( #984 ), #1509, .F. ) ;
#1937 = CARTESIAN_POINT ( 'NONE',  ( 0.000000000000000000, 0.000000000000000000, 0.000000000000000000 ) ) ;
#1938 = ORIENTED_EDGE ( 'NONE', *, *, #2301, .F. ) ;
#1939 = DIRECTION ( 'NONE',  ( -1.000000000000000000, 0.000000000000000000, 0.000000000000000000 ) ) ;
#1940 = CARTESIAN_POINT ( 'NONE',  ( 3.505199999999999871, 0.000000000000000000, -3.505199999999999871 ) ) ;
#1941 = ADVANCED_BREP_SHAPE_REPRESENTATION ( '', ( #2744, #1078 ), #246 ) ;
#1942 = ORIENTED_EDGE ( 'NONE', *, *, #2173, .T. ) ;
#1943 = FACE_OUTER_BOUND ( 'NONE', #2292, .T. ) ;
#1944 = LINE ( 'NONE', #944, #1697 ) ;
#1945 = VECTOR ( 'NONE', #2186, 1000.000000000000000 ) ;
#1946 = VERTEX_POINT ( 'NONE', #1707 ) ;
#1947 = FACE_OUTER_BOUND ( 'NONE', #632, .T. ) ;
#1948 = AXIS2_PLACEMENT_3D ( 'NONE', #965, #3190, #1969 ) ;
#1949 = DIRECTION ( 'NONE',  ( 1.000000000000000000, 0.000000000000000000, 0.000000000000000000 ) ) ;
#1950 = EDGE_CURVE ( 'NONE', #801, #2541, #2961, .T. ) ;
#1951 = ADVANCED_FACE ( 'NONE', ( #2700 ), #477, .T. ) ;
#1952 = VECTOR ( 'NONE', #2562, 1000.000000000000000 ) ;
#1953 = LINE ( 'NONE', #1920, #2931 ) ;
#1954 = VECTOR ( 'NONE', #2691, 1000.000000000000000 ) ;
#1955 = VERTEX_POINT ( 'NONE', #2459 ) ;
#1956 = CIRCLE ( 'NONE', #551, 0.3048000000000000154 ) ;
#1957 = CARTESIAN_POINT ( 'NONE',  ( -2.540000000000000036, -3.962399999999999700, 2.540000000000000036 ) ) ;
#1958 = FACE_OUTER_BOUND ( 'NONE', #164, .T. ) ;
#1959 = VECTOR ( 'NONE', #1949, 1000.000000000000000 ) ;
#1960 = ORIENTED_EDGE ( 'NONE', *, *, #2903, .F. ) ;
#1961 = AXIS2_PLACEMENT_3D ( 'NONE', #1, #3016, #1722 ) ;
#1962 = DIRECTION ( 'NONE',  ( 1.000000000000000000, 0.000000000000000000, 0.000000000000000000 ) ) ;
#1963 = DIRECTION ( 'NONE',  ( 0.000000000000000000, 0.2249510543438650312, 0.9743700647852352459 ) ) ;
#1964 = EDGE_LOOP ( 'NONE', ( #2501, #1036, #2038, #762 ) ) ;
#1965 = LINE ( 'NONE', #170, #1526 ) ;
#1966 =( GEOMETRIC_REPRESENTATION_CONTEXT ( 3 ) GLOBAL_UNCERTAINTY_ASSIGNED_CONTEXT ( ( #920 ) ) GLOBAL_UNIT_ASSIGNED_CONTEXT ( ( #915, #158, #2406 ) ) REPRESENTATION_CONTEXT ( 'NONE', 'WORKASPACE' ) );
#1967 = DIRECTION ( 'NONE',  ( 0.000000000000000000, 1.000000000000000000, 0.000000000000000000 ) ) ;
#1968 = VERTEX_POINT ( 'NONE', #2474 ) ;
#1969 = DIRECTION ( 'NONE',  ( 0.000000000000000000, 0.000000000000000000, -1.000000000000000000 ) ) ;
#1970 = APPLICATION_PROTOCOL_DEFINITION ( 'draft international standard', 'automotive_design', 1998, #775 ) ;
#1971 = VERTEX_POINT ( 'NONE', #1462 ) ;
#1972 = CARTESIAN_POINT ( 'NONE',  ( -3.987799999999999567, 5.181599999999999540, 3.987799999999999567 ) ) ;
#1973 = ADVANCED_FACE ( 'NONE', ( #757 ), #2244, .T. ) ;
#1974 = CARTESIAN_POINT ( 'NONE',  ( 3.987799999999999567, 0.7620000000000000107, -3.987799999999999567 ) ) ;
#1975 = VERTEX_POINT ( 'NONE', #2764 ) ;
#1976 = DIRECTION ( 'NONE',  ( 0.000000000000000000, 1.000000000000000000, 0.000000000000000000 ) ) ;
#1977 = CARTESIAN_POINT ( 'NONE',  ( 2.371789521519675148, 1.574799999999999978, -2.649772613092156615 ) ) ;
#1978 = ORIENTED_EDGE ( 'NONE', *, *, #110, .T. ) ;
#1979 = LINE ( 'NONE', #1549, #2886 ) ;
#1980 = CARTESIAN_POINT ( 'NONE',  ( 3.987799999999999567, 5.181599999999999540, 3.378200000000000092 ) ) ;
#1981 = VERTEX_POINT ( 'NONE', #778 ) ;
#1982 = LINE ( 'NONE', #1426, #2984 ) ;
#1983 = CONTEXT_DEPENDENT_SHAPE_REPRESENTATION ( #2359, #846 ) ;
#1984 = ORIENTED_EDGE ( 'NONE', *, *, #3141, .T. ) ;
#1985 = PLANE ( 'NONE',  #1778 ) ;
#1986 = DIRECTION ( 'NONE',  ( 0.000000000000000000, 0.9743700647852352459, -0.2249510543438650589 ) ) ;
#1987 = LINE ( 'NONE', #3224, #2583 ) ;
#1988 = EDGE_CURVE ( 'NONE', #1555, #2816, #1523, .T. ) ;
#1989 = DIRECTION ( 'NONE',  ( 0.000000000000000000, 0.9816271834476637537, -0.1908089953765457480 ) ) ;
#1990 = ADVANCED_FACE ( 'NONE', ( #2650 ), #2071, .F. ) ;
#1991 = ORIENTED_EDGE ( 'NONE', *, *, #1807, .F. ) ;
#1992 = CARTESIAN_POINT ( 'NONE',  ( 2.255268505535320323, 1.574799999999999978, -1.896058260692554898 ) ) ;
#1993 = DIRECTION ( 'NONE',  ( 0.000000000000000000, 1.000000000000000000, 0.000000000000000000 ) ) ;
#1994 = VECTOR ( 'NONE', #2333, 1000.000000000000000 ) ;
#1995 = ORIENTED_EDGE ( 'NONE', *, *, #564, .F. ) ;
#1996 = AXIS2_PLACEMENT_3D ( 'NONE', #1329, #3111, #2613 ) ;
#1997 = FACE_OUTER_BOUND ( 'NONE', #35, .T. ) ;
#1998 = APPLICATION_PROTOCOL_DEFINITION ( 'draft international standard', 'automotive_design', 1998, #874 ) ;
#1999 = VECTOR ( 'NONE', #269, 1000.000000000000000 ) ;
#2000 = ORIENTED_EDGE ( 'NONE', *, *, #1583, .T. ) ;
#2001 = ORIENTED_EDGE ( 'NONE', *, *, #2179, .F. ) ;
#2002 = CARTESIAN_POINT ( 'NONE',  ( 2.540000000000000036, -3.962399999999999700, 0.000000000000000000 ) ) ;
#2003 = AXIS2_PLACEMENT_3D ( 'NONE', #1992, #2983, #1824 ) ;
#2004 = CARTESIAN_POINT ( 'NONE',  ( -4.394199999999999662, 0.000000000000000000, -3.606799999999999784 ) ) ;
#2005 = DIRECTION ( 'NONE',  ( 0.000000000000000000, 0.2249510543438650312, 0.9743700647852352459 ) ) ;
#2006 = AXIS2_PLACEMENT_3D ( 'NONE', #1862, #85, #614 ) ;
#2007 = CARTESIAN_POINT ( 'NONE',  ( -3.505199999999999871, 0.000000000000000000, 3.505199999999999871 ) ) ;
#2008 = CIRCLE ( 'NONE', #2424, 0.2779830915724816887 ) ;
#2009 = CARTESIAN_POINT ( 'NONE',  ( -3.505199999999999871, 0.02540000000000000244, -3.505199999999999871 ) ) ;
#2010 = AXIS2_PLACEMENT_3D ( 'NONE', #1133, #2947, #2749 ) ;
#2011 = VERTEX_POINT ( 'NONE', #1632 ) ;
#2012 = ADVANCED_FACE ( 'NONE', ( #1057 ), #2305, .F. ) ;
#2013 = DIRECTION ( 'NONE',  ( 1.000000000000000000, 0.000000000000000000, 0.000000000000000000 ) ) ;
#2014 = FACE_OUTER_BOUND ( 'NONE', #118, .T. ) ;
#2015 = ADVANCED_FACE ( 'NONE', ( #2551 ), #556, .T. ) ;
#2016 = VECTOR ( 'NONE', #2158, 1000.000000000000000 ) ;
#2017 = ORIENTED_EDGE ( 'NONE', *, *, #1488, .F. ) ;
#2018 = AXIS2_PLACEMENT_3D ( 'NONE', #325, #2342, #575 ) ;
#2019 = DIRECTION ( 'NONE',  ( 1.000000000000000000, 0.000000000000000000, 0.000000000000000000 ) ) ;
#2020 = EDGE_LOOP ( 'NONE', ( #2661, #2352, #1673, #1664 ) ) ;
#2021 = CARTESIAN_POINT ( 'NONE',  ( 2.631265161656280327, 1.574799999999999978, -2.272054916813509795 ) ) ;
#2022 = CARTESIAN_POINT ( 'NONE',  ( -0.2540000000000000036, 3.276600000000000179, 2.960925402640194548 ) ) ;
#2023 = CARTESIAN_POINT ( 'NONE',  ( 3.987799999999999567, 5.181599999999999540, -3.378200000000000092 ) ) ;
#2024 = LINE ( 'NONE', #761, #3044 ) ;
#2025 = VERTEX_POINT ( 'NONE', #1542 ) ;
#2026 = CARTESIAN_POINT ( 'NONE',  ( -2.540000000000000036, -3.962399999999999700, 2.844800000000000217 ) ) ;
#2027 = CARTESIAN_POINT ( 'NONE',  ( 3.987799999999999567, 3.911600000000000410, -3.378200000000000092 ) ) ;
#2028 = EDGE_CURVE ( 'NONE', #3054, #2968, #1818, .T. ) ;
#2029 = VERTEX_POINT ( 'NONE', #3028 ) ;
#2030 = ADVANCED_FACE ( 'NONE', ( #1312 ), #1899, .F. ) ;
#2031 = DIRECTION ( 'NONE',  ( 1.000000000000000000, 0.000000000000000000, 0.000000000000000000 ) ) ;
#2032 = EDGE_LOOP ( 'NONE', ( #1754, #565, #674, #1610 ) ) ;
#2033 = ORIENTED_EDGE ( 'NONE', *, *, #1370, .F. ) ;
#2034 = EDGE_CURVE ( 'NONE', #544, #1780, #2086, .T. ) ;
#2035 = DIRECTION ( 'NONE',  ( 0.000000000000000000, 1.000000000000000000, 0.000000000000000000 ) ) ;
#2036 = DIRECTION ( 'NONE',  ( 0.000000000000000000, -1.000000000000000000, 0.000000000000000000 ) ) ;
#2037 = CARTESIAN_POINT ( 'NONE',  ( 2.540000000000000036, -3.962399999999999700, 2.540000000000000036 ) ) ;
#2038 = ORIENTED_EDGE ( 'NONE', *, *, #1648, .F. ) ;
#2039 = PLANE ( 'NONE',  #1431 ) ;
#2040 = CARTESIAN_POINT ( 'NONE',  ( 0.000000000000000000, 3.505199999999999871, 0.000000000000000000 ) ) ;
#2041 = VERTEX_POINT ( 'NONE', #2386 ) ;
#2042 = LINE ( 'NONE', #3034, #446 ) ;
#2043 = CARTESIAN_POINT ( 'NONE',  ( 2.540000000000000036, -3.962399999999999700, -0.3047999999999999599 ) ) ;
#2044 = EDGE_LOOP ( 'NONE', ( #322, #2838, #3061, #701 ) ) ;
#2045 = CARTESIAN_POINT ( 'NONE',  ( 0.2540000000000000036, 3.352811735543990146, 2.884433764084334939 ) ) ;
#2046 = EDGE_CURVE ( 'NONE', #1681, #2237, #75, .T. ) ;
#2047 = ADVANCED_FACE ( 'NONE', ( #2779 ), #2814, .F. ) ;
#2048 = AXIS2_PLACEMENT_3D ( 'NONE', #2974, #1645, #756 ) ;
#2049 = ORIENTED_EDGE ( 'NONE', *, *, #2766, .T. ) ;
#2050 = LINE ( 'NONE', #2994, #3039 ) ;
#2051 = DIRECTION ( 'NONE',  ( 1.000000000000000000, 0.000000000000000000, 0.000000000000000000 ) ) ;
#2052 =( NAMED_UNIT ( * ) PLANE_ANGLE_UNIT ( ) SI_UNIT ( $, .RADIAN. ) );
#2053 = CIRCLE ( 'NONE', #1369, 0.3048000000000000154 ) ;
#2054 = EDGE_CURVE ( 'NONE', #2145, #239, #309, .T. ) ;
#2055 = CONICAL_SURFACE ( 'NONE', #1685, 0.9471147843319508430, 0.03490658503988566114 ) ;
#2056 = CARTESIAN_POINT ( 'NONE',  ( -2.540000000000000036, -3.962399999999999700, -0.3047999999999999599 ) ) ;
#2057 = AXIS2_PLACEMENT_3D ( 'NONE', #646, #1893, #1401 ) ;
#2058 = VERTEX_POINT ( 'NONE', #1570 ) ;
#2059 = LINE ( 'NONE', #2077, #2252 ) ;
#2060 = AXIS2_PLACEMENT_3D ( 'NONE', #1033, #1512, #797 ) ;
#2061 = PRODUCT_DEFINITION_SHAPE ( 'NONE', 'NONE',  #2802 ) ;
#2062 = FACE_OUTER_BOUND ( 'NONE', #727, .T. ) ;
#2063 = CARTESIAN_POINT ( 'NONE',  ( 3.606799999999999784, 0.7873999999999999888, -3.606799999999999784 ) ) ;
#2064 = AXIS2_PLACEMENT_3D ( 'NONE', #2251, #1993, #1259 ) ;
#2065 = EDGE_LOOP ( 'NONE', ( #253, #2668, #1199, #211, #2991, #2973 ) ) ;
#2066 = DIRECTION ( 'NONE',  ( -1.000000000000000000, 0.000000000000000000, 0.000000000000000000 ) ) ;
#2067 = AXIS2_PLACEMENT_3D ( 'NONE', #1148, #1086, #2144 ) ;
#2068 = VECTOR ( 'NONE', #1081, 1000.000000000000000 ) ;
#2069 = ORIENTED_EDGE ( 'NONE', *, *, #998, .T. ) ;
#2070 = DIRECTION ( 'NONE',  ( 1.000000000000000000, 0.000000000000000000, 0.000000000000000000 ) ) ;
#2071 = PLANE ( 'NONE',  #2784 ) ;
#2072 = PRODUCT_DEFINITION_FORMATION_WITH_SPECIFIED_SOURCE ( 'ANY', '', #718, .NOT_KNOWN. ) ;
#2073 = ADVANCED_FACE ( 'NONE', ( #2568 ), #507, .T. ) ;
#2074 = CARTESIAN_POINT ( 'NONE',  ( 2.540000000000000036, 0.000000000000000000, -0.3047999999999999599 ) ) ;
#2075 = DIRECTION ( 'NONE',  ( 0.000000000000000000, 1.000000000000000000, 0.000000000000000000 ) ) ;
#2076 = ORIENTED_EDGE ( 'NONE', *, *, #438, .F. ) ;
#2077 = CARTESIAN_POINT ( 'NONE',  ( -3.987799999999999567, 3.911600000000000410, -3.378200000000000092 ) ) ;
#2078 = LINE ( 'NONE', #2853, #2310 ) ;
#2079 = CARTESIAN_POINT ( 'NONE',  ( 2.540000000000000036, -3.962399999999999700, 0.000000000000000000 ) ) ;
#2080 = ORIENTED_EDGE ( 'NONE', *, *, #2505, .F. ) ;
#2081 = VERTEX_POINT ( 'NONE', #339 ) ;
#2082 = DIRECTION ( 'NONE',  ( 0.000000000000000000, 0.000000000000000000, 1.000000000000000000 ) ) ;
#2083 = ORIENTED_EDGE ( 'NONE', *, *, #1173, .T. ) ;
#2084 = ORIENTED_EDGE ( 'NONE', *, *, #2903, .T. ) ;
#2085 = FACE_OUTER_BOUND ( 'NONE', #2852, .T. ) ;
#2086 = LINE ( 'NONE', #2537, #2942 ) ;
#2087 = ORIENTED_EDGE ( 'NONE', *, *, #521, .T. ) ;
#2088 = SHAPE_REPRESENTATION ( 'B22APtoggle.stp', ( #1078 ), #2123 ) ;
#2089 = CARTESIAN_POINT ( 'NONE',  ( -3.606799999999999784, 0.8128000000000000780, -3.606799999999999784 ) ) ;
#2090 = ADVANCED_FACE ( 'NONE', ( #1093, #824 ), #3077, .T. ) ;
#2091 = LINE ( 'NONE', #2056, #296 ) ;
#2092 = ADVANCED_FACE ( 'NONE', ( #2278 ), #651, .T. ) ;
#2093 = VERTEX_POINT ( 'NONE', #673 ) ;
#2094 = VERTEX_POINT ( 'NONE', #1652 ) ;
#2095 = CARTESIAN_POINT ( 'NONE',  ( 3.987799999999999567, 0.000000000000000000, 3.987799999999999567 ) ) ;
#2096 = SPHERICAL_SURFACE ( 'NONE', #2067, 1.295399999999999885 ) ;
#2097 = EDGE_CURVE ( 'NONE', #2141, #3088, #46, .T. ) ;
#2098 = ORIENTED_EDGE ( 'NONE', *, *, #1134, .F. ) ;
#2099 = CARTESIAN_POINT ( 'NONE',  ( 3.670511386404447336E-16, 3.505199999999999871, -2.997200000000000308 ) ) ;
#2100 = ORIENTED_EDGE ( 'NONE', *, *, #2649, .T. ) ;
#2101 = CARTESIAN_POINT ( 'NONE',  ( -2.540000000000000036, 0.000000000000000000, 2.540000000000000036 ) ) ;
#2102 = AXIS2_PLACEMENT_3D ( 'NONE', #2435, #3168, #430 ) ;
#2103 = EDGE_LOOP ( 'NONE', ( #934, #821, #489, #2651 ) ) ;
#2104 = AXIS2_PLACEMENT_3D ( 'NONE', #2101, #1902, #1831 ) ;
#2105 = DIRECTION ( 'NONE',  ( 0.000000000000000000, 0.000000000000000000, 1.000000000000000000 ) ) ;
#2106 = DIRECTION ( 'NONE',  ( 0.000000000000000000, -1.000000000000000000, 0.000000000000000000 ) ) ;
#2107 = AXIS2_PLACEMENT_3D ( 'NONE', #2758, #2499, #2031 ) ;
#2108 = ORIENTED_EDGE ( 'NONE', *, *, #3172, .T. ) ;
#2109 = DIRECTION ( 'NONE',  ( 1.000000000000000000, 0.000000000000000000, 0.000000000000000000 ) ) ;
#2110 = DIRECTION ( 'NONE',  ( 0.000000000000000000, 1.000000000000000000, 0.000000000000000000 ) ) ;
#2111 = VECTOR ( 'NONE', #2157, 1000.000000000000000 ) ;
#2112 = DIRECTION ( 'NONE',  ( 0.000000000000000000, 1.000000000000000000, 0.000000000000000000 ) ) ;
#2113 = COLOUR_RGB ( '',1.000000000000000000, 0.8392156862745098200, 0.000000000000000000 ) ;
#2114 = ORIENTED_EDGE ( 'NONE', *, *, #3009, .T. ) ;
#2115 = FACE_OUTER_BOUND ( 'NONE', #3222, .T. ) ;
#2116 = ADVANCED_FACE ( 'NONE', ( #3157 ), #2680, .F. ) ;
#2117 = VECTOR ( 'NONE', #59, 1000.000000000000000 ) ;
#2118 = ORIENTED_EDGE ( 'NONE', *, *, #897, .T. ) ;
#2119 = VECTOR ( 'NONE', #683, 1000.000000000000000 ) ;
#2120 = LINE ( 'NONE', #359, #1786 ) ;
#2121 = VECTOR ( 'NONE', #1836, 1000.000000000000000 ) ;
#2122 = VERTEX_POINT ( 'NONE', #435 ) ;
#2123 =( GEOMETRIC_REPRESENTATION_CONTEXT ( 3 ) GLOBAL_UNCERTAINTY_ASSIGNED_CONTEXT ( ( #661 ) ) GLOBAL_UNIT_ASSIGNED_CONTEXT ( ( #854, #2354, #1656 ) ) REPRESENTATION_CONTEXT ( 'NONE', 'WORKASPACE' ) );
#2124 = DIRECTION ( 'NONE',  ( 0.000000000000000000, 0.000000000000000000, 1.000000000000000000 ) ) ;
#2125 = DIRECTION ( 'NONE',  ( 0.000000000000000000, 0.000000000000000000, 1.000000000000000000 ) ) ;
#2126 = ORIENTED_EDGE ( 'NONE', *, *, #1950, .T. ) ;
#2127 = LINE ( 'NONE', #1194, #2977 ) ;
#2128 = CARTESIAN_POINT ( 'NONE',  ( -4.394199999999999662, 0.000000000000000000, 3.606799999999999784 ) ) ;
#2129 = DIRECTION ( 'NONE',  ( 0.000000000000000000, 1.000000000000000000, 0.000000000000000000 ) ) ;
#2130 = ORIENTED_EDGE ( 'NONE', *, *, #423, .F. ) ;
#2131 = DIRECTION ( 'NONE',  ( 0.000000000000000000, 0.9743700647852352459, -0.2249510543438650589 ) ) ;
#2132 = EDGE_CURVE ( 'NONE', #1639, #2058, #1535, .T. ) ;
#2133 = EDGE_CURVE ( 'NONE', #628, #801, #1918, .T. ) ;
#2134 = EDGE_LOOP ( 'NONE', ( #382, #1215, #844, #2857 ) ) ;
#2135 = CARTESIAN_POINT ( 'NONE',  ( 4.394199999999999662, 0.000000000000000000, 3.606799999999999784 ) ) ;
#2136 = CARTESIAN_POINT ( 'NONE',  ( 0.000000000000000000, 9.601200000000000401, 0.000000000000000000 ) ) ;
#2137 = EDGE_CURVE ( 'NONE', #2897, #883, #3188, .T. ) ;
#2138 = ORIENTED_EDGE ( 'NONE', *, *, #1452, .F. ) ;
#2139 = DIRECTION ( 'NONE',  ( 0.000000000000000000, 0.000000000000000000, 1.000000000000000000 ) ) ;
#2140 = CARTESIAN_POINT ( 'NONE',  ( 3.987799999999999567, 5.181599999999999540, -3.378200000000000092 ) ) ;
#2141 = VERTEX_POINT ( 'NONE', #210 ) ;
#2142 = DIRECTION ( 'NONE',  ( -1.000000000000000000, 0.000000000000000000, 0.000000000000000000 ) ) ;
#2143 = DIRECTION ( 'NONE',  ( 1.000000000000000000, 0.000000000000000000, 0.000000000000000000 ) ) ;
#2144 = DIRECTION ( 'NONE',  ( 0.000000000000000000, -0.2249510543438645871, -0.9743700647852354679 ) ) ;
#2145 = VERTEX_POINT ( 'NONE', #1726 ) ;
#2146 = DIRECTION ( 'NONE',  ( 0.000000000000000000, 0.000000000000000000, 1.000000000000000000 ) ) ;
#2147 = CARTESIAN_POINT ( 'NONE',  ( -3.987799999999999567, 0.7620000000000000107, 3.987799999999999567 ) ) ;
#2148 = ORIENTED_EDGE ( 'NONE', *, *, #1451, .F. ) ;
#2149 = DIRECTION ( 'NONE',  ( 0.000000000000000000, 0.000000000000000000, 1.000000000000000000 ) ) ;
#2150 = ORIENTED_EDGE ( 'NONE', *, *, #687, .F. ) ;
#2151 = DIRECTION ( 'NONE',  ( 1.000000000000000000, 0.000000000000000000, 0.000000000000000000 ) ) ;
#2152 = ADVANCED_FACE ( 'NONE', ( #2455 ), #961, .F. ) ;
#2153 = DIRECTION ( 'NONE',  ( 0.000000000000000000, 0.000000000000000000, -1.000000000000000000 ) ) ;
#2154 = VECTOR ( 'NONE', #2918, 1000.000000000000000 ) ;
#2155 = ORIENTED_EDGE ( 'NONE', *, *, #1765, .T. ) ;
#2156 = DIRECTION ( 'NONE',  ( 0.000000000000000000, 0.000000000000000000, -1.000000000000000000 ) ) ;
#2157 = DIRECTION ( 'NONE',  ( 0.000000000000000000, 1.000000000000000000, 0.000000000000000000 ) ) ;
#2158 = DIRECTION ( 'NONE',  ( 0.000000000000000000, 1.000000000000000000, 0.000000000000000000 ) ) ;
#2159 = VECTOR ( 'NONE', #654, 1000.000000000000000 ) ;
#2160 = ORIENTED_EDGE ( 'NONE', *, *, #1591, .T. ) ;
#2161 = CIRCLE ( 'NONE', #1172, 1.778000000000000025 ) ;
#2162 = CARTESIAN_POINT ( 'NONE',  ( 0.000000000000000000, 3.251200000000000312, 2.997200000000000308 ) ) ;
#2163 = FACE_OUTER_BOUND ( 'NONE', #2992, .T. ) ;
#2164 = AXIS2_PLACEMENT_3D ( 'NONE', #2869, #2577, #579 ) ;
#2165 = ORIENTED_EDGE ( 'NONE', *, *, #2842, .F. ) ;
#2166 = DIRECTION ( 'NONE',  ( 0.000000000000000000, -1.000000000000000000, 0.000000000000000000 ) ) ;
#2167 = CIRCLE ( 'NONE', #2421, 2.997200000000000308 ) ;
#2168 = DIRECTION ( 'NONE',  ( 0.000000000000000000, 0.000000000000000000, 1.000000000000000000 ) ) ;
#2169 = VECTOR ( 'NONE', #2544, 1000.000000000000000 ) ;
#2170 = EDGE_LOOP ( 'NONE', ( #67, #2323, #940, #1229, #148, #1149, #749, #1103 ) ) ;
#2171 = DIRECTION ( 'NONE',  ( 0.000000000000000000, 1.000000000000000000, 0.000000000000000000 ) ) ;
#2172 = DIRECTION ( 'NONE',  ( 0.000000000000000000, 1.000000000000000000, 0.000000000000000000 ) ) ;
#2173 = EDGE_CURVE ( 'NONE', #234, #3092, #1458, .T. ) ;
#2174 = EDGE_CURVE ( 'NONE', #1560, #582, #2205, .T. ) ;
#2175 = ORIENTED_EDGE ( 'NONE', *, *, #667, .T. ) ;
#2176 = DIRECTION ( 'NONE',  ( 0.000000000000000000, 0.000000000000000000, -1.000000000000000000 ) ) ;
#2177 = CARTESIAN_POINT ( 'NONE',  ( -3.987799999999999567, 3.911600000000000410, 3.378200000000000092 ) ) ;
#2178 = DIRECTION ( 'NONE',  ( 0.000000000000000000, 0.000000000000000000, -1.000000000000000000 ) ) ;
#2179 = EDGE_CURVE ( 'NONE', #509, #2908, #237, .T. ) ;
#2180 = ORIENTED_EDGE ( 'NONE', *, *, #1252, .T. ) ;
#2181 = CARTESIAN_POINT ( 'NONE',  ( 3.505199999999999871, 0.02540000000000000244, -3.505199999999999871 ) ) ;
#2182 = FACE_OUTER_BOUND ( 'NONE', #2907, .T. ) ;
#2183 = VERTEX_POINT ( 'NONE', #2719 ) ;
#2184 = CARTESIAN_POINT ( 'NONE',  ( 2.272054916813509795, 1.574799999999999978, -2.631265161656280327 ) ) ;
#2185 = LINE ( 'NONE', #2670, #1031 ) ;
#2186 = DIRECTION ( 'NONE',  ( 1.000000000000000000, 0.000000000000000000, 0.000000000000000000 ) ) ;
#2187 = EDGE_CURVE ( 'NONE', #2685, #2458, #2837, .T. ) ;
#2188 = CARTESIAN_POINT ( 'NONE',  ( 2.540000000000000036, -3.962399999999999700, 2.235200000000000298 ) ) ;
#2189 = LINE ( 'NONE', #1184, #1747 ) ;
#2190 = PRODUCT_RELATED_PRODUCT_CATEGORY ( 'part', '', ( #2288 ) ) ;
#2191 = ORIENTED_EDGE ( 'NONE', *, *, #1766, .T. ) ;
#2192 = CARTESIAN_POINT ( 'NONE',  ( 3.606799999999999784, 0.8128000000000000780, -3.606799999999999784 ) ) ;
#2193 = CARTESIAN_POINT ( 'NONE',  ( 2.371789521519675148, 0.7620000000000000107, -2.371789521519675148 ) ) ;
#2194 = ADVANCED_FACE ( 'NONE', ( #1668 ), #725, .F. ) ;
#2195 = EDGE_LOOP ( 'NONE', ( #2080, #1068, #1693, #1548 ) ) ;
#2196 = ORIENTED_EDGE ( 'NONE', *, *, #788, .F. ) ;
#2197 = DIRECTION ( 'NONE',  ( 0.000000000000000000, 0.000000000000000000, 1.000000000000000000 ) ) ;
#2198 = CARTESIAN_POINT ( 'NONE',  ( -4.140200000000000102, 0.000000000000000000, 4.140200000000000102 ) ) ;
#2199 =( REPRESENTATION_RELATIONSHIP ('NONE','NONE', #86, #954 ) REPRESENTATION_RELATIONSHIP_WITH_TRANSFORMATION ( #2500 )SHAPE_REPRESENTATION_RELATIONSHIP( ) );
#2200 = CARTESIAN_POINT ( 'NONE',  ( -4.394199999999999662, 5.181599999999999540, 3.378200000000000092 ) ) ;
#2201 = LINE ( 'NONE', #1699, #1854 ) ;
#2202 = ORIENTED_EDGE ( 'NONE', *, *, #439, .F. ) ;
#2203 = CARTESIAN_POINT ( 'NONE',  ( 0.000000000000000000, 0.8128000000000000780, 0.000000000000000000 ) ) ;
#2204 = VECTOR ( 'NONE', #753, 1000.000000000000000 ) ;
#2205 = LINE ( 'NONE', #1202, #3211 ) ;
#2206 = CIRCLE ( 'NONE', #815, 0.2539999999999998925 ) ;
#2207 = ORIENTED_EDGE ( 'NONE', *, *, #981, .F. ) ;
#2208 = EDGE_CURVE ( 'NONE', #2458, #1286, #2317, .T. ) ;
#2209 = CARTESIAN_POINT ( 'NONE',  ( 0.000000000000000000, 3.251200000000000312, 0.000000000000000000 ) ) ;
#2210 = CONICAL_SURFACE ( 'NONE', #2678, 110.0194872068155831, 1.343903524035630070 ) ;
#2211 = PRODUCT_DEFINITION_SHAPE ( 'NONE', 'NONE',  #899 ) ;
#2212 = ORIENTED_EDGE ( 'NONE', *, *, #321, .T. ) ;
#2213 = COLOUR_RGB ( '',0.000000000000000000, 0.000000000000000000, 0.000000000000000000 ) ;
#2214 = DIRECTION ( 'NONE',  ( 1.000000000000000000, 0.000000000000000000, 0.000000000000000000 ) ) ;
#2215 = CARTESIAN_POINT ( 'NONE',  ( -3.606799999999999784, 0.7873999999999999888, -4.394199999999999662 ) ) ;
#2216 = AXIS2_PLACEMENT_3D ( 'NONE', #1957, #743, #511 ) ;
#2217 = CIRCLE ( 'NONE', #242, 0.3048000000000000154 ) ;
#2218 =( REPRESENTATION_RELATIONSHIP ('NONE','NONE', #86, #1089 ) REPRESENTATION_RELATIONSHIP_WITH_TRANSFORMATION ( #1236 )SHAPE_REPRESENTATION_RELATIONSHIP( ) );
#2219 = LINE ( 'NONE', #263, #503 ) ;
#2220 = DIRECTION ( 'NONE',  ( 0.000000000000000000, 0.000000000000000000, -1.000000000000000000 ) ) ;
#2221 = VECTOR ( 'NONE', #3180, 1000.000000000000000 ) ;
#2222 = EDGE_LOOP ( 'NONE', ( #2555, #2643, #314, #2946 ) ) ;
#2223 = DIRECTION ( 'NONE',  ( 0.000000000000000000, 1.000000000000000000, 0.000000000000000000 ) ) ;
#2224 = CARTESIAN_POINT ( 'NONE',  ( 3.378200000000000092, 3.911600000000000410, -4.394199999999999662 ) ) ;
#2225 = DIRECTION ( 'NONE',  ( 1.000000000000000000, 0.000000000000000000, 0.000000000000000000 ) ) ;
#2226 = VERTEX_POINT ( 'NONE', #2695 ) ;
#2227 = DIRECTION ( 'NONE',  ( 0.000000000000000000, 0.000000000000000000, -1.000000000000000000 ) ) ;
#2228 = APPLICATION_PROTOCOL_DEFINITION ( 'draft international standard', 'automotive_design', 1998, #533 ) ;
#2229 = ADVANCED_FACE ( 'NONE', ( #2182 ), #2956, .T. ) ;
#2230 = ORIENTED_EDGE ( 'NONE', *, *, #2545, .F. ) ;
#2231 = CARTESIAN_POINT ( 'NONE',  ( 0.000000000000000000, 8.488906878421939695, -1.959818575654620254 ) ) ;
#2232 = DIRECTION ( 'NONE',  ( 0.000000000000000000, 0.000000000000000000, 1.000000000000000000 ) ) ;
#2233 = ADVANCED_FACE ( 'NONE', ( #1470 ), #704, .F. ) ;
#2234 = ORIENTED_EDGE ( 'NONE', *, *, #2858, .F. ) ;
#2235 =( NAMED_UNIT ( * ) SI_UNIT ( $, .STERADIAN. ) SOLID_ANGLE_UNIT ( ) );
#2236 = DIRECTION ( 'NONE',  ( 0.000000000000000000, 1.000000000000000000, 0.000000000000000000 ) ) ;
#2237 = VERTEX_POINT ( 'NONE', #3221 ) ;
#2238 = DIRECTION ( 'NONE',  ( 0.000000000000000000, 1.000000000000000000, 0.000000000000000000 ) ) ;
#2239 = CARTESIAN_POINT ( 'NONE',  ( -3.505199999999999871, 0.000000000000000000, -3.505199999999999871 ) ) ;
#2240 = ORIENTED_EDGE ( 'NONE', *, *, #792, .F. ) ;
#2241 = FACE_OUTER_BOUND ( 'NONE', #1625, .T. ) ;
#2242 = VERTEX_POINT ( 'NONE', #1189 ) ;
#2243 = DIRECTION ( 'NONE',  ( 1.000000000000000000, 0.000000000000000000, 0.000000000000000000 ) ) ;
#2244 = CYLINDRICAL_SURFACE ( 'NONE', #554, 0.2779830915724816887 ) ;
#2245 = CARTESIAN_POINT ( 'NONE',  ( -3.378200000000000092, 3.911600000000000410, 4.394199999999999662 ) ) ;
#2246 = EDGE_CURVE ( 'NONE', #1358, #1975, #991, .T. ) ;
#2247 = CARTESIAN_POINT ( 'NONE',  ( -3.987799999999999567, 5.181599999999999540, 3.378200000000000092 ) ) ;
#2248 = CARTESIAN_POINT ( 'NONE',  ( 2.540000000000000036, -3.962399999999999700, -2.235200000000000298 ) ) ;
#2249 = ORIENTED_EDGE ( 'NONE', *, *, #112, .T. ) ;
#2250 = CARTESIAN_POINT ( 'NONE',  ( -4.140200000000000102, 5.181599999999999540, -4.140200000000000102 ) ) ;
#2251 = CARTESIAN_POINT ( 'NONE',  ( 2.540000000000000036, -3.962399999999999700, 2.540000000000000036 ) ) ;
#2252 = VECTOR ( 'NONE', #664, 1000.000000000000000 ) ;
#2253 = ORIENTED_EDGE ( 'NONE', *, *, #117, .T. ) ;
#2254 = AXIS2_PLACEMENT_3D ( 'NONE', #2599, #2827, #2353 ) ;
#2255 = DIRECTION ( 'NONE',  ( 0.000000000000000000, 1.000000000000000000, 0.000000000000000000 ) ) ;
#2256 = APPLICATION_PROTOCOL_DEFINITION ( 'draft international standard', 'automotive_design', 1998, #370 ) ;
#2257 = ORIENTED_EDGE ( 'NONE', *, *, #1119, .T. ) ;
#2258 = CARTESIAN_POINT ( 'NONE',  ( 4.140200000000000102, 0.000000000000000000, 4.394199999999999662 ) ) ;
#2259 = DIRECTION ( 'NONE',  ( 0.000000000000000000, 0.2249510543438645593, 0.9743700647852352459 ) ) ;
#2260 = PLANE ( 'NONE',  #88 ) ;
#2261 = VECTOR ( 'NONE', #2446, 1000.000000000000000 ) ;
#2262 = LINE ( 'NONE', #277, #24 ) ;
#2263 = EDGE_CURVE ( 'NONE', #2094, #845, #2631, .T. ) ;
#2264 =( NAMED_UNIT ( * ) PLANE_ANGLE_UNIT ( ) SI_UNIT ( $, .RADIAN. ) );
#2265 = ADVANCED_FACE ( 'NONE', ( #2163 ), #4, .T. ) ;
#2266 = AXIS2_PLACEMENT_3D ( 'NONE', #2383, #2129, #1114 ) ;
#2267 = ORIENTED_EDGE ( 'NONE', *, *, #705, .T. ) ;
#2268 = CARTESIAN_POINT ( 'NONE',  ( -3.987799999999999567, 0.7620000000000000107, -3.987799999999999567 ) ) ;
#2269 = DIRECTION ( 'NONE',  ( 0.000000000000000000, 0.000000000000000000, -1.000000000000000000 ) ) ;
#2270 = VECTOR ( 'NONE', #2976, 1000.000000000000000 ) ;
#2271 = ORIENTED_EDGE ( 'NONE', *, *, #1741, .T. ) ;
#2272 = AXIS2_PLACEMENT_3D ( 'NONE', #29, #3215, #228 ) ;
#2273 = CARTESIAN_POINT ( 'NONE',  ( -2.540000000000000036, 0.000000000000000000, -2.844800000000000217 ) ) ;
#2274 = APPLICATION_PROTOCOL_DEFINITION ( 'draft international standard', 'automotive_design', 1998, #1425 ) ;
#2275 =( GEOMETRIC_REPRESENTATION_CONTEXT ( 3 ) GLOBAL_UNCERTAINTY_ASSIGNED_CONTEXT ( ( #1398 ) ) GLOBAL_UNIT_ASSIGNED_CONTEXT ( ( #1689, #1637, #2636 ) ) REPRESENTATION_CONTEXT ( 'NONE', 'WORKASPACE' ) );
#2276 = EDGE_LOOP ( 'NONE', ( #913, #723, #3026, #125 ) ) ;
#2277 = LINE ( 'NONE', #1266, #2306 ) ;
#2278 = FACE_OUTER_BOUND ( 'NONE', #413, .T. ) ;
#2279 = DIRECTION ( 'NONE',  ( 0.000000000000000000, 1.000000000000000000, 0.000000000000000000 ) ) ;
#2280 = EDGE_CURVE ( 'NONE', #1206, #1111, #785, .T. ) ;
#2281 = ORIENTED_EDGE ( 'NONE', *, *, #2464, .T. ) ;
#2282 = DIRECTION ( 'NONE',  ( 1.000000000000000000, 0.000000000000000000, 0.000000000000000000 ) ) ;
#2283 = PRODUCT_DEFINITION ( 'UNKNOWN', '', #198, #1144 ) ;
#2284 = DIRECTION ( 'NONE',  ( 0.000000000000000000, -1.000000000000000000, 0.000000000000000000 ) ) ;
#2285 = ORIENTED_EDGE ( 'NONE', *, *, #39, .T. ) ;
#2286 = DIRECTION ( 'NONE',  ( 1.000000000000000000, 0.000000000000000000, 0.000000000000000000 ) ) ;
#2287 = EDGE_CURVE ( 'NONE', #1429, #1206, #1638, .T. ) ;
#2288 = PRODUCT ( 'B22AP.stp', 'B22AP.stp', '', ( #1729 ) ) ;
#2289 = LINE ( 'NONE', #1768, #910 ) ;
#2290 = DIRECTION ( 'NONE',  ( 0.000000000000000000, -1.000000000000000000, 0.000000000000000000 ) ) ;
#2291 = SHAPE_REPRESENTATION_RELATIONSHIP ( 'NONE' , 'NONE' ,  #656, #627 ) ;
#2292 = EDGE_LOOP ( 'NONE', ( #1838, #1657, #2303, #3119 ) ) ;
#2293 = CARTESIAN_POINT ( 'NONE',  ( -3.987799999999999567, 5.181599999999999540, -3.987799999999999567 ) ) ;
#2294 = LINE ( 'NONE', #2248, #1232 ) ;
#2295 = ORIENTED_EDGE ( 'NONE', *, *, #2545, .T. ) ;
#2296 = CARTESIAN_POINT ( 'NONE',  ( 0.000000000000000000, -1.016000000000003123, 1.206589875895305974 ) ) ;
#2297 = CARTESIAN_POINT ( 'NONE',  ( -4.140200000000000102, 5.181599999999999540, 4.394199999999999662 ) ) ;
#2298 = LINE ( 'NONE', #2063, #774 ) ;
#2299 = VERTEX_POINT ( 'NONE', #2239 ) ;
#2300 = DIRECTION ( 'NONE',  ( 0.000000000000000000, 0.000000000000000000, -1.000000000000000000 ) ) ;
#2301 = EDGE_CURVE ( 'NONE', #1731, #2565, #832, .T. ) ;
#2302 = AXIS2_PLACEMENT_3D ( 'NONE', #72, #1311, #1297 ) ;
#2303 = ORIENTED_EDGE ( 'NONE', *, *, #2133, .F. ) ;
#2304 = CARTESIAN_POINT ( 'NONE',  ( 4.423544863740864402E-14, 1.574799999999999978, -4.987329993433319134E-14 ) ) ;
#2305 = PLANE ( 'NONE',  #2526 ) ;
#2306 = VECTOR ( 'NONE', #523, 1000.000000000000000 ) ;
#2307 = VERTEX_POINT ( 'NONE', #65 ) ;
#2308 = VECTOR ( 'NONE', #2662, 1000.000000000000000 ) ;
#2309 = DIRECTION ( 'NONE',  ( -0.000000000000000000, 1.000000000000000000, 0.000000000000000000 ) ) ;
#2310 = VECTOR ( 'NONE', #847, 1000.000000000000000 ) ;
#2311 = VERTEX_POINT ( 'NONE', #1746 ) ;
#2312 = CARTESIAN_POINT ( 'NONE',  ( 0.000000000000000000, 3.276600000000000179, 0.000000000000000000 ) ) ;
#2313 = CIRCLE ( 'NONE', #2060, 0.2779830915724816887 ) ;
#2314 = PRODUCT_DEFINITION_SHAPE ( 'NONE', 'NONE',  #3230 ) ;
#2315 = DIRECTION ( 'NONE',  ( 1.000000000000000000, 0.000000000000000000, 0.000000000000000000 ) ) ;
#2316 = DIRECTION ( 'NONE',  ( 0.000000000000000000, 0.000000000000000000, 1.000000000000000000 ) ) ;
#2317 = CIRCLE ( 'NONE', #80, 0.2779830915724816887 ) ;
#2318 = ORIENTED_EDGE ( 'NONE', *, *, #2864, .T. ) ;
#2319 = FACE_BOUND ( 'NONE', #522, .T. ) ;
#2320 = VECTOR ( 'NONE', #3104, 1000.000000000000000 ) ;
#2321 = AXIS2_PLACEMENT_3D ( 'NONE', #1316, #2309, #3114 ) ;
#2322 = ORIENTED_EDGE ( 'NONE', *, *, #1546, .T. ) ;
#2323 = ORIENTED_EDGE ( 'NONE', *, *, #2034, .F. ) ;
#2324 = EDGE_CURVE ( 'NONE', #1763, #2058, #3035, .T. ) ;
#2325 = CARTESIAN_POINT ( 'NONE',  ( 0.000000000000000000, -1.016000000000000014, 0.2345620821835725234 ) ) ;
#2326 = DIRECTION ( 'NONE',  ( 0.7071067811865470176, 0.000000000000000000, 0.7071067811865480168 ) ) ;
#2327 = ADVANCED_FACE ( 'NONE', ( #2740 ), #2532, .T. ) ;
#2328 =( NAMED_UNIT ( * ) SI_UNIT ( $, .STERADIAN. ) SOLID_ANGLE_UNIT ( ) );
#2329 = PLANE ( 'NONE',  #77 ) ;
#2330 = EDGE_CURVE ( 'NONE', #368, #25, #1775, .T. ) ;
#2331 = LINE ( 'NONE', #1060, #2068 ) ;
#2332 = VERTEX_POINT ( 'NONE', #2027 ) ;
#2333 = DIRECTION ( 'NONE',  ( -1.000000000000000000, 0.000000000000000000, 0.000000000000000000 ) ) ;
#2334 = FACE_OUTER_BOUND ( 'NONE', #1327, .T. ) ;
#2335 = DIRECTION ( 'NONE',  ( 0.000000000000000000, 1.000000000000000000, 0.000000000000000000 ) ) ;
#2336 = ORIENTED_EDGE ( 'NONE', *, *, #862, .F. ) ;
#2337 = DIRECTION ( 'NONE',  ( 0.000000000000000000, 1.000000000000000000, 0.000000000000000000 ) ) ;
#2338 = ORIENTED_EDGE ( 'NONE', *, *, #362, .F. ) ;
#2339 = DIRECTION ( 'NONE',  ( 0.000000000000000000, 1.000000000000000000, 0.000000000000000000 ) ) ;
#2340 = EDGE_LOOP ( 'NONE', ( #1760, #2281, #106, #1860 ) ) ;
#2341 = FACE_OUTER_BOUND ( 'NONE', #2921, .T. ) ;
#2342 = DIRECTION ( 'NONE',  ( 0.000000000000000000, 0.9743700647852352459, -0.2249510543438650589 ) ) ;
#2343 = UNCERTAINTY_MEASURE_WITH_UNIT (LENGTH_MEASURE( 1.000000000000000082E-05 ), #479, 'distance_accuracy_value', 'NONE');
#2344 = EDGE_CURVE ( 'NONE', #1083, #3054, #568, .T. ) ;
#2345 = EDGE_CURVE ( 'NONE', #2556, #1743, #800, .T. ) ;
#2346 = ORIENTED_EDGE ( 'NONE', *, *, #2606, .F. ) ;
#2347 = CARTESIAN_POINT ( 'NONE',  ( 2.255268505535320323, 0.7620000000000000107, -1.896058260692554898 ) ) ;
#2348 = CARTESIAN_POINT ( 'NONE',  ( -3.606799999999999784, 0.7873999999999999888, -4.394199999999999662 ) ) ;
#2349 = CARTESIAN_POINT ( 'NONE',  ( -4.394199999999999662, 0.000000000000000000, -4.140200000000000102 ) ) ;
#2350 = VERTEX_POINT ( 'NONE', #1550 ) ;
#2351 = CARTESIAN_POINT ( 'NONE',  ( 0.2540000000000000036, 3.276600000000000179, 2.997200000000000308 ) ) ;
#2352 = ORIENTED_EDGE ( 'NONE', *, *, #2366, .F. ) ;
#2353 = DIRECTION ( 'NONE',  ( 1.000000000000000000, 0.000000000000000000, 0.000000000000000000 ) ) ;
#2354 =( NAMED_UNIT ( * ) PLANE_ANGLE_UNIT ( ) SI_UNIT ( $, .RADIAN. ) );
#2355 = VECTOR ( 'NONE', #2644, 1000.000000000000000 ) ;
#2356 =( NAMED_UNIT ( * ) PLANE_ANGLE_UNIT ( ) SI_UNIT ( $, .RADIAN. ) );
#2357 = CARTESIAN_POINT ( 'NONE',  ( 0.000000000000000000, 0.7620000000000000107, 0.000000000000000000 ) ) ;
#2358 = AXIS2_PLACEMENT_3D ( 'NONE', #2351, #119, #649 ) ;
#2359 =( REPRESENTATION_RELATIONSHIP ('NONE','NONE', #86, #656 ) REPRESENTATION_RELATIONSHIP_WITH_TRANSFORMATION ( #270 )SHAPE_REPRESENTATION_RELATIONSHIP( ) );
#2360 = ORIENTED_EDGE ( 'NONE', *, *, #1489, .F. ) ;
#2361 = DIRECTION ( 'NONE',  ( 0.000000000000000000, 0.000000000000000000, 1.000000000000000000 ) ) ;
#2362 = ADVANCED_FACE ( 'NONE', ( #303 ), #1516, .T. ) ;
#2363 = DIRECTION ( 'NONE',  ( 0.000000000000000000, 1.000000000000000000, 0.000000000000000000 ) ) ;
#2364 = VECTOR ( 'NONE', #1303, 1000.000000000000000 ) ;
#2365 = FACE_BOUND ( 'NONE', #3126, .T. ) ;
#2366 = EDGE_CURVE ( 'NONE', #2673, #3025, #1293, .T. ) ;
#2367 = VECTOR ( 'NONE', #2929, 1000.000000000000000 ) ;
#2368 = EDGE_LOOP ( 'NONE', ( #1865, #1028, #2598, #1978 ) ) ;
#2369 = ORIENTED_EDGE ( 'NONE', *, *, #2046, .F. ) ;
#2370 = LINE ( 'NONE', #2099, #2881 ) ;
#2371 = ADVANCED_FACE ( 'NONE', ( #2014 ), #252, .F. ) ;
#2372 = AXIS2_PLACEMENT_3D ( 'NONE', #2923, #1684, #977 ) ;
#2373 = AXIS2_PLACEMENT_3D ( 'NONE', #1342, #631, #1322 ) ;
#2374 = LINE ( 'NONE', #2859, #68 ) ;
#2375 = CIRCLE ( 'NONE', #2272, 0.3048000000000000154 ) ;
#2376 = VERTEX_POINT ( 'NONE', #1280 ) ;
#2377 = FACE_OUTER_BOUND ( 'NONE', #515, .T. ) ;
#2378 = LINE ( 'NONE', #660, #140 ) ;
#2379 = PRODUCT_DEFINITION_CONTEXT ( 'detailed design', #601, 'design' ) ;
#2380 = EDGE_LOOP ( 'NONE', ( #1091, #879, #2150, #1845 ) ) ;
#2381 = CARTESIAN_POINT ( 'NONE',  ( 1.896058260692554898, 1.574799999999999978, -2.255268505535320323 ) ) ;
#2382 = LINE ( 'NONE', #1195, #2111 ) ;
#2383 = CARTESIAN_POINT ( 'NONE',  ( -2.540000000000000036, 0.000000000000000000, 0.000000000000000000 ) ) ;
#2384 = ORIENTED_EDGE ( 'NONE', *, *, #1098, .T. ) ;
#2385 = CARTESIAN_POINT ( 'NONE',  ( 0.000000000000000000, 3.505199999999999871, 0.000000000000000000 ) ) ;
#2386 = CARTESIAN_POINT ( 'NONE',  ( -2.540000000000000036, 0.000000000000000000, 2.844800000000000217 ) ) ;
#2387 = EDGE_CURVE ( 'NONE', #3159, #1731, #3006, .T. ) ;
#2388 = ORIENTED_EDGE ( 'NONE', *, *, #519, .F. ) ;
#2389 = EDGE_CURVE ( 'NONE', #787, #1981, #135, .T. ) ;
#2390 = LINE ( 'NONE', #1107, #176 ) ;
#2391 = APPLICATION_PROTOCOL_DEFINITION ( 'draft international standard', 'automotive_design', 1998, #206 ) ;
#2392 = EDGE_LOOP ( 'NONE', ( #1442, #1587, #1004, #1233, #2878 ) ) ;
#2393 = CARTESIAN_POINT ( 'NONE',  ( -3.987799999999999567, 8.839199999999999946, -3.987799999999999567 ) ) ;
#2394 = LINE ( 'NONE', #1659, #2221 ) ;
#2395 = ORIENTED_EDGE ( 'NONE', *, *, #964, .F. ) ;
#2396 = LINE ( 'NONE', #2672, #384 ) ;
#2397 = DIRECTION ( 'NONE',  ( 1.000000000000000000, 0.000000000000000000, 0.000000000000000000 ) ) ;
#2398 = CARTESIAN_POINT ( 'NONE',  ( 2.631265161656280327, 0.7620000000000000107, -2.272054916813509795 ) ) ;
#2399 = VERTEX_POINT ( 'NONE', #2043 ) ;
#2400 = ORIENTED_EDGE ( 'NONE', *, *, #691, .F. ) ;
#2401 = EDGE_LOOP ( 'NONE', ( #2935, #3069, #130, #3130 ) ) ;
#2402 = FACE_OUTER_BOUND ( 'NONE', #113, .T. ) ;
#2403 = DIRECTION ( 'NONE',  ( 1.000000000000000000, 0.000000000000000000, 0.000000000000000000 ) ) ;
#2404 = DIRECTION ( 'NONE',  ( 0.000000000000000000, 1.000000000000000000, 0.000000000000000000 ) ) ;
#2405 = EDGE_CURVE ( 'NONE', #3088, #2307, #816, .T. ) ;
#2406 =( NAMED_UNIT ( * ) SI_UNIT ( $, .STERADIAN. ) SOLID_ANGLE_UNIT ( ) );
#2407 = EDGE_CURVE ( 'NONE', #2826, #2093, #2298, .T. ) ;
#2408 = ORIENTED_EDGE ( 'NONE', *, *, #1585, .T. ) ;
#2409 = DIRECTION ( 'NONE',  ( -1.000000000000000000, 0.000000000000000000, 0.000000000000000000 ) ) ;
#2410 = CARTESIAN_POINT ( 'NONE',  ( -3.505199999999999871, 0.000000000000000000, -3.505199999999999871 ) ) ;
#2411 = AXIS2_PLACEMENT_3D ( 'NONE', #143, #3076, #1375 ) ;
#2412 = EDGE_LOOP ( 'NONE', ( #2253, #2874, #441, #1356 ) ) ;
#2413 = DIRECTION ( 'NONE',  ( 0.000000000000000000, -1.000000000000000000, 0.000000000000000000 ) ) ;
#2414 = DIRECTION ( 'NONE',  ( 0.000000000000000000, 0.000000000000000000, -1.000000000000000000 ) ) ;
#2415 = CARTESIAN_POINT ( 'NONE',  ( 4.140200000000000102, 0.000000000000000000, -4.394199999999999662 ) ) ;
#2416 = AXIS2_PLACEMENT_3D ( 'NONE', #2535, #771, #802 ) ;
#2417 = ORIENTED_EDGE ( 'NONE', *, *, #1808, .T. ) ;
#2418 = AXIS2_PLACEMENT_3D ( 'NONE', #1354, #2805, #1627 ) ;
#2419 = DIRECTION ( 'NONE',  ( 1.000000000000000000, 0.000000000000000000, 0.000000000000000000 ) ) ;
#2420 = DIRECTION ( 'NONE',  ( 0.000000000000000000, 1.000000000000000000, 0.000000000000000000 ) ) ;
#2421 = AXIS2_PLACEMENT_3D ( 'NONE', #1240, #490, #245 ) ;
#2422 = ORIENTED_EDGE ( 'NONE', *, *, #2911, .T. ) ;
#2423 = SURFACE_STYLE_FILL_AREA ( #2697 ) ;
#2424 = AXIS2_PLACEMENT_3D ( 'NONE', #1177, #2171, #214 ) ;
#2425 = CARTESIAN_POINT ( 'NONE',  ( 0.000000000000000000, 13.10640000000000072, 0.000000000000000000 ) ) ;
#2426 = EDGE_CURVE ( 'NONE', #1968, #1055, #3057, .T. ) ;
#2427 = VECTOR ( 'NONE', #2036, 1000.000000000000000 ) ;
#2428 = ORIENTED_EDGE ( 'NONE', *, *, #3212, .F. ) ;
#2429 = EDGE_CURVE ( 'NONE', #896, #1946, #978, .T. ) ;
#2430 = DIRECTION ( 'NONE',  ( 0.000000000000000000, 1.000000000000000000, 0.000000000000000000 ) ) ;
#2431 = VECTOR ( 'NONE', #1387, 1000.000000000000000 ) ;
#2432 = CARTESIAN_POINT ( 'NONE',  ( -4.394199999999999662, 3.911600000000000410, -3.378200000000000092 ) ) ;
#2433 = VECTOR ( 'NONE', #111, 1000.000000000000000 ) ;
#2434 = EDGE_CURVE ( 'NONE', #1680, #2145, #3118, .T. ) ;
#2435 = CARTESIAN_POINT ( 'NONE',  ( 2.371789521519675148, 1.574799999999999978, -2.371789521519675148 ) ) ;
#2436 = ORIENTED_EDGE ( 'NONE', *, *, #1784, .T. ) ;
#2437 = CARTESIAN_POINT ( 'NONE',  ( -3.606799999999999784, 0.7873999999999999888, 3.606799999999999784 ) ) ;
#2438 = DIRECTION ( 'NONE',  ( 0.000000000000000000, 0.9743700647852352459, -0.2249510543438650589 ) ) ;
#2439 = EDGE_CURVE ( 'NONE', #620, #18, #2791, .T. ) ;
#2440 = VERTEX_POINT ( 'NONE', #351 ) ;
#2441 = LINE ( 'NONE', #2679, #546 ) ;
#2442 = DIRECTION ( 'NONE',  ( -0.000000000000000000, 1.000000000000000000, 0.000000000000000000 ) ) ;
#2443 = ORIENTED_EDGE ( 'NONE', *, *, #3105, .F. ) ;
#2444 = CARTESIAN_POINT ( 'NONE',  ( -4.394199999999999662, 0.000000000000000000, -3.606799999999999784 ) ) ;
#2445 = ORIENTED_EDGE ( 'NONE', *, *, #2439, .T. ) ;
#2446 = DIRECTION ( 'NONE',  ( 0.000000000000000000, 0.000000000000000000, -1.000000000000000000 ) ) ;
#2447 = PLANE ( 'NONE',  #1444 ) ;
#2448 = FACE_OUTER_BOUND ( 'NONE', #2134, .T. ) ;
#2449 = ADVANCED_FACE ( 'NONE', ( #878 ), #2854, .F. ) ;
#2450 = CARTESIAN_POINT ( 'NONE',  ( -3.987799999999999567, 0.000000000000000000, -3.987799999999999567 ) ) ;
#2451 = EDGE_CURVE ( 'NONE', #1051, #1850, #381, .T. ) ;
#2452 = VERTEX_POINT ( 'NONE', #2806 ) ;
#2453 = ORIENTED_EDGE ( 'NONE', *, *, #1471, .T. ) ;
#2454 = CARTESIAN_POINT ( 'NONE',  ( -3.505199999999999871, 0.02540000000000000244, -3.505199999999999871 ) ) ;
#2455 = FACE_OUTER_BOUND ( 'NONE', #1106, .T. ) ;
#2456 = ORIENTED_EDGE ( 'NONE', *, *, #3172, .F. ) ;
#2457 = DIRECTION ( 'NONE',  ( 0.000000000000000000, 0.000000000000000000, -1.000000000000000000 ) ) ;
#2458 = VERTEX_POINT ( 'NONE', #1612 ) ;
#2459 = CARTESIAN_POINT ( 'NONE',  ( -3.505199999999999871, 0.02540000000000000244, 3.505199999999999871 ) ) ;
#2460 = LINE ( 'NONE', #2023, #2270 ) ;
#2461 = DIRECTION ( 'NONE',  ( -0.000000000000000000, 1.000000000000000000, 0.000000000000000000 ) ) ;
#2462 = LINE ( 'NONE', #668, #3160 ) ;
#2463 = AXIS2_PLACEMENT_3D ( 'NONE', #905, #837, #1817 ) ;
#2464 = EDGE_CURVE ( 'NONE', #1277, #1468, #2609, .T. ) ;
#2465 = ORIENTED_EDGE ( 'NONE', *, *, #360, .F. ) ;
#2466 = DIRECTION ( 'NONE',  ( 0.000000000000000000, 0.000000000000000000, -1.000000000000000000 ) ) ;
#2467 = ADVANCED_FACE ( 'NONE', ( #2365, #367 ), #116, .T. ) ;
#2468 = CIRCLE ( 'NONE', #16, 2.946399999999925079 ) ;
#2469 = CARTESIAN_POINT ( 'NONE',  ( -2.540000000000000036, -3.962399999999999700, 0.000000000000000000 ) ) ;
#2470 = CARTESIAN_POINT ( 'NONE',  ( 3.987799999999999567, 8.839199999999999946, -3.987799999999999567 ) ) ;
#2471 = CIRCLE ( 'NONE', #126, 0.3048000000000000154 ) ;
#2472 = ORIENTED_EDGE ( 'NONE', *, *, #321, .F. ) ;
#2473 = VECTOR ( 'NONE', #1658, 1000.000000000000000 ) ;
#2474 = CARTESIAN_POINT ( 'NONE',  ( 0.000000000000000000, 0.000000000000000000, 2.997200000000000308 ) ) ;
#2475 = CARTESIAN_POINT ( 'NONE',  ( 2.272054916813509795, 1.574799999999999978, -2.631265161656280327 ) ) ;
#2476 = VECTOR ( 'NONE', #1718, 1000.000000000000000 ) ;
#2477 = EDGE_LOOP ( 'NONE', ( #2657, #244, #2741, #2126 ) ) ;
#2478 = AXIS2_PLACEMENT_3D ( 'NONE', #329, #3133, #907 ) ;
#2479 = DIRECTION ( 'NONE',  ( 0.000000000000000000, -1.000000000000000000, 0.000000000000000000 ) ) ;
#2480 = AXIS2_PLACEMENT_3D ( 'NONE', #3146, #1908, #182 ) ;
#2481 = EDGE_LOOP ( 'NONE', ( #364, #2049, #1484, #1995 ) ) ;
#2482 = PLANE ( 'NONE',  #1733 ) ;
#2483 = ORIENTED_EDGE ( 'NONE', *, *, #808, .T. ) ;
#2484 = DIRECTION ( 'NONE',  ( 1.000000000000000000, 0.000000000000000000, 0.000000000000000000 ) ) ;
#2485 = ORIENTED_EDGE ( 'NONE', *, *, #2717, .F. ) ;
#2486 = CARTESIAN_POINT ( 'NONE',  ( 3.378200000000000092, 3.911600000000000410, 3.987799999999999567 ) ) ;
#2487 = EDGE_CURVE ( 'NONE', #1680, #2093, #134, .T. ) ;
#2488 = EDGE_LOOP ( 'NONE', ( #1547, #3142, #2633, #1295 ) ) ;
#2489 = LINE ( 'NONE', #165, #1945 ) ;
#2490 = DIRECTION ( 'NONE',  ( 0.000000000000000000, -1.000000000000000000, 0.000000000000000000 ) ) ;
#2491 = DIRECTION ( 'NONE',  ( 0.000000000000000000, 1.000000000000000000, 0.000000000000000000 ) ) ;
#2492 = ORIENTED_EDGE ( 'NONE', *, *, #2747, .F. ) ;
#2493 = DIRECTION ( 'NONE',  ( 0.000000000000000000, 0.000000000000000000, 1.000000000000000000 ) ) ;
#2494 = LINE ( 'NONE', #747, #512 ) ;
#2495 = ORIENTED_EDGE ( 'NONE', *, *, #1119, .F. ) ;
#2496 = PLANE ( 'NONE',  #2003 ) ;
#2497 = CARTESIAN_POINT ( 'NONE',  ( -3.378200000000000092, 3.911600000000000410, -3.987799999999999567 ) ) ;
#2498 = ORIENTED_EDGE ( 'NONE', *, *, #2451, .T. ) ;
#2499 = DIRECTION ( 'NONE',  ( -0.000000000000000000, 1.000000000000000000, 0.000000000000000000 ) ) ;
#2500 = ITEM_DEFINED_TRANSFORMATION ( 'NONE', 'NONE', #354,  #1078 ) ;
#2501 = ORIENTED_EDGE ( 'NONE', *, *, #17, .T. ) ;
#2502 = EDGE_CURVE ( 'NONE', #2512, #1829, #103, .T. ) ;
#2503 = PLANE ( 'NONE',  #2302 ) ;
#2504 = CARTESIAN_POINT ( 'NONE',  ( 0.000000000000000000, -1.229054469320137954, 0.2837495821267289609 ) ) ;
#2505 = EDGE_CURVE ( 'NONE', #2399, #1639, #2595, .T. ) ;
#2506 = FACE_OUTER_BOUND ( 'NONE', #1871, .T. ) ;
#2507 = CARTESIAN_POINT ( 'NONE',  ( 0.000000000000000000, 0.000000000000000000, 1.778000000000000025 ) ) ;
#2508 = EDGE_CURVE ( 'NONE', #2908, #3021, #2870, .T. ) ;
#2509 = EDGE_LOOP ( 'NONE', ( #2795, #1520, #1346, #168 ) ) ;
#2510 = DIRECTION ( 'NONE',  ( 1.000000000000000000, 0.000000000000000000, 0.000000000000000000 ) ) ;
#2511 = DIRECTION ( 'NONE',  ( -0.000000000000000000, 1.000000000000000000, 0.000000000000000000 ) ) ;
#2512 = VERTEX_POINT ( 'NONE', #1628 ) ;
#2513 = CARTESIAN_POINT ( 'NONE',  ( -3.606799999999999784, 0.7873999999999999888, 4.394199999999999662 ) ) ;
#2514 = SHAPE_DEFINITION_REPRESENTATION ( #475, #656 ) ;
#2515 = VECTOR ( 'NONE', #2839, 1000.000000000000000 ) ;
#2516 = VERTEX_POINT ( 'NONE', #3086 ) ;
#2517 = ORIENTED_EDGE ( 'NONE', *, *, #2505, .T. ) ;
#2518 = LINE ( 'NONE', #1522, #492 ) ;
#2519 = AXIS2_PLACEMENT_3D ( 'NONE', #2250, #1049, #3004 ) ;
#2520 = CARTESIAN_POINT ( 'NONE',  ( -3.987799999999999567, 5.181599999999999540, 3.987799999999999567 ) ) ;
#2521 = DIRECTION ( 'NONE',  ( 0.000000000000000000, 0.000000000000000000, 1.000000000000000000 ) ) ;
#2522 = EDGE_CURVE ( 'NONE', #1763, #2399, #2217, .T. ) ;
#2523 = VECTOR ( 'NONE', #127, 1000.000000000000000 ) ;
#2524 = EDGE_CURVE ( 'NONE', #2818, #2458, #848, .T. ) ;
#2525 = DIRECTION ( 'NONE',  ( 0.000000000000000000, 1.000000000000000000, 0.000000000000000000 ) ) ;
#2526 = AXIS2_PLACEMENT_3D ( 'NONE', #1151, #3063, #2051 ) ;
#2527 = SURFACE_SIDE_STYLE ('',( #1529 ) ) ;
#2528 = ADVANCED_FACE ( 'NONE', ( #861 ), #2096, .T. ) ;
#2529 = VECTOR ( 'NONE', #1304, 1000.000000000000000 ) ;
#2530 = ORIENTED_EDGE ( 'NONE', *, *, #216, .F. ) ;
#2531 = CARTESIAN_POINT ( 'NONE',  ( 0.000000000000000000, 3.505199999999999871, 0.000000000000000000 ) ) ;
#2532 = PLANE ( 'NONE',  #1328 ) ;
#2533 = AXIS2_PLACEMENT_3D ( 'NONE', #589, #642, #1873 ) ;
#2534 = ORIENTED_EDGE ( 'NONE', *, *, #483, .T. ) ;
#2535 = CARTESIAN_POINT ( 'NONE',  ( -0.2540000000000000036, 3.276600000000000179, 2.489199999999999857 ) ) ;
#2536 = LINE ( 'NONE', #793, #2671 ) ;
#2537 = CARTESIAN_POINT ( 'NONE',  ( -3.987799999999999567, 5.181599999999999540, -3.987799999999999567 ) ) ;
#2538 =( NAMED_UNIT ( * ) PLANE_ANGLE_UNIT ( ) SI_UNIT ( $, .RADIAN. ) );
#2539 = CARTESIAN_POINT ( 'NONE',  ( 2.540000000000000036, -3.962399999999999700, 2.540000000000000036 ) ) ;
#2540 = DIRECTION ( 'NONE',  ( 0.000000000000000000, 0.000000000000000000, -1.000000000000000000 ) ) ;
#2541 = VERTEX_POINT ( 'NONE', #399 ) ;
#2542 = LINE ( 'NONE', #1302, #1264 ) ;
#2543 = CYLINDRICAL_SURFACE ( 'NONE', #2778, 0.3047999999999999599 ) ;
#2544 = DIRECTION ( 'NONE',  ( 0.000000000000000000, -1.000000000000000000, 0.000000000000000000 ) ) ;
#2545 = EDGE_CURVE ( 'NONE', #1968, #1568, #929, .T. ) ;
#2546 = VERTEX_POINT ( 'NONE', #580 ) ;
#2547 = ORIENTED_EDGE ( 'NONE', *, *, #2963, .T. ) ;
#2548 = LINE ( 'NONE', #55, #2828 ) ;
#2549 = ORIENTED_EDGE ( 'NONE', *, *, #3141, .F. ) ;
#2550 = CYLINDRICAL_SURFACE ( 'NONE', #1269, 2.946399999999925079 ) ;
#2551 = FACE_OUTER_BOUND ( 'NONE', #137, .T. ) ;
#2552 = ORIENTED_EDGE ( 'NONE', *, *, #2508, .F. ) ;
#2553 = LINE ( 'NONE', #2783, #820 ) ;
#2554 = DIRECTION ( 'NONE',  ( 1.000000000000000000, 0.000000000000000000, 0.000000000000000000 ) ) ;
#2555 = ORIENTED_EDGE ( 'NONE', *, *, #73, .T. ) ;
#2556 = VERTEX_POINT ( 'NONE', #2821 ) ;
#2557 = CARTESIAN_POINT ( 'NONE',  ( 4.140200000000000102, 0.000000000000000000, 4.140200000000000102 ) ) ;
#2558 = PLANE ( 'NONE',  #1441 ) ;
#2559 = ADVANCED_FACE ( 'NONE', ( #1562 ), #2558, .T. ) ;
#2560 = ORIENTED_EDGE ( 'NONE', *, *, #201, .F. ) ;
#2561 = EDGE_CURVE ( 'NONE', #1616, #2673, #2933, .T. ) ;
#2562 = DIRECTION ( 'NONE',  ( 0.000000000000000000, 1.000000000000000000, 0.000000000000000000 ) ) ;
#2563 = VECTOR ( 'NONE', #1319, 1000.000000000000000 ) ;
#2564 = EDGE_LOOP ( 'NONE', ( #301, #40, #1896, #2087 ) ) ;
#2565 = VERTEX_POINT ( 'NONE', #958 ) ;
#2566 = EDGE_CURVE ( 'NONE', #1560, #2826, #1944, .T. ) ;
#2567 = DIRECTION ( 'NONE',  ( 0.000000000000000000, -1.000000000000000000, 0.000000000000000000 ) ) ;
#2568 = FACE_OUTER_BOUND ( 'NONE', #2065, .T. ) ;
#2569 = CIRCLE ( 'NONE', #652, 2.946399999999925079 ) ;
#2570 = AXIS2_PLACEMENT_3D ( 'NONE', #485, #931, #2909 ) ;
#2571 = CARTESIAN_POINT ( 'NONE',  ( 2.255268505535320323, 1.574799999999999978, -1.896058260692554898 ) ) ;
#2572 = CARTESIAN_POINT ( 'NONE',  ( 3.987799999999999567, 5.181599999999999540, 3.987799999999999567 ) ) ;
#2573 = CIRCLE ( 'NONE', #2057, 0.3048000000000000154 ) ;
#2574 = EDGE_LOOP ( 'NONE', ( #1052, #2445, #2798, #2234 ) ) ;
#2575 = CARTESIAN_POINT ( 'NONE',  ( 0.000000000000000000, 0.000000000000000000, 0.000000000000000000 ) ) ;
#2576 = PRESENTATION_LAYER_ASSIGNMENT (  '', '', ( #720 ) ) ;
#2577 = DIRECTION ( 'NONE',  ( 1.000000000000000000, 0.000000000000000000, 0.000000000000000000 ) ) ;
#2578 = DIRECTION ( 'NONE',  ( 1.000000000000000000, 0.000000000000000000, 0.000000000000000000 ) ) ;
#2579 = CIRCLE ( 'NONE', #345, 0.3048000000000000154 ) ;
#2580 = ORIENTED_EDGE ( 'NONE', *, *, #2566, .T. ) ;
#2581 = FACE_OUTER_BOUND ( 'NONE', #1008, .T. ) ;
#2582 = AXIS2_PLACEMENT_3D ( 'NONE', #721, #1402, #3183 ) ;
#2583 = VECTOR ( 'NONE', #2232, 1000.000000000000000 ) ;
#2584 = EDGE_LOOP ( 'NONE', ( #1929, #689, #2212, #2271 ) ) ;
#2585 = EDGE_LOOP ( 'NONE', ( #2762, #2408, #1916, #1500 ) ) ;
#2586 = CARTESIAN_POINT ( 'NONE',  ( -0.2540000000000000036, 3.276600000000000179, 2.489199999999999857 ) ) ;
#2587 = PRODUCT_DEFINITION_FORMATION_WITH_SPECIFIED_SOURCE ( 'ANY', '', #289, .NOT_KNOWN. ) ;
#2588 = EDGE_CURVE ( 'NONE', #671, #1191, #3218, .T. ) ;
#2589 = ORIENTED_EDGE ( 'NONE', *, *, #2330, .F. ) ;
#2590 = PRESENTATION_STYLE_ASSIGNMENT (( #871 ) ) ;
#2591 = FACE_OUTER_BOUND ( 'NONE', #326, .T. ) ;
#2592 = ORIENTED_EDGE ( 'NONE', *, *, #506, .F. ) ;
#2593 = LINE ( 'NONE', #1353, #13 ) ;
#2594 = CARTESIAN_POINT ( 'NONE',  ( 3.987799999999999567, 8.839199999999999946, -3.987799999999999567 ) ) ;
#2595 = LINE ( 'NONE', #1355, #1027 ) ;
#2596 = ORIENTED_EDGE ( 'NONE', *, *, #1527, .T. ) ;
#2597 = PLANE ( 'NONE',  #442 ) ;
#2598 = ORIENTED_EDGE ( 'NONE', *, *, #2345, .T. ) ;
#2599 = CARTESIAN_POINT ( 'NONE',  ( -4.140200000000000102, 8.839199999999999946, 4.140200000000000102 ) ) ;
#2600 = ADVANCED_FACE ( 'NONE', ( #2646 ), #1663, .T. ) ;
#2601 = EDGE_CURVE ( 'NONE', #1062, #2612, #3153, .T. ) ;
#2602 = FACE_OUTER_BOUND ( 'NONE', #2170, .T. ) ;
#2603 = FACE_OUTER_BOUND ( 'NONE', #2222, .T. ) ;
#2604 = PRODUCT_DEFINITION_CONTEXT ( 'detailed design', #2756, 'design' ) ;
#2605 = ORIENTED_EDGE ( 'NONE', *, *, #1891, .T. ) ;
#2606 = EDGE_CURVE ( 'NONE', #2512, #544, #2201, .T. ) ;
#2607 = CARTESIAN_POINT ( 'NONE',  ( -3.606799999999999784, 0.000000000000000000, 4.394199999999999662 ) ) ;
#2608 = LINE ( 'NONE', #64, #1690 ) ;
#2609 = LINE ( 'NONE', #1368, #2893 ) ;
#2610 = VERTEX_POINT ( 'NONE', #2450 ) ;
#2611 = CARTESIAN_POINT ( 'NONE',  ( 3.987799999999999567, 8.839199999999999946, 3.987799999999999567 ) ) ;
#2612 = VERTEX_POINT ( 'NONE', #2692 ) ;
#2613 = DIRECTION ( 'NONE',  ( 1.000000000000000000, 0.000000000000000000, 0.000000000000000000 ) ) ;
#2614 = CIRCLE ( 'NONE', #1110, 2.971799999999999997 ) ;
#2615 = ORIENTED_EDGE ( 'NONE', *, *, #691, .T. ) ;
#2616 = CIRCLE ( 'NONE', #2104, 0.3048000000000000154 ) ;
#2617 = CARTESIAN_POINT ( 'NONE',  ( -2.540000000000000036, 0.000000000000000000, -2.235200000000000298 ) ) ;
#2618 = ADVANCED_FACE ( 'NONE', ( #737 ), #218, .F. ) ;
#2619 = PLANE ( 'NONE',  #1750 ) ;
#2620 = PRODUCT_RELATED_PRODUCT_CATEGORY ( 'part', '', ( #718 ) ) ;
#2621 = VECTOR ( 'NONE', #1248, 1000.000000000000000 ) ;
#2622 = ORIENTED_EDGE ( 'NONE', *, *, #181, .T. ) ;
#2623 = LINE ( 'NONE', #2902, #2772 ) ;
#2624 = DIRECTION ( 'NONE',  ( 0.000000000000000000, 1.000000000000000000, 0.000000000000000000 ) ) ;
#2625 = EDGE_CURVE ( 'NONE', #2844, #858, #1381, .T. ) ;
#2626 = EDGE_CURVE ( 'NONE', #883, #663, #432, .T. ) ;
#2627 = MECHANICAL_DESIGN_GEOMETRIC_PRESENTATION_REPRESENTATION (  '', ( #1018 ), #1376 ) ;
#2628 = ORIENTED_EDGE ( 'NONE', *, *, #3087, .T. ) ;
#2629 = LINE ( 'NONE', #2856, #1065 ) ;
#2630 = CARTESIAN_POINT ( 'NONE',  ( 4.394199999999999662, 5.181599999999999540, 4.140200000000000102 ) ) ;
#2631 = CIRCLE ( 'NONE', #451, 0.2539999999999998925 ) ;
#2632 = B_SPLINE_CURVE_WITH_KNOTS ( 'NONE', 3,
 ( #3008, #2045, #2743, #305 ),
 .UNSPECIFIED., .F., .F.,
 ( 4, 4 ),
 ( 0.0007893109142215530517, 0.001113244220808229986 ),
 .UNSPECIFIED. ) ;
#2633 = ORIENTED_EDGE ( 'NONE', *, *, #2263, .T. ) ;
#2634 =( GEOMETRIC_REPRESENTATION_CONTEXT ( 3 ) GLOBAL_UNCERTAINTY_ASSIGNED_CONTEXT ( ( #626 ) ) GLOBAL_UNIT_ASSIGNED_CONTEXT ( ( #1499, #2264, #2967 ) ) REPRESENTATION_CONTEXT ( 'NONE', 'WORKASPACE' ) );
#2635 = DIRECTION ( 'NONE',  ( 1.000000000000000000, 0.000000000000000000, 0.000000000000000000 ) ) ;
#2636 =( NAMED_UNIT ( * ) SI_UNIT ( $, .STERADIAN. ) SOLID_ANGLE_UNIT ( ) );
#2637 = VECTOR ( 'NONE', #2491, 1000.000000000000000 ) ;
#2638 = ORIENTED_EDGE ( 'NONE', *, *, #581, .T. ) ;
#2639 = CARTESIAN_POINT ( 'NONE',  ( -4.140200000000000102, 0.000000000000000000, 4.394199999999999662 ) ) ;
#2640 = VERTEX_POINT ( 'NONE', #2887 ) ;
#2641 = CARTESIAN_POINT ( 'NONE',  ( -3.606799999999999784, 0.7873999999999999888, 3.606799999999999784 ) ) ;
#2642 = PRODUCT_DEFINITION_CONTEXT ( 'detailed design', #716, 'design' ) ;
#2643 = ORIENTED_EDGE ( 'NONE', *, *, #2344, .T. ) ;
#2644 = DIRECTION ( 'NONE',  ( 0.000000000000000000, -1.000000000000000000, 0.000000000000000000 ) ) ;
#2645 = CARTESIAN_POINT ( 'NONE',  ( -4.140200000000000102, 0.000000000000000000, 4.140200000000000102 ) ) ;
#2646 = FACE_OUTER_BOUND ( 'NONE', #2368, .T. ) ;
#2647 = ORIENTED_EDGE ( 'NONE', *, *, #1471, .F. ) ;
#2648 = FACE_OUTER_BOUND ( 'NONE', #89, .T. ) ;
#2649 = EDGE_CURVE ( 'NONE', #18, #620, #508, .T. ) ;
#2650 = FACE_OUTER_BOUND ( 'NONE', #693, .T. ) ;
#2651 = ORIENTED_EDGE ( 'NONE', *, *, #3212, .T. ) ;
#2652 = FACE_OUTER_BOUND ( 'NONE', #1174, .T. ) ;
#2653 = DIRECTION ( 'NONE',  ( 1.000000000000000000, 0.000000000000000000, 0.000000000000000000 ) ) ;
#2654 = ORIENTED_EDGE ( 'NONE', *, *, #1789, .T. ) ;
#2655 = DIRECTION ( 'NONE',  ( -0.000000000000000000, 1.000000000000000000, 0.000000000000000000 ) ) ;
#2656 = CARTESIAN_POINT ( 'NONE',  ( 3.987799999999999567, 5.181599999999999540, -3.987799999999999567 ) ) ;
#2657 = ORIENTED_EDGE ( 'NONE', *, *, #462, .T. ) ;
#2658 = LINE ( 'NONE', #2381, #2355 ) ;
#2659 = DIRECTION ( 'NONE',  ( 0.000000000000000000, 0.000000000000000000, -1.000000000000000000 ) ) ;
#2660 = CARTESIAN_POINT ( 'NONE',  ( 1.896058260692554898, 0.7620000000000000107, -2.255268505535320323 ) ) ;
#2661 = ORIENTED_EDGE ( 'NONE', *, *, #240, .F. ) ;
#2662 = DIRECTION ( 'NONE',  ( 0.000000000000000000, 0.000000000000000000, -1.000000000000000000 ) ) ;
#2663 = EDGE_CURVE ( 'NONE', #2816, #628, #2703, .T. ) ;
#2664 = ADVANCED_FACE ( 'NONE', ( #205 ), #2905, .F. ) ;
#2665 = B_SPLINE_CURVE_WITH_KNOTS ( 'NONE', 3,
 ( #273, #1496, #1251, #2022 ),
 .UNSPECIFIED., .F., .F.,
 ( 4, 4 ),
 ( 0.0007902324991734270727, 0.001114165805760109970 ),
 .UNSPECIFIED. ) ;
#2666 =( LENGTH_UNIT ( ) NAMED_UNIT ( * ) SI_UNIT ( .MILLI., .METRE. ) );
#2667 = EDGE_CURVE ( 'NONE', #1286, #2699, #2462, .T. ) ;
#2668 = ORIENTED_EDGE ( 'NONE', *, *, #97, .T. ) ;
#2669 = PLANE ( 'NONE',  #188 ) ;
#2670 = CARTESIAN_POINT ( 'NONE',  ( 3.606799999999999784, 0.7873999999999999888, 4.394199999999999662 ) ) ;
#2671 = VECTOR ( 'NONE', #1074, 1000.000000000000000 ) ;
#2672 = CARTESIAN_POINT ( 'NONE',  ( 3.505199999999999871, 0.000000000000000000, -3.505199999999999871 ) ) ;
#2673 = VERTEX_POINT ( 'NONE', #1227 ) ;
#2674 = DIRECTION ( 'NONE',  ( 1.000000000000000000, 0.000000000000000000, 0.000000000000000000 ) ) ;
#2675 = CARTESIAN_POINT ( 'NONE',  ( -0.2540000000000000036, 3.505199999999999871, 2.489199999999999857 ) ) ;
#2676 = VECTOR ( 'NONE', #1682, 1000.000000000000000 ) ;
#2677 = ORIENTED_EDGE ( 'NONE', *, *, #1653, .F. ) ;
#2678 = AXIS2_PLACEMENT_3D ( 'NONE', #630, #366, #2835 ) ;
#2679 = CARTESIAN_POINT ( 'NONE',  ( -3.987799999999999567, 5.181599999999999540, 3.987799999999999567 ) ) ;
#2680 = PLANE ( 'NONE',  #1123 ) ;
#2681 = MECHANICAL_DESIGN_GEOMETRIC_PRESENTATION_REPRESENTATION (  '', ( #1844 ), #1584 ) ;
#2682 = PLANE ( 'NONE',  #1168 ) ;
#2683 = VECTOR ( 'NONE', #1075, 1000.000000000000000 ) ;
#2684 = VECTOR ( 'NONE', #2479, 1000.000000000000000 ) ;
#2685 = VERTEX_POINT ( 'NONE', #2398 ) ;
#2686 = CARTESIAN_POINT ( 'NONE',  ( -3.987799999999999567, 3.911600000000000410, -3.378200000000000092 ) ) ;
#2687 = EDGE_CURVE ( 'NONE', #2440, #1124, #1913, .T. ) ;
#2688 = AXIS2_PLACEMENT_3D ( 'NONE', #2765, #2521, #1757 ) ;
#2689 = CARTESIAN_POINT ( 'NONE',  ( -3.378200000000000092, 5.181599999999999540, 4.394199999999999662 ) ) ;
#2690 = PRODUCT_DEFINITION_FORMATION_WITH_SPECIFIED_SOURCE ( 'ANY', '', #1200, .NOT_KNOWN. ) ;
#2691 = DIRECTION ( 'NONE',  ( 0.000000000000000000, 1.000000000000000000, 0.000000000000000000 ) ) ;
#2692 = CARTESIAN_POINT ( 'NONE',  ( 2.177422008883993865E-16, 3.505199999999999871, -1.778000000000000025 ) ) ;
#2693 = ORIENTED_EDGE ( 'NONE', *, *, #1915, .T. ) ;
#2694 = DIRECTION ( 'NONE',  ( 1.000000000000000000, 0.000000000000000000, 0.000000000000000000 ) ) ;
#2695 = CARTESIAN_POINT ( 'NONE',  ( 2.255268505535320323, 0.7620000000000000107, -1.896058260692554898 ) ) ;
#2696 = ORIENTED_EDGE ( 'NONE', *, *, #1709, .F. ) ;
#2697 = FILL_AREA_STYLE ('',( #3223 ) ) ;
#2698 = APPLICATION_PROTOCOL_DEFINITION ( 'draft international standard', 'automotive_design', 1998, #1758 ) ;
#2699 = VERTEX_POINT ( 'NONE', #2660 ) ;
#2700 = FACE_OUTER_BOUND ( 'NONE', #374, .T. ) ;
#2701 = CARTESIAN_POINT ( 'NONE',  ( -3.378200000000000092, 3.911600000000000410, -3.987799999999999567 ) ) ;
#2702 = DIRECTION ( 'NONE',  ( 0.000000000000000000, -0.4383711467890807345, -0.8987940462991652613 ) ) ;
#2703 = LINE ( 'NONE', #928, #1487 ) ;
#2704 = ORIENTED_EDGE ( 'NONE', *, *, #2720, .F. ) ;
#2705 = CARTESIAN_POINT ( 'NONE',  ( -4.140200000000000102, 5.181599999999999540, 4.140200000000000102 ) ) ;
#2706 = DIRECTION ( 'NONE',  ( 0.000000000000000000, -0.2249510543438645871, -0.9743700647852354679 ) ) ;
#2707 = ORIENTED_EDGE ( 'NONE', *, *, #2054, .F. ) ;
#2708 = DIRECTION ( 'NONE',  ( 0.000000000000000000, 1.000000000000000000, 0.000000000000000000 ) ) ;
#2709 = APPLICATION_CONTEXT ( 'automotive_design' ) ;
#2710 = VERTEX_POINT ( 'NONE', #1162 ) ;
#2711 = DIRECTION ( 'NONE',  ( -0.000000000000000000, 1.000000000000000000, 0.000000000000000000 ) ) ;
#2712 = CARTESIAN_POINT ( 'NONE',  ( 4.140200000000000102, 8.839199999999999946, -4.394199999999999662 ) ) ;
#2713 = SURFACE_STYLE_FILL_AREA ( #781 ) ;
#2714 = SURFACE_STYLE_USAGE ( .BOTH. , #2527 ) ;
#2715 = AXIS2_PLACEMENT_3D ( 'NONE', #1400, #941, #890 ) ;
#2716 = ORIENTED_EDGE ( 'NONE', *, *, #1752, .T. ) ;
#2717 = EDGE_CURVE ( 'NONE', #845, #1145, #1418, .T. ) ;
#2718 = CARTESIAN_POINT ( 'NONE',  ( 2.540000000000000036, 0.000000000000000000, 2.844800000000000217 ) ) ;
#2719 = CARTESIAN_POINT ( 'NONE',  ( 3.606799999999999784, 0.000000000000000000, -3.606799999999999784 ) ) ;
#2720 = EDGE_CURVE ( 'NONE', #924, #2094, #2189, .T. ) ;
#2721 = AXIS2_PLACEMENT_3D ( 'NONE', #2385, #2337, #105 ) ;
#2722 = ORIENTED_EDGE ( 'NONE', *, *, #2132, .T. ) ;
#2723 = LINE ( 'NONE', #286, #20 ) ;
#2724 = APPLICATION_PROTOCOL_DEFINITION ( 'draft international standard', 'automotive_design', 1998, #2709 ) ;
#2725 = AXIS2_PLACEMENT_3D ( 'NONE', #2645, #466, #1453 ) ;
#2726 = ORIENTED_EDGE ( 'NONE', *, *, #3023, .T. ) ;
#2727 = AXIS2_PLACEMENT_3D ( 'NONE', #2539, #2849, #3113 ) ;
#2728 = LINE ( 'NONE', #203, #229 ) ;
#2729 = DIRECTION ( 'NONE',  ( 0.000000000000000000, -1.000000000000000000, 0.000000000000000000 ) ) ;
#2730 = DIRECTION ( 'NONE',  ( 0.000000000000000000, -0.9743700647852352459, 0.2249510543438650589 ) ) ;
#2731 = VECTOR ( 'NONE', #38, 1000.000000000000000 ) ;
#2732 = AXIS2_PLACEMENT_3D ( 'NONE', #892, #1580, #1877 ) ;
#2733 = LINE ( 'NONE', #48, #607 ) ;
#2734 = DIRECTION ( 'NONE',  ( 0.000000000000000000, 0.000000000000000000, 1.000000000000000000 ) ) ;
#2735 = VECTOR ( 'NONE', #1014, 1000.000000000000000 ) ;
#2736 =( REPRESENTATION_RELATIONSHIP ('NONE','NONE', #86, #1748 ) REPRESENTATION_RELATIONSHIP_WITH_TRANSFORMATION ( #1474 )SHAPE_REPRESENTATION_RELATIONSHIP( ) );
#2737 = EDGE_LOOP ( 'NONE', ( #136, #755, #994, #1071 ) ) ;
#2738 = CARTESIAN_POINT ( 'NONE',  ( 3.378200000000000092, 5.181599999999999540, -4.394199999999999662 ) ) ;
#2739 =( GEOMETRIC_REPRESENTATION_CONTEXT ( 3 ) GLOBAL_UNCERTAINTY_ASSIGNED_CONTEXT ( ( #3099 ) ) GLOBAL_UNIT_ASSIGNED_CONTEXT ( ( #1805, #2052, #2328 ) ) REPRESENTATION_CONTEXT ( 'NONE', 'WORKASPACE' ) );
#2740 = FACE_OUTER_BOUND ( 'NONE', #2812, .T. ) ;
#2741 = ORIENTED_EDGE ( 'NONE', *, *, #733, .F. ) ;
#2742 = ADVANCED_FACE ( 'NONE', ( #3171 ), #1679, .T. ) ;
#2743 = CARTESIAN_POINT ( 'NONE',  ( 0.2540000000000000036, 3.429012717553255207, 2.807931417077190073 ) ) ;
#2744 = MANIFOLD_SOLID_BREP ( 'B22AP.stp<1>', #1473 ) ;
#2745 = CONTEXT_DEPENDENT_SHAPE_REPRESENTATION ( #1040, #78 ) ;
#2746 = ORIENTED_EDGE ( 'NONE', *, *, #1176, .T. ) ;
#2747 = EDGE_CURVE ( 'NONE', #2011, #549, #33, .T. ) ;
#2748 = CARTESIAN_POINT ( 'NONE',  ( 3.606799999999999784, 0.8128000000000000780, -3.606799999999999784 ) ) ;
#2749 = DIRECTION ( 'NONE',  ( 1.000000000000000000, 0.000000000000000000, 0.000000000000000000 ) ) ;
#2750 = CARTESIAN_POINT ( 'NONE',  ( -4.394199999999999662, 5.181599999999999540, 3.378200000000000092 ) ) ;
#2751 = CARTESIAN_POINT ( 'NONE',  ( -4.140200000000000102, 5.181599999999999540, 4.394199999999999662 ) ) ;
#2752 = CARTESIAN_POINT ( 'NONE',  ( -3.378200000000000092, 5.181599999999999540, 3.987799999999999567 ) ) ;
#2753 = ORIENTED_EDGE ( 'NONE', *, *, #304, .T. ) ;
#2754 = LINE ( 'NONE', #529, #1841 ) ;
#2755 = DIRECTION ( 'NONE',  ( 0.000000000000000000, 0.000000000000000000, 1.000000000000000000 ) ) ;
#2756 = APPLICATION_CONTEXT ( 'automotive_design' ) ;
#2757 = ORIENTED_EDGE ( 'NONE', *, *, #1276, .T. ) ;
#2758 = CARTESIAN_POINT ( 'NONE',  ( -4.140200000000000102, 0.000000000000000000, 4.140200000000000102 ) ) ;
#2759 = ADVANCED_FACE ( 'NONE', ( #1034 ), #1000, .F. ) ;
#2760 = CONTEXT_DEPENDENT_SHAPE_REPRESENTATION ( #2736, #3074 ) ;
#2761 = EDGE_CURVE ( 'NONE', #290, #2122, #1772, .T. ) ;
#2762 = ORIENTED_EDGE ( 'NONE', *, *, #1155, .F. ) ;
#2763 = LINE ( 'NONE', #1287, #3140 ) ;
#2764 = CARTESIAN_POINT ( 'NONE',  ( 3.987799999999999567, 3.911600000000000410, 3.378200000000000092 ) ) ;
#2765 = CARTESIAN_POINT ( 'NONE',  ( -3.987799999999999567, 5.181599999999999540, 3.987799999999999567 ) ) ;
#2766 = EDGE_CURVE ( 'NONE', #1277, #1138, #2945, .T. ) ;
#2767 = FILL_AREA_STYLE_COLOUR ( '', #2213 ) ;
#2768 = LINE ( 'NONE', #2009, #401 ) ;
#2769 = EDGE_LOOP ( 'NONE', ( #2395, #2196, #3176, #2436, #2833 ) ) ;
#2770 = CARTESIAN_POINT ( 'NONE',  ( -2.540000000000000036, 0.000000000000000000, 0.000000000000000000 ) ) ;
#2771 = CARTESIAN_POINT ( 'NONE',  ( 3.378200000000000092, 3.911600000000000410, -3.987799999999999567 ) ) ;
#2772 = VECTOR ( 'NONE', #510, 1000.000000000000000 ) ;
#2773 = VECTOR ( 'NONE', #337, 1000.000000000000000 ) ;
#2774 = CARTESIAN_POINT ( 'NONE',  ( -2.540000000000000036, -3.962399999999999700, 2.844800000000000217 ) ) ;
#2775 = CIRCLE ( 'NONE', #1372, 0.3048000000000000154 ) ;
#2776 = ORIENTED_EDGE ( 'NONE', *, *, #706, .T. ) ;
#2777 = CYLINDRICAL_SURFACE ( 'NONE', #595, 0.3048000000000000154 ) ;
#2778 = AXIS2_PLACEMENT_3D ( 'NONE', #567, #1794, #2969 ) ;
#2779 = FACE_OUTER_BOUND ( 'NONE', #2401, .T. ) ;
#2780 = LINE ( 'NONE', #2245, #1383 ) ;
#2781 = AXIS2_PLACEMENT_3D ( 'NONE', #887, #2655, #1207 ) ;
#2782 = EDGE_CURVE ( 'NONE', #3083, #1955, #2768, .T. ) ;
#2783 = CARTESIAN_POINT ( 'NONE',  ( -3.378200000000000092, 5.181599999999999540, -3.987799999999999567 ) ) ;
#2784 = AXIS2_PLACEMENT_3D ( 'NONE', #3045, #406, #838 ) ;
#2785 = DIRECTION ( 'NONE',  ( 0.000000000000000000, -0.7071067811865480168, -0.7071067811865470176 ) ) ;
#2786 = VECTOR ( 'NONE', #1647, 1000.000000000000000 ) ;
#2787 = ORIENTED_EDGE ( 'NONE', *, *, #1038, .T. ) ;
#2788 = ORIENTED_EDGE ( 'NONE', *, *, #377, .T. ) ;
#2789 = LINE ( 'NONE', #1037, #658 ) ;
#2790 = DIRECTION ( 'NONE',  ( -1.000000000000000000, 0.000000000000000000, 0.000000000000000000 ) ) ;
#2791 = CIRCLE ( 'NONE', #1643, 0.9471147843319508430 ) ;
#2792 = EDGE_LOOP ( 'NONE', ( #2130, #3064, #624, #2622 ) ) ;
#2793 =( GEOMETRIC_REPRESENTATION_CONTEXT ( 3 ) GLOBAL_UNCERTAINTY_ASSIGNED_CONTEXT ( ( #393 ) ) GLOBAL_UNIT_ASSIGNED_CONTEXT ( ( #3078, #2538, #1571 ) ) REPRESENTATION_CONTEXT ( 'NONE', 'WORKASPACE' ) );
#2794 = DIRECTION ( 'NONE',  ( 0.000000000000000000, 0.000000000000000000, 1.000000000000000000 ) ) ;
#2795 = ORIENTED_EDGE ( 'NONE', *, *, #2626, .T. ) ;
#2796 = CARTESIAN_POINT ( 'NONE',  ( -4.140200000000000102, 0.000000000000000000, 4.394199999999999662 ) ) ;
#2797 = DIRECTION ( 'NONE',  ( 0.000000000000000000, -1.000000000000000000, 0.000000000000000000 ) ) ;
#2798 = ORIENTED_EDGE ( 'NONE', *, *, #2825, .T. ) ;
#2799 = FACE_OUTER_BOUND ( 'NONE', #3068, .T. ) ;
#2800 = EDGE_CURVE ( 'NONE', #576, #858, #2294, .T. ) ;
#2801 = DIRECTION ( 'NONE',  ( 0.000000000000000000, 0.000000000000000000, 1.000000000000000000 ) ) ;
#2802 = PRODUCT_DEFINITION ( 'UNKNOWN', '', #2587, #3129 ) ;
#2803 = ORIENTED_EDGE ( 'NONE', *, *, #2561, .T. ) ;
#2804 = ORIENTED_EDGE ( 'NONE', *, *, #998, .F. ) ;
#2805 = DIRECTION ( 'NONE',  ( 0.000000000000000000, -1.000000000000000000, 0.000000000000000000 ) ) ;
#2806 = CARTESIAN_POINT ( 'NONE',  ( 3.378200000000000092, 5.181599999999999540, 3.987799999999999567 ) ) ;
#2807 = EDGE_CURVE ( 'NONE', #2350, #2844, #988, .T. ) ;
#2808 = ORIENTED_EDGE ( 'NONE', *, *, #2287, .F. ) ;
#2809 = DIRECTION ( 'NONE',  ( 0.000000000000000000, 0.000000000000000000, 1.000000000000000000 ) ) ;
#2810 = PRODUCT_DEFINITION_SHAPE ( 'NONE', 'NONE',  #3226 ) ;
#2811 = ORIENTED_EDGE ( 'NONE', *, *, #1527, .F. ) ;
#2812 = EDGE_LOOP ( 'NONE', ( #3079, #1048, #1100, #243 ) ) ;
#2813 = CARTESIAN_POINT ( 'NONE',  ( -4.394199999999999662, 5.181599999999999540, 4.140200000000000102 ) ) ;
#2814 = PLANE ( 'NONE',  #292 ) ;
#2815 =( NAMED_UNIT ( * ) SI_UNIT ( $, .STERADIAN. ) SOLID_ANGLE_UNIT ( ) );
#2816 = VERTEX_POINT ( 'NONE', #2752 ) ;
#2817 = FACE_OUTER_BOUND ( 'NONE', #987, .T. ) ;
#2818 = VERTEX_POINT ( 'NONE', #1977 ) ;
#2819 = DIRECTION ( 'NONE',  ( 0.7071067811865480168, 0.000000000000000000, -0.7071067811865470176 ) ) ;
#2820 = CARTESIAN_POINT ( 'NONE',  ( 4.394199999999999662, 5.181599999999999540, 4.140200000000000102 ) ) ;
#2821 = CARTESIAN_POINT ( 'NONE',  ( -3.987799999999999567, 3.911600000000000410, 3.378200000000000092 ) ) ;
#2822 = EDGE_CURVE ( 'NONE', #2710, #2826, #810, .T. ) ;
#2823 = ORIENTED_EDGE ( 'NONE', *, *, #1136, .T. ) ;
#2824 = CARTESIAN_POINT ( 'NONE',  ( 3.606799999999999784, 0.000000000000000000, -3.606799999999999784 ) ) ;
#2825 = EDGE_CURVE ( 'NONE', #18, #787, #2494, .T. ) ;
#2826 = VERTEX_POINT ( 'NONE', #2979 ) ;
#2827 = DIRECTION ( 'NONE',  ( -0.000000000000000000, 1.000000000000000000, 0.000000000000000000 ) ) ;
#2828 = VECTOR ( 'NONE', #1024, 1000.000000000000000 ) ;
#2829 = ORIENTED_EDGE ( 'NONE', *, *, #1605, .F. ) ;
#2830 = AXIS2_PLACEMENT_3D ( 'NONE', #990, #281, #2282 ) ;
#2831 = CARTESIAN_POINT ( 'NONE',  ( 4.394199999999999662, 5.181599999999999540, -3.378200000000000092 ) ) ;
#2832 = CARTESIAN_POINT ( 'NONE',  ( 0.000000000000000000, 3.276600000000000179, 0.000000000000000000 ) ) ;
#2833 = ORIENTED_EDGE ( 'NONE', *, *, #2588, .F. ) ;
#2834 = DIRECTION ( 'NONE',  ( 0.000000000000000000, 0.000000000000000000, 1.000000000000000000 ) ) ;
#2835 = DIRECTION ( 'NONE',  ( 0.000000000000000000, -0.2249510543438650589, -0.9743700647852351349 ) ) ;
#2836 = DIRECTION ( 'NONE',  ( 0.000000000000000000, -1.000000000000000000, 0.000000000000000000 ) ) ;
#2837 = CIRCLE ( 'NONE', #1483, 0.2779830915724816887 ) ;
#2838 = ORIENTED_EDGE ( 'NONE', *, *, #465, .T. ) ;
#2839 = DIRECTION ( 'NONE',  ( 0.000000000000000000, -1.000000000000000000, 0.000000000000000000 ) ) ;
#2840 = AXIS2_PLACEMENT_3D ( 'NONE', #1246, #52, #1050 ) ;
#2841 = EDGE_CURVE ( 'NONE', #3032, #992, #49, .T. ) ;
#2842 = EDGE_CURVE ( 'NONE', #2845, #1116, #782, .T. ) ;
#2843 = AXIS2_PLACEMENT_3D ( 'NONE', #1097, #3052, #1608 ) ;
#2844 = VERTEX_POINT ( 'NONE', #312 ) ;
#2845 = VERTEX_POINT ( 'NONE', #527 ) ;
#2846 = LINE ( 'NONE', #729, #1730 ) ;
#2847 =( NAMED_UNIT ( * ) SI_UNIT ( $, .STERADIAN. ) SOLID_ANGLE_UNIT ( ) );
#2848 = EDGE_CURVE ( 'NONE', #1703, #56, #15, .T. ) ;
#2849 = DIRECTION ( 'NONE',  ( 0.000000000000000000, 1.000000000000000000, 0.000000000000000000 ) ) ;
#2850 = CARTESIAN_POINT ( 'NONE',  ( 4.394199999999999662, 3.911600000000000410, 3.378200000000000092 ) ) ;
#2851 = VERTEX_POINT ( 'NONE', #61 ) ;
#2852 = EDGE_LOOP ( 'NONE', ( #1644, #2338 ) ) ;
#2853 = CARTESIAN_POINT ( 'NONE',  ( 3.378200000000000092, 5.181599999999999540, 3.987799999999999567 ) ) ;
#2854 = PLANE ( 'NONE',  #2373 ) ;
#2855 = EDGE_LOOP ( 'NONE', ( #1660, #2517, #1767, #712 ) ) ;
#2856 = CARTESIAN_POINT ( 'NONE',  ( -4.394199999999999662, 0.000000000000000000, 3.606799999999999784 ) ) ;
#2857 = ORIENTED_EDGE ( 'NONE', *, *, #2822, .T. ) ;
#2858 = EDGE_CURVE ( 'NONE', #776, #787, #1490, .T. ) ;
#2859 = CARTESIAN_POINT ( 'NONE',  ( 3.505199999999999871, 0.02540000000000000244, -3.505199999999999871 ) ) ;
#2860 = EDGE_CURVE ( 'NONE', #1654, #2226, #3098, .T. ) ;
#2861 = PRODUCT_CONTEXT ( 'NONE', #206, 'mechanical' ) ;
#2862 = ORIENTED_EDGE ( 'NONE', *, *, #2407, .F. ) ;
#2863 = CARTESIAN_POINT ( 'NONE',  ( -4.394199999999999662, 0.000000000000000000, -3.606799999999999784 ) ) ;
#2864 = EDGE_CURVE ( 'NONE', #3021, #1681, #2331, .T. ) ;
#2865 = DIRECTION ( 'NONE',  ( 0.000000000000000000, 1.000000000000000000, 0.000000000000000000 ) ) ;
#2866 = UNCERTAINTY_MEASURE_WITH_UNIT (LENGTH_MEASURE( 1.000000000000000082E-05 ), #2666, 'distance_accuracy_value', 'NONE');
#2867 = EDGE_LOOP ( 'NONE', ( #2549, #1306 ) ) ;
#2868 = LINE ( 'NONE', #2224, #2877 ) ;
#2869 = CARTESIAN_POINT ( 'NONE',  ( 0.000000000000000000, 8.488906878421939695, -1.959818575654620254 ) ) ;
#2870 = LINE ( 'NONE', #647, #2431 ) ;
#2871 = ORIENTED_EDGE ( 'NONE', *, *, #2246, .T. ) ;
#2872 = PLANE ( 'NONE',  #2358 ) ;
#2873 = DIRECTION ( 'NONE',  ( 0.000000000000000000, 0.000000000000000000, -1.000000000000000000 ) ) ;
#2874 = ORIENTED_EDGE ( 'NONE', *, *, #1173, .F. ) ;
#2875 = FACE_OUTER_BOUND ( 'NONE', #2509, .T. ) ;
#2876 = CARTESIAN_POINT ( 'NONE',  ( 0.000000000000000000, 0.000000000000000000, 0.000000000000000000 ) ) ;
#2877 = VECTOR ( 'NONE', #1732, 1000.000000000000000 ) ;
#2878 = ORIENTED_EDGE ( 'NONE', *, *, #17, .F. ) ;
#2879 = CARTESIAN_POINT ( 'NONE',  ( 3.606799999999999784, 0.000000000000000000, 3.606799999999999784 ) ) ;
#2880 = FACE_OUTER_BOUND ( 'NONE', #2340, .T. ) ;
#2881 = VECTOR ( 'NONE', #1866, 1000.000000000000000 ) ;
#2882 = ADVANCED_FACE ( 'NONE', ( #2817 ), #1109, .T. ) ;
#2883 = ORIENTED_EDGE ( 'NONE', *, *, #2663, .F. ) ;
#2884 = DIRECTION ( 'NONE',  ( 0.000000000000000000, 0.000000000000000000, -1.000000000000000000 ) ) ;
#2885 = LINE ( 'NONE', #2177, #1428 ) ;
#2886 = VECTOR ( 'NONE', #1245, 1000.000000000000000 ) ;
#2887 = CARTESIAN_POINT ( 'NONE',  ( -3.987799999999999567, 5.181599999999999540, -3.378200000000000092 ) ) ;
#2888 = VECTOR ( 'NONE', #2139, 1000.000000000000000 ) ;
#2889 = EDGE_LOOP ( 'NONE', ( #1503, #886, #1156, #3148, #1577, #1934, #1456, #1239 ) ) ;
#2890 = DIRECTION ( 'NONE',  ( -1.000000000000000000, 0.000000000000000000, 0.000000000000000000 ) ) ;
#2891 = CARTESIAN_POINT ( 'NONE',  ( 3.987799999999999567, 5.181599999999999540, 3.987799999999999567 ) ) ;
#2892 = VECTOR ( 'NONE', #454, 1000.000000000000000 ) ;
#2893 = VECTOR ( 'NONE', #2335, 1000.000000000000000 ) ;
#2894 = LINE ( 'NONE', #675, #2773 ) ;
#2895 = DIRECTION ( 'NONE',  ( 0.000000000000000000, 0.000000000000000000, 1.000000000000000000 ) ) ;
#2896 = AXIS2_PLACEMENT_3D ( 'NONE', #1708, #2730, #513 ) ;
#2897 = VERTEX_POINT ( 'NONE', #1574 ) ;
#2898 = AXIS2_PLACEMENT_3D ( 'NONE', #2425, #1377, #709 ) ;
#2899 = DIRECTION ( 'NONE',  ( -0.000000000000000000, 1.000000000000000000, 0.000000000000000000 ) ) ;
#2900 = DIRECTION ( 'NONE',  ( 0.000000000000000000, 0.000000000000000000, 1.000000000000000000 ) ) ;
#2901 = ORIENTED_EDGE ( 'NONE', *, *, #36, .T. ) ;
#2902 = CARTESIAN_POINT ( 'NONE',  ( 3.987799999999999567, 5.181599999999999540, 3.987799999999999567 ) ) ;
#2903 = EDGE_CURVE ( 'NONE', #752, #1309, #3109, .T. ) ;
#2904 = CARTESIAN_POINT ( 'NONE',  ( 3.987799999999999567, 5.181599999999999540, 3.987799999999999567 ) ) ;
#2905 = PLANE ( 'NONE',  #82 ) ;
#2906 = EDGE_CURVE ( 'NONE', #3032, #1809, #3163, .T. ) ;
#2907 = EDGE_LOOP ( 'NONE', ( #416, #2693, #1676 ) ) ;
#2908 = VERTEX_POINT ( 'NONE', #2850 ) ;
#2909 = DIRECTION ( 'NONE',  ( 0.000000000000000000, 0.000000000000000000, 1.000000000000000000 ) ) ;
#2910 = CARTESIAN_POINT ( 'NONE',  ( -3.987799999999999567, 8.839199999999999946, 3.987799999999999567 ) ) ;
#2911 = EDGE_CURVE ( 'NONE', #2376, #1560, #625, .T. ) ;
#2912 = ORIENTED_EDGE ( 'NONE', *, *, #2174, .T. ) ;
#2913 =( NAMED_UNIT ( * ) PLANE_ANGLE_UNIT ( ) SI_UNIT ( $, .RADIAN. ) );
#2914 = ORIENTED_EDGE ( 'NONE', *, *, #2601, .T. ) ;
#2915 = CARTESIAN_POINT ( 'NONE',  ( 2.540000000000000036, -3.962399999999999700, 0.3047999999999999599 ) ) ;
#2916 = LINE ( 'NONE', #2689, #34 ) ;
#2917 = ORIENTED_EDGE ( 'NONE', *, *, #2487, .T. ) ;
#2918 = DIRECTION ( 'NONE',  ( 1.000000000000000000, 0.000000000000000000, 0.000000000000000000 ) ) ;
#2919 = DIRECTION ( 'NONE',  ( 0.000000000000000000, 0.000000000000000000, -1.000000000000000000 ) ) ;
#2920 = CARTESIAN_POINT ( 'NONE',  ( 3.987799999999999567, 0.7620000000000000107, 3.987799999999999567 ) ) ;
#2921 = EDGE_LOOP ( 'NONE', ( #1602, #2530, #403, #91 ) ) ;
#2922 = DIRECTION ( 'NONE',  ( 0.000000000000000000, 1.000000000000000000, 0.000000000000000000 ) ) ;
#2923 = CARTESIAN_POINT ( 'NONE',  ( 3.505199999999999871, 0.02540000000000000244, 3.505199999999999871 ) ) ;
#2924 = ADVANCED_FACE ( 'NONE', ( #1806 ), #888, .T. ) ;
#2925 = ORIENTED_EDGE ( 'NONE', *, *, #1176, .F. ) ;
#2926 = ADVANCED_FACE ( 'NONE', ( #2603, #375 ), #1361, .T. ) ;
#2927 = PRESENTATION_STYLE_ASSIGNMENT (( #1687 ) ) ;
#2928 = ORIENTED_EDGE ( 'NONE', *, *, #748, .T. ) ;
#2929 = DIRECTION ( 'NONE',  ( -0.7071067811865480168, 0.000000000000000000, 0.7071067811865470176 ) ) ;
#2930 = CARTESIAN_POINT ( 'NONE',  ( 2.540000000000000036, -3.962399999999999700, 0.000000000000000000 ) ) ;
#2931 = VECTOR ( 'NONE', #951, 1000.000000000000000 ) ;
#2932 = DIRECTION ( 'NONE',  ( -0.000000000000000000, 1.000000000000000000, 0.000000000000000000 ) ) ;
#2933 = LINE ( 'NONE', #419, #1907 ) ;
#2934 = VECTOR ( 'NONE', #2890, 1000.000000000000000 ) ;
#2935 = ORIENTED_EDGE ( 'NONE', *, *, #376, .T. ) ;
#2936 = VECTOR ( 'NONE', #302, 1000.000000000000000 ) ;
#2937 = CARTESIAN_POINT ( 'NONE',  ( 2.540000000000000036, -3.962399999999999700, -2.540000000000000036 ) ) ;
#2938 = DIRECTION ( 'NONE',  ( 0.000000000000000000, 0.000000000000000000, 1.000000000000000000 ) ) ;
#2939 = AXIS2_PLACEMENT_3D ( 'NONE', #955, #2899, #1872 ) ;
#2940 = ORIENTED_EDGE ( 'NONE', *, *, #483, .F. ) ;
#2941 = ADVANCED_FACE ( 'NONE', ( #2591 ), #128, .F. ) ;
#2942 = VECTOR ( 'NONE', #1392, 1000.000000000000000 ) ;
#2943 = APPLICATION_PROTOCOL_DEFINITION ( 'draft international standard', 'automotive_design', 1998, #1203 ) ;
#2944 = ADVANCED_FACE ( 'NONE', ( #1127 ), #857, .T. ) ;
#2945 = CIRCLE ( 'NONE', #1961, 0.3048000000000000154 ) ;
#2946 = ORIENTED_EDGE ( 'NONE', *, *, #257, .T. ) ;
#2947 = DIRECTION ( 'NONE',  ( 0.000000000000000000, 1.000000000000000000, 0.000000000000000000 ) ) ;
#2948 = VECTOR ( 'NONE', #2172, 1000.000000000000000 ) ;
#2949 = CARTESIAN_POINT ( 'NONE',  ( -3.987799999999999567, 0.7620000000000000107, 3.987799999999999567 ) ) ;
#2950 = PRODUCT_CONTEXT ( 'NONE', #775, 'mechanical' ) ;
#2951 = ORIENTED_EDGE ( 'NONE', *, *, #358, .T. ) ;
#2952 = PLANE ( 'NONE',  #917 ) ;
#2953 = DIRECTION ( 'NONE',  ( 0.000000000000000000, -1.000000000000000000, 0.000000000000000000 ) ) ;
#2954 = ORIENTED_EDGE ( 'NONE', *, *, #2487, .F. ) ;
#2955 = CARTESIAN_POINT ( 'NONE',  ( 0.2540000000000000036, 3.276600000000000179, 2.489199999999999857 ) ) ;
#2956 = SPHERICAL_SURFACE ( 'NONE', #397, 1.295399999999999885 ) ;
#2957 = DIRECTION ( 'NONE',  ( 0.000000000000000000, 0.000000000000000000, 1.000000000000000000 ) ) ;
#2958 = CONTEXT_DEPENDENT_SHAPE_REPRESENTATION ( #2199, #2810 ) ;
#2959 = EDGE_LOOP ( 'NONE', ( #2628, #1910, #1581, #348 ) ) ;
#2960 = ADVANCED_FACE ( 'NONE', ( #1621 ), #2619, .T. ) ;
#2961 = LINE ( 'NONE', #2995, #2476 ) ;
#2962 = CARTESIAN_POINT ( 'NONE',  ( 3.606799999999999784, 0.000000000000000000, -4.394199999999999662 ) ) ;
#2963 = EDGE_CURVE ( 'NONE', #1924, #1946, #2091, .T. ) ;
#2964 = ADVANCED_FACE ( 'NONE', ( #828 ), #1558, .T. ) ;
#2965 = VERTEX_POINT ( 'NONE', #3066 ) ;
#2966 = LINE ( 'NONE', #746, #238 ) ;
#2967 =( NAMED_UNIT ( * ) SI_UNIT ( $, .STERADIAN. ) SOLID_ANGLE_UNIT ( ) );
#2968 = VERTEX_POINT ( 'NONE', #842 ) ;
#2969 = DIRECTION ( 'NONE',  ( 0.000000000000000000, 0.000000000000000000, 1.000000000000000000 ) ) ;
#2970 = DIRECTION ( 'NONE',  ( 0.000000000000000000, -1.000000000000000000, 0.000000000000000000 ) ) ;
#2971 = ORIENTED_EDGE ( 'NONE', *, *, #1213, .T. ) ;
#2972 = PRODUCT_CONTEXT ( 'NONE', #874, 'mechanical' ) ;
#2973 = ORIENTED_EDGE ( 'NONE', *, *, #1846, .T. ) ;
#2974 = CARTESIAN_POINT ( 'NONE',  ( -4.394199999999999662, 0.7873999999999999888, -3.606799999999999784 ) ) ;
#2975 = CARTESIAN_POINT ( 'NONE',  ( 0.000000000000000000, 5.181599999999999540, 0.000000000000000000 ) ) ;
#2976 = DIRECTION ( 'NONE',  ( 1.000000000000000000, 0.000000000000000000, 0.000000000000000000 ) ) ;
#2977 = VECTOR ( 'NONE', #1495, 1000.000000000000000 ) ;
#2978 = LINE ( 'NONE', #249, #1224 ) ;
#2979 = CARTESIAN_POINT ( 'NONE',  ( 3.606799999999999784, 0.7873999999999999888, -3.606799999999999784 ) ) ;
#2980 = EDGE_CURVE ( 'NONE', #3030, #1448, #1821, .T. ) ;
#2981 = CIRCLE ( 'NONE', #1573, 0.3048000000000000154 ) ;
#2982 = ORIENTED_EDGE ( 'NONE', *, *, #1603, .F. ) ;
#2983 = DIRECTION ( 'NONE',  ( -0.7071067811865470176, 0.000000000000000000, -0.7071067811865480168 ) ) ;
#2984 = VECTOR ( 'NONE', #2404, 1000.000000000000000 ) ;
#2985 = CARTESIAN_POINT ( 'NONE',  ( 2.540000000000000036, -3.962399999999999700, 2.844800000000000217 ) ) ;
#2986 = CIRCLE ( 'NONE', #186, 0.3048000000000000154 ) ;
#2987 = ORIENTED_EDGE ( 'NONE', *, *, #1843, .F. ) ;
#2988 = CARTESIAN_POINT ( 'NONE',  ( 4.140200000000000102, 5.181599999999999540, 4.394199999999999662 ) ) ;
#2989 = APPLICATION_PROTOCOL_DEFINITION ( 'draft international standard', 'automotive_design', 1998, #716 ) ;
#2990 = CIRCLE ( 'NONE', #2725, 0.2539999999999998925 ) ;
#2991 = ORIENTED_EDGE ( 'NONE', *, *, #2761, .T. ) ;
#2992 = EDGE_LOOP ( 'NONE', ( #2560, #813, #2823, #1665 ) ) ;
#2993 = VECTOR ( 'NONE', #1528, 1000.000000000000000 ) ;
#2994 = CARTESIAN_POINT ( 'NONE',  ( -3.606799999999999784, 0.000000000000000000, -4.394199999999999662 ) ) ;
#2995 = CARTESIAN_POINT ( 'NONE',  ( 3.378200000000000092, 3.911600000000000410, 3.987799999999999567 ) ) ;
#2996 = CARTESIAN_POINT ( 'NONE',  ( 0.000000000000000000, -1.229054469320137954, 0.2837495821267289609 ) ) ;
#2997 = VECTOR ( 'NONE', #530, 1000.000000000000000 ) ;
#2998 = PRESENTATION_LAYER_ASSIGNMENT (  '', '', ( #1538 ) ) ;
#2999 = FACE_OUTER_BOUND ( 'NONE', #1618, .T. ) ;
#3000 = CARTESIAN_POINT ( 'NONE',  ( 2.540000000000000036, -3.962399999999999700, -2.844800000000000217 ) ) ;
#3001 = AXIS2_PLACEMENT_3D ( 'NONE', #10, #3014, #1032 ) ;
#3002 = ADVANCED_FACE ( 'NONE', ( #2880 ), #679, .T. ) ;
#3003 = ORIENTED_EDGE ( 'NONE', *, *, #1544, .F. ) ;
#3004 = DIRECTION ( 'NONE',  ( 0.000000000000000000, 0.000000000000000000, 1.000000000000000000 ) ) ;
#3005 = EDGE_CURVE ( 'NONE', #582, #43, #2185, .T. ) ;
#3006 = LINE ( 'NONE', #3020, #670 ) ;
#3007 = EDGE_LOOP ( 'NONE', ( #2580, #657, #1105, #83 ) ) ;
#3008 = CARTESIAN_POINT ( 'NONE',  ( 0.2540000000000000036, 3.276600000000000179, 2.960925402640194548 ) ) ;
#3009 = EDGE_CURVE ( 'NONE', #1829, #234, #200, .T. ) ;
#3010 = SHAPE_DEFINITION_REPRESENTATION ( #1713, #86 ) ;
#3011 = EDGE_LOOP ( 'NONE', ( #1345, #2033, #2534, #2 ) ) ;
#3012 = DIRECTION ( 'NONE',  ( 0.000000000000000000, 0.000000000000000000, 1.000000000000000000 ) ) ;
#3013 = DIRECTION ( 'NONE',  ( 1.000000000000000000, 0.000000000000000000, 0.000000000000000000 ) ) ;
#3014 = DIRECTION ( 'NONE',  ( 0.000000000000000000, 0.000000000000000000, -1.000000000000000000 ) ) ;
#3015 = CARTESIAN_POINT ( 'NONE',  ( -3.505199999999999871, 0.02540000000000000244, 3.505199999999999871 ) ) ;
#3016 = DIRECTION ( 'NONE',  ( 0.000000000000000000, 1.000000000000000000, 0.000000000000000000 ) ) ;
#3017 = ORIENTED_EDGE ( 'NONE', *, *, #1180, .T. ) ;
#3018 = PRODUCT ( 'B22APbtoggl.stp', 'B22APbtoggl.stp', '', ( #2950 ) ) ;
#3019 = CARTESIAN_POINT ( 'NONE',  ( -0.2540000000000000036, 3.505199999999999871, 2.731415427942090357 ) ) ;
#3020 = CARTESIAN_POINT ( 'NONE',  ( -3.606799999999999784, 0.7873999999999999888, -4.394199999999999662 ) ) ;
#3021 = VERTEX_POINT ( 'NONE', #1143 ) ;
#3022 = PLANE ( 'NONE',  #2416 ) ;
#3023 = EDGE_CURVE ( 'NONE', #1379, #2242, #2378, .T. ) ;
#3024 = ADVANCED_FACE ( 'NONE', ( #919 ), #2447, .F. ) ;
#3025 = VERTEX_POINT ( 'NONE', #1940 ) ;
#3026 = ORIENTED_EDGE ( 'NONE', *, *, #1489, .T. ) ;
#3027 = CARTESIAN_POINT ( 'NONE',  ( 4.423544863740864402E-14, 1.574799999999999978, -4.987329993433319134E-14 ) ) ;
#3028 = CARTESIAN_POINT ( 'NONE',  ( 3.987799999999999567, 0.7620000000000000107, -3.987799999999999567 ) ) ;
#3029 = DIRECTION ( 'NONE',  ( 0.000000000000000000, -1.000000000000000000, 0.000000000000000000 ) ) ;
#3030 = VERTEX_POINT ( 'NONE', #2140 ) ;
#3031 = DIRECTION ( 'NONE',  ( 0.000000000000000000, 1.000000000000000000, 0.000000000000000000 ) ) ;
#3032 = VERTEX_POINT ( 'NONE', #1887 ) ;
#3033 = LINE ( 'NONE', #1084, #1058 ) ;
#3034 = CARTESIAN_POINT ( 'NONE',  ( -3.987799999999999567, 5.181599999999999540, -3.378200000000000092 ) ) ;
#3035 = LINE ( 'NONE', #1003, #2731 ) ;
#3036 = VECTOR ( 'NONE', #925, 1000.000000000000000 ) ;
#3037 = ORIENTED_EDGE ( 'NONE', *, *, #1709, .T. ) ;
#3038 = EDGE_LOOP ( 'NONE', ( #487, #2384 ) ) ;
#3039 = VECTOR ( 'NONE', #823, 1000.000000000000000 ) ;
#3040 = CYLINDRICAL_SURFACE ( 'NONE', #124, 0.3048000000000000154 ) ;
#3041 = AXIS2_PLACEMENT_3D ( 'NONE', #880, #1390, #3089 ) ;
#3042 = ORIENTED_EDGE ( 'NONE', *, *, #2387, .F. ) ;
#3043 = CARTESIAN_POINT ( 'NONE',  ( 4.423544863740864402E-14, 0.7620000000000000107, -4.987329993433319134E-14 ) ) ;
#3044 = VECTOR ( 'NONE', #2702, 1000.000000000000114 ) ;
#3045 = CARTESIAN_POINT ( 'NONE',  ( 0.000000000000000000, 0.000000000000000000, 0.000000000000000000 ) ) ;
#3046 = PRODUCT_DEFINITION ( 'UNKNOWN', '', #2690, #2642 ) ;
#3047 = COLOUR_RGB ( '',0.000000000000000000, 0.000000000000000000, 0.000000000000000000 ) ;
#3048 = PRODUCT_DEFINITION_SHAPE ( 'NONE', 'NONE',  #1706 ) ;
#3049 = CARTESIAN_POINT ( 'NONE',  ( 2.255268505535320323, 1.574799999999999978, -1.896058260692554898 ) ) ;
#3050 = ADVANCED_FACE ( 'NONE', ( #428 ), #695, .T. ) ;
#3051 = VECTOR ( 'NONE', #547, 1000.000000000000000 ) ;
#3052 = DIRECTION ( 'NONE',  ( 1.000000000000000000, 0.000000000000000000, 0.000000000000000000 ) ) ;
#3053 = AXIS2_PLACEMENT_3D ( 'NONE', #1711, #233, #1440 ) ;
#3054 = VERTEX_POINT ( 'NONE', #2949 ) ;
#3055 = DIRECTION ( 'NONE',  ( 0.000000000000000000, 1.000000000000000000, 0.000000000000000000 ) ) ;
#3056 = LINE ( 'NONE', #2594, #766 ) ;
#3057 = LINE ( 'NONE', #502, #611 ) ;
#3058 = AXIS2_PLACEMENT_3D ( 'NONE', #2037, #274, #491 ) ;
#3059 = PRODUCT_DEFINITION_FORMATION_WITH_SPECIFIED_SOURCE ( 'ANY', '', #1278, .NOT_KNOWN. ) ;
#3060 = DIRECTION ( 'NONE',  ( 0.000000000000000000, 1.000000000000000000, 0.000000000000000000 ) ) ;
#3061 = ORIENTED_EDGE ( 'NONE', *, *, #1035, .T. ) ;
#3062 = DIRECTION ( 'NONE',  ( -1.000000000000000000, 0.000000000000000000, 0.000000000000000000 ) ) ;
#3063 = DIRECTION ( 'NONE',  ( 0.000000000000000000, 0.000000000000000000, 1.000000000000000000 ) ) ;
#3064 = ORIENTED_EDGE ( 'NONE', *, *, #2860, .F. ) ;
#3065 = SURFACE_STYLE_FILL_AREA ( #3097 ) ;
#3066 = CARTESIAN_POINT ( 'NONE',  ( 3.505199999999999871, 0.02540000000000000244, 3.505199999999999871 ) ) ;
#3067 = EDGE_CURVE ( 'NONE', #54, #1600, #2916, .T. ) ;
#3068 = EDGE_LOOP ( 'NONE', ( #3193, #855, #839, #2191, #2165, #471, #208 ) ) ;
#3069 = ORIENTED_EDGE ( 'NONE', *, *, #1180, .F. ) ;
#3070 = DIRECTION ( 'NONE',  ( 0.000000000000000000, 0.000000000000000000, 1.000000000000000000 ) ) ;
#3071 = DIRECTION ( 'NONE',  ( 0.000000000000000000, 1.000000000000000000, 0.000000000000000000 ) ) ;
#3072 = ORIENTED_EDGE ( 'NONE', *, *, #1511, .T. ) ;
#3073 = CARTESIAN_POINT ( 'NONE',  ( 4.394199999999999662, 0.000000000000000000, -3.606799999999999784 ) ) ;
#3074 = PRODUCT_DEFINITION_SHAPE ( 'NONE', 'NONE',  #3229 ) ;
#3075 = EDGE_LOOP ( 'NONE', ( #3017, #3121, #3185, #2811 ) ) ;
#3076 = DIRECTION ( 'NONE',  ( 0.000000000000000000, -1.000000000000000000, 0.000000000000000000 ) ) ;
#3077 = PLANE ( 'NONE',  #1378 ) ;
#3078 =( LENGTH_UNIT ( ) NAMED_UNIT ( * ) SI_UNIT ( .MILLI., .METRE. ) );
#3079 = ORIENTED_EDGE ( 'NONE', *, *, #2405, .F. ) ;
#3080 =( LENGTH_UNIT ( ) NAMED_UNIT ( * ) SI_UNIT ( .MILLI., .METRE. ) );
#3081 = DIRECTION ( 'NONE',  ( -0.000000000000000000, 1.000000000000000000, 0.000000000000000000 ) ) ;
#3082 = ORIENTED_EDGE ( 'NONE', *, *, #1294, .F. ) ;
#3083 = VERTEX_POINT ( 'NONE', #1193 ) ;
#3084 = EDGE_CURVE ( 'NONE', #239, #1560, #1695, .T. ) ;
#3085 = LINE ( 'NONE', #3117, #2364 ) ;
#3086 = CARTESIAN_POINT ( 'NONE',  ( 3.378200000000000092, 5.181599999999999540, 4.394199999999999662 ) ) ;
#3087 = EDGE_CURVE ( 'NONE', #1773, #420, #415, .T. ) ;
#3088 = VERTEX_POINT ( 'NONE', #2432 ) ;
#3089 = DIRECTION ( 'NONE',  ( 1.000000000000000000, 0.000000000000000000, 0.000000000000000000 ) ) ;
#3090 = EDGE_CURVE ( 'NONE', #1553, #2556, #2394, .T. ) ;
#3091 = VECTOR ( 'NONE', #806, 1000.000000000000000 ) ;
#3092 = VERTEX_POINT ( 'NONE', #956 ) ;
#3093 = ORIENTED_EDGE ( 'NONE', *, *, #335, .F. ) ;
#3094 = DIRECTION ( 'NONE',  ( -0.000000000000000000, 1.000000000000000000, 0.000000000000000000 ) ) ;
#3095 = AXIS2_PLACEMENT_3D ( 'NONE', #69, #1069, #2146 ) ;
#3096 = AXIS2_PLACEMENT_3D ( 'NONE', #1840, #2624, #2315 ) ;
#3097 = FILL_AREA_STYLE ('',( #840 ) ) ;
#3098 = LINE ( 'NONE', #363, #2433 ) ;
#3099 = UNCERTAINTY_MEASURE_WITH_UNIT (LENGTH_MEASURE( 1.000000000000000082E-05 ), #1805, 'distance_accuracy_value', 'NONE');
#3100 = VERTEX_POINT ( 'NONE', #162 ) ;
#3101 = CARTESIAN_POINT ( 'NONE',  ( -4.394199999999999662, 0.000000000000000000, 4.140200000000000102 ) ) ;
#3102 = AXIS2_PLACEMENT_3D ( 'NONE', #1222, #260, #227 ) ;
#3103 = CARTESIAN_POINT ( 'NONE',  ( 4.394199999999999662, 8.839199999999999946, -4.140200000000000102 ) ) ;
#3104 = DIRECTION ( 'NONE',  ( 0.000000000000000000, 0.000000000000000000, 1.000000000000000000 ) ) ;
#3105 = EDGE_CURVE ( 'NONE', #1448, #663, #1158, .T. ) ;
#3106 = ORIENTED_EDGE ( 'NONE', *, *, #1544, .T. ) ;
#3107 = EDGE_CURVE ( 'NONE', #2299, #1616, #1414, .T. ) ;
#3108 = FACE_BOUND ( 'NONE', #461, .T. ) ;
#3109 = CIRCLE ( 'NONE', #1593, 0.2539999999999998925 ) ;
#3110 = ADVANCED_FACE ( 'NONE', ( #939 ), #444, .T. ) ;
#3111 = DIRECTION ( 'NONE',  ( 0.000000000000000000, 1.000000000000000000, 0.000000000000000000 ) ) ;
#3112 = ORIENTED_EDGE ( 'NONE', *, *, #1691, .F. ) ;
#3113 = DIRECTION ( 'NONE',  ( 0.000000000000000000, 0.000000000000000000, 1.000000000000000000 ) ) ;
#3114 = DIRECTION ( 'NONE',  ( 1.000000000000000000, 0.000000000000000000, 0.000000000000000000 ) ) ;
#3115 = ORIENTED_EDGE ( 'NONE', *, *, #2848, .T. ) ;
#3116 = CARTESIAN_POINT ( 'NONE',  ( 0.000000000000000000, 3.505199999999999871, -2.743199999999999861 ) ) ;
#3117 = CARTESIAN_POINT ( 'NONE',  ( 4.140200000000000102, 8.839199999999999946, -4.394199999999999662 ) ) ;
#3118 = LINE ( 'NONE', #151, #1590 ) ;
#3119 = ORIENTED_EDGE ( 'NONE', *, *, #558, .T. ) ;
#3120 = LINE ( 'NONE', #1357, #1952 ) ;
#3121 = ORIENTED_EDGE ( 'NONE', *, *, #1430, .T. ) ;
#3122 = CARTESIAN_POINT ( 'NONE',  ( -0.2540000000000000036, 3.276600000000000179, 2.489199999999999857 ) ) ;
#3123 = ADVANCED_FACE ( 'NONE', ( #1450 ), #215, .F. ) ;
#3124 = DIRECTION ( 'NONE',  ( 0.000000000000000000, 0.000000000000000000, 1.000000000000000000 ) ) ;
#3125 = ADVANCED_FACE ( 'NONE', ( #1958 ), #1539, .F. ) ;
#3126 = EDGE_LOOP ( 'NONE', ( #1816, #2495 ) ) ;
#3127 = CARTESIAN_POINT ( 'NONE',  ( 4.140200000000000102, 5.181599999999999540, -4.394199999999999662 ) ) ;
#3128 = CARTESIAN_POINT ( 'NONE',  ( 0.000000000000000000, 3.505199999999999871, 0.000000000000000000 ) ) ;
#3129 = PRODUCT_DEFINITION_CONTEXT ( 'detailed design', #1260, 'design' ) ;
#3130 = ORIENTED_EDGE ( 'NONE', *, *, #1851, .T. ) ;
#3131 = FACE_OUTER_BOUND ( 'NONE', #3007, .T. ) ;
#3132 = PLANE ( 'NONE',  #1791 ) ;
#3133 = DIRECTION ( 'NONE',  ( 0.000000000000000000, 1.000000000000000000, 0.000000000000000000 ) ) ;
#3134 = VERTEX_POINT ( 'NONE', #1268 ) ;
#3135 = ORIENTED_EDGE ( 'NONE', *, *, #1583, .F. ) ;
#3136 = PLANE ( 'NONE',  #334 ) ;
#3137 = CARTESIAN_POINT ( 'NONE',  ( 2.272054916813509795, 1.574799999999999978, -2.631265161656280327 ) ) ;
#3138 = EDGE_LOOP ( 'NONE', ( #2230, #2677 ) ) ;
#3139 = CARTESIAN_POINT ( 'NONE',  ( 3.378200000000000092, 3.911600000000000410, 4.394199999999999662 ) ) ;
#3140 = VECTOR ( 'NONE', #1755, 1000.000000000000000 ) ;
#3141 = EDGE_CURVE ( 'NONE', #702, #1282, #2375, .T. ) ;
#3142 = ORIENTED_EDGE ( 'NONE', *, *, #1291, .T. ) ;
#3143 = EDGE_CURVE ( 'NONE', #3030, #1681, #2460, .T. ) ;
#3144 = AXIS2_PLACEMENT_3D ( 'NONE', #2209, #2708, #2957 ) ;
#3145 = DIRECTION ( 'NONE',  ( 0.000000000000000000, 1.000000000000000000, 0.000000000000000000 ) ) ;
#3146 = CARTESIAN_POINT ( 'NONE',  ( -2.540000000000000036, -3.962399999999999700, 2.540000000000000036 ) ) ;
#3147 = VECTOR ( 'NONE', #518, 1000.000000000000000 ) ;
#3148 = ORIENTED_EDGE ( 'NONE', *, *, #2663, .T. ) ;
#3149 = ADVANCED_FACE ( 'NONE', ( #525 ), #1463, .F. ) ;
#3150 = DIRECTION ( 'NONE',  ( 1.000000000000000000, 0.000000000000000000, 0.000000000000000000 ) ) ;
#3151 = CARTESIAN_POINT ( 'NONE',  ( -2.540000000000000036, -3.962399999999999700, 0.000000000000000000 ) ) ;
#3152 = AXIS2_PLACEMENT_3D ( 'NONE', #418, #1926, #2919 ) ;
#3153 = LINE ( 'NONE', #700, #2016 ) ;
#3154 = MECHANICAL_DESIGN_GEOMETRIC_PRESENTATION_REPRESENTATION (  '', ( #720 ), #449 ) ;
#3155 = ORIENTED_EDGE ( 'NONE', *, *, #2389, .T. ) ;
#3156 = CYLINDRICAL_SURFACE ( 'NONE', #655, 0.3047999999999999599 ) ;
#3157 = FACE_OUTER_BOUND ( 'NONE', #1459, .T. ) ;
#3158 = AXIS2_PLACEMENT_3D ( 'NONE', #324, #573, #1331 ) ;
#3159 = VERTEX_POINT ( 'NONE', #2215 ) ;
#3160 = VECTOR ( 'NONE', #167, 1000.000000000000000 ) ;
#3161 = DIRECTION ( 'NONE',  ( 0.000000000000000000, 1.000000000000000000, 0.000000000000000000 ) ) ;
#3162 = CARTESIAN_POINT ( 'NONE',  ( 0.000000000000000000, 0.8635999999999999233, 0.000000000000000000 ) ) ;
#3163 = CIRCLE ( 'NONE', #1336, 2.971799999999999997 ) ;
#3164 = VERTEX_POINT ( 'NONE', #2475 ) ;
#3165 = FACE_OUTER_BOUND ( 'NONE', #2584, .T. ) ;
#3166 = DIRECTION ( 'NONE',  ( 0.000000000000000000, 0.000000000000000000, 1.000000000000000000 ) ) ;
#3167 = ORIENTED_EDGE ( 'NONE', *, *, #581, .F. ) ;
#3168 = DIRECTION ( 'NONE',  ( 0.000000000000000000, -1.000000000000000000, 0.000000000000000000 ) ) ;
#3169 = CARTESIAN_POINT ( 'NONE',  ( 2.540000000000000036, -3.962399999999999700, -2.540000000000000036 ) ) ;
#3170 = ADVANCED_FACE ( 'NONE', ( #985 ), #2260, .F. ) ;
#3171 = FACE_OUTER_BOUND ( 'NONE', #2737, .T. ) ;
#3172 = EDGE_CURVE ( 'NONE', #1429, #1007, #744, .T. ) ;
#3173 = VERTEX_POINT ( 'NONE', #2750 ) ;
#3174 = DIRECTION ( 'NONE',  ( 0.000000000000000000, 1.000000000000000000, 0.000000000000000000 ) ) ;
#3175 = CARTESIAN_POINT ( 'NONE',  ( -4.140200000000000102, 0.000000000000000000, 4.140200000000000102 ) ) ;
#3176 = ORIENTED_EDGE ( 'NONE', *, *, #1563, .T. ) ;
#3177 = CARTESIAN_POINT ( 'NONE',  ( -3.606799999999999784, 0.8128000000000000780, 3.606799999999999784 ) ) ;
#3178 = ORIENTED_EDGE ( 'NONE', *, *, #3107, .T. ) ;
#3179 = LINE ( 'NONE', #1413, #662 ) ;
#3180 = DIRECTION ( 'NONE',  ( 0.000000000000000000, -1.000000000000000000, 0.000000000000000000 ) ) ;
#3181 = ORIENTED_EDGE ( 'NONE', *, *, #117, .F. ) ;
#3182 = LINE ( 'NONE', #2437, #284 ) ;
#3183 = DIRECTION ( 'NONE',  ( 1.000000000000000000, 0.000000000000000000, 0.000000000000000000 ) ) ;
#3184 = EDGE_CURVE ( 'NONE', #1600, #2541, #2780, .T. ) ;
#3185 = ORIENTED_EDGE ( 'NONE', *, *, #3023, .F. ) ;
#3186 = LINE ( 'NONE', #2181, #2676 ) ;
#3187 = ADVANCED_FACE ( 'NONE', ( #2506 ), #261, .F. ) ;
#3188 = LINE ( 'NONE', #2910, #974 ) ;
#3189 = ORIENTED_EDGE ( 'NONE', *, *, #885, .F. ) ;
#3190 = DIRECTION ( 'NONE',  ( 0.000000000000000000, -1.000000000000000000, 0.000000000000000000 ) ) ;
#3191 = ADVANCED_FACE ( 'NONE', ( #1241 ), #1785, .F. ) ;
#3192 = DIRECTION ( 'NONE',  ( 0.000000000000000000, 0.000000000000000000, 1.000000000000000000 ) ) ;
#3193 = ORIENTED_EDGE ( 'NONE', *, *, #3143, .T. ) ;
#3194 = DIRECTION ( 'NONE',  ( 0.000000000000000000, 0.2249510543438650312, 0.9743700647852352459 ) ) ;
#3195 = DIRECTION ( 'NONE',  ( -0.000000000000000000, 1.000000000000000000, 0.000000000000000000 ) ) ;
#3196 = VECTOR ( 'NONE', #2413, 1000.000000000000000 ) ;
#3197 = PRESENTATION_LAYER_ASSIGNMENT (  '', '', ( #440 ) ) ;
#3198 = ORIENTED_EDGE ( 'NONE', *, *, #1154, .F. ) ;
#3199 = LINE ( 'NONE', #1498, #817 ) ;
#3200 = DIRECTION ( 'NONE',  ( 0.000000000000000000, 0.000000000000000000, -1.000000000000000000 ) ) ;
#3201 = ORIENTED_EDGE ( 'NONE', *, *, #2906, .F. ) ;
#3202 = CIRCLE ( 'NONE', #2164, 1.295399999999999885 ) ;
#3203 = PRODUCT ( 'B22APbody.stp', 'B22APbody.stp', '', ( #754 ) ) ;
#3204 = PLANE ( 'NONE',  #179 ) ;
#3205 = DIRECTION ( 'NONE',  ( 1.000000000000000000, 0.000000000000000000, 0.000000000000000000 ) ) ;
#3206 = EDGE_CURVE ( 'NONE', #1780, #2897, #1987, .T. ) ;
#3207 = AXIS2_PLACEMENT_3D ( 'NONE', #856, #1125, #2124 ) ;
#3208 = ADVANCED_FACE ( 'NONE', ( #1479 ), #1524, .F. ) ;
#3209 = VERTEX_POINT ( 'NONE', #758 ) ;
#3210 = FACE_OUTER_BOUND ( 'NONE', #2032, .T. ) ;
#3211 = VECTOR ( 'NONE', #2938, 1000.000000000000000 ) ;
#3212 = EDGE_CURVE ( 'NONE', #3164, #1286, #1735, .T. ) ;
#3213 = ORIENTED_EDGE ( 'NONE', *, *, #3105, .T. ) ;
#3214 = CARTESIAN_POINT ( 'NONE',  ( -2.540000000000000036, -3.962399999999999700, -0.3047999999999999599 ) ) ;
#3215 = DIRECTION ( 'NONE',  ( 0.000000000000000000, 1.000000000000000000, 0.000000000000000000 ) ) ;
#3216 = AXIS2_PLACEMENT_3D ( 'NONE', #175, #952, #1171 ) ;
#3217 = PRESENTATION_STYLE_ASSIGNMENT (( #541 ) ) ;
#3218 = LINE ( 'NONE', #2675, #2786 ) ;
#3219 = ORIENTED_EDGE ( 'NONE', *, *, #2451, .F. ) ;
#3220 = DIRECTION ( 'NONE',  ( 0.000000000000000000, 1.000000000000000000, 0.000000000000000000 ) ) ;
#3221 = CARTESIAN_POINT ( 'NONE',  ( 4.394199999999999662, 5.181599999999999540, -4.140200000000000102 ) ) ;
#3222 = EDGE_LOOP ( 'NONE', ( #2336, #1090, #62, #426 ) ) ;
#3223 = FILL_AREA_STYLE_COLOUR ( '', #121 ) ;
#3224 = CARTESIAN_POINT ( 'NONE',  ( -3.987799999999999567, 8.839199999999999946, -3.987799999999999567 ) ) ;
#3225 = NEXT_ASSEMBLY_USAGE_OCCURRENCE ( 'NAUO1', ' ', ' ', #1363, #804, $ ) ;
#3226 = NEXT_ASSEMBLY_USAGE_OCCURRENCE ( 'NAUO2', ' ', ' ', #804, #899, $ ) ;
#3227 = NEXT_ASSEMBLY_USAGE_OCCURRENCE ( 'NAUO3', ' ', ' ', #804, #3046, $ ) ;
#3228 = NEXT_ASSEMBLY_USAGE_OCCURRENCE ( 'NAUO4', ' ', ' ', #804, #1706, $ ) ;
#3229 = NEXT_ASSEMBLY_USAGE_OCCURRENCE ( 'NAUO5', ' ', ' ', #804, #2283, $ ) ;
#3230 = NEXT_ASSEMBLY_USAGE_OCCURRENCE ( 'NAUO6', ' ', ' ', #804, #2802, $ ) ;
ENDSEC;
END-ISO-10303-21;
