ISO-10303-21;
HEADER;
FILE_DESCRIPTION (( 'STEP AP214' ),
    '1' );
FILE_NAME ('LT8362EDD#WPBF.STEP',
    '2024-05-30T06:46:21',
    ( '' ),
    ( '' ),
    'SwSTEP 2.0',
    'SolidWorks 2016',
    '' );
FILE_SCHEMA (( 'AUTOMOTIVE_DESIGN' ));
ENDSEC;

DATA;
#1 = ORIENTED_EDGE ( 'NONE', *, *, #1501, .T. ) ;
#2 = UNCERTAINTY_MEASURE_WITH_UNIT (LENGTH_MEASURE( 1.000000000000000100E-005 ), #871, 'distance_accuracy_value', 'NONE');
#3 = ORIENTED_EDGE ( 'NONE', *, *, #536, .T. ) ;
#4 = PLANE ( 'NONE',  #1614 ) ;
#5 = ADVANCED_FACE ( 'NONE', ( #833 ), #202, .T. ) ;
#6 = PLANE ( 'NONE',  #1925 ) ;
#7 = EDGE_CURVE ( 'NONE', #276, #2404, #1294, .T. ) ;
#8 =( GEOMETRIC_REPRESENTATION_CONTEXT ( 3 ) GLOBAL_UNCERTAINTY_ASSIGNED_CONTEXT ( ( #447 ) ) GLOBAL_UNIT_ASSIGNED_CONTEXT ( ( #1330, #2427, #1139 ) ) REPRESENTATION_CONTEXT ( 'NONE', 'WORKASPACE' ) );
#9 = DIRECTION ( 'NONE',  ( 0.0000000000000000000, 0.0000000000000000000, -1.000000000000000000 ) ) ;
#10 = LINE ( 'NONE', #1433, #1992 ) ;
#11 = MANIFOLD_SOLID_BREP ( 'Imported7', #1158 ) ;
#12 = VECTOR ( 'NONE', #2133, 1000.000000000000000 ) ;
#13 = DIRECTION ( 'NONE',  ( 1.000000000000000000, 0.0000000000000000000, 0.0000000000000000000 ) ) ;
#14 = AXIS2_PLACEMENT_3D ( 'NONE', #1561, #405, #1750 ) ;
#15 = ORIENTED_EDGE ( 'NONE', *, *, #1580, .T. ) ;
#16 = VECTOR ( 'NONE', #1680, 1000.000000000000000 ) ;
#17 = CARTESIAN_POINT ( 'NONE',  ( 1.548999999999999900, 0.1520000000000000000, 0.05099999999999999700 ) ) ;
#18 = ADVANCED_FACE ( 'NONE', ( #779 ), #1733, .T. ) ;
#19 = LINE ( 'NONE', #1377, #2421 ) ;
#20 = PLANE ( 'NONE',  #1111 ) ;
#21 = ORIENTED_EDGE ( 'NONE', *, *, #818, .F. ) ;
#22 = VECTOR ( 'NONE', #1399, 1000.000000000000000 ) ;
#23 = ORIENTED_EDGE ( 'NONE', *, *, #2035, .F. ) ;
#24 = EDGE_CURVE ( 'NONE', #2228, #1579, #1147, .T. ) ;
#25 = EDGE_LOOP ( 'NONE', ( #270, #1185, #1589, #2199 ) ) ;
#26 = PRESENTATION_LAYER_ASSIGNMENT (  '', '', ( #2246 ) ) ;
#27 = CARTESIAN_POINT ( 'NONE',  ( 1.041000000000000100, 0.6520000000000000200, 0.05099999999999999700 ) ) ;
#28 = DIRECTION ( 'NONE',  ( 0.0000000000000000000, 1.000000000000000000, 0.0000000000000000000 ) ) ;
#29 = VECTOR ( 'NONE', #651, 1000.000000000000000 ) ;
#30 = CLOSED_SHELL ( 'NONE', ( #551, #1370, #1333, #1347, #5, #1165, #959 ) ) ;
#31 = ADVANCED_FACE ( 'NONE', ( #117 ), #177, .T. ) ;
#32 = VERTEX_POINT ( 'NONE', #1715 ) ;
#33 = DIRECTION ( 'NONE',  ( 1.000000000000000000, 0.0000000000000000000, -0.0000000000000000000 ) ) ;
#34 = CARTESIAN_POINT ( 'NONE',  ( 1.041000000000000100, -0.6520000000000000200, 0.0000000000000000000 ) ) ;
#35 =( NAMED_UNIT ( * ) PLANE_ANGLE_UNIT ( ) SI_UNIT ( $, .RADIAN. ) );
#36 = LINE ( 'NONE', #2375, #1078 ) ;
#37 = LINE ( 'NONE', #2293, #506 ) ;
#38 = EDGE_CURVE ( 'NONE', #1879, #1519, #1595, .T. ) ;
#39 = DIRECTION ( 'NONE',  ( 0.0000000000000000000, -0.0000000000000000000, -1.000000000000000000 ) ) ;
#40 = FACE_OUTER_BOUND ( 'NONE', #2422, .T. ) ;
#41 = DIRECTION ( 'NONE',  ( 1.000000000000000000, 0.0000000000000000000, -0.0000000000000000000 ) ) ;
#42 = AXIS2_PLACEMENT_3D ( 'NONE', #1841, #104, #310 ) ;
#43 = VECTOR ( 'NONE', #2317, 1000.000000000000000 ) ;
#44 = MANIFOLD_SOLID_BREP ( 'Imported9', #1443 ) ;
#45 = VECTOR ( 'NONE', #2295, 1000.000000000000000 ) ;
#46 = ORIENTED_EDGE ( 'NONE', *, *, #1817, .T. ) ;
#47 = VECTOR ( 'NONE', #1060, 1000.000000000000000 ) ;
#48 = VERTEX_POINT ( 'NONE', #1891 ) ;
#49 = LINE ( 'NONE', #740, #337 ) ;
#50 = AXIS2_PLACEMENT_3D ( 'NONE', #436, #1778, #637 ) ;
#51 = ORIENTED_EDGE ( 'NONE', *, *, #1326, .F. ) ;
#52 = DIRECTION ( 'NONE',  ( 0.0000000000000000000, 1.000000000000000000, 0.0000000000000000000 ) ) ;
#53 = CARTESIAN_POINT ( 'NONE',  ( 1.548999999999999900, -0.8479999999999999800, 0.05099999999999999700 ) ) ;
#54 = ORIENTED_EDGE ( 'NONE', *, *, #2181, .T. ) ;
#55 = CARTESIAN_POINT ( 'NONE',  ( -1.041000000000000100, 0.3479999999999999800, 0.05099999999999999700 ) ) ;
#56 = EDGE_CURVE ( 'NONE', #1119, #1856, #907, .T. ) ;
#57 = ORIENTED_EDGE ( 'NONE', *, *, #315, .T. ) ;
#58 = VECTOR ( 'NONE', #2024, 1000.000000000000000 ) ;
#59 = MECHANICAL_DESIGN_GEOMETRIC_PRESENTATION_REPRESENTATION (  '', ( #2153 ), #198 ) ;
#60 = CARTESIAN_POINT ( 'NONE',  ( 1.548999999999999900, 0.8479999999999999800, 0.05099999999999999700 ) ) ;
#61 = VERTEX_POINT ( 'NONE', #1883 ) ;
#62 = DIRECTION ( 'NONE',  ( 0.0000000000000000000, 0.0000000000000000000, -1.000000000000000000 ) ) ;
#63 = DIRECTION ( 'NONE',  ( -1.000000000000000000, 0.0000000000000000000, 0.0000000000000000000 ) ) ;
#64 = PLANE ( 'NONE',  #1785 ) ;
#65 = DIRECTION ( 'NONE',  ( 0.0000000000000000000, 1.000000000000000000, 0.0000000000000000000 ) ) ;
#66 = EDGE_LOOP ( 'NONE', ( #1309, #981, #266, #125 ) ) ;
#67 = CARTESIAN_POINT ( 'NONE',  ( -1.041000000000000100, -1.152000000000000100, 0.0000000000000000000 ) ) ;
#68 = CARTESIAN_POINT ( 'NONE',  ( 1.041000000000000100, 0.3479999999999999800, 0.0000000000000000000 ) ) ;
#69 =( LENGTH_UNIT ( ) NAMED_UNIT ( * ) SI_UNIT ( .MILLI., .METRE. ) );
#70 = CARTESIAN_POINT ( 'NONE',  ( 1.548999999999999900, -0.6520000000000000200, 0.05099999999999999700 ) ) ;
#71 = VECTOR ( 'NONE', #864, 1000.000000000000000 ) ;
#72 = EDGE_CURVE ( 'NONE', #367, #588, #1854, .T. ) ;
#73 = DIRECTION ( 'NONE',  ( -0.0000000000000000000, -1.000000000000000000, 0.0000000000000000000 ) ) ;
#74 = LINE ( 'NONE', #2383, #1624 ) ;
#75 = DIRECTION ( 'NONE',  ( -1.000000000000000000, 0.0000000000000000000, 0.0000000000000000000 ) ) ;
#76 = PLANE ( 'NONE',  #1052 ) ;
#77 = DIRECTION ( 'NONE',  ( -1.000000000000000000, -0.0000000000000000000, 0.0000000000000000000 ) ) ;
#78 = ORIENTED_EDGE ( 'NONE', *, *, #1767, .T. ) ;
#79 = LINE ( 'NONE', #340, #1999 ) ;
#80 = CARTESIAN_POINT ( 'NONE',  ( -1.548999999999999900, -0.6520000000000000200, 0.05099999999999999700 ) ) ;
#81 = FACE_OUTER_BOUND ( 'NONE', #582, .T. ) ;
#82 = ORIENTED_EDGE ( 'NONE', *, *, #2361, .F. ) ;
#83 = DIRECTION ( 'NONE',  ( 0.0000000000000000000, 0.0000000000000000000, 1.000000000000000000 ) ) ;
#84 = VERTEX_POINT ( 'NONE', #1136 ) ;
#85 = AXIS2_PLACEMENT_3D ( 'NONE', #132, #2388, #2004 ) ;
#86 = CARTESIAN_POINT ( 'NONE',  ( 1.548999999999999900, 1.152000000000000100, 0.05099999999999999700 ) ) ;
#87 = EDGE_LOOP ( 'NONE', ( #872, #2005, #593, #1354 ) ) ;
#88 = CARTESIAN_POINT ( 'NONE',  ( 1.041000000000000100, 0.6520000000000000200, 0.0000000000000000000 ) ) ;
#89 = DIRECTION ( 'NONE',  ( 1.000000000000000000, 0.0000000000000000000, 0.0000000000000000000 ) ) ;
#90 = CARTESIAN_POINT ( 'NONE',  ( -1.041000000000000100, -0.8479999999999999800, 0.0000000000000000000 ) ) ;
#91 = EDGE_CURVE ( 'NONE', #1712, #2207, #49, .T. ) ;
#92 =( GEOMETRIC_REPRESENTATION_CONTEXT ( 3 ) GLOBAL_UNCERTAINTY_ASSIGNED_CONTEXT ( ( #913 ) ) GLOBAL_UNIT_ASSIGNED_CONTEXT ( ( #1859, #714, #2048 ) ) REPRESENTATION_CONTEXT ( 'NONE', 'WORKASPACE' ) );
#93 = VERTEX_POINT ( 'NONE', #358 ) ;
#94 = MANIFOLD_SOLID_BREP ( 'Imported8', #153 ) ;
#95 =( NAMED_UNIT ( * ) PLANE_ANGLE_UNIT ( ) SI_UNIT ( $, .RADIAN. ) );
#96 = CARTESIAN_POINT ( 'NONE',  ( -1.317470000000000100, 1.000000000000000000, 0.8129999999999999400 ) ) ;
#97 = ORIENTED_EDGE ( 'NONE', *, *, #1971, .F. ) ;
#98 = PLANE ( 'NONE',  #2091 ) ;
#99 = DIRECTION ( 'NONE',  ( -0.0000000000000000000, -0.0000000000000000000, -1.000000000000000000 ) ) ;
#100 = CARTESIAN_POINT ( 'NONE',  ( -1.548999999999999900, -0.8479999999999999800, 0.05099999999999999700 ) ) ;
#101 = STYLED_ITEM ( 'NONE', ( #1664 ), #1874 ) ;
#102 = FACE_OUTER_BOUND ( 'NONE', #1388, .T. ) ;
#103 = CARTESIAN_POINT ( 'NONE',  ( 1.548999999999999900, -1.548999999999999900, 0.05099999999999999700 ) ) ;
#104 = DIRECTION ( 'NONE',  ( 0.0000000000000000000, -0.0000000000000000000, 1.000000000000000000 ) ) ;
#105 = LINE ( 'NONE', #466, #1584 ) ;
#106 = AXIS2_PLACEMENT_3D ( 'NONE', #1819, #2435, #1718 ) ;
#107 = CARTESIAN_POINT ( 'NONE',  ( -1.548999999999999900, -0.8479999999999999800, 0.0000000000000000000 ) ) ;
#108 = LINE ( 'NONE', #133, #1586 ) ;
#109 = DIRECTION ( 'NONE',  ( -0.0000000000000000000, -1.000000000000000000, -0.0000000000000000000 ) ) ;
#110 = EDGE_CURVE ( 'NONE', #1554, #2318, #661, .T. ) ;
#111 = VECTOR ( 'NONE', #1534, 1000.000000000000000 ) ;
#112 = ORIENTED_EDGE ( 'NONE', *, *, #1176, .F. ) ;
#113 = STYLED_ITEM ( 'NONE', ( #750 ), #286 ) ;
#114 = DIRECTION ( 'NONE',  ( 0.0000000000000000000, 0.0000000000000000000, 1.000000000000000000 ) ) ;
#115 = DIRECTION ( 'NONE',  ( -1.000000000000000000, 0.0000000000000000000, 0.0000000000000000000 ) ) ;
#116 = EDGE_LOOP ( 'NONE', ( #1151, #1777, #413, #1062 ) ) ;
#117 = FACE_OUTER_BOUND ( 'NONE', #976, .T. ) ;
#118 =( NAMED_UNIT ( * ) PLANE_ANGLE_UNIT ( ) SI_UNIT ( $, .RADIAN. ) );
#119 = CARTESIAN_POINT ( 'NONE',  ( 1.041000000000000100, -1.152000000000000100, 0.0000000000000000000 ) ) ;
#120 = ORIENTED_EDGE ( 'NONE', *, *, #527, .T. ) ;
#121 = PRESENTATION_LAYER_ASSIGNMENT (  '', '', ( #101 ) ) ;
#122 = ORIENTED_EDGE ( 'NONE', *, *, #2348, .T. ) ;
#123 = CARTESIAN_POINT ( 'NONE',  ( -1.240000000000000000, 1.000000000000000000, 0.8129999999999999400 ) ) ;
#124 = CARTESIAN_POINT ( 'NONE',  ( 1.548999999999999900, 0.1520000000000000000, 0.05099999999999999700 ) ) ;
#125 = ORIENTED_EDGE ( 'NONE', *, *, #1739, .T. ) ;
#126 = CARTESIAN_POINT ( 'NONE',  ( -1.548999999999999900, 0.6520000000000000200, 0.05099999999999999700 ) ) ;
#127 = EDGE_CURVE ( 'NONE', #304, #1998, #2280, .T. ) ;
#128 = DIRECTION ( 'NONE',  ( -0.0000000000000000000, -0.0000000000000000000, -1.000000000000000000 ) ) ;
#129 = CARTESIAN_POINT ( 'NONE',  ( 1.548999999999999900, -0.8479999999999999800, 0.05099999999999999700 ) ) ;
#130 = ORIENTED_EDGE ( 'NONE', *, *, #1782, .F. ) ;
#131 = EDGE_CURVE ( 'NONE', #1651, #1885, #2113, .T. ) ;
#132 = CARTESIAN_POINT ( 'NONE',  ( -1.041000000000000100, 1.152000000000000100, 0.0000000000000000000 ) ) ;
#133 = CARTESIAN_POINT ( 'NONE',  ( -1.548999999999999900, -0.6520000000000000200, 0.05099999999999999700 ) ) ;
#134 = CARTESIAN_POINT ( 'NONE',  ( 1.548999999999999900, 0.1520000000000000000, 0.0000000000000000000 ) ) ;
#135 = DIRECTION ( 'NONE',  ( -0.0000000000000000000, -1.000000000000000000, -0.0000000000000000000 ) ) ;
#136 = VECTOR ( 'NONE', #166, 1000.000000000000000 ) ;
#137 = CARTESIAN_POINT ( 'NONE',  ( 1.548999999999999900, 0.3479999999999999800, 0.0000000000000000000 ) ) ;
#138 = LINE ( 'NONE', #1969, #1928 ) ;
#139 = SURFACE_STYLE_USAGE ( .BOTH. , #1697 ) ;
#140 = LINE ( 'NONE', #1110, #1672 ) ;
#141 = LINE ( 'NONE', #219, #1160 ) ;
#142 = CARTESIAN_POINT ( 'NONE',  ( -1.041000000000000100, -0.6520000000000000200, 0.05099999999999999700 ) ) ;
#143 = PLANE ( 'NONE',  #595 ) ;
#144 = APPLICATION_PROTOCOL_DEFINITION ( 'draft international standard', 'automotive_design', 1998, #1304 ) ;
#145 = DIRECTION ( 'NONE',  ( 1.000000000000000000, 0.0000000000000000000, -0.0000000000000000000 ) ) ;
#146 = EDGE_CURVE ( 'NONE', #1885, #442, #1120, .T. ) ;
#147 = ORIENTED_EDGE ( 'NONE', *, *, #374, .F. ) ;
#148 = VECTOR ( 'NONE', #1310, 1000.000000000000000 ) ;
#149 = PLANE ( 'NONE',  #238 ) ;
#150 = ORIENTED_EDGE ( 'NONE', *, *, #1137, .F. ) ;
#151 = ORIENTED_EDGE ( 'NONE', *, *, #1523, .T. ) ;
#152 = CARTESIAN_POINT ( 'NONE',  ( -1.548999999999999900, -0.8479999999999999800, 0.0000000000000000000 ) ) ;
#153 = CLOSED_SHELL ( 'NONE', ( #31, #1918, #1704, #1897, #1552, #191, #579 ) ) ;
#154 = CARTESIAN_POINT ( 'NONE',  ( 1.548999999999999900, -1.548999999999999900, 0.8129999999999999400 ) ) ;
#155 = ADVANCED_FACE ( 'NONE', ( #1564 ), #724, .T. ) ;
#156 = DIRECTION ( 'NONE',  ( 0.0000000000000000000, -0.0000000000000000000, 1.000000000000000000 ) ) ;
#157 = VERTEX_POINT ( 'NONE', #349 ) ;
#158 = CARTESIAN_POINT ( 'NONE',  ( 1.548999999999999900, 1.548999999999999900, 0.05099999999999999700 ) ) ;
#159 = MECHANICAL_DESIGN_GEOMETRIC_PRESENTATION_REPRESENTATION (  '', ( #101 ), #186 ) ;
#160 = ORIENTED_EDGE ( 'NONE', *, *, #2150, .F. ) ;
#161 = EDGE_CURVE ( 'NONE', #677, #1324, #1093, .T. ) ;
#162 = CARTESIAN_POINT ( 'NONE',  ( 1.041000000000000100, -0.1520000000000000000, 0.0000000000000000000 ) ) ;
#163 = ORIENTED_EDGE ( 'NONE', *, *, #553, .F. ) ;
#164 = MECHANICAL_DESIGN_GEOMETRIC_PRESENTATION_REPRESENTATION (  '', ( #2246 ), #296 ) ;
#165 = CARTESIAN_POINT ( 'NONE',  ( -1.548999999999999900, 0.8479999999999999800, 0.05099999999999999700 ) ) ;
#166 = DIRECTION ( 'NONE',  ( 0.0000000000000000000, 0.0000000000000000000, 1.000000000000000000 ) ) ;
#167 = FACE_OUTER_BOUND ( 'NONE', #1329, .T. ) ;
#168 = ADVANCED_FACE ( 'NONE', ( #542 ), #715, .T. ) ;
#169 = CARTESIAN_POINT ( 'NONE',  ( -1.548999999999999900, 0.3479999999999999800, 0.0000000000000000000 ) ) ;
#170 = VECTOR ( 'NONE', #1059, 1000.000000000000000 ) ;
#171 =( NAMED_UNIT ( * ) PLANE_ANGLE_UNIT ( ) SI_UNIT ( $, .RADIAN. ) );
#172 = FACE_OUTER_BOUND ( 'NONE', #1447, .T. ) ;
#173 = SURFACE_STYLE_USAGE ( .BOTH. , #1526 ) ;
#174 = VECTOR ( 'NONE', #39, 1000.000000000000000 ) ;
#175 = ORIENTED_EDGE ( 'NONE', *, *, #892, .F. ) ;
#176 = DIRECTION ( 'NONE',  ( -1.000000000000000000, 0.0000000000000000000, -0.0000000000000000000 ) ) ;
#177 = PLANE ( 'NONE',  #2365 ) ;
#178 = CLOSED_SHELL ( 'NONE', ( #2414, #1558, #563, #2267, #983, #590, #970 ) ) ;
#179 = EDGE_CURVE ( 'NONE', #497, #1332, #79, .T. ) ;
#180 = ADVANCED_FACE ( 'NONE', ( #476 ), #1293, .T. ) ;
#181 = ORIENTED_EDGE ( 'NONE', *, *, #2106, .T. ) ;
#182 = CARTESIAN_POINT ( 'NONE',  ( 1.548999999999999900, 0.3479999999999999800, 0.05099999999999999700 ) ) ;
#183 = ORIENTED_EDGE ( 'NONE', *, *, #1275, .T. ) ;
#184 = ORIENTED_EDGE ( 'NONE', *, *, #1018, .T. ) ;
#185 =( NAMED_UNIT ( * ) PLANE_ANGLE_UNIT ( ) SI_UNIT ( $, .RADIAN. ) );
#186 =( GEOMETRIC_REPRESENTATION_CONTEXT ( 3 ) GLOBAL_UNCERTAINTY_ASSIGNED_CONTEXT ( ( #2045 ) ) GLOBAL_UNIT_ASSIGNED_CONTEXT ( ( #1351, #95, #530 ) ) REPRESENTATION_CONTEXT ( 'NONE', 'WORKASPACE' ) );
#187 = ORIENTED_EDGE ( 'NONE', *, *, #1402, .T. ) ;
#188 = DIRECTION ( 'NONE',  ( 0.0000000000000000000, 1.000000000000000000, 0.0000000000000000000 ) ) ;
#189 = ORIENTED_EDGE ( 'NONE', *, *, #928, .F. ) ;
#190 =( NAMED_UNIT ( * ) SI_UNIT ( $, .STERADIAN. ) SOLID_ANGLE_UNIT ( ) );
#191 = ADVANCED_FACE ( 'NONE', ( #2416 ), #1489, .T. ) ;
#192 = ORIENTED_EDGE ( 'NONE', *, *, #505, .F. ) ;
#193 = DIRECTION ( 'NONE',  ( 1.000000000000000000, 0.0000000000000000000, -0.0000000000000000000 ) ) ;
#194 = EDGE_CURVE ( 'NONE', #719, #1177, #996, .T. ) ;
#195 = UNCERTAINTY_MEASURE_WITH_UNIT (LENGTH_MEASURE( 1.000000000000000100E-005 ), #560, 'distance_accuracy_value', 'NONE');
#196 = DIRECTION ( 'NONE',  ( 0.0000000000000000000, -0.0000000000000000000, 1.000000000000000000 ) ) ;
#197 = VECTOR ( 'NONE', #934, 1000.000000000000000 ) ;
#198 =( GEOMETRIC_REPRESENTATION_CONTEXT ( 3 ) GLOBAL_UNCERTAINTY_ASSIGNED_CONTEXT ( ( #1369 ) ) GLOBAL_UNIT_ASSIGNED_CONTEXT ( ( #1394, #35, #1196 ) ) REPRESENTATION_CONTEXT ( 'NONE', 'WORKASPACE' ) );
#199 = DIRECTION ( 'NONE',  ( 0.0000000000000000000, 0.0000000000000000000, 1.000000000000000000 ) ) ;
#200 = FACE_OUTER_BOUND ( 'NONE', #998, .T. ) ;
#201 = VECTOR ( 'NONE', #1368, 1000.000000000000000 ) ;
#202 = PLANE ( 'NONE',  #1375 ) ;
#203 = FACE_OUTER_BOUND ( 'NONE', #1677, .T. ) ;
#204 = ADVANCED_FACE ( 'NONE', ( #1506 ), #1100, .T. ) ;
#205 = LINE ( 'NONE', #1387, #1438 ) ;
#206 = CARTESIAN_POINT ( 'NONE',  ( 1.548999999999999900, 1.548999999999999900, 0.05099999999999999700 ) ) ;
#207 = ORIENTED_EDGE ( 'NONE', *, *, #962, .T. ) ;
#208 = VERTEX_POINT ( 'NONE', #2042 ) ;
#209 = VECTOR ( 'NONE', #512, 1000.000000000000000 ) ;
#210 = EDGE_CURVE ( 'NONE', #1371, #1965, #1936, .T. ) ;
#211 = ORIENTED_EDGE ( 'NONE', *, *, #2106, .F. ) ;
#212 = DIRECTION ( 'NONE',  ( -0.0000000000000000000, 0.0000000000000000000, -1.000000000000000000 ) ) ;
#213 = ORIENTED_EDGE ( 'NONE', *, *, #2035, .T. ) ;
#214 = VECTOR ( 'NONE', #1632, 1000.000000000000000 ) ;
#215 = ORIENTED_EDGE ( 'NONE', *, *, #350, .F. ) ;
#216 = ADVANCED_FACE ( 'NONE', ( #1880 ), #1844, .T. ) ;
#217 =( LENGTH_UNIT ( ) NAMED_UNIT ( * ) SI_UNIT ( .MILLI., .METRE. ) );
#218 = VERTEX_POINT ( 'NONE', #700 ) ;
#219 = CARTESIAN_POINT ( 'NONE',  ( -1.548999999999999900, -1.548999999999999900, 0.05099999999999999700 ) ) ;
#220 = DIRECTION ( 'NONE',  ( -0.0000000000000000000, -1.000000000000000000, -0.0000000000000000000 ) ) ;
#221 = VERTEX_POINT ( 'NONE', #2203 ) ;
#222 = DIRECTION ( 'NONE',  ( 1.000000000000000000, 0.0000000000000000000, -0.0000000000000000000 ) ) ;
#223 = EDGE_CURVE ( 'NONE', #2060, #208, #1444, .T. ) ;
#224 = LINE ( 'NONE', #1665, #682 ) ;
#225 = CARTESIAN_POINT ( 'NONE',  ( 1.548999999999999900, -0.3479999999999999800, 0.4060000000000000800 ) ) ;
#226 = ADVANCED_FACE ( 'NONE', ( #941 ), #1647, .T. ) ;
#227 = LINE ( 'NONE', #2184, #1703 ) ;
#228 = AXIS2_PLACEMENT_3D ( 'NONE', #2161, #1801, #451 ) ;
#229 = CARTESIAN_POINT ( 'NONE',  ( -1.041000000000000100, 1.152000000000000100, 0.0000000000000000000 ) ) ;
#230 = VECTOR ( 'NONE', #1216, 1000.000000000000000 ) ;
#231 = LINE ( 'NONE', #119, #174 ) ;
#232 = FACE_OUTER_BOUND ( 'NONE', #1513, .T. ) ;
#233 = VERTEX_POINT ( 'NONE', #891 ) ;
#234 = CARTESIAN_POINT ( 'NONE',  ( 1.548999999999999900, -0.3479999999999999800, 0.05099999999999999700 ) ) ;
#235 = CARTESIAN_POINT ( 'NONE',  ( -1.240000000000000000, 1.000000000000000000, 0.8149999999999999500 ) ) ;
#236 = SURFACE_STYLE_USAGE ( .BOTH. , #1585 ) ;
#237 = ORIENTED_EDGE ( 'NONE', *, *, #1417, .F. ) ;
#238 = AXIS2_PLACEMENT_3D ( 'NONE', #1953, #188, #893 ) ;
#239 = ORIENTED_EDGE ( 'NONE', *, *, #1599, .F. ) ;
#240 = EDGE_CURVE ( 'NONE', #1573, #2060, #873, .T. ) ;
#241 = ORIENTED_EDGE ( 'NONE', *, *, #527, .F. ) ;
#242 = AXIS2_PLACEMENT_3D ( 'NONE', #504, #313, #1463 ) ;
#243 = CARTESIAN_POINT ( 'NONE',  ( -1.041000000000000100, -1.152000000000000100, 0.0000000000000000000 ) ) ;
#244 = PLANE ( 'NONE',  #50 ) ;
#245 = EDGE_LOOP ( 'NONE', ( #1362, #1074, #2137, #309, #1837, #454 ) ) ;
#246 = DIRECTION ( 'NONE',  ( -1.000000000000000000, -0.0000000000000000000, 0.0000000000000000000 ) ) ;
#247 = ORIENTED_EDGE ( 'NONE', *, *, #2074, .T. ) ;
#248 = DIRECTION ( 'NONE',  ( -0.0000000000000000000, 0.0000000000000000000, -1.000000000000000000 ) ) ;
#249 = ORIENTED_EDGE ( 'NONE', *, *, #1161, .T. ) ;
#250 = CARTESIAN_POINT ( 'NONE',  ( 1.548999999999999900, -1.152000000000000100, 0.0000000000000000000 ) ) ;
#251 = DIRECTION ( 'NONE',  ( 0.0000000000000000000, -0.0000000000000000000, -1.000000000000000000 ) ) ;
#252 = EDGE_CURVE ( 'NONE', #886, #1451, #414, .T. ) ;
#253 = FACE_OUTER_BOUND ( 'NONE', #1630, .T. ) ;
#254 = CARTESIAN_POINT ( 'NONE',  ( -1.548999999999999900, 0.1520000000000000000, 0.0000000000000000000 ) ) ;
#255 = VECTOR ( 'NONE', #625, 1000.000000000000000 ) ;
#256 = EDGE_CURVE ( 'NONE', #2121, #2381, #1826, .T. ) ;
#257 = VECTOR ( 'NONE', #896, 1000.000000000000000 ) ;
#258 = CARTESIAN_POINT ( 'NONE',  ( -1.548999999999999900, 0.8479999999999999800, 0.05099999999999999700 ) ) ;
#259 = SURFACE_SIDE_STYLE ('',( #942 ) ) ;
#260 = LINE ( 'NONE', #1315, #777 ) ;
#261 = DIRECTION ( 'NONE',  ( -0.0000000000000000000, -1.000000000000000000, -0.0000000000000000000 ) ) ;
#262 = SURFACE_STYLE_FILL_AREA ( #581 ) ;
#263 = DIRECTION ( 'NONE',  ( -0.0000000000000000000, -0.0000000000000000000, -1.000000000000000000 ) ) ;
#264 = VECTOR ( 'NONE', #1014, 1000.000000000000000 ) ;
#265 = EDGE_LOOP ( 'NONE', ( #691, #369, #925, #1620 ) ) ;
#266 = ORIENTED_EDGE ( 'NONE', *, *, #1599, .T. ) ;
#267 = FILL_AREA_STYLE ('',( #1424 ) ) ;
#268 = CARTESIAN_POINT ( 'NONE',  ( 1.548999999999999900, -0.8479999999999999800, 0.0000000000000000000 ) ) ;
#269 = LINE ( 'NONE', #1570, #1763 ) ;
#270 = ORIENTED_EDGE ( 'NONE', *, *, #2443, .T. ) ;
#271 = SURFACE_SIDE_STYLE ('',( #537 ) ) ;
#272 = EDGE_CURVE ( 'NONE', #1266, #1935, #2307, .T. ) ;
#273 = ORIENTED_EDGE ( 'NONE', *, *, #1555, .F. ) ;
#274 = DIRECTION ( 'NONE',  ( 1.000000000000000000, 0.0000000000000000000, 0.0000000000000000000 ) ) ;
#275 = LINE ( 'NONE', #1646, #1386 ) ;
#276 = VERTEX_POINT ( 'NONE', #1253 ) ;
#277 = CARTESIAN_POINT ( 'NONE',  ( 1.041000000000000100, 0.8479999999999999800, 0.0000000000000000000 ) ) ;
#278 = ORIENTED_EDGE ( 'NONE', *, *, #1190, .F. ) ;
#279 = CARTESIAN_POINT ( 'NONE',  ( 1.041000000000000100, -0.3479999999999999800, 0.05099999999999999700 ) ) ;
#280 = CARTESIAN_POINT ( 'NONE',  ( -1.548999999999999900, 0.6520000000000000200, 0.0000000000000000000 ) ) ;
#281 = CARTESIAN_POINT ( 'NONE',  ( -0.8760000000000000000, 1.245000000000000300, 0.0000000000000000000 ) ) ;
#282 = LINE ( 'NONE', #1623, #1086 ) ;
#283 = ORIENTED_EDGE ( 'NONE', *, *, #1419, .F. ) ;
#284 = CARTESIAN_POINT ( 'NONE',  ( -1.548999999999999900, 0.1520000000000000000, 0.0000000000000000000 ) ) ;
#285 = ORIENTED_EDGE ( 'NONE', *, *, #24, .T. ) ;
#286 = MANIFOLD_SOLID_BREP ( 'Imported13', #2397 ) ;
#287 = DIRECTION ( 'NONE',  ( 1.000000000000000000, -0.0000000000000000000, 0.0000000000000000000 ) ) ;
#288 = AXIS2_PLACEMENT_3D ( 'NONE', #1967, #1017, #1473 ) ;
#289 = DIRECTION ( 'NONE',  ( 0.0000000000000000000, 1.000000000000000000, 0.0000000000000000000 ) ) ;
#290 = DIRECTION ( 'NONE',  ( 0.0000000000000000000, 1.000000000000000000, -0.0000000000000000000 ) ) ;
#291 = EDGE_CURVE ( 'NONE', #1805, #32, #1590, .T. ) ;
#292 = FACE_OUTER_BOUND ( 'NONE', #955, .T. ) ;
#293 = VECTOR ( 'NONE', #851, 1000.000000000000000 ) ;
#294 = DIRECTION ( 'NONE',  ( -0.0000000000000000000, 0.0000000000000000000, 1.000000000000000000 ) ) ;
#295 = LINE ( 'NONE', #1812, #1251 ) ;
#296 =( GEOMETRIC_REPRESENTATION_CONTEXT ( 3 ) GLOBAL_UNCERTAINTY_ASSIGNED_CONTEXT ( ( #2259 ) ) GLOBAL_UNIT_ASSIGNED_CONTEXT ( ( #1521, #171, #1327 ) ) REPRESENTATION_CONTEXT ( 'NONE', 'WORKASPACE' ) );
#297 = CARTESIAN_POINT ( 'NONE',  ( -1.548999999999999900, 0.6520000000000000200, 0.05099999999999999700 ) ) ;
#298 = CARTESIAN_POINT ( 'NONE',  ( -1.548999999999999900, -0.6520000000000000200, 0.05099999999999999700 ) ) ;
#299 = LINE ( 'NONE', #980, #2250 ) ;
#300 = DIRECTION ( 'NONE',  ( 0.0000000000000000000, -0.0000000000000000000, -1.000000000000000000 ) ) ;
#301 = SURFACE_STYLE_FILL_AREA ( #267 ) ;
#302 = DIRECTION ( 'NONE',  ( 0.0000000000000000000, 0.0000000000000000000, 1.000000000000000000 ) ) ;
#303 = CARTESIAN_POINT ( 'NONE',  ( 1.548999999999999900, 0.6520000000000000200, 0.4060000000000000800 ) ) ;
#304 = VERTEX_POINT ( 'NONE', #2371 ) ;
#305 = VECTOR ( 'NONE', #687, 1000.000000000000000 ) ;
#306 = CARTESIAN_POINT ( 'NONE',  ( 1.548999999999999900, -0.1520000000000000000, 0.4060000000000000800 ) ) ;
#307 = EDGE_LOOP ( 'NONE', ( #273, #577, #667, #758 ) ) ;
#308 = VECTOR ( 'NONE', #2123, 1000.000000000000000 ) ;
#309 = ORIENTED_EDGE ( 'NONE', *, *, #619, .T. ) ;
#310 = DIRECTION ( 'NONE',  ( 1.000000000000000000, 0.0000000000000000000, -0.0000000000000000000 ) ) ;
#311 = ORIENTED_EDGE ( 'NONE', *, *, #1767, .F. ) ;
#312 = DIRECTION ( 'NONE',  ( 1.000000000000000000, 0.0000000000000000000, -0.0000000000000000000 ) ) ;
#313 = DIRECTION ( 'NONE',  ( 0.0000000000000000000, 0.0000000000000000000, -1.000000000000000000 ) ) ;
#314 = DIRECTION ( 'NONE',  ( -1.000000000000000000, -0.0000000000000000000, 0.0000000000000000000 ) ) ;
#315 = EDGE_CURVE ( 'NONE', #1089, #638, #2084, .T. ) ;
#316 = ORIENTED_EDGE ( 'NONE', *, *, #892, .T. ) ;
#317 = CARTESIAN_POINT ( 'NONE',  ( 1.548999999999999900, 1.548999999999999900, 0.8129999999999999400 ) ) ;
#318 = ORIENTED_EDGE ( 'NONE', *, *, #1206, .F. ) ;
#319 = AXIS2_PLACEMENT_3D ( 'NONE', #1643, #839, #1405 ) ;
#320 = CARTESIAN_POINT ( 'NONE',  ( -1.548999999999999900, -0.8479999999999999800, 0.0000000000000000000 ) ) ;
#321 = FACE_OUTER_BOUND ( 'NONE', #2341, .T. ) ;
#322 = LINE ( 'NONE', #1497, #769 ) ;
#323 = CARTESIAN_POINT ( 'NONE',  ( -1.548999999999999900, -0.6520000000000000200, 0.0000000000000000000 ) ) ;
#324 = DIRECTION ( 'NONE',  ( 1.000000000000000000, 0.0000000000000000000, -0.0000000000000000000 ) ) ;
#325 = VECTOR ( 'NONE', #713, 1000.000000000000000 ) ;
#326 = CARTESIAN_POINT ( 'NONE',  ( -1.548999999999999900, -0.3479999999999999800, 0.0000000000000000000 ) ) ;
#327 = SURFACE_STYLE_USAGE ( .BOTH. , #259 ) ;
#328 = FACE_OUTER_BOUND ( 'NONE', #804, .T. ) ;
#329 = DIRECTION ( 'NONE',  ( -1.000000000000000000, 0.0000000000000000000, 0.0000000000000000000 ) ) ;
#330 = CARTESIAN_POINT ( 'NONE',  ( 1.548999999999999900, 0.6520000000000000200, 0.0000000000000000000 ) ) ;
#331 = EDGE_CURVE ( 'NONE', #221, #48, #573, .T. ) ;
#332 = LINE ( 'NONE', #165, #2081 ) ;
#333 = COLOUR_RGB ( '',0.7215686274509803800, 0.7215686274509803800, 0.7215686274509803800 ) ;
#334 = VECTOR ( 'NONE', #1977, 1000.000000000000000 ) ;
#335 = CARTESIAN_POINT ( 'NONE',  ( 1.041000000000000100, 0.6520000000000000200, 0.0000000000000000000 ) ) ;
#336 = ORIENTED_EDGE ( 'NONE', *, *, #272, .F. ) ;
#337 = VECTOR ( 'NONE', #1319, 1000.000000000000000 ) ;
#338 = DIRECTION ( 'NONE',  ( 0.0000000000000000000, 1.000000000000000000, 0.0000000000000000000 ) ) ;
#339 = FILL_AREA_STYLE ('',( #910 ) ) ;
#340 = CARTESIAN_POINT ( 'NONE',  ( 1.548999999999999900, 0.8479999999999999800, 0.05099999999999999700 ) ) ;
#341 = ORIENTED_EDGE ( 'NONE', *, *, #774, .F. ) ;
#342 = CARTESIAN_POINT ( 'NONE',  ( -1.548999999999999900, -1.152000000000000100, 0.05099999999999999700 ) ) ;
#343 = DIRECTION ( 'NONE',  ( 1.000000000000000000, 0.0000000000000000000, -0.0000000000000000000 ) ) ;
#344 = ORIENTED_EDGE ( 'NONE', *, *, #486, .T. ) ;
#345 = CARTESIAN_POINT ( 'NONE',  ( 1.041000000000000100, -0.8479999999999999800, 0.05099999999999999700 ) ) ;
#346 = ORIENTED_EDGE ( 'NONE', *, *, #38, .T. ) ;
#347 = VECTOR ( 'NONE', #1079, 1000.000000000000000 ) ;
#348 = ORIENTED_EDGE ( 'NONE', *, *, #127, .T. ) ;
#349 = CARTESIAN_POINT ( 'NONE',  ( -1.041000000000000100, -0.8479999999999999800, 0.05099999999999999700 ) ) ;
#350 = EDGE_CURVE ( 'NONE', #617, #1266, #2029, .T. ) ;
#351 = CARTESIAN_POINT ( 'NONE',  ( 1.548999999999999900, 0.1520000000000000000, 0.05099999999999999700 ) ) ;
#352 = ORIENTED_EDGE ( 'NONE', *, *, #430, .F. ) ;
#353 = VERTEX_POINT ( 'NONE', #470 ) ;
#354 = CARTESIAN_POINT ( 'NONE',  ( -1.548999999999999900, -1.152000000000000100, 0.05099999999999999700 ) ) ;
#355 = AXIS2_PLACEMENT_3D ( 'NONE', #655, #826, #978 ) ;
#356 = LINE ( 'NONE', #258, #1318 ) ;
#357 = CARTESIAN_POINT ( 'NONE',  ( 1.548999999999999900, 0.3479999999999999800, 0.0000000000000000000 ) ) ;
#358 = CARTESIAN_POINT ( 'NONE',  ( 1.041000000000000100, -0.6520000000000000200, 0.05099999999999999700 ) ) ;
#359 = LINE ( 'NONE', #1562, #1995 ) ;
#360 = EDGE_CURVE ( 'NONE', #1851, #1858, #1968, .T. ) ;
#361 = ADVANCED_FACE ( 'NONE', ( #2440 ), #2353, .T. ) ;
#362 = EDGE_LOOP ( 'NONE', ( #393, #2288, #175, #812, #2204, #1422 ) ) ;
#363 = VECTOR ( 'NONE', #1655, 1000.000000000000000 ) ;
#364 = LINE ( 'NONE', #1976, #1449 ) ;
#365 = EDGE_LOOP ( 'NONE', ( #151, #1756, #514, #120 ) ) ;
#366 = FACE_OUTER_BOUND ( 'NONE', #265, .T. ) ;
#367 = VERTEX_POINT ( 'NONE', #281 ) ;
#368 = SURFACE_STYLE_USAGE ( .BOTH. , #1707 ) ;
#369 = ORIENTED_EDGE ( 'NONE', *, *, #1006, .T. ) ;
#370 = FILL_AREA_STYLE ('',( #1711 ) ) ;
#371 = PLANE ( 'NONE',  #106 ) ;
#372 = ORIENTED_EDGE ( 'NONE', *, *, #210, .F. ) ;
#373 = ADVANCED_FACE ( 'NONE', ( #1024 ), #1997, .T. ) ;
#374 = EDGE_CURVE ( 'NONE', #2140, #725, #2391, .T. ) ;
#375 = EDGE_LOOP ( 'NONE', ( #673, #1123, #2343, #763 ) ) ;
#376 = CARTESIAN_POINT ( 'NONE',  ( -1.548999999999999900, -1.152000000000000100, 0.4060000000000000800 ) ) ;
#377 = EDGE_LOOP ( 'NONE', ( #1200, #2374, #1923, #2112 ) ) ;
#378 = PRESENTATION_LAYER_ASSIGNMENT (  '', '', ( #113 ) ) ;
#379 = VECTOR ( 'NONE', #2412, 1000.000000000000000 ) ;
#380 = VECTOR ( 'NONE', #2191, 1000.000000000000000 ) ;
#381 = SURFACE_STYLE_USAGE ( .BOTH. , #1722 ) ;
#382 = ADVANCED_FACE ( 'NONE', ( #968 ), #1044, .T. ) ;
#383 = VECTOR ( 'NONE', #2165, 1000.000000000000000 ) ;
#384 = DIRECTION ( 'NONE',  ( 1.000000000000000000, 0.0000000000000000000, -0.0000000000000000000 ) ) ;
#385 = DIRECTION ( 'NONE',  ( 0.0000000000000000000, 1.000000000000000000, 0.0000000000000000000 ) ) ;
#386 = EDGE_CURVE ( 'NONE', #2036, #1851, #904, .T. ) ;
#387 = ORIENTED_EDGE ( 'NONE', *, *, #1109, .F. ) ;
#388 = FACE_OUTER_BOUND ( 'NONE', #529, .T. ) ;
#389 = EDGE_LOOP ( 'NONE', ( #2424, #2294, #2163, #1416 ) ) ;
#390 = EDGE_CURVE ( 'NONE', #1890, #855, #1910, .T. ) ;
#391 = VECTOR ( 'NONE', #2070, 1000.000000000000000 ) ;
#392 = EDGE_LOOP ( 'NONE', ( #2145, #247, #1941, #2119 ) ) ;
#393 = ORIENTED_EDGE ( 'NONE', *, *, #801, .F. ) ;
#394 = ADVANCED_FACE ( 'NONE', ( #388 ), #64, .T. ) ;
#395 = DIRECTION ( 'NONE',  ( 1.000000000000000000, 0.0000000000000000000, 0.0000000000000000000 ) ) ;
#396 = ORIENTED_EDGE ( 'NONE', *, *, #1892, .T. ) ;
#397 = ORIENTED_EDGE ( 'NONE', *, *, #2443, .F. ) ;
#398 = DIRECTION ( 'NONE',  ( -1.000000000000000000, 0.0000000000000000000, 0.0000000000000000000 ) ) ;
#399 = VECTOR ( 'NONE', #220, 1000.000000000000000 ) ;
#400 = ORIENTED_EDGE ( 'NONE', *, *, #240, .F. ) ;
#401 = CARTESIAN_POINT ( 'NONE',  ( -1.548999999999999900, -0.8479999999999999800, 0.0000000000000000000 ) ) ;
#402 = EDGE_CURVE ( 'NONE', #1412, #425, #1411, .T. ) ;
#403 = ORIENTED_EDGE ( 'NONE', *, *, #331, .F. ) ;
#404 = CARTESIAN_POINT ( 'NONE',  ( 1.548999999999999900, -0.8479999999999999800, 0.0000000000000000000 ) ) ;
#405 = DIRECTION ( 'NONE',  ( 1.000000000000000000, 0.0000000000000000000, -0.0000000000000000000 ) ) ;
#406 = ADVANCED_FACE ( 'NONE', ( #1355 ), #1788, .T. ) ;
#407 = AXIS2_PLACEMENT_3D ( 'NONE', #952, #1888, #558 ) ;
#408 = SURFACE_STYLE_FILL_AREA ( #787 ) ;
#409 = VECTOR ( 'NONE', #1682, 1000.000000000000000 ) ;
#410 = VECTOR ( 'NONE', #338, 1000.000000000000000 ) ;
#411 = DIRECTION ( 'NONE',  ( 1.000000000000000000, 0.0000000000000000000, 0.0000000000000000000 ) ) ;
#412 = FACE_OUTER_BOUND ( 'NONE', #1658, .T. ) ;
#413 = ORIENTED_EDGE ( 'NONE', *, *, #1555, .T. ) ;
#414 = LINE ( 'NONE', #1838, #1325 ) ;
#415 = EDGE_CURVE ( 'NONE', #781, #1573, #2278, .T. ) ;
#416 = ADVANCED_FACE ( 'NONE', ( #835 ), #2147, .T. ) ;
#417 = LINE ( 'NONE', #1087, #58 ) ;
#418 = EDGE_LOOP ( 'NONE', ( #618, #2083, #239, #160 ) ) ;
#419 = LINE ( 'NONE', #603, #2372 ) ;
#420 = STYLED_ITEM ( 'NONE', ( #1799 ), #94 ) ;
#421 = VERTEX_POINT ( 'NONE', #652 ) ;
#422 = CARTESIAN_POINT ( 'NONE',  ( -1.548999999999999900, -0.1520000000000000000, 0.4060000000000000800 ) ) ;
#423 = DIRECTION ( 'NONE',  ( 0.0000000000000000000, -0.0000000000000000000, 1.000000000000000000 ) ) ;
#424 = ORIENTED_EDGE ( 'NONE', *, *, #619, .F. ) ;
#425 = VERTEX_POINT ( 'NONE', #437 ) ;
#426 = AXIS2_PLACEMENT_3D ( 'NONE', #2325, #733, #846 ) ;
#427 = VERTEX_POINT ( 'NONE', #1593 ) ;
#428 = FILL_AREA_STYLE ('',( #629 ) ) ;
#429 = PLANE ( 'NONE',  #288 ) ;
#430 = EDGE_CURVE ( 'NONE', #1058, #2121, #780, .T. ) ;
#431 = VECTOR ( 'NONE', #917, 1000.000000000000000 ) ;
#432 = CARTESIAN_POINT ( 'NONE',  ( -1.041000000000000100, 0.8479999999999999800, 0.0000000000000000000 ) ) ;
#433 = DIRECTION ( 'NONE',  ( 0.0000000000000000000, 1.000000000000000000, 0.0000000000000000000 ) ) ;
#434 = LINE ( 'NONE', #860, #2385 ) ;
#435 = STYLED_ITEM ( 'NONE', ( #1613 ), #1178 ) ;
#436 = CARTESIAN_POINT ( 'NONE',  ( -1.240000000000000000, 1.000000000000000000, 0.8149999999999999500 ) ) ;
#437 = CARTESIAN_POINT ( 'NONE',  ( 1.548999999999999900, 0.1520000000000000000, 0.05099999999999999700 ) ) ;
#438 = VECTOR ( 'NONE', #1436, 1000.000000000000000 ) ;
#439 = CARTESIAN_POINT ( 'NONE',  ( -1.240000000000000000, 1.000000000000000000, 0.8129999999999999400 ) ) ;
#440 = ORIENTED_EDGE ( 'NONE', *, *, #1964, .F. ) ;
#441 = VECTOR ( 'NONE', #2345, 1000.000000000000000 ) ;
#442 = VERTEX_POINT ( 'NONE', #1026 ) ;
#443 = DIRECTION ( 'NONE',  ( -1.000000000000000000, 0.0000000000000000000, -0.0000000000000000000 ) ) ;
#444 = EDGE_LOOP ( 'NONE', ( #344, #1633, #1648, #1768 ) ) ;
#445 = EDGE_CURVE ( 'NONE', #2381, #1745, #2224, .T. ) ;
#446 = EDGE_LOOP ( 'NONE', ( #237, #424, #984, #147 ) ) ;
#447 = UNCERTAINTY_MEASURE_WITH_UNIT (LENGTH_MEASURE( 1.000000000000000100E-005 ), #1330, 'distance_accuracy_value', 'NONE');
#448 = ORIENTED_EDGE ( 'NONE', *, *, #1312, .F. ) ;
#449 = DIRECTION ( 'NONE',  ( 1.000000000000000000, 0.0000000000000000000, 0.0000000000000000000 ) ) ;
#450 = CARTESIAN_POINT ( 'NONE',  ( 1.548999999999999900, -0.3479999999999999800, 0.05099999999999999700 ) ) ;
#451 = DIRECTION ( 'NONE',  ( 1.000000000000000000, 0.0000000000000000000, -0.0000000000000000000 ) ) ;
#452 = CARTESIAN_POINT ( 'NONE',  ( -0.8760000000000000000, -1.245000000000000300, 0.0000000000000000000 ) ) ;
#453 = AXIS2_PLACEMENT_3D ( 'NONE', #930, #65, #2146 ) ;
#454 = ORIENTED_EDGE ( 'NONE', *, *, #1640, .F. ) ;
#455 = ORIENTED_EDGE ( 'NONE', *, *, #2271, .F. ) ;
#456 = AXIS2_PLACEMENT_3D ( 'NONE', #452, #2312, #1363 ) ;
#457 = DIRECTION ( 'NONE',  ( -1.000000000000000000, 0.0000000000000000000, -0.0000000000000000000 ) ) ;
#458 = SURFACE_STYLE_USAGE ( .BOTH. , #1617 ) ;
#459 = DIRECTION ( 'NONE',  ( 0.0000000000000000000, -0.0000000000000000000, 1.000000000000000000 ) ) ;
#460 = ORIENTED_EDGE ( 'NONE', *, *, #1297, .T. ) ;
#461 = FILL_AREA_STYLE_COLOUR ( '', #1930 ) ;
#462 = EDGE_CURVE ( 'NONE', #1001, #1807, #1223, .T. ) ;
#463 = MANIFOLD_SOLID_BREP ( 'Imported10', #30 ) ;
#464 = CARTESIAN_POINT ( 'NONE',  ( 1.041000000000000100, 0.6520000000000000200, 0.0000000000000000000 ) ) ;
#465 = LINE ( 'NONE', #432, #863 ) ;
#466 = CARTESIAN_POINT ( 'NONE',  ( -1.548999999999999900, -1.152000000000000100, 0.05099999999999999700 ) ) ;
#467 = CARTESIAN_POINT ( 'NONE',  ( 1.548999999999999900, 0.1520000000000000000, 0.4060000000000000800 ) ) ;
#468 = LINE ( 'NONE', #80, #2410 ) ;
#469 = DIRECTION ( 'NONE',  ( 0.0000000000000000000, 1.000000000000000000, 0.0000000000000000000 ) ) ;
#470 = CARTESIAN_POINT ( 'NONE',  ( -1.548999999999999900, -0.6520000000000000200, 0.4060000000000000800 ) ) ;
#471 = PRODUCT ( 'LT8362EDD#WPBF', 'LT8362EDD#WPBF', '', ( #2402 ) ) ;
#472 = CARTESIAN_POINT ( 'NONE',  ( -1.041000000000000100, 0.8479999999999999800, 0.0000000000000000000 ) ) ;
#473 = VECTOR ( 'NONE', #2305, 1000.000000000000000 ) ;
#474 = ORIENTED_EDGE ( 'NONE', *, *, #291, .T. ) ;
#475 = DIRECTION ( 'NONE',  ( -1.000000000000000000, -0.0000000000000000000, 0.0000000000000000000 ) ) ;
#476 = FACE_OUTER_BOUND ( 'NONE', #2418, .T. ) ;
#477 = MECHANICAL_DESIGN_GEOMETRIC_PRESENTATION_REPRESENTATION (  '', ( #516 ), #772 ) ;
#478 = DIRECTION ( 'NONE',  ( -0.0000000000000000000, 0.0000000000000000000, 1.000000000000000000 ) ) ;
#479 = ORIENTED_EDGE ( 'NONE', *, *, #2243, .T. ) ;
#480 = CARTESIAN_POINT ( 'NONE',  ( -1.548999999999999900, -0.1520000000000000000, 0.05099999999999999700 ) ) ;
#481 = CARTESIAN_POINT ( 'NONE',  ( -1.548999999999999900, -0.1520000000000000000, 0.0000000000000000000 ) ) ;
#482 = CARTESIAN_POINT ( 'NONE',  ( 1.041000000000000100, -1.152000000000000100, 0.0000000000000000000 ) ) ;
#483 = LINE ( 'NONE', #1758, #492 ) ;
#484 = ORIENTED_EDGE ( 'NONE', *, *, #991, .F. ) ;
#485 = PLANE ( 'NONE',  #426 ) ;
#486 = EDGE_CURVE ( 'NONE', #855, #218, #540, .T. ) ;
#487 = ORIENTED_EDGE ( 'NONE', *, *, #986, .T. ) ;
#488 = AXIS2_PLACEMENT_3D ( 'NONE', #900, #2226, #1114 ) ;
#489 = CARTESIAN_POINT ( 'NONE',  ( 0.8760000000000000000, -1.245000000000000300, 0.0000000000000000000 ) ) ;
#490 = DIRECTION ( 'NONE',  ( 1.000000000000000000, 0.0000000000000000000, -0.0000000000000000000 ) ) ;
#491 = AXIS2_PLACEMENT_3D ( 'NONE', #1220, #1036, #2156 ) ;
#492 = VECTOR ( 'NONE', #613, 1000.000000000000000 ) ;
#493 = EDGE_LOOP ( 'NONE', ( #1695, #703, #192, #1984, #1277, #1943 ) ) ;
#494 = DIRECTION ( 'NONE',  ( -0.0000000000000000000, -1.000000000000000000, 0.0000000000000000000 ) ) ;
#495 = CARTESIAN_POINT ( 'NONE',  ( 1.041000000000000100, 1.152000000000000100, 0.05099999999999999700 ) ) ;
#496 = CARTESIAN_POINT ( 'NONE',  ( -1.548999999999999900, -0.3479999999999999800, 0.0000000000000000000 ) ) ;
#497 = VERTEX_POINT ( 'NONE', #621 ) ;
#498 = DIRECTION ( 'NONE',  ( -0.0000000000000000000, -0.0000000000000000000, -1.000000000000000000 ) ) ;
#499 = PRESENTATION_LAYER_ASSIGNMENT (  '', '', ( #516 ) ) ;
#500 = SURFACE_STYLE_USAGE ( .BOTH. , #790 ) ;
#501 = FACE_OUTER_BOUND ( 'NONE', #1720, .T. ) ;
#502 = DIRECTION ( 'NONE',  ( -0.0000000000000000000, 0.0000000000000000000, -1.000000000000000000 ) ) ;
#503 = DIRECTION ( 'NONE',  ( 1.000000000000000000, 0.0000000000000000000, 0.0000000000000000000 ) ) ;
#504 = CARTESIAN_POINT ( 'NONE',  ( -1.548999999999999900, 1.548999999999999900, 0.05099999999999999700 ) ) ;
#505 = EDGE_CURVE ( 'NONE', #2194, #2318, #1503, .T. ) ;
#506 = VECTOR ( 'NONE', #13, 1000.000000000000000 ) ;
#507 = UNCERTAINTY_MEASURE_WITH_UNIT (LENGTH_MEASURE( 1.000000000000000100E-005 ), #1873, 'distance_accuracy_value', 'NONE');
#508 = VECTOR ( 'NONE', #1067, 1000.000000000000000 ) ;
#509 = MECHANICAL_DESIGN_GEOMETRIC_PRESENTATION_REPRESENTATION (  '', ( #113 ), #635 ) ;
#510 = CARTESIAN_POINT ( 'NONE',  ( 1.548999999999999900, 1.548999999999999900, 0.05099999999999999700 ) ) ;
#511 = VECTOR ( 'NONE', #246, 1000.000000000000000 ) ;
#512 = DIRECTION ( 'NONE',  ( 0.0000000000000000000, -0.0000000000000000000, -1.000000000000000000 ) ) ;
#513 = DIRECTION ( 'NONE',  ( 0.0000000000000000000, 0.0000000000000000000, -1.000000000000000000 ) ) ;
#514 = ORIENTED_EDGE ( 'NONE', *, *, #707, .F. ) ;
#515 = VECTOR ( 'NONE', #672, 1000.000000000000000 ) ;
#516 = STYLED_ITEM ( 'NONE', ( #1748 ), #2054 ) ;
#517 = EDGE_LOOP ( 'NONE', ( #1124, #1211, #967, #580 ) ) ;
#518 = VERTEX_POINT ( 'NONE', #229 ) ;
#519 = DIRECTION ( 'NONE',  ( 0.0000000000000000000, 0.0000000000000000000, 1.000000000000000000 ) ) ;
#520 = LINE ( 'NONE', #1442, #1002 ) ;
#521 = ORIENTED_EDGE ( 'NONE', *, *, #774, .T. ) ;
#522 = EDGE_CURVE ( 'NONE', #1392, #677, #1295, .T. ) ;
#523 = CARTESIAN_POINT ( 'NONE',  ( 1.041000000000000100, -0.8479999999999999800, 0.0000000000000000000 ) ) ;
#524 = CARTESIAN_POINT ( 'NONE',  ( -1.548999999999999900, -0.3479999999999999800, 0.0000000000000000000 ) ) ;
#525 = VERTEX_POINT ( 'NONE', #1578 ) ;
#526 = CARTESIAN_POINT ( 'NONE',  ( -1.041000000000000100, -0.1520000000000000000, 0.05099999999999999700 ) ) ;
#527 = EDGE_CURVE ( 'NONE', #588, #2100, #205, .T. ) ;
#528 = CARTESIAN_POINT ( 'NONE',  ( -1.041000000000000100, -0.6520000000000000200, 0.05099999999999999700 ) ) ;
#529 = EDGE_LOOP ( 'NONE', ( #541, #1685, #2179, #1538 ) ) ;
#530 =( NAMED_UNIT ( * ) SI_UNIT ( $, .STERADIAN. ) SOLID_ANGLE_UNIT ( ) );
#531 = ORIENTED_EDGE ( 'NONE', *, *, #726, .T. ) ;
#532 = SURFACE_STYLE_USAGE ( .BOTH. , #1670 ) ;
#533 = DIRECTION ( 'NONE',  ( 1.000000000000000000, 0.0000000000000000000, -0.0000000000000000000 ) ) ;
#534 = ORIENTED_EDGE ( 'NONE', *, *, #1297, .F. ) ;
#535 = DIRECTION ( 'NONE',  ( 0.0000000000000000000, -1.000000000000000000, 0.0000000000000000000 ) ) ;
#536 = EDGE_CURVE ( 'NONE', #1332, #276, #1931, .T. ) ;
#537 = SURFACE_STYLE_FILL_AREA ( #1619 ) ;
#538 = CARTESIAN_POINT ( 'NONE',  ( 1.041000000000000100, 0.1520000000000000000, 0.05099999999999999700 ) ) ;
#539 = DIRECTION ( 'NONE',  ( -0.0000000000000000000, -0.0000000000000000000, -1.000000000000000000 ) ) ;
#540 = LINE ( 'NONE', #1770, #12 ) ;
#541 = ORIENTED_EDGE ( 'NONE', *, *, #1391, .T. ) ;
#542 = FACE_OUTER_BOUND ( 'NONE', #1865, .T. ) ;
#543 = DIRECTION ( 'NONE',  ( 0.0000000000000000000, 0.0000000000000000000, 1.000000000000000000 ) ) ;
#544 =( NAMED_UNIT ( * ) PLANE_ANGLE_UNIT ( ) SI_UNIT ( $, .RADIAN. ) );
#545 = ORIENTED_EDGE ( 'NONE', *, *, #1190, .T. ) ;
#546 = FACE_OUTER_BOUND ( 'NONE', #307, .T. ) ;
#547 = CARTESIAN_POINT ( 'NONE',  ( 1.548999999999999900, 1.152000000000000100, 0.0000000000000000000 ) ) ;
#548 = ORIENTED_EDGE ( 'NONE', *, *, #2430, .F. ) ;
#549 = CARTESIAN_POINT ( 'NONE',  ( 1.548999999999999900, 1.152000000000000100, 0.0000000000000000000 ) ) ;
#550 = EDGE_LOOP ( 'NONE', ( #1257, #1390, #1775, #400 ) ) ;
#551 = ADVANCED_FACE ( 'NONE', ( #412 ), #1940, .T. ) ;
#552 = UNCERTAINTY_MEASURE_WITH_UNIT (LENGTH_MEASURE( 1.000000000000000100E-005 ), #1106, 'distance_accuracy_value', 'NONE');
#553 = EDGE_CURVE ( 'NONE', #1998, #1651, #1877, .T. ) ;
#554 = ORIENTED_EDGE ( 'NONE', *, *, #1724, .T. ) ;
#555 = CARTESIAN_POINT ( 'NONE',  ( 1.041000000000000100, 1.152000000000000100, 0.05099999999999999700 ) ) ;
#556 = ORIENTED_EDGE ( 'NONE', *, *, #680, .F. ) ;
#557 = PRESENTATION_LAYER_ASSIGNMENT (  '', '', ( #420 ) ) ;
#558 = DIRECTION ( 'NONE',  ( 0.0000000000000000000, 0.0000000000000000000, 1.000000000000000000 ) ) ;
#559 = ORIENTED_EDGE ( 'NONE', *, *, #2392, .F. ) ;
#560 =( LENGTH_UNIT ( ) NAMED_UNIT ( * ) SI_UNIT ( .MILLI., .METRE. ) );
#561 = FILL_AREA_STYLE ('',( #2076 ) ) ;
#562 = FACE_OUTER_BOUND ( 'NONE', #1743, .T. ) ;
#563 = ADVANCED_FACE ( 'NONE', ( #1381 ), #1379, .T. ) ;
#564 = PLANE ( 'NONE',  #407 ) ;
#565 = AXIS2_PLACEMENT_3D ( 'NONE', #169, #535, #1282 ) ;
#566 = VECTOR ( 'NONE', #594, 1000.000000000000000 ) ;
#567 = FACE_OUTER_BOUND ( 'NONE', #2141, .T. ) ;
#568 =( NAMED_UNIT ( * ) SI_UNIT ( $, .STERADIAN. ) SOLID_ANGLE_UNIT ( ) );
#569 = CARTESIAN_POINT ( 'NONE',  ( 1.548999999999999900, -0.8479999999999999800, 0.05099999999999999700 ) ) ;
#570 = LINE ( 'NONE', #2342, #43 ) ;
#571 = EDGE_CURVE ( 'NONE', #2062, #1009, #359, .T. ) ;
#572 = ORIENTED_EDGE ( 'NONE', *, *, #553, .T. ) ;
#573 = LINE ( 'NONE', #482, #1539 ) ;
#574 = CARTESIAN_POINT ( 'NONE',  ( 1.548999999999999900, 1.548999999999999900, 0.05099999999999999700 ) ) ;
#575 = AXIS2_PLACEMENT_3D ( 'NONE', #2324, #1270, #300 ) ;
#576 = DIRECTION ( 'NONE',  ( 0.0000000000000000000, -0.0000000000000000000, 1.000000000000000000 ) ) ;
#577 = ORIENTED_EDGE ( 'NONE', *, *, #1860, .F. ) ;
#578 = VECTOR ( 'NONE', #752, 1000.000000000000000 ) ;
#579 = ADVANCED_FACE ( 'NONE', ( #867 ), #20, .T. ) ;
#580 = ORIENTED_EDGE ( 'NONE', *, *, #2271, .T. ) ;
#581 = FILL_AREA_STYLE ('',( #1156 ) ) ;
#582 = EDGE_LOOP ( 'NONE', ( #531, #1681, #847, #2210 ) ) ;
#583 = DIRECTION ( 'NONE',  ( 0.0000000000000000000, -0.0000000000000000000, -1.000000000000000000 ) ) ;
#584 = ORIENTED_EDGE ( 'NONE', *, *, #240, .T. ) ;
#585 = CARTESIAN_POINT ( 'NONE',  ( -1.548999999999999900, -0.1520000000000000000, 0.0000000000000000000 ) ) ;
#586 = CARTESIAN_POINT ( 'NONE',  ( 1.041000000000000100, 0.1520000000000000000, 0.0000000000000000000 ) ) ;
#587 = EDGE_CURVE ( 'NONE', #442, #1009, #2363, .T. ) ;
#588 = VERTEX_POINT ( 'NONE', #2109 ) ;
#589 = CARTESIAN_POINT ( 'NONE',  ( 1.548999999999999900, -1.548999999999999900, 0.05099999999999999700 ) ) ;
#590 = ADVANCED_FACE ( 'NONE', ( #1323 ), #785, .T. ) ;
#591 = AXIS2_PLACEMENT_3D ( 'NONE', #615, #1572, #222 ) ;
#592 = CARTESIAN_POINT ( 'NONE',  ( 0.8760000000000000000, -1.245000000000000300, 0.0000000000000000000 ) ) ;
#593 = ORIENTED_EDGE ( 'NONE', *, *, #1018, .F. ) ;
#594 = DIRECTION ( 'NONE',  ( 0.0000000000000000000, -0.0000000000000000000, 1.000000000000000000 ) ) ;
#595 = AXIS2_PLACEMENT_3D ( 'NONE', #2008, #62, #457 ) ;
#596 = DIRECTION ( 'NONE',  ( 0.0000000000000000000, -0.0000000000000000000, -1.000000000000000000 ) ) ;
#597 = VECTOR ( 'NONE', #1445, 1000.000000000000000 ) ;
#598 = ADVANCED_FACE ( 'NONE', ( #802 ), #4, .T. ) ;
#599 = ORIENTED_EDGE ( 'NONE', *, *, #390, .F. ) ;
#600 = EDGE_CURVE ( 'NONE', #1205, #1935, #299, .T. ) ;
#601 = PRODUCT_DEFINITION_CONTEXT ( 'detailed design', #1304, 'design' ) ;
#602 = VECTOR ( 'NONE', #1514, 1000.000000000000000 ) ;
#603 = CARTESIAN_POINT ( 'NONE',  ( 1.041000000000000100, 1.152000000000000100, 0.0000000000000000000 ) ) ;
#604 = LINE ( 'NONE', #404, #1183 ) ;
#605 = VECTOR ( 'NONE', #135, 1000.000000000000000 ) ;
#606 = CLOSED_SHELL ( 'NONE', ( #373, #1908, #2298, #992, #1571, #808, #1525 ) ) ;
#607 = VECTOR ( 'NONE', #494, 1000.000000000000000 ) ;
#608 = ORIENTED_EDGE ( 'NONE', *, *, #161, .F. ) ;
#609 = DIRECTION ( 'NONE',  ( 1.000000000000000000, 0.0000000000000000000, 0.0000000000000000000 ) ) ;
#610 = ORIENTED_EDGE ( 'NONE', *, *, #1753, .F. ) ;
#611 = LINE ( 'NONE', #1252, #2082 ) ;
#612 = VERTEX_POINT ( 'NONE', #592 ) ;
#613 = DIRECTION ( 'NONE',  ( -0.0000000000000000000, -1.000000000000000000, 0.0000000000000000000 ) ) ;
#614 = ADVANCED_FACE ( 'NONE', ( #1762 ), #2103, .T. ) ;
#615 = CARTESIAN_POINT ( 'NONE',  ( 1.548999999999999900, -0.3479999999999999800, 0.05099999999999999700 ) ) ;
#616 = LINE ( 'NONE', #1180, #45 ) ;
#617 = VERTEX_POINT ( 'NONE', #1735 ) ;
#618 = ORIENTED_EDGE ( 'NONE', *, *, #1150, .T. ) ;
#619 = EDGE_CURVE ( 'NONE', #1119, #638, #1254, .T. ) ;
#620 = PRODUCT_DEFINITION ( 'UNKNOWN', '', #742, #601 ) ;
#621 = CARTESIAN_POINT ( 'NONE',  ( 1.041000000000000100, 0.8479999999999999800, 0.05099999999999999700 ) ) ;
#622 = VECTOR ( 'NONE', #539, 1000.000000000000000 ) ;
#623 = ADVANCED_FACE ( 'NONE', ( #747 ), #771, .T. ) ;
#624 = FACE_OUTER_BOUND ( 'NONE', #1657, .T. ) ;
#625 = DIRECTION ( 'NONE',  ( -0.0000000000000000000, -1.000000000000000000, 0.0000000000000000000 ) ) ;
#626 = LINE ( 'NONE', #711, #1141 ) ;
#627 = DIRECTION ( 'NONE',  ( -0.0000000000000000000, -1.000000000000000000, 0.0000000000000000000 ) ) ;
#628 = VECTOR ( 'NONE', #384, 1000.000000000000000 ) ;
#629 = FILL_AREA_STYLE_COLOUR ( '', #716 ) ;
#630 = ORIENTED_EDGE ( 'NONE', *, *, #1006, .F. ) ;
#631 = EDGE_CURVE ( 'NONE', #886, #1550, #1824, .T. ) ;
#632 = DIRECTION ( 'NONE',  ( 0.0000000000000000000, 0.0000000000000000000, 1.000000000000000000 ) ) ;
#633 = ORIENTED_EDGE ( 'NONE', *, *, #2211, .F. ) ;
#634 = COLOUR_RGB ( '',0.7215686274509803800, 0.7215686274509803800, 0.7215686274509803800 ) ;
#635 =( GEOMETRIC_REPRESENTATION_CONTEXT ( 3 ) GLOBAL_UNCERTAINTY_ASSIGNED_CONTEXT ( ( #2 ) ) GLOBAL_UNIT_ASSIGNED_CONTEXT ( ( #871, #2010, #679 ) ) REPRESENTATION_CONTEXT ( 'NONE', 'WORKASPACE' ) );
#636 = ORIENTED_EDGE ( 'NONE', *, *, #2120, .T. ) ;
#637 = DIRECTION ( 'NONE',  ( 1.000000000000000000, 0.0000000000000000000, -0.0000000000000000000 ) ) ;
#638 = VERTEX_POINT ( 'NONE', #1348 ) ;
#639 = CARTESIAN_POINT ( 'NONE',  ( -1.041000000000000100, -0.8479999999999999800, 0.0000000000000000000 ) ) ;
#640 = ORIENTED_EDGE ( 'NONE', *, *, #2181, .F. ) ;
#641 = LINE ( 'NONE', #152, #607 ) ;
#642 = ORIENTED_EDGE ( 'NONE', *, *, #2328, .F. ) ;
#643 = DIRECTION ( 'NONE',  ( -0.0000000000000000000, 0.0000000000000000000, -1.000000000000000000 ) ) ;
#644 = CARTESIAN_POINT ( 'NONE',  ( 1.041000000000000100, -0.1520000000000000000, 0.0000000000000000000 ) ) ;
#645 = EDGE_CURVE ( 'NONE', #723, #221, #231, .T. ) ;
#646 = PLANE ( 'NONE',  #745 ) ;
#647 = EDGE_CURVE ( 'NONE', #1853, #2228, #688, .T. ) ;
#648 = CARTESIAN_POINT ( 'NONE',  ( 1.548999999999999900, -0.8479999999999999800, 0.05099999999999999700 ) ) ;
#649 = DIRECTION ( 'NONE',  ( -1.000000000000000000, 0.0000000000000000000, 0.0000000000000000000 ) ) ;
#650 = FACE_OUTER_BOUND ( 'NONE', #1457, .T. ) ;
#651 = DIRECTION ( 'NONE',  ( 0.0000000000000000000, 0.0000000000000000000, 1.000000000000000000 ) ) ;
#652 = CARTESIAN_POINT ( 'NONE',  ( -1.041000000000000100, -1.152000000000000100, 0.05099999999999999700 ) ) ;
#653 = FACE_OUTER_BOUND ( 'NONE', #749, .T. ) ;
#654 = PLANE ( 'NONE',  #228 ) ;
#655 = CARTESIAN_POINT ( 'NONE',  ( 1.548999999999999900, 0.6520000000000000200, 0.05099999999999999700 ) ) ;
#656 = PRESENTATION_STYLE_ASSIGNMENT (( #1425 ) ) ;
#657 = AXIS2_PLACEMENT_3D ( 'NONE', #921, #1031, #1441 ) ;
#658 = PLANE ( 'NONE',  #657 ) ;
#659 =( NAMED_UNIT ( * ) PLANE_ANGLE_UNIT ( ) SI_UNIT ( $, .RADIAN. ) );
#660 = ORIENTED_EDGE ( 'NONE', *, *, #1556, .F. ) ;
#661 = LINE ( 'NONE', #1502, #148 ) ;
#662 = CARTESIAN_POINT ( 'NONE',  ( 0.8760000000000000000, 1.245000000000000300, 0.05099999999999999700 ) ) ;
#663 = DIRECTION ( 'NONE',  ( -1.000000000000000000, 0.0000000000000000000, -0.0000000000000000000 ) ) ;
#664 = ORIENTED_EDGE ( 'NONE', *, *, #2301, .F. ) ;
#665 = EDGE_CURVE ( 'NONE', #1573, #2292, #1195, .T. ) ;
#666 = LINE ( 'NONE', #1064, #788 ) ;
#667 = ORIENTED_EDGE ( 'NONE', *, *, #1668, .F. ) ;
#668 = AXIS2_PLACEMENT_3D ( 'NONE', #744, #1132, #2247 ) ;
#669 = EDGE_LOOP ( 'NONE', ( #630, #756, #2239, #2066 ) ) ;
#670 =( GEOMETRIC_REPRESENTATION_CONTEXT ( 3 ) GLOBAL_UNCERTAINTY_ASSIGNED_CONTEXT ( ( #1700 ) ) GLOBAL_UNIT_ASSIGNED_CONTEXT ( ( #1809, #659, #1990 ) ) REPRESENTATION_CONTEXT ( 'NONE', 'WORKASPACE' ) );
#671 = DIRECTION ( 'NONE',  ( 0.0000000000000000000, 0.0000000000000000000, -1.000000000000000000 ) ) ;
#672 = DIRECTION ( 'NONE',  ( -1.000000000000000000, -0.0000000000000000000, 0.0000000000000000000 ) ) ;
#673 = ORIENTED_EDGE ( 'NONE', *, *, #2019, .F. ) ;
#674 = VERTEX_POINT ( 'NONE', #574 ) ;
#675 = CARTESIAN_POINT ( 'NONE',  ( 1.041000000000000100, -0.3479999999999999800, 0.0000000000000000000 ) ) ;
#676 = CARTESIAN_POINT ( 'NONE',  ( -1.548999999999999900, -1.152000000000000100, 0.0000000000000000000 ) ) ;
#677 = VERTEX_POINT ( 'NONE', #964 ) ;
#678 = CARTESIAN_POINT ( 'NONE',  ( -1.041000000000000100, -1.152000000000000100, 0.0000000000000000000 ) ) ;
#679 =( NAMED_UNIT ( * ) SI_UNIT ( $, .STERADIAN. ) SOLID_ANGLE_UNIT ( ) );
#680 = EDGE_CURVE ( 'NONE', #1202, #1879, #1588, .T. ) ;
#681 = DIRECTION ( 'NONE',  ( -0.0000000000000000000, 0.0000000000000000000, -1.000000000000000000 ) ) ;
#682 = VECTOR ( 'NONE', #475, 1000.000000000000000 ) ;
#683 = MECHANICAL_DESIGN_GEOMETRIC_PRESENTATION_REPRESENTATION (  '', ( #420 ), #805 ) ;
#684 = FACE_OUTER_BOUND ( 'NONE', #853, .T. ) ;
#685 = LINE ( 'NONE', #55, #230 ) ;
#686 = DIRECTION ( 'NONE',  ( -1.000000000000000000, -0.0000000000000000000, 0.0000000000000000000 ) ) ;
#687 = DIRECTION ( 'NONE',  ( -0.0000000000000000000, -1.000000000000000000, -0.0000000000000000000 ) ) ;
#688 = LINE ( 'NONE', #648, #1644 ) ;
#689 = ORIENTED_EDGE ( 'NONE', *, *, #1221, .T. ) ;
#690 = DIRECTION ( 'NONE',  ( 0.0000000000000000000, -0.0000000000000000000, -1.000000000000000000 ) ) ;
#691 = ORIENTED_EDGE ( 'NONE', *, *, #1566, .T. ) ;
#692 = CARTESIAN_POINT ( 'NONE',  ( -1.548999999999999900, -1.152000000000000100, 0.05099999999999999700 ) ) ;
#693 = ORIENTED_EDGE ( 'NONE', *, *, #680, .T. ) ;
#694 = EDGE_CURVE ( 'NONE', #208, #2292, #1143, .T. ) ;
#695 = ORIENTED_EDGE ( 'NONE', *, *, #1800, .T. ) ;
#696 = DIRECTION ( 'NONE',  ( -0.0000000000000000000, -0.0000000000000000000, -1.000000000000000000 ) ) ;
#697 = PRESENTATION_LAYER_ASSIGNMENT (  '', '', ( #435 ) ) ;
#698 = CARTESIAN_POINT ( 'NONE',  ( 1.041000000000000100, 0.3479999999999999800, 0.0000000000000000000 ) ) ;
#699 = DIRECTION ( 'NONE',  ( 0.0000000000000000000, 1.000000000000000000, -0.0000000000000000000 ) ) ;
#700 = CARTESIAN_POINT ( 'NONE',  ( -1.548999999999999900, 1.548999999999999900, 0.8129999999999999400 ) ) ;
#701 = ORIENTED_EDGE ( 'NONE', *, *, #1373, .T. ) ;
#702 = AXIS2_PLACEMENT_3D ( 'NONE', #107, #1679, #302 ) ;
#703 = ORIENTED_EDGE ( 'NONE', *, *, #1656, .F. ) ;
#704 = CARTESIAN_POINT ( 'NONE',  ( -1.548999999999999900, 1.152000000000000100, 0.0000000000000000000 ) ) ;
#705 = PLANE ( 'NONE',  #1015 ) ;
#706 = LINE ( 'NONE', #182, #1217 ) ;
#707 = EDGE_CURVE ( 'NONE', #588, #612, #570, .T. ) ;
#708 = CIRCLE ( 'NONE', #848, 0.07747000000000005300 ) ;
#709 = VECTOR ( 'NONE', #1598, 1000.000000000000000 ) ;
#710 = CARTESIAN_POINT ( 'NONE',  ( -1.548999999999999900, -1.152000000000000100, 0.0000000000000000000 ) ) ;
#711 = CARTESIAN_POINT ( 'NONE',  ( -1.548999999999999900, 0.3479999999999999800, 0.05099999999999999700 ) ) ;
#712 = LINE ( 'NONE', #351, #2220 ) ;
#713 = DIRECTION ( 'NONE',  ( -0.0000000000000000000, -1.000000000000000000, -0.0000000000000000000 ) ) ;
#714 =( NAMED_UNIT ( * ) PLANE_ANGLE_UNIT ( ) SI_UNIT ( $, .RADIAN. ) );
#715 = PLANE ( 'NONE',  #1458 ) ;
#716 = COLOUR_RGB ( '',0.7215686274509803800, 0.7215686274509803800, 0.7215686274509803800 ) ;
#717 = AXIS2_PLACEMENT_3D ( 'NONE', #523, #75, #543 ) ;
#718 = VECTOR ( 'NONE', #1587, 1000.000000000000000 ) ;
#719 = VERTEX_POINT ( 'NONE', #1601 ) ;
#720 = PLANE ( 'NONE',  #1696 ) ;
#721 = DIRECTION ( 'NONE',  ( 1.000000000000000000, 0.0000000000000000000, -0.0000000000000000000 ) ) ;
#722 = ORIENTED_EDGE ( 'NONE', *, *, #1917, .F. ) ;
#723 = VERTEX_POINT ( 'NONE', #1894 ) ;
#724 = PLANE ( 'NONE',  #1194 ) ;
#725 = VERTEX_POINT ( 'NONE', #1781 ) ;
#726 = EDGE_CURVE ( 'NONE', #2062, #1451, #1019, .T. ) ;
#727 = DIRECTION ( 'NONE',  ( 1.000000000000000000, 0.0000000000000000000, -0.0000000000000000000 ) ) ;
#728 = VERTEX_POINT ( 'NONE', #1596 ) ;
#729 = VERTEX_POINT ( 'NONE', #755 ) ;
#730 = MANIFOLD_SOLID_BREP ( 'Imported5', #767 ) ;
#731 = SURFACE_STYLE_USAGE ( .BOTH. , #937 ) ;
#732 = ORIENTED_EDGE ( 'NONE', *, *, #386, .T. ) ;
#733 = DIRECTION ( 'NONE',  ( 1.000000000000000000, 0.0000000000000000000, -0.0000000000000000000 ) ) ;
#734 = ADVANCED_FACE ( 'NONE', ( #2438 ), #564, .T. ) ;
#735 = DIRECTION ( 'NONE',  ( 0.0000000000000000000, -0.0000000000000000000, -1.000000000000000000 ) ) ;
#736 = CARTESIAN_POINT ( 'NONE',  ( -1.240000000000000000, 1.000000000000000000, 0.8149999999999999500 ) ) ;
#737 = CARTESIAN_POINT ( 'NONE',  ( 1.041000000000000100, -0.8479999999999999800, 0.0000000000000000000 ) ) ;
#738 = LINE ( 'NONE', #342, #987 ) ;
#739 = FACE_OUTER_BOUND ( 'NONE', #1413, .T. ) ;
#740 = CARTESIAN_POINT ( 'NONE',  ( 1.548999999999999900, -0.3479999999999999800, 0.4060000000000000800 ) ) ;
#741 = EDGE_CURVE ( 'NONE', #816, #525, #332, .T. ) ;
#742 = PRODUCT_DEFINITION_FORMATION_WITH_SPECIFIED_SOURCE ( 'ANY', '', #471, .NOT_KNOWN. ) ;
#743 = LINE ( 'NONE', #639, #1193 ) ;
#744 = CARTESIAN_POINT ( 'NONE',  ( -1.548999999999999900, 0.8479999999999999800, 0.05099999999999999700 ) ) ;
#745 = AXIS2_PLACEMENT_3D ( 'NONE', #834, #2339, #443 ) ;
#746 =( NAMED_UNIT ( * ) PLANE_ANGLE_UNIT ( ) SI_UNIT ( $, .RADIAN. ) );
#747 = FACE_OUTER_BOUND ( 'NONE', #116, .T. ) ;
#748 = ADVANCED_FACE ( 'NONE', ( #1791 ), #1516, .T. ) ;
#749 = EDGE_LOOP ( 'NONE', ( #1946, #1, #1171, #916 ) ) ;
#750 = PRESENTATION_STYLE_ASSIGNMENT (( #2186 ) ) ;
#751 = CARTESIAN_POINT ( 'NONE',  ( 0.8760000000000000000, 1.245000000000000300, 0.0000000000000000000 ) ) ;
#752 = DIRECTION ( 'NONE',  ( -0.0000000000000000000, -1.000000000000000000, 0.0000000000000000000 ) ) ;
#753 = ORIENTED_EDGE ( 'NONE', *, *, #1950, .F. ) ;
#754 = DIRECTION ( 'NONE',  ( 1.000000000000000000, 0.0000000000000000000, -0.0000000000000000000 ) ) ;
#755 = CARTESIAN_POINT ( 'NONE',  ( -1.548999999999999900, -0.6520000000000000200, 0.05099999999999999700 ) ) ;
#756 = ORIENTED_EDGE ( 'NONE', *, *, #1312, .T. ) ;
#757 = DIRECTION ( 'NONE',  ( -0.0000000000000000000, 0.0000000000000000000, -1.000000000000000000 ) ) ;
#758 = ORIENTED_EDGE ( 'NONE', *, *, #1255, .F. ) ;
#759 = DIRECTION ( 'NONE',  ( -0.0000000000000000000, 0.0000000000000000000, -1.000000000000000000 ) ) ;
#760 = EDGE_CURVE ( 'NONE', #816, #1485, #1536, .T. ) ;
#761 = DIRECTION ( 'NONE',  ( -1.000000000000000000, 0.0000000000000000000, -0.0000000000000000000 ) ) ;
#762 = FACE_OUTER_BOUND ( 'NONE', #1811, .T. ) ;
#763 = ORIENTED_EDGE ( 'NONE', *, *, #876, .T. ) ;
#764 = ADVANCED_FACE ( 'NONE', ( #2025 ), #1694, .T. ) ;
#765 = DIRECTION ( 'NONE',  ( -1.000000000000000000, -0.0000000000000000000, 0.0000000000000000000 ) ) ;
#766 = ORIENTED_EDGE ( 'NONE', *, *, #2331, .F. ) ;
#767 = CLOSED_SHELL ( 'NONE', ( #2289, #1741, #2426, #2245 ) ) ;
#768 = CARTESIAN_POINT ( 'NONE',  ( 1.548999999999999900, 1.152000000000000100, 0.05099999999999999700 ) ) ;
#769 = VECTOR ( 'NONE', #385, 1000.000000000000000 ) ;
#770 = CARTESIAN_POINT ( 'NONE',  ( -1.548999999999999900, 0.1520000000000000000, 0.05099999999999999700 ) ) ;
#771 = PLANE ( 'NONE',  #2108 ) ;
#772 =( GEOMETRIC_REPRESENTATION_CONTEXT ( 3 ) GLOBAL_UNCERTAINTY_ASSIGNED_CONTEXT ( ( #552 ) ) GLOBAL_UNIT_ASSIGNED_CONTEXT ( ( #1106, #118, #1098 ) ) REPRESENTATION_CONTEXT ( 'NONE', 'WORKASPACE' ) );
#773 = LINE ( 'NONE', #1404, #1732 ) ;
#774 = EDGE_CURVE ( 'NONE', #2292, #1979, #260, .T. ) ;
#775 = ADVANCED_FACE ( 'NONE', ( #1222 ), #2240, .T. ) ;
#776 = LINE ( 'NONE', #1774, #1286 ) ;
#777 = VECTOR ( 'NONE', #1875, 1000.000000000000000 ) ;
#778 = EDGE_CURVE ( 'NONE', #2292, #425, #712, .T. ) ;
#779 = FACE_OUTER_BOUND ( 'NONE', #880, .T. ) ;
#780 = LINE ( 'NONE', #1779, #1737 ) ;
#781 = VERTEX_POINT ( 'NONE', #538 ) ;
#782 = ORIENTED_EDGE ( 'NONE', *, *, #1073, .F. ) ;
#783 = VERTEX_POINT ( 'NONE', #1684 ) ;
#784 = ADVANCED_FACE ( 'NONE', ( #1289 ), #2064, .T. ) ;
#785 = PLANE ( 'NONE',  #1364 ) ;
#786 = ORIENTED_EDGE ( 'NONE', *, *, #462, .F. ) ;
#787 = FILL_AREA_STYLE ('',( #1102 ) ) ;
#788 = VECTOR ( 'NONE', #1961, 1000.000000000000000 ) ;
#789 = ORIENTED_EDGE ( 'NONE', *, *, #2380, .F. ) ;
#790 = SURFACE_SIDE_STYLE ('',( #2105 ) ) ;
#791 = EDGE_CURVE ( 'NONE', #84, #1128, #1736, .T. ) ;
#792 = AXIS2_PLACEMENT_3D ( 'NONE', #68, #2352, #1236 ) ;
#793 = ORIENTED_EDGE ( 'NONE', *, *, #1210, .F. ) ;
#794 = DIRECTION ( 'NONE',  ( -0.0000000000000000000, -0.0000000000000000000, -1.000000000000000000 ) ) ;
#795 = ORIENTED_EDGE ( 'NONE', *, *, #587, .T. ) ;
#796 = DIRECTION ( 'NONE',  ( 0.0000000000000000000, 1.000000000000000000, 0.0000000000000000000 ) ) ;
#797 = ORIENTED_EDGE ( 'NONE', *, *, #1345, .T. ) ;
#798 = ADVANCED_FACE ( 'NONE', ( #1169 ), #720, .T. ) ;
#799 = CIRCLE ( 'NONE', #1213, 0.07747000000000005300 ) ;
#800 = FACE_OUTER_BOUND ( 'NONE', #517, .T. ) ;
#801 = EDGE_CURVE ( 'NONE', #2369, #1861, #140, .T. ) ;
#802 = FACE_OUTER_BOUND ( 'NONE', #418, .T. ) ;
#803 = LINE ( 'NONE', #1042, #347 ) ;
#804 = EDGE_LOOP ( 'NONE', ( #2393, #122, #2266, #2364 ) ) ;
#805 =( GEOMETRIC_REPRESENTATION_CONTEXT ( 3 ) GLOBAL_UNCERTAINTY_ASSIGNED_CONTEXT ( ( #507 ) ) GLOBAL_UNIT_ASSIGNED_CONTEXT ( ( #1873, #544, #1689 ) ) REPRESENTATION_CONTEXT ( 'NONE', 'WORKASPACE' ) );
#806 = ADVANCED_BREP_SHAPE_REPRESENTATION ( 'LT8362EDD#WPBF', ( #1625, #926, #1178, #1874, #730, #2054, #11, #94, #44, #463, #1652, #2297, #286, #488 ), #1818 ) ;
#807 = VECTOR ( 'NONE', #1609, 1000.000000000000000 ) ;
#808 = ADVANCED_FACE ( 'NONE', ( #203 ), #915, .T. ) ;
#809 = VECTOR ( 'NONE', #699, 1000.000000000000000 ) ;
#810 = ORIENTED_EDGE ( 'NONE', *, *, #858, .T. ) ;
#811 = FACE_OUTER_BOUND ( 'NONE', #389, .T. ) ;
#812 = ORIENTED_EDGE ( 'NONE', *, *, #2258, .T. ) ;
#813 = CARTESIAN_POINT ( 'NONE',  ( -0.8760000000000000000, -1.245000000000000300, 0.0000000000000000000 ) ) ;
#814 = ORIENTED_EDGE ( 'NONE', *, *, #726, .F. ) ;
#815 = CARTESIAN_POINT ( 'NONE',  ( -1.548999999999999900, 1.152000000000000100, 0.0000000000000000000 ) ) ;
#816 = VERTEX_POINT ( 'NONE', #1862 ) ;
#817 = EDGE_LOOP ( 'NONE', ( #1300, #2040, #2346, #1766 ) ) ;
#818 = EDGE_CURVE ( 'NONE', #1965, #2425, #2107, .T. ) ;
#819 = PLANE ( 'NONE',  #319 ) ;
#820 = CARTESIAN_POINT ( 'NONE',  ( 1.041000000000000100, -0.1520000000000000000, 0.05099999999999999700 ) ) ;
#821 = MECHANICAL_DESIGN_GEOMETRIC_PRESENTATION_REPRESENTATION (  '', ( #435 ), #965 ) ;
#822 = CARTESIAN_POINT ( 'NONE',  ( 1.548999999999999900, 1.152000000000000100, 0.05099999999999999700 ) ) ;
#823 = DIRECTION ( 'NONE',  ( 0.0000000000000000000, -0.0000000000000000000, 1.000000000000000000 ) ) ;
#824 = VECTOR ( 'NONE', #596, 1000.000000000000000 ) ;
#825 = DIRECTION ( 'NONE',  ( -1.000000000000000000, 0.0000000000000000000, -0.0000000000000000000 ) ) ;
#826 = DIRECTION ( 'NONE',  ( -1.000000000000000000, 0.0000000000000000000, 0.0000000000000000000 ) ) ;
#827 = FACE_OUTER_BOUND ( 'NONE', #1867, .T. ) ;
#828 = PLANE ( 'NONE',  #1384 ) ;
#829 = DIRECTION ( 'NONE',  ( 0.0000000000000000000, -1.000000000000000000, 0.0000000000000000000 ) ) ;
#830 = VECTOR ( 'NONE', #696, 1000.000000000000000 ) ;
#831 = CARTESIAN_POINT ( 'NONE',  ( -1.162529999999999800, 1.000000000000000000, 0.8129999999999999400 ) ) ;
#832 = DIRECTION ( 'NONE',  ( -0.0000000000000000000, -0.0000000000000000000, -1.000000000000000000 ) ) ;
#833 = FACE_OUTER_BOUND ( 'NONE', #1548, .T. ) ;
#834 = CARTESIAN_POINT ( 'NONE',  ( 1.548999999999999900, -0.6520000000000000200, 0.0000000000000000000 ) ) ;
#835 = FACE_OUTER_BOUND ( 'NONE', #1600, .T. ) ;
#836 = EDGE_CURVE ( 'NONE', #157, #1577, #1616, .T. ) ;
#837 = EDGE_LOOP ( 'NONE', ( #664, #2286, #795, #1146 ) ) ;
#838 = COLOUR_RGB ( '',0.7215686274509803800, 0.7215686274509803800, 0.7215686274509803800 ) ;
#839 = DIRECTION ( 'NONE',  ( 1.000000000000000000, 0.0000000000000000000, -0.0000000000000000000 ) ) ;
#840 = CARTESIAN_POINT ( 'NONE',  ( 1.548999999999999900, 0.8479999999999999800, 0.05099999999999999700 ) ) ;
#841 = AXIS2_PLACEMENT_3D ( 'NONE', #1182, #796, #1929 ) ;
#842 = EDGE_LOOP ( 'NONE', ( #1606, #1173, #346, #1215 ) ) ;
#843 = DIRECTION ( 'NONE',  ( 0.0000000000000000000, -0.0000000000000000000, 1.000000000000000000 ) ) ;
#844 = ORIENTED_EDGE ( 'NONE', *, *, #194, .F. ) ;
#845 = DIRECTION ( 'NONE',  ( 1.000000000000000000, 0.0000000000000000000, -0.0000000000000000000 ) ) ;
#846 = DIRECTION ( 'NONE',  ( -0.0000000000000000000, 0.0000000000000000000, -1.000000000000000000 ) ) ;
#847 = ORIENTED_EDGE ( 'NONE', *, *, #131, .T. ) ;
#848 = AXIS2_PLACEMENT_3D ( 'NONE', #1667, #632, #2131 ) ;
#849 = EDGE_LOOP ( 'NONE', ( #2152, #722, #1916, #249 ) ) ;
#850 = AXIS2_PLACEMENT_3D ( 'NONE', #235, #794, #2315 ) ;
#851 = DIRECTION ( 'NONE',  ( -0.0000000000000000000, -0.0000000000000000000, -1.000000000000000000 ) ) ;
#852 = PRESENTATION_STYLE_ASSIGNMENT (( #458 ) ) ;
#853 = EDGE_LOOP ( 'NONE', ( #1245, #2439, #2090, #793 ) ) ;
#854 = DIRECTION ( 'NONE',  ( -1.000000000000000000, -0.0000000000000000000, -0.0000000000000000000 ) ) ;
#855 = VERTEX_POINT ( 'NONE', #2180 ) ;
#856 = DIRECTION ( 'NONE',  ( -0.0000000000000000000, 0.0000000000000000000, -1.000000000000000000 ) ) ;
#857 = ORIENTED_EDGE ( 'NONE', *, *, #2328, .T. ) ;
#858 = EDGE_CURVE ( 'NONE', #723, #1853, #1560, .T. ) ;
#859 = CARTESIAN_POINT ( 'NONE',  ( 1.548999999999999900, 0.6520000000000000200, 0.05099999999999999700 ) ) ;
#860 = CARTESIAN_POINT ( 'NONE',  ( -1.548999999999999900, 0.3479999999999999800, 0.4060000000000000800 ) ) ;
#861 = CARTESIAN_POINT ( 'NONE',  ( 1.548999999999999900, 0.1520000000000000000, 0.0000000000000000000 ) ) ;
#862 = CARTESIAN_POINT ( 'NONE',  ( -1.041000000000000100, -0.3479999999999999800, 0.0000000000000000000 ) ) ;
#863 = VECTOR ( 'NONE', #2300, 1000.000000000000000 ) ;
#864 = DIRECTION ( 'NONE',  ( -0.0000000000000000000, 0.0000000000000000000, 1.000000000000000000 ) ) ;
#865 = CARTESIAN_POINT ( 'NONE',  ( 1.548999999999999900, -0.3479999999999999800, 0.05099999999999999700 ) ) ;
#866 = CARTESIAN_POINT ( 'NONE',  ( 1.548999999999999900, 0.3479999999999999800, 0.0000000000000000000 ) ) ;
#867 = FACE_OUTER_BOUND ( 'NONE', #2373, .T. ) ;
#868 = PLANE ( 'NONE',  #1350 ) ;
#869 = PLANE ( 'NONE',  #565 ) ;
#870 = CARTESIAN_POINT ( 'NONE',  ( 1.041000000000000100, 0.3479999999999999800, 0.05099999999999999700 ) ) ;
#871 =( LENGTH_UNIT ( ) NAMED_UNIT ( * ) SI_UNIT ( .MILLI., .METRE. ) );
#872 = ORIENTED_EDGE ( 'NONE', *, *, #1753, .T. ) ;
#873 = LINE ( 'NONE', #1265, #1383 ) ;
#874 = VECTOR ( 'NONE', #502, 1000.000000000000000 ) ;
#875 = ORIENTED_EDGE ( 'NONE', *, *, #694, .T. ) ;
#876 = EDGE_CURVE ( 'NONE', #1392, #2036, #2051, .T. ) ;
#877 = PRODUCT_RELATED_PRODUCT_CATEGORY ( 'part', '', ( #471 ) ) ;
#878 = VECTOR ( 'NONE', #1808, 1000.000000000000000 ) ;
#879 = SURFACE_STYLE_USAGE ( .BOTH. , #2223 ) ;
#880 = EDGE_LOOP ( 'NONE', ( #556, #642, #150, #1306 ) ) ;
#881 = CARTESIAN_POINT ( 'NONE',  ( 0.8760000000000000000, -1.245000000000000300, 0.05099999999999999700 ) ) ;
#882 = VERTEX_POINT ( 'NONE', #472 ) ;
#883 = CARTESIAN_POINT ( 'NONE',  ( -1.548999999999999900, 1.152000000000000100, 0.4060000000000000800 ) ) ;
#884 = CARTESIAN_POINT ( 'NONE',  ( 1.041000000000000100, 0.6520000000000000200, 0.05099999999999999700 ) ) ;
#885 = CARTESIAN_POINT ( 'NONE',  ( -1.548999999999999900, -0.3479999999999999800, 0.05099999999999999700 ) ) ;
#886 = VERTEX_POINT ( 'NONE', #284 ) ;
#887 = DIRECTION ( 'NONE',  ( 0.0000000000000000000, -0.0000000000000000000, 1.000000000000000000 ) ) ;
#888 = CARTESIAN_POINT ( 'NONE',  ( -1.041000000000000100, -0.6520000000000000200, 0.0000000000000000000 ) ) ;
#889 = EDGE_LOOP ( 'NONE', ( #1065, #2379, #1798, #521 ) ) ;
#890 = CARTESIAN_POINT ( 'NONE',  ( -1.548999999999999900, -0.6520000000000000200, 0.0000000000000000000 ) ) ;
#891 = CARTESIAN_POINT ( 'NONE',  ( -1.548999999999999900, 0.6520000000000000200, 0.4060000000000000800 ) ) ;
#892 = EDGE_CURVE ( 'NONE', #48, #1853, #1499, .T. ) ;
#893 = DIRECTION ( 'NONE',  ( 0.0000000000000000000, -0.0000000000000000000, 1.000000000000000000 ) ) ;
#894 = LINE ( 'NONE', #1134, #1842 ) ;
#895 = CARTESIAN_POINT ( 'NONE',  ( 1.548999999999999900, 0.3479999999999999800, 0.4060000000000000800 ) ) ;
#896 = DIRECTION ( 'NONE',  ( 1.000000000000000000, 0.0000000000000000000, -0.0000000000000000000 ) ) ;
#897 = VECTOR ( 'NONE', #1481, 1000.000000000000000 ) ;
#898 = FILL_AREA_STYLE ('',( #1192 ) ) ;
#899 = LINE ( 'NONE', #86, #383 ) ;
#900 = CARTESIAN_POINT ( 'NONE',  ( 0.0000000000000000000, 0.0000000000000000000, 0.0000000000000000000 ) ) ;
#901 = DIRECTION ( 'NONE',  ( 0.0000000000000000000, 0.0000000000000000000, 1.000000000000000000 ) ) ;
#902 = DIRECTION ( 'NONE',  ( 0.0000000000000000000, 0.0000000000000000000, 1.000000000000000000 ) ) ;
#903 = ORIENTED_EDGE ( 'NONE', *, *, #975, .T. ) ;
#904 = LINE ( 'NONE', #450, #807 ) ;
#905 = DIRECTION ( 'NONE',  ( 1.000000000000000000, 0.0000000000000000000, 0.0000000000000000000 ) ) ;
#906 = ORIENTED_EDGE ( 'NONE', *, *, #909, .T. ) ;
#907 = LINE ( 'NONE', #1142, #391 ) ;
#908 = PLANE ( 'NONE',  #1320 ) ;
#909 = EDGE_CURVE ( 'NONE', #1205, #617, #10, .T. ) ;
#910 = FILL_AREA_STYLE_COLOUR ( '', #1053 ) ;
#911 = DIRECTION ( 'NONE',  ( -1.000000000000000000, 0.0000000000000000000, -0.0000000000000000000 ) ) ;
#912 = ORIENTED_EDGE ( 'NONE', *, *, #1724, .F. ) ;
#913 = UNCERTAINTY_MEASURE_WITH_UNIT (LENGTH_MEASURE( 1.000000000000000100E-005 ), #1859, 'distance_accuracy_value', 'NONE');
#914 = EDGE_CURVE ( 'NONE', #353, #729, #468, .T. ) ;
#915 = PLANE ( 'NONE',  #1939 ) ;
#916 = ORIENTED_EDGE ( 'NONE', *, *, #1221, .F. ) ;
#917 = DIRECTION ( 'NONE',  ( -0.0000000000000000000, -1.000000000000000000, -0.0000000000000000000 ) ) ;
#918 = ORIENTED_EDGE ( 'NONE', *, *, #2446, .F. ) ;
#919 = CARTESIAN_POINT ( 'NONE',  ( 1.548999999999999900, 0.6520000000000000200, 0.05099999999999999700 ) ) ;
#920 = ORIENTED_EDGE ( 'NONE', *, *, #2348, .F. ) ;
#921 = CARTESIAN_POINT ( 'NONE',  ( -1.548999999999999900, 0.3479999999999999800, 0.05099999999999999700 ) ) ;
#922 = ORIENTED_EDGE ( 'NONE', *, *, #2094, .F. ) ;
#923 = DIRECTION ( 'NONE',  ( 0.0000000000000000000, 1.000000000000000000, 0.0000000000000000000 ) ) ;
#924 = ORIENTED_EDGE ( 'NONE', *, *, #1034, .F. ) ;
#925 = ORIENTED_EDGE ( 'NONE', *, *, #1971, .T. ) ;
#926 = MANIFOLD_SOLID_BREP ( 'Imported2', #2122 ) ;
#927 = CARTESIAN_POINT ( 'NONE',  ( -1.548999999999999900, -0.6520000000000000200, 0.0000000000000000000 ) ) ;
#928 = EDGE_CURVE ( 'NONE', #969, #2100, #2249, .T. ) ;
#929 = VECTOR ( 'NONE', #498, 1000.000000000000000 ) ;
#930 = CARTESIAN_POINT ( 'NONE',  ( -1.041000000000000100, 0.6520000000000000200, 0.0000000000000000000 ) ) ;
#931 = CARTESIAN_POINT ( 'NONE',  ( 1.548999999999999900, 0.1520000000000000000, 0.05099999999999999700 ) ) ;
#932 = LINE ( 'NONE', #243, #410 ) ;
#933 = AXIS2_PLACEMENT_3D ( 'NONE', #547, #1507, #156 ) ;
#934 = DIRECTION ( 'NONE',  ( -0.0000000000000000000, -1.000000000000000000, 0.0000000000000000000 ) ) ;
#935 = ADVANCED_FACE ( 'NONE', ( #800 ), #654, .T. ) ;
#936 = CARTESIAN_POINT ( 'NONE',  ( -1.041000000000000100, 0.1520000000000000000, 0.05099999999999999700 ) ) ;
#937 = SURFACE_SIDE_STYLE ('',( #2338 ) ) ;
#938 = VECTOR ( 'NONE', #994, 1000.000000000000000 ) ;
#939 = VECTOR ( 'NONE', #41, 1000.000000000000000 ) ;
#940 = ORIENTED_EDGE ( 'NONE', *, *, #256, .F. ) ;
#941 = FACE_OUTER_BOUND ( 'NONE', #66, .T. ) ;
#942 = SURFACE_STYLE_FILL_AREA ( #1882 ) ;
#943 = DIRECTION ( 'NONE',  ( -0.0000000000000000000, 0.0000000000000000000, -1.000000000000000000 ) ) ;
#944 = ORIENTED_EDGE ( 'NONE', *, *, #1719, .F. ) ;
#945 = LINE ( 'NONE', #481, #209 ) ;
#946 = ORIENTED_EDGE ( 'NONE', *, *, #2164, .T. ) ;
#947 = EDGE_CURVE ( 'NONE', #1861, #2228, #295, .T. ) ;
#948 = CARTESIAN_POINT ( 'NONE',  ( -0.8760000000000000000, 1.245000000000000300, 0.0000000000000000000 ) ) ;
#949 = EDGE_LOOP ( 'NONE', ( #1184, #1336, #1752, #2151 ) ) ;
#950 = ADVANCED_FACE ( 'NONE', ( #1705 ), #1985, .T. ) ;
#951 = CARTESIAN_POINT ( 'NONE',  ( 1.548999999999999900, -0.8479999999999999800, 0.05099999999999999700 ) ) ;
#952 = CARTESIAN_POINT ( 'NONE',  ( -1.548999999999999900, 0.6520000000000000200, 0.0000000000000000000 ) ) ;
#953 = EDGE_LOOP ( 'NONE', ( #2314, #1868, #599, #1302 ) ) ;
#954 = ORIENTED_EDGE ( 'NONE', *, *, #587, .F. ) ;
#955 = EDGE_LOOP ( 'NONE', ( #559, #689, #1331, #1273 ) ) ;
#956 = CARTESIAN_POINT ( 'NONE',  ( 1.548999999999999900, -0.6520000000000000200, 0.05099999999999999700 ) ) ;
#957 = AXIS2_PLACEMENT_3D ( 'NONE', #2096, #1575, #1981 ) ;
#958 = LINE ( 'NONE', #585, #379 ) ;
#959 = ADVANCED_FACE ( 'NONE', ( #2188 ), #646, .T. ) ;
#960 = FACE_OUTER_BOUND ( 'NONE', #1296, .T. ) ;
#961 = CARTESIAN_POINT ( 'NONE',  ( -1.548999999999999900, -0.6520000000000000200, 0.05099999999999999700 ) ) ;
#962 = EDGE_CURVE ( 'NONE', #1366, #1603, #685, .T. ) ;
#963 = VECTOR ( 'NONE', #905, 1000.000000000000000 ) ;
#964 = CARTESIAN_POINT ( 'NONE',  ( 1.548999999999999900, -0.3479999999999999800, 0.0000000000000000000 ) ) ;
#965 =( GEOMETRIC_REPRESENTATION_CONTEXT ( 3 ) GLOBAL_UNCERTAINTY_ASSIGNED_CONTEXT ( ( #1168 ) ) GLOBAL_UNIT_ASSIGNED_CONTEXT ( ( #217, #1591, #568 ) ) REPRESENTATION_CONTEXT ( 'NONE', 'WORKASPACE' ) );
#966 = DIRECTION ( 'NONE',  ( 0.0000000000000000000, -1.000000000000000000, 0.0000000000000000000 ) ) ;
#967 = ORIENTED_EDGE ( 'NONE', *, *, #741, .T. ) ;
#968 = FACE_OUTER_BOUND ( 'NONE', #817, .T. ) ;
#969 = VERTEX_POINT ( 'NONE', #2330 ) ;
#970 = ADVANCED_FACE ( 'NONE', ( #172 ), #1790, .T. ) ;
#971 = ORIENTED_EDGE ( 'NONE', *, *, #2074, .F. ) ;
#972 = CYLINDRICAL_SURFACE ( 'NONE', #2041, 0.07747000000000005300 ) ;
#973 = ORIENTED_EDGE ( 'NONE', *, *, #1490, .T. ) ;
#974 = DIRECTION ( 'NONE',  ( 0.0000000000000000000, -0.0000000000000000000, -1.000000000000000000 ) ) ;
#975 = EDGE_CURVE ( 'NONE', #1577, #1371, #743, .T. ) ;
#976 = EDGE_LOOP ( 'NONE', ( #1484, #184, #1491, #479 ) ) ;
#977 = DIRECTION ( 'NONE',  ( 0.0000000000000000000, 1.000000000000000000, 0.0000000000000000000 ) ) ;
#978 = DIRECTION ( 'NONE',  ( 0.0000000000000000000, 0.0000000000000000000, 1.000000000000000000 ) ) ;
#979 = DIRECTION ( 'NONE',  ( -0.0000000000000000000, -0.0000000000000000000, -1.000000000000000000 ) ) ;
#980 = CARTESIAN_POINT ( 'NONE',  ( -1.548999999999999900, -0.3479999999999999800, 0.05099999999999999700 ) ) ;
#981 = ORIENTED_EDGE ( 'NONE', *, *, #791, .T. ) ;
#982 = PRESENTATION_LAYER_ASSIGNMENT (  '', '', ( #1342 ) ) ;
#983 = ADVANCED_FACE ( 'NONE', ( #1641 ), #2321, .T. ) ;
#984 = ORIENTED_EDGE ( 'NONE', *, *, #2097, .F. ) ;
#985 = CARTESIAN_POINT ( 'NONE',  ( -1.041000000000000100, -0.1520000000000000000, 0.0000000000000000000 ) ) ;
#986 = EDGE_CURVE ( 'NONE', #1856, #1089, #626, .T. ) ;
#987 = VECTOR ( 'NONE', #754, 1000.000000000000000 ) ;
#988 = DIRECTION ( 'NONE',  ( 0.0000000000000000000, 1.000000000000000000, 0.0000000000000000000 ) ) ;
#989 = VECTOR ( 'NONE', #294, 1000.000000000000000 ) ;
#990 = DIRECTION ( 'NONE',  ( 0.0000000000000000000, 0.0000000000000000000, 1.000000000000000000 ) ) ;
#991 = EDGE_CURVE ( 'NONE', #729, #1565, #108, .T. ) ;
#992 = ADVANCED_FACE ( 'NONE', ( #567 ), #1040, .T. ) ;
#993 = VECTOR ( 'NONE', #423, 1000.000000000000000 ) ;
#994 = DIRECTION ( 'NONE',  ( -0.0000000000000000000, 0.0000000000000000000, -1.000000000000000000 ) ) ;
#995 = ORIENTED_EDGE ( 'NONE', *, *, #161, .T. ) ;
#996 = LINE ( 'NONE', #330, #1056 ) ;
#997 = VERTEX_POINT ( 'NONE', #1857 ) ;
#998 = EDGE_LOOP ( 'NONE', ( #348, #572, #1714, #2068 ) ) ;
#999 = CARTESIAN_POINT ( 'NONE',  ( 1.548999999999999900, -1.548999999999999900, 0.8129999999999999400 ) ) ;
#1000 = CARTESIAN_POINT ( 'NONE',  ( 1.548999999999999900, 1.152000000000000100, 0.05099999999999999700 ) ) ;
#1001 = VERTEX_POINT ( 'NONE', #881 ) ;
#1002 = VECTOR ( 'NONE', #2360, 1000.000000000000000 ) ;
#1003 = ORIENTED_EDGE ( 'NONE', *, *, #2061, .T. ) ;
#1004 = ADVANCED_FACE ( 'NONE', ( #40 ), #1077, .T. ) ;
#1005 = DIRECTION ( 'NONE',  ( 0.0000000000000000000, 0.0000000000000000000, -1.000000000000000000 ) ) ;
#1006 = EDGE_CURVE ( 'NONE', #1726, #1028, #2023, .T. ) ;
#1007 = ORIENTED_EDGE ( 'NONE', *, *, #2136, .F. ) ;
#1008 = COLOUR_RGB ( '',0.7215686274509803800, 0.7215686274509803800, 0.7215686274509803800 ) ;
#1009 = VERTEX_POINT ( 'NONE', #1249 ) ;
#1010 = AXIS2_PLACEMENT_3D ( 'NONE', #254, #2149, #825 ) ;
#1011 = CARTESIAN_POINT ( 'NONE',  ( -1.548999999999999900, 0.3479999999999999800, 0.4060000000000000800 ) ) ;
#1012 = FACE_OUTER_BOUND ( 'NONE', #1895, .T. ) ;
#1013 = VECTOR ( 'NONE', #1653, 1000.000000000000000 ) ;
#1014 = DIRECTION ( 'NONE',  ( -1.000000000000000000, -0.0000000000000000000, -0.0000000000000000000 ) ) ;
#1015 = AXIS2_PLACEMENT_3D ( 'NONE', #1280, #1829, #1520 ) ;
#1016 = LINE ( 'NONE', #298, #508 ) ;
#1017 = DIRECTION ( 'NONE',  ( 1.000000000000000000, 0.0000000000000000000, -0.0000000000000000000 ) ) ;
#1018 = EDGE_CURVE ( 'NONE', #1935, #729, #1016, .T. ) ;
#1019 = LINE ( 'NONE', #2079, #511 ) ;
#1020 = CARTESIAN_POINT ( 'NONE',  ( 1.548999999999999900, -0.6520000000000000200, 0.0000000000000000000 ) ) ;
#1021 = PLANE ( 'NONE',  #575 ) ;
#1022 = ORIENTED_EDGE ( 'NONE', *, *, #360, .T. ) ;
#1023 = AXIS2_PLACEMENT_3D ( 'NONE', #1237, #1050, #2167 ) ;
#1024 = FACE_OUTER_BOUND ( 'NONE', #949, .T. ) ;
#1025 = PLANE ( 'NONE',  #1486 ) ;
#1026 = CARTESIAN_POINT ( 'NONE',  ( -1.041000000000000100, -0.1520000000000000000, 0.0000000000000000000 ) ) ;
#1027 = ORIENTED_EDGE ( 'NONE', *, *, #1690, .F. ) ;
#1028 = VERTEX_POINT ( 'NONE', #2006 ) ;
#1029 = EDGE_LOOP ( 'NONE', ( #2087, #2260, #1314, #1054, #211, #163 ) ) ;
#1030 = ORIENTED_EDGE ( 'NONE', *, *, #986, .F. ) ;
#1031 = DIRECTION ( 'NONE',  ( 0.0000000000000000000, -0.0000000000000000000, 1.000000000000000000 ) ) ;
#1032 = PLANE ( 'NONE',  #1207 ) ;
#1033 = DIRECTION ( 'NONE',  ( -1.000000000000000000, 0.0000000000000000000, -0.0000000000000000000 ) ) ;
#1034 = EDGE_CURVE ( 'NONE', #1935, #728, #2134, .T. ) ;
#1035 = ORIENTED_EDGE ( 'NONE', *, *, #1073, .T. ) ;
#1036 = DIRECTION ( 'NONE',  ( -1.000000000000000000, 0.0000000000000000000, 0.0000000000000000000 ) ) ;
#1037 = PLANE ( 'NONE',  #453 ) ;
#1038 = ORIENTED_EDGE ( 'NONE', *, *, #223, .T. ) ;
#1039 = EDGE_CURVE ( 'NONE', #1420, #1745, #2437, .T. ) ;
#1040 = PLANE ( 'NONE',  #1527 ) ;
#1041 = PLANE ( 'NONE',  #1975 ) ;
#1042 = CARTESIAN_POINT ( 'NONE',  ( -1.041000000000000100, 0.6520000000000000200, 0.0000000000000000000 ) ) ;
#1043 = DIRECTION ( 'NONE',  ( 0.0000000000000000000, 0.0000000000000000000, 1.000000000000000000 ) ) ;
#1044 = PLANE ( 'NONE',  #1544 ) ;
#1045 = DIRECTION ( 'NONE',  ( 1.000000000000000000, 0.0000000000000000000, 0.0000000000000000000 ) ) ;
#1046 = AXIS2_PLACEMENT_3D ( 'NONE', #2058, #1508, #757 ) ;
#1047 = CARTESIAN_POINT ( 'NONE',  ( 1.041000000000000100, -0.8479999999999999800, 0.0000000000000000000 ) ) ;
#1048 = DIRECTION ( 'NONE',  ( 0.0000000000000000000, -1.000000000000000000, 0.0000000000000000000 ) ) ;
#1049 = VECTOR ( 'NONE', #2001, 1000.000000000000000 ) ;
#1050 = DIRECTION ( 'NONE',  ( 1.000000000000000000, 0.0000000000000000000, -0.0000000000000000000 ) ) ;
#1051 = EDGE_CURVE ( 'NONE', #2425, #1749, #1470, .T. ) ;
#1052 = AXIS2_PLACEMENT_3D ( 'NONE', #280, #671, #1996 ) ;
#1053 = COLOUR_RGB ( '',0.7215686274509803800, 0.7215686274509803800, 0.7215686274509803800 ) ;
#1054 = ORIENTED_EDGE ( 'NONE', *, *, #631, .T. ) ;
#1055 = DIRECTION ( 'NONE',  ( -0.0000000000000000000, -0.0000000000000000000, -1.000000000000000000 ) ) ;
#1056 = VECTOR ( 'NONE', #1850, 1000.000000000000000 ) ;
#1057 = FACE_OUTER_BOUND ( 'NONE', #1104, .T. ) ;
#1058 = VERTEX_POINT ( 'NONE', #859 ) ;
#1059 = DIRECTION ( 'NONE',  ( -0.0000000000000000000, -1.000000000000000000, -0.0000000000000000000 ) ) ;
#1060 = DIRECTION ( 'NONE',  ( 0.0000000000000000000, -0.0000000000000000000, -1.000000000000000000 ) ) ;
#1061 = LINE ( 'NONE', #250, #1934 ) ;
#1062 = ORIENTED_EDGE ( 'NONE', *, *, #1239, .F. ) ;
#1063 = CARTESIAN_POINT ( 'NONE',  ( 1.548999999999999900, -0.6520000000000000200, 0.0000000000000000000 ) ) ;
#1064 = CARTESIAN_POINT ( 'NONE',  ( -1.548999999999999900, -0.8479999999999999800, 0.05099999999999999700 ) ) ;
#1065 = ORIENTED_EDGE ( 'NONE', *, *, #2094, .T. ) ;
#1066 =( NAMED_UNIT ( * ) PLANE_ANGLE_UNIT ( ) SI_UNIT ( $, .RADIAN. ) );
#1067 = DIRECTION ( 'NONE',  ( -0.0000000000000000000, -1.000000000000000000, -0.0000000000000000000 ) ) ;
#1068 = DIRECTION ( 'NONE',  ( 0.0000000000000000000, -0.0000000000000000000, -1.000000000000000000 ) ) ;
#1069 = VECTOR ( 'NONE', #1071, 1000.000000000000000 ) ;
#1070 = ORIENTED_EDGE ( 'NONE', *, *, #1373, .F. ) ;
#1071 = DIRECTION ( 'NONE',  ( 0.0000000000000000000, -0.0000000000000000000, -1.000000000000000000 ) ) ;
#1072 = SURFACE_SIDE_STYLE ('',( #2252 ) ) ;
#1073 = EDGE_CURVE ( 'NONE', #1089, #1366, #1533, .T. ) ;
#1074 = ORIENTED_EDGE ( 'NONE', *, *, #1402, .F. ) ;
#1075 = FACE_OUTER_BOUND ( 'NONE', #2071, .T. ) ;
#1076 = DIRECTION ( 'NONE',  ( 0.0000000000000000000, -0.0000000000000000000, 1.000000000000000000 ) ) ;
#1077 = PLANE ( 'NONE',  #1769 ) ;
#1078 = VECTOR ( 'NONE', #1493, 1000.000000000000000 ) ;
#1079 = DIRECTION ( 'NONE',  ( -1.000000000000000000, -0.0000000000000000000, 0.0000000000000000000 ) ) ;
#1080 = PLANE ( 'NONE',  #1313 ) ;
#1081 = DIRECTION ( 'NONE',  ( 0.0000000000000000000, -0.0000000000000000000, 1.000000000000000000 ) ) ;
#1082 = VECTOR ( 'NONE', #176, 1000.000000000000000 ) ;
#1083 = VECTOR ( 'NONE', #478, 1000.000000000000000 ) ;
#1084 = VECTOR ( 'NONE', #765, 1000.000000000000000 ) ;
#1085 = CARTESIAN_POINT ( 'NONE',  ( 1.548999999999999900, 0.1520000000000000000, 0.0000000000000000000 ) ) ;
#1086 = VECTOR ( 'NONE', #469, 1000.000000000000000 ) ;
#1087 = CARTESIAN_POINT ( 'NONE',  ( -1.548999999999999900, -0.8479999999999999800, 0.05099999999999999700 ) ) ;
#1088 = CARTESIAN_POINT ( 'NONE',  ( 1.041000000000000100, -0.1520000000000000000, 0.0000000000000000000 ) ) ;
#1089 = VERTEX_POINT ( 'NONE', #1972 ) ;
#1090 = VECTOR ( 'NONE', #290, 1000.000000000000000 ) ;
#1091 = ORIENTED_EDGE ( 'NONE', *, *, #91, .T. ) ;
#1092 = EDGE_CURVE ( 'NONE', #1828, #276, #899, .T. ) ;
#1093 = LINE ( 'NONE', #2403, #16 ) ;
#1094 = CARTESIAN_POINT ( 'NONE',  ( -1.548999999999999900, 1.548999999999999900, 0.05099999999999999700 ) ) ;
#1095 = VERTEX_POINT ( 'NONE', #67 ) ;
#1096 = DIRECTION ( 'NONE',  ( 1.000000000000000000, 0.0000000000000000000, -0.0000000000000000000 ) ) ;
#1097 = ORIENTED_EDGE ( 'NONE', *, *, #350, .T. ) ;
#1098 =( NAMED_UNIT ( * ) SI_UNIT ( $, .STERADIAN. ) SOLID_ANGLE_UNIT ( ) );
#1099 = DIRECTION ( 'NONE',  ( -1.000000000000000000, -0.0000000000000000000, 0.0000000000000000000 ) ) ;
#1100 = PLANE ( 'NONE',  #2197 ) ;
#1101 = EDGE_LOOP ( 'NONE', ( #2016, #1709, #2310, #2377 ) ) ;
#1102 = FILL_AREA_STYLE_COLOUR ( '', #1374 ) ;
#1103 = CARTESIAN_POINT ( 'NONE',  ( 1.041000000000000100, 0.8479999999999999800, 0.0000000000000000000 ) ) ;
#1104 = EDGE_LOOP ( 'NONE', ( #1382, #23, #372, #2333, #1973, #1070 ) ) ;
#1105 = PLANE ( 'NONE',  #957 ) ;
#1106 =( LENGTH_UNIT ( ) NAMED_UNIT ( * ) SI_UNIT ( .MILLI., .METRE. ) );
#1107 =( NAMED_UNIT ( * ) SI_UNIT ( $, .STERADIAN. ) SOLID_ANGLE_UNIT ( ) );
#1108 = DIRECTION ( 'NONE',  ( -1.000000000000000000, 0.0000000000000000000, 0.0000000000000000000 ) ) ;
#1109 = EDGE_CURVE ( 'NONE', #1177, #1357, #2387, .T. ) ;
#1110 = CARTESIAN_POINT ( 'NONE',  ( 1.548999999999999900, -0.8479999999999999800, 0.4060000000000000800 ) ) ;
#1111 = AXIS2_PLACEMENT_3D ( 'NONE', #1751, #9, #1172 ) ;
#1112 = CARTESIAN_POINT ( 'NONE',  ( -1.548999999999999900, 0.8479999999999999800, 0.05099999999999999700 ) ) ;
#1113 = PRESENTATION_STYLE_ASSIGNMENT (( #139 ) ) ;
#1114 = DIRECTION ( 'NONE',  ( 1.000000000000000000, 0.0000000000000000000, 0.0000000000000000000 ) ) ;
#1115 = DIRECTION ( 'NONE',  ( 1.000000000000000000, 0.0000000000000000000, -0.0000000000000000000 ) ) ;
#1116 = VECTOR ( 'NONE', #1634, 1000.000000000000000 ) ;
#1117 = DIRECTION ( 'NONE',  ( 0.0000000000000000000, -0.0000000000000000000, 1.000000000000000000 ) ) ;
#1118 = CARTESIAN_POINT ( 'NONE',  ( -1.041000000000000100, -0.8479999999999999800, 0.0000000000000000000 ) ) ;
#1119 = VERTEX_POINT ( 'NONE', #1428 ) ;
#1120 = LINE ( 'NONE', #2238, #2055 ) ;
#1121 = EDGE_CURVE ( 'NONE', #1579, #1157, #1406, .T. ) ;
#1122 = DIRECTION ( 'NONE',  ( -0.0000000000000000000, -1.000000000000000000, -0.0000000000000000000 ) ) ;
#1123 = ORIENTED_EDGE ( 'NONE', *, *, #1210, .T. ) ;
#1124 = ORIENTED_EDGE ( 'NONE', *, *, #110, .T. ) ;
#1125 = EDGE_LOOP ( 'NONE', ( #814, #1494, #2053, #2233 ) ) ;
#1126 = CARTESIAN_POINT ( 'NONE',  ( 1.041000000000000100, 0.1520000000000000000, 0.0000000000000000000 ) ) ;
#1127 = FACE_OUTER_BOUND ( 'NONE', #2279, .T. ) ;
#1128 = VERTEX_POINT ( 'NONE', #1232 ) ;
#1129 = FILL_AREA_STYLE_COLOUR ( '', #838 ) ;
#1130 = ORIENTED_EDGE ( 'NONE', *, *, #179, .T. ) ;
#1131 = DIRECTION ( 'NONE',  ( -0.0000000000000000000, 0.0000000000000000000, 1.000000000000000000 ) ) ;
#1132 = DIRECTION ( 'NONE',  ( 1.000000000000000000, 0.0000000000000000000, -0.0000000000000000000 ) ) ;
#1133 = VERTEX_POINT ( 'NONE', #1784 ) ;
#1134 = CARTESIAN_POINT ( 'NONE',  ( 1.041000000000000100, 0.3479999999999999800, 0.0000000000000000000 ) ) ;
#1135 = ADVANCED_FACE ( 'NONE', ( #1352 ), #2200, .T. ) ;
#1136 = CARTESIAN_POINT ( 'NONE',  ( -1.548999999999999900, -1.548999999999999900, 0.05099999999999999700 ) ) ;
#1137 = EDGE_CURVE ( 'NONE', #1519, #61, #2273, .T. ) ;
#1138 = LINE ( 'NONE', #1896, #622 ) ;
#1139 =( NAMED_UNIT ( * ) SI_UNIT ( $, .STERADIAN. ) SOLID_ANGLE_UNIT ( ) );
#1140 = LINE ( 'NONE', #1661, #170 ) ;
#1141 = VECTOR ( 'NONE', #1208, 1000.000000000000000 ) ;
#1142 = CARTESIAN_POINT ( 'NONE',  ( -1.548999999999999900, 0.6520000000000000200, 0.0000000000000000000 ) ) ;
#1143 = LINE ( 'NONE', #1201, #111 ) ;
#1144 = ADVANCED_FACE ( 'NONE', ( #328 ), #1288, .T. ) ;
#1145 = VERTEX_POINT ( 'NONE', #2039 ) ;
#1146 = ORIENTED_EDGE ( 'NONE', *, *, #571, .F. ) ;
#1147 = LINE ( 'NONE', #569, #1792 ) ;
#1148 = CARTESIAN_POINT ( 'NONE',  ( 1.548999999999999900, -0.3479999999999999800, 0.0000000000000000000 ) ) ;
#1149 = CLOSED_SHELL ( 'NONE', ( #394, #216, #1944, #361, #1380, #1717 ) ) ;
#1150 = EDGE_CURVE ( 'NONE', #218, #2196, #2329, .T. ) ;
#1151 = ORIENTED_EDGE ( 'NONE', *, *, #741, .F. ) ;
#1152 = VERTEX_POINT ( 'NONE', #1244 ) ;
#1153 = FILL_AREA_STYLE_COLOUR ( '', #2212 ) ;
#1154 = ADVANCED_FACE ( 'NONE', ( #2217 ), #1459, .T. ) ;
#1155 = PLANE ( 'NONE',  #1188 ) ;
#1156 = FILL_AREA_STYLE_COLOUR ( '', #333 ) ;
#1157 = VERTEX_POINT ( 'NONE', #2332 ) ;
#1158 = CLOSED_SHELL ( 'NONE', ( #775, #1135, #406, #614, #1510, #155, #1761 ) ) ;
#1159 = CARTESIAN_POINT ( 'NONE',  ( 1.548999999999999900, -0.1520000000000000000, 0.05099999999999999700 ) ) ;
#1160 = VECTOR ( 'NONE', #663, 1000.000000000000000 ) ;
#1161 = EDGE_CURVE ( 'NONE', #674, #2196, #1789, .T. ) ;
#1162 = DIRECTION ( 'NONE',  ( -0.0000000000000000000, 0.0000000000000000000, -1.000000000000000000 ) ) ;
#1163 = CIRCLE ( 'NONE', #2101, 0.07747000000000005300 ) ;
#1164 = EDGE_CURVE ( 'NONE', #208, #1133, #776, .T. ) ;
#1165 = ADVANCED_FACE ( 'NONE', ( #1734 ), #819, .T. ) ;
#1166 = LINE ( 'NONE', #2144, #709 ) ;
#1167 = DIRECTION ( 'NONE',  ( -1.000000000000000000, -0.0000000000000000000, 0.0000000000000000000 ) ) ;
#1168 = UNCERTAINTY_MEASURE_WITH_UNIT (LENGTH_MEASURE( 1.000000000000000100E-005 ), #217, 'distance_accuracy_value', 'NONE');
#1169 = FACE_OUTER_BOUND ( 'NONE', #2257, .T. ) ;
#1170 = DIRECTION ( 'NONE',  ( 0.0000000000000000000, 0.0000000000000000000, 1.000000000000000000 ) ) ;
#1171 = ORIENTED_EDGE ( 'NONE', *, *, #374, .T. ) ;
#1172 = DIRECTION ( 'NONE',  ( -1.000000000000000000, 0.0000000000000000000, -0.0000000000000000000 ) ) ;
#1173 = ORIENTED_EDGE ( 'NONE', *, *, #2136, .T. ) ;
#1174 = ORIENTED_EDGE ( 'NONE', *, *, #2019, .T. ) ;
#1175 = ADVANCED_FACE ( 'NONE', ( #1669 ), #1021, .T. ) ;
#1176 = EDGE_CURVE ( 'NONE', #1058, #719, #1166, .T. ) ;
#1177 = VERTEX_POINT ( 'NONE', #1290 ) ;
#1178 = MANIFOLD_SOLID_BREP ( 'Imported3', #1149 ) ;
#1179 = EDGE_LOOP ( 'NONE', ( #484, #1003, #554, #971 ) ) ;
#1180 = CARTESIAN_POINT ( 'NONE',  ( -1.548999999999999900, 1.548999999999999900, 0.05099999999999999700 ) ) ;
#1181 = AXIS2_PLACEMENT_3D ( 'NONE', #931, #2056, #727 ) ;
#1182 = CARTESIAN_POINT ( 'NONE',  ( -1.041000000000000100, 0.1520000000000000000, 0.0000000000000000000 ) ) ;
#1183 = VECTOR ( 'NONE', #314, 1000.000000000000000 ) ;
#1184 = ORIENTED_EDGE ( 'NONE', *, *, #445, .T. ) ;
#1185 = ORIENTED_EDGE ( 'NONE', *, *, #1092, .T. ) ;
#1186 = DIRECTION ( 'NONE',  ( -0.0000000000000000000, 0.0000000000000000000, -1.000000000000000000 ) ) ;
#1187 = ADVANCED_FACE ( 'NONE', ( #653 ), #868, .T. ) ;
#1188 = AXIS2_PLACEMENT_3D ( 'NONE', #2319, #1005, #1353 ) ;
#1189 = LINE ( 'NONE', #1112, #2130 ) ;
#1190 = EDGE_CURVE ( 'NONE', #1554, #518, #2408, .T. ) ;
#1191 = FACE_OUTER_BOUND ( 'NONE', #375, .T. ) ;
#1192 = FILL_AREA_STYLE_COLOUR ( '', #2158 ) ;
#1193 = VECTOR ( 'NONE', #1966, 1000.000000000000000 ) ;
#1194 = AXIS2_PLACEMENT_3D ( 'NONE', #1495, #145, #1305 ) ;
#1195 = LINE ( 'NONE', #1159, #628 ) ;
#1196 =( NAMED_UNIT ( * ) SI_UNIT ( $, .STERADIAN. ) SOLID_ANGLE_UNIT ( ) );
#1197 = ORIENTED_EDGE ( 'NONE', *, *, #645, .T. ) ;
#1198 =( GEOMETRIC_REPRESENTATION_CONTEXT ( 3 ) GLOBAL_UNCERTAINTY_ASSIGNED_CONTEXT ( ( #2214 ) ) GLOBAL_UNIT_ASSIGNED_CONTEXT ( ( #1287, #746, #190 ) ) REPRESENTATION_CONTEXT ( 'NONE', 'WORKASPACE' ) );
#1199 = CARTESIAN_POINT ( 'NONE',  ( 1.548999999999999900, 0.3479999999999999800, 0.0000000000000000000 ) ) ;
#1200 = ORIENTED_EDGE ( 'NONE', *, *, #390, .T. ) ;
#1201 = CARTESIAN_POINT ( 'NONE',  ( 1.548999999999999900, -0.1520000000000000000, 0.0000000000000000000 ) ) ;
#1202 = VERTEX_POINT ( 'NONE', #1234 ) ;
#1203 = CARTESIAN_POINT ( 'NONE',  ( 1.041000000000000100, -0.6520000000000000200, 0.0000000000000000000 ) ) ;
#1204 = CARTESIAN_POINT ( 'NONE',  ( 1.548999999999999900, 0.3479999999999999800, 0.05099999999999999700 ) ) ;
#1205 = VERTEX_POINT ( 'NONE', #1439 ) ;
#1206 = EDGE_CURVE ( 'NONE', #1095, #1577, #932, .T. ) ;
#1207 = AXIS2_PLACEMENT_3D ( 'NONE', #2335, #63, #1414 ) ;
#1208 = DIRECTION ( 'NONE',  ( -0.0000000000000000000, -1.000000000000000000, -0.0000000000000000000 ) ) ;
#1209 = CARTESIAN_POINT ( 'NONE',  ( -1.041000000000000100, 0.3479999999999999800, 0.0000000000000000000 ) ) ;
#1210 = EDGE_CURVE ( 'NONE', #93, #1543, #138, .T. ) ;
#1211 = ORIENTED_EDGE ( 'NONE', *, *, #1673, .T. ) ;
#1212 = ORIENTED_EDGE ( 'NONE', *, *, #1906, .F. ) ;
#1213 = AXIS2_PLACEMENT_3D ( 'NONE', #439, #1794, #395 ) ;
#1214 = PLANE ( 'NONE',  #2411 ) ;
#1215 = ORIENTED_EDGE ( 'NONE', *, *, #1804, .F. ) ;
#1216 = DIRECTION ( 'NONE',  ( 0.0000000000000000000, 1.000000000000000000, 0.0000000000000000000 ) ) ;
#1217 = VECTOR ( 'NONE', #83, 1000.000000000000000 ) ;
#1218 = COLOUR_RGB ( '',0.7215686274509803800, 0.7215686274509803800, 0.7215686274509803800 ) ;
#1219 = VECTOR ( 'NONE', #2143, 1000.000000000000000 ) ;
#1220 = CARTESIAN_POINT ( 'NONE',  ( -1.548999999999999900, 1.152000000000000100, 0.0000000000000000000 ) ) ;
#1221 = EDGE_CURVE ( 'NONE', #1603, #725, #1432, .T. ) ;
#1222 = FACE_OUTER_BOUND ( 'NONE', #2263, .T. ) ;
#1223 = LINE ( 'NONE', #1954, #264 ) ;
#1224 = CARTESIAN_POINT ( 'NONE',  ( 1.548999999999999900, -0.1520000000000000000, 0.05099999999999999700 ) ) ;
#1225 = CARTESIAN_POINT ( 'NONE',  ( -1.041000000000000100, 0.3479999999999999800, 0.0000000000000000000 ) ) ;
#1226 = EDGE_LOOP ( 'NONE', ( #189, #82, #786, #1367 ) ) ;
#1227 =( NAMED_UNIT ( * ) PLANE_ANGLE_UNIT ( ) SI_UNIT ( $, .RADIAN. ) );
#1228 = ORIENTED_EDGE ( 'NONE', *, *, #1566, .F. ) ;
#1229 = LINE ( 'NONE', #17, #1978 ) ;
#1230 = PLANE ( 'NONE',  #2206 ) ;
#1231 = ORIENTED_EDGE ( 'NONE', *, *, #1092, .F. ) ;
#1232 = CARTESIAN_POINT ( 'NONE',  ( -1.548999999999999900, 1.548999999999999900, 0.05099999999999999700 ) ) ;
#1233 = AXIS2_PLACEMENT_3D ( 'NONE', #1248, #576, #2044 ) ;
#1234 = CARTESIAN_POINT ( 'NONE',  ( 1.548999999999999900, 1.152000000000000100, 0.0000000000000000000 ) ) ;
#1235 = ORIENTED_EDGE ( 'NONE', *, *, #1668, .T. ) ;
#1236 = DIRECTION ( 'NONE',  ( 0.0000000000000000000, -0.0000000000000000000, -1.000000000000000000 ) ) ;
#1237 = CARTESIAN_POINT ( 'NONE',  ( 0.8760000000000000000, -1.245000000000000300, 0.0000000000000000000 ) ) ;
#1238 = LINE ( 'NONE', #88, #214 ) ;
#1239 = EDGE_CURVE ( 'NONE', #525, #882, #465, .T. ) ;
#1240 = ORIENTED_EDGE ( 'NONE', *, *, #110, .F. ) ;
#1241 = ORIENTED_EDGE ( 'NONE', *, *, #1706, .T. ) ;
#1242 = STYLED_ITEM ( 'NONE', ( #2222 ), #11 ) ;
#1243 = PLANE ( 'NONE',  #1448 ) ;
#1244 = CARTESIAN_POINT ( 'NONE',  ( -1.548999999999999900, -0.6520000000000000200, 0.0000000000000000000 ) ) ;
#1245 = ORIENTED_EDGE ( 'NONE', *, *, #2120, .F. ) ;
#1246 = DIRECTION ( 'NONE',  ( 0.0000000000000000000, -1.000000000000000000, 0.0000000000000000000 ) ) ;
#1247 = CARTESIAN_POINT ( 'NONE',  ( -1.548999999999999900, 0.3479999999999999800, 0.0000000000000000000 ) ) ;
#1248 = CARTESIAN_POINT ( 'NONE',  ( -0.8760000000000000000, -1.245000000000000300, 0.05099999999999999700 ) ) ;
#1249 = CARTESIAN_POINT ( 'NONE',  ( -1.041000000000000100, 0.1520000000000000000, 0.0000000000000000000 ) ) ;
#1250 = VECTOR ( 'NONE', #1170, 1000.000000000000000 ) ;
#1251 = VECTOR ( 'NONE', #263, 1000.000000000000000 ) ;
#1252 = CARTESIAN_POINT ( 'NONE',  ( -1.548999999999999900, 0.6520000000000000200, 0.05099999999999999700 ) ) ;
#1253 = CARTESIAN_POINT ( 'NONE',  ( 1.548999999999999900, 1.152000000000000100, 0.05099999999999999700 ) ) ;
#1254 = LINE ( 'NONE', #1356, #2190 ) ;
#1255 = EDGE_CURVE ( 'NONE', #882, #518, #1378, .T. ) ;
#1256 = SURFACE_STYLE_FILL_AREA ( #339 ) ;
#1257 = ORIENTED_EDGE ( 'NONE', *, *, #415, .F. ) ;
#1258 = CARTESIAN_POINT ( 'NONE',  ( 1.548999999999999900, -0.6520000000000000200, 0.05099999999999999700 ) ) ;
#1259 = COLOUR_RGB ( '',0.7215686274509803800, 0.7215686274509803800, 0.7215686274509803800 ) ;
#1260 = DIRECTION ( 'NONE',  ( -1.000000000000000000, 0.0000000000000000000, 0.0000000000000000000 ) ) ;
#1261 = LINE ( 'NONE', #831, #29 ) ;
#1262 = AXIS2_PLACEMENT_3D ( 'NONE', #1410, #829, #2046 ) ;
#1263 = ORIENTED_EDGE ( 'NONE', *, *, #1501, .F. ) ;
#1264 = CARTESIAN_POINT ( 'NONE',  ( -1.240000000000000000, 1.000000000000000000, 0.8129999999999999400 ) ) ;
#1265 = CARTESIAN_POINT ( 'NONE',  ( 1.041000000000000100, -0.1520000000000000000, 0.0000000000000000000 ) ) ;
#1266 = VERTEX_POINT ( 'NONE', #326 ) ;
#1267 = ORIENTED_EDGE ( 'NONE', *, *, #1690, .T. ) ;
#1268 = AXIS2_PLACEMENT_3D ( 'NONE', #2080, #966, #2205 ) ;
#1269 = PLANE ( 'NONE',  #1233 ) ;
#1270 = DIRECTION ( 'NONE',  ( 0.0000000000000000000, -1.000000000000000000, 0.0000000000000000000 ) ) ;
#1271 = DIRECTION ( 'NONE',  ( 0.0000000000000000000, 0.0000000000000000000, 1.000000000000000000 ) ) ;
#1272 = FACE_OUTER_BOUND ( 'NONE', #1764, .T. ) ;
#1273 = ORIENTED_EDGE ( 'NONE', *, *, #56, .T. ) ;
#1274 = DIRECTION ( 'NONE',  ( -1.000000000000000000, 0.0000000000000000000, 0.0000000000000000000 ) ) ;
#1275 = EDGE_CURVE ( 'NONE', #427, #816, #356, .T. ) ;
#1276 = ORIENTED_EDGE ( 'NONE', *, *, #2405, .T. ) ;
#1277 = ORIENTED_EDGE ( 'NONE', *, *, #760, .F. ) ;
#1278 = AXIS2_PLACEMENT_3D ( 'NONE', #1991, #459, #1618 ) ;
#1279 = CARTESIAN_POINT ( 'NONE',  ( -1.041000000000000100, -1.152000000000000100, 0.0000000000000000000 ) ) ;
#1280 = CARTESIAN_POINT ( 'NONE',  ( 1.548999999999999900, 0.6520000000000000200, 0.0000000000000000000 ) ) ;
#1281 = VECTOR ( 'NONE', #114, 1000.000000000000000 ) ;
#1282 = DIRECTION ( 'NONE',  ( 0.0000000000000000000, -0.0000000000000000000, -1.000000000000000000 ) ) ;
#1283 = PLANE ( 'NONE',  #1933 ) ;
#1284 = AXIS2_PLACEMENT_3D ( 'NONE', #2366, #1994, #1316 ) ;
#1285 = FACE_OUTER_BOUND ( 'NONE', #1179, .T. ) ;
#1286 = VECTOR ( 'NONE', #1836, 1000.000000000000000 ) ;
#1287 =( LENGTH_UNIT ( ) NAMED_UNIT ( * ) SI_UNIT ( .MILLI., .METRE. ) );
#1288 = PLANE ( 'NONE',  #2261 ) ;
#1289 = FACE_OUTER_BOUND ( 'NONE', #1487, .T. ) ;
#1290 = CARTESIAN_POINT ( 'NONE',  ( 1.041000000000000100, 0.6520000000000000200, 0.0000000000000000000 ) ) ;
#1291 = EDGE_CURVE ( 'NONE', #32, #1058, #1821, .T. ) ;
#1292 = APPLICATION_PROTOCOL_DEFINITION ( 'draft international standard', 'automotive_design', 1998, #1488 ) ;
#1293 = PLANE ( 'NONE',  #1710 ) ;
#1294 = LINE ( 'NONE', #768, #2277 ) ;
#1295 = LINE ( 'NONE', #1948, #2413 ) ;
#1296 = EDGE_LOOP ( 'NONE', ( #1951, #2225, #973, #789 ) ) ;
#1297 = EDGE_CURVE ( 'NONE', #1357, #1420, #2359, .T. ) ;
#1298 = CARTESIAN_POINT ( 'NONE',  ( -1.548999999999999900, -1.152000000000000100, 0.05099999999999999700 ) ) ;
#1299 = CARTESIAN_POINT ( 'NONE',  ( 1.548999999999999900, 0.8479999999999999800, 0.0000000000000000000 ) ) ;
#1300 = ORIENTED_EDGE ( 'NONE', *, *, #24, .F. ) ;
#1301 = FACE_OUTER_BOUND ( 'NONE', #25, .T. ) ;
#1302 = ORIENTED_EDGE ( 'NONE', *, *, #2208, .F. ) ;
#1303 = CARTESIAN_POINT ( 'NONE',  ( -1.041000000000000100, -0.6520000000000000200, 0.0000000000000000000 ) ) ;
#1304 = APPLICATION_CONTEXT ( 'automotive_design' ) ;
#1305 = DIRECTION ( 'NONE',  ( -0.0000000000000000000, 0.0000000000000000000, -1.000000000000000000 ) ) ;
#1306 = ORIENTED_EDGE ( 'NONE', *, *, #38, .F. ) ;
#1307 = EDGE_LOOP ( 'NONE', ( #2390, #695, #460, #1626 ) ) ;
#1308 = CARTESIAN_POINT ( 'NONE',  ( -0.8760000000000000000, -1.245000000000000300, 0.05099999999999999700 ) ) ;
#1309 = ORIENTED_EDGE ( 'NONE', *, *, #1986, .T. ) ;
#1310 = DIRECTION ( 'NONE',  ( -1.000000000000000000, -0.0000000000000000000, 0.0000000000000000000 ) ) ;
#1311 = ORIENTED_EDGE ( 'NONE', *, *, #505, .T. ) ;
#1312 = EDGE_CURVE ( 'NONE', #1726, #1631, #799, .T. ) ;
#1313 = AXIS2_PLACEMENT_3D ( 'NONE', #2192, #1462, #312 ) ;
#1314 = ORIENTED_EDGE ( 'NONE', *, *, #252, .F. ) ;
#1315 = CARTESIAN_POINT ( 'NONE',  ( 1.548999999999999900, -0.1520000000000000000, 0.05099999999999999700 ) ) ;
#1316 = DIRECTION ( 'NONE',  ( 0.0000000000000000000, -0.0000000000000000000, -1.000000000000000000 ) ) ;
#1317 = CARTESIAN_POINT ( 'NONE',  ( 0.8760000000000000000, -1.245000000000000300, 0.05099999999999999700 ) ) ;
#1318 = VECTOR ( 'NONE', #759, 1000.000000000000000 ) ;
#1319 = DIRECTION ( 'NONE',  ( 0.0000000000000000000, 1.000000000000000000, -0.0000000000000000000 ) ) ;
#1320 = AXIS2_PLACEMENT_3D ( 'NONE', #751, #1583, #1881 ) ;
#1321 = ADVANCED_FACE ( 'NONE', ( #2248 ), #1898, .T. ) ;
#1322 = DIRECTION ( 'NONE',  ( 1.000000000000000000, 0.0000000000000000000, -0.0000000000000000000 ) ) ;
#1323 = FACE_OUTER_BOUND ( 'NONE', #1029, .T. ) ;
#1324 = VERTEX_POINT ( 'NONE', #1919 ) ;
#1325 = VECTOR ( 'NONE', #1081, 1000.000000000000000 ) ;
#1326 = EDGE_CURVE ( 'NONE', #1324, #1543, #227, .T. ) ;
#1327 =( NAMED_UNIT ( * ) SI_UNIT ( $, .STERADIAN. ) SOLID_ANGLE_UNIT ( ) );
#1328 = VECTOR ( 'NONE', #1431, 1000.000000000000000 ) ;
#1329 = EDGE_LOOP ( 'NONE', ( #397, #633, #311, #857, #1563, #1231 ) ) ;
#1330 =( LENGTH_UNIT ( ) NAMED_UNIT ( * ) SI_UNIT ( .MILLI., .METRE. ) );
#1331 = ORIENTED_EDGE ( 'NONE', *, *, #2097, .T. ) ;
#1332 = VERTEX_POINT ( 'NONE', #60 ) ;
#1333 = ADVANCED_FACE ( 'NONE', ( #1191 ), #1041, .T. ) ;
#1334 = STYLED_ITEM ( 'NONE', ( #2356 ), #1652 ) ;
#1335 = DIRECTION ( 'NONE',  ( 0.0000000000000000000, -0.0000000000000000000, 1.000000000000000000 ) ) ;
#1336 = ORIENTED_EDGE ( 'NONE', *, *, #1921, .T. ) ;
#1337 = AXIS2_PLACEMENT_3D ( 'NONE', #134, #988, #1945 ) ;
#1338 = LINE ( 'NONE', #956, #939 ) ;
#1339 = ORIENTED_EDGE ( 'NONE', *, *, #272, .T. ) ;
#1340 = CARTESIAN_POINT ( 'NONE',  ( 1.548999999999999900, 1.152000000000000100, 0.4060000000000000800 ) ) ;
#1341 = FACE_OUTER_BOUND ( 'NONE', #87, .T. ) ;
#1342 = STYLED_ITEM ( 'NONE', ( #852 ), #2297 ) ;
#1343 = ORIENTED_EDGE ( 'NONE', *, *, #836, .T. ) ;
#1344 =( NAMED_UNIT ( * ) SI_UNIT ( $, .STERADIAN. ) SOLID_ANGLE_UNIT ( ) );
#1345 = EDGE_CURVE ( 'NONE', #1688, #1807, #2187, .T. ) ;
#1346 = VECTOR ( 'NONE', #943, 1000.000000000000000 ) ;
#1347 = ADVANCED_FACE ( 'NONE', ( #684 ), #1461, .T. ) ;
#1348 = CARTESIAN_POINT ( 'NONE',  ( -1.548999999999999900, 0.3479999999999999800, 0.0000000000000000000 ) ) ;
#1349 = LINE ( 'NONE', #1678, #1786 ) ;
#1350 = AXIS2_PLACEMENT_3D ( 'NONE', #1209, #1607, #1602 ) ;
#1351 =( LENGTH_UNIT ( ) NAMED_UNIT ( * ) SI_UNIT ( .MILLI., .METRE. ) );
#1352 = FACE_OUTER_BOUND ( 'NONE', #889, .T. ) ;
#1353 = DIRECTION ( 'NONE',  ( -1.000000000000000000, 0.0000000000000000000, -0.0000000000000000000 ) ) ;
#1354 = ORIENTED_EDGE ( 'NONE', *, *, #1034, .T. ) ;
#1355 = FACE_OUTER_BOUND ( 'NONE', #2447, .T. ) ;
#1356 = CARTESIAN_POINT ( 'NONE',  ( -1.548999999999999900, 0.6520000000000000200, 0.0000000000000000000 ) ) ;
#1357 = VERTEX_POINT ( 'NONE', #1776 ) ;
#1358 = VECTOR ( 'NONE', #1698, 1000.000000000000000 ) ;
#1359 = ADVANCED_FACE ( 'NONE', ( #739 ), #98, .T. ) ;
#1360 = EDGE_LOOP ( 'NONE', ( #922, #341, #1980, #1723, #2309, #2007 ) ) ;
#1361 = EDGE_CURVE ( 'NONE', #1451, #1651, #1140, .T. ) ;
#1362 = ORIENTED_EDGE ( 'NONE', *, *, #1455, .F. ) ;
#1363 = DIRECTION ( 'NONE',  ( 0.0000000000000000000, -0.0000000000000000000, -1.000000000000000000 ) ) ;
#1364 = AXIS2_PLACEMENT_3D ( 'NONE', #1922, #398, #1557 ) ;
#1365 = DIRECTION ( 'NONE',  ( -0.0000000000000000000, -1.000000000000000000, 0.0000000000000000000 ) ) ;
#1366 = VERTEX_POINT ( 'NONE', #1823 ) ;
#1367 = ORIENTED_EDGE ( 'NONE', *, *, #1523, .F. ) ;
#1368 = DIRECTION ( 'NONE',  ( -0.0000000000000000000, 0.0000000000000000000, -1.000000000000000000 ) ) ;
#1369 = UNCERTAINTY_MEASURE_WITH_UNIT (LENGTH_MEASURE( 1.000000000000000100E-005 ), #1394, 'distance_accuracy_value', 'NONE');
#1370 = ADVANCED_FACE ( 'NONE', ( #624 ), #1645, .T. ) ;
#1371 = VERTEX_POINT ( 'NONE', #401 ) ;
#1372 = EDGE_LOOP ( 'NONE', ( #2030, #241, #1427, #1504 ) ) ;
#1373 = EDGE_CURVE ( 'NONE', #1913, #2425, #105, .T. ) ;
#1374 = COLOUR_RGB ( '',0.7215686274509803800, 0.7215686274509803800, 0.7215686274509803800 ) ;
#1375 = AXIS2_PLACEMENT_3D ( 'NONE', #2445, #977, #196 ) ;
#1376 = VECTOR ( 'NONE', #1131, 1000.000000000000000 ) ;
#1377 = CARTESIAN_POINT ( 'NONE',  ( -0.8760000000000000000, 1.245000000000000300, 0.0000000000000000000 ) ) ;
#1378 = LINE ( 'NONE', #1960, #2299 ) ;
#1379 = PLANE ( 'NONE',  #841 ) ;
#1380 = ADVANCED_FACE ( 'NONE', ( #1639 ), #908, .T. ) ;
#1381 = FACE_OUTER_BOUND ( 'NONE', #1125, .T. ) ;
#1382 = ORIENTED_EDGE ( 'NONE', *, *, #1706, .F. ) ;
#1383 = VECTOR ( 'NONE', #2193, 1000.000000000000000 ) ;
#1384 = AXIS2_PLACEMENT_3D ( 'NONE', #890, #1500, #1905 ) ;
#1385 = PLANE ( 'NONE',  #14 ) ;
#1386 = VECTOR ( 'NONE', #109, 1000.000000000000000 ) ;
#1387 = CARTESIAN_POINT ( 'NONE',  ( 0.8760000000000000000, 1.245000000000000300, 0.0000000000000000000 ) ) ;
#1388 = EDGE_LOOP ( 'NONE', ( #2268, #906, #1097, #1339 ) ) ;
#1389 = LINE ( 'NONE', #999, #308 ) ;
#1390 = ORIENTED_EDGE ( 'NONE', *, *, #2380, .T. ) ;
#1391 = EDGE_CURVE ( 'NONE', #612, #1688, #2075, .T. ) ;
#1392 = VERTEX_POINT ( 'NONE', #1020 ) ;
#1393 = ORIENTED_EDGE ( 'NONE', *, *, #522, .F. ) ;
#1394 =( LENGTH_UNIT ( ) NAMED_UNIT ( * ) SI_UNIT ( .MILLI., .METRE. ) );
#1395 = EDGE_LOOP ( 'NONE', ( #1576, #2173, #2059, #1746, #283, #1027 ) ) ;
#1396 = ORIENTED_EDGE ( 'NONE', *, *, #665, .T. ) ;
#1397 = EDGE_LOOP ( 'NONE', ( #2127, #46, #693, #1007 ) ) ;
#1398 = CARTESIAN_POINT ( 'NONE',  ( -1.548999999999999900, 0.8479999999999999800, 0.0000000000000000000 ) ) ;
#1399 = DIRECTION ( 'NONE',  ( 0.0000000000000000000, 1.000000000000000000, 0.0000000000000000000 ) ) ;
#1400 = DIRECTION ( 'NONE',  ( -1.000000000000000000, -0.0000000000000000000, 0.0000000000000000000 ) ) ;
#1401 = FACE_OUTER_BOUND ( 'NONE', #392, .T. ) ;
#1402 = EDGE_CURVE ( 'NONE', #1856, #233, #2132, .T. ) ;
#1403 = VECTOR ( 'NONE', #1540, 1000.000000000000000 ) ;
#1404 = CARTESIAN_POINT ( 'NONE',  ( -1.548999999999999900, 0.8479999999999999800, 0.0000000000000000000 ) ) ;
#1405 = DIRECTION ( 'NONE',  ( -0.0000000000000000000, 0.0000000000000000000, -1.000000000000000000 ) ) ;
#1406 = LINE ( 'NONE', #1047, #830 ) ;
#1407 = CARTESIAN_POINT ( 'NONE',  ( -1.041000000000000100, -0.1520000000000000000, 0.0000000000000000000 ) ) ;
#1408 = CARTESIAN_POINT ( 'NONE',  ( 1.041000000000000100, 0.1520000000000000000, 0.05099999999999999700 ) ) ;
#1409 = VERTEX_POINT ( 'NONE', #1126 ) ;
#1410 = CARTESIAN_POINT ( 'NONE',  ( -1.548999999999999900, -0.1520000000000000000, 0.0000000000000000000 ) ) ;
#1411 = LINE ( 'NONE', #1415, #1852 ) ;
#1412 = VERTEX_POINT ( 'NONE', #1512 ) ;
#1413 = EDGE_LOOP ( 'NONE', ( #1241, #701, #21, #213 ) ) ;
#1414 = DIRECTION ( 'NONE',  ( 0.0000000000000000000, 0.0000000000000000000, 1.000000000000000000 ) ) ;
#1415 = CARTESIAN_POINT ( 'NONE',  ( 1.548999999999999900, 0.1520000000000000000, 0.05099999999999999700 ) ) ;
#1416 = ORIENTED_EDGE ( 'NONE', *, *, #645, .F. ) ;
#1417 = EDGE_CURVE ( 'NONE', #638, #2140, #37, .T. ) ;
#1418 = ORIENTED_EDGE ( 'NONE', *, *, #2049, .T. ) ;
#1419 = EDGE_CURVE ( 'NONE', #1851, #677, #1531, .T. ) ;
#1420 = VERTEX_POINT ( 'NONE', #357 ) ;
#1421 = CARTESIAN_POINT ( 'NONE',  ( -1.548999999999999900, -0.1520000000000000000, 0.0000000000000000000 ) ) ;
#1422 = ORIENTED_EDGE ( 'NONE', *, *, #947, .F. ) ;
#1423 = PLANE ( 'NONE',  #717 ) ;
#1424 = FILL_AREA_STYLE_COLOUR ( '', #1440 ) ;
#1425 = SURFACE_STYLE_USAGE ( .BOTH. , #271 ) ;
#1426 = VECTOR ( 'NONE', #902, 1000.000000000000000 ) ;
#1427 = ORIENTED_EDGE ( 'NONE', *, *, #72, .F. ) ;
#1428 = CARTESIAN_POINT ( 'NONE',  ( -1.548999999999999900, 0.6520000000000000200, 0.0000000000000000000 ) ) ;
#1429 = DIRECTION ( 'NONE',  ( -0.0000000000000000000, -1.000000000000000000, -0.0000000000000000000 ) ) ;
#1430 = LINE ( 'NONE', #675, #929 ) ;
#1431 = DIRECTION ( 'NONE',  ( -0.0000000000000000000, 0.0000000000000000000, -1.000000000000000000 ) ) ;
#1432 = LINE ( 'NONE', #2311, #1872 ) ;
#1433 = CARTESIAN_POINT ( 'NONE',  ( -1.041000000000000100, -0.3479999999999999800, 0.0000000000000000000 ) ) ;
#1434 = EDGE_CURVE ( 'NONE', #1409, #2060, #2434, .T. ) ;
#1435 = CARTESIAN_POINT ( 'NONE',  ( -1.548999999999999900, -1.152000000000000100, 0.4060000000000000800 ) ) ;
#1436 = DIRECTION ( 'NONE',  ( 0.0000000000000000000, -0.0000000000000000000, -1.000000000000000000 ) ) ;
#1437 = AXIS2_PLACEMENT_3D ( 'NONE', #2406, #1117, #2232 ) ;
#1438 = VECTOR ( 'NONE', #2128, 1000.000000000000000 ) ;
#1439 = CARTESIAN_POINT ( 'NONE',  ( -1.041000000000000100, -0.3479999999999999800, 0.05099999999999999700 ) ) ;
#1440 = COLOUR_RGB ( '',0.1921568627450980200, 0.1921568627450980200, 0.1921568627450980200 ) ;
#1441 = DIRECTION ( 'NONE',  ( 1.000000000000000000, 0.0000000000000000000, -0.0000000000000000000 ) ) ;
#1442 = CARTESIAN_POINT ( 'NONE',  ( -0.8760000000000000000, 1.245000000000000300, 0.05099999999999999700 ) ) ;
#1443 = CLOSED_SHELL ( 'NONE', ( #1004, #1359, #1886, #1144, #1731, #2095, #2436 ) ) ;
#1444 = LINE ( 'NONE', #1088, #363 ) ;
#1445 = DIRECTION ( 'NONE',  ( -0.0000000000000000000, -1.000000000000000000, -0.0000000000000000000 ) ) ;
#1446 = FACE_OUTER_BOUND ( 'NONE', #669, .T. ) ;
#1447 = EDGE_LOOP ( 'NONE', ( #130, #2116, #918, #954 ) ) ;
#1448 = AXIS2_PLACEMENT_3D ( 'NONE', #2242, #1903, #887 ) ;
#1449 = VECTOR ( 'NONE', #52, 1000.000000000000000 ) ;
#1450 = CARTESIAN_POINT ( 'NONE',  ( -0.8760000000000000000, -1.245000000000000300, 0.0000000000000000000 ) ) ;
#1451 = VERTEX_POINT ( 'NONE', #1687 ) ;
#1452 = ORIENTED_EDGE ( 'NONE', *, *, #2258, .F. ) ;
#1453 = CARTESIAN_POINT ( 'NONE',  ( 1.041000000000000100, 0.1520000000000000000, 0.0000000000000000000 ) ) ;
#1454 = FILL_AREA_STYLE_COLOUR ( '', #1259 ) ;
#1455 = EDGE_CURVE ( 'NONE', #233, #1460, #434, .T. ) ;
#1456 = CLOSED_SHELL ( 'NONE', ( #226, #2276, #1175, #2126, #598, #1154 ) ) ;
#1457 = EDGE_LOOP ( 'NONE', ( #1649, #1834, #2428, #78 ) ) ;
#1458 = AXIS2_PLACEMENT_3D ( 'NONE', #2227, #533, #1671 ) ;
#1459 = PLANE ( 'NONE',  #42 ) ;
#1460 = VERTEX_POINT ( 'NONE', #1011 ) ;
#1461 = PLANE ( 'NONE',  #2216 ) ;
#1462 = DIRECTION ( 'NONE',  ( 0.0000000000000000000, -0.0000000000000000000, 1.000000000000000000 ) ) ;
#1463 = DIRECTION ( 'NONE',  ( -1.000000000000000000, 0.0000000000000000000, -0.0000000000000000000 ) ) ;
#1464 = CARTESIAN_POINT ( 'NONE',  ( 1.548999999999999900, -1.152000000000000100, 0.05099999999999999700 ) ) ;
#1465 = LINE ( 'NONE', #2429, #431 ) ;
#1466 = PLANE ( 'NONE',  #85 ) ;
#1467 = PRESENTATION_LAYER_ASSIGNMENT (  '', '', ( #1956 ) ) ;
#1468 = LINE ( 'NONE', #1199, #1403 ) ;
#1469 = DIRECTION ( 'NONE',  ( 0.0000000000000000000, -0.0000000000000000000, -1.000000000000000000 ) ) ;
#1470 = LINE ( 'NONE', #676, #438 ) ;
#1471 = PLANE ( 'NONE',  #1691 ) ;
#1472 = CARTESIAN_POINT ( 'NONE',  ( -0.8760000000000000000, 1.245000000000000300, 0.0000000000000000000 ) ) ;
#1473 = DIRECTION ( 'NONE',  ( -0.0000000000000000000, 0.0000000000000000000, -1.000000000000000000 ) ) ;
#1474 = PRESENTATION_STYLE_ASSIGNMENT (( #173 ) ) ;
#1475 = EDGE_CURVE ( 'NONE', #1420, #719, #1468, .T. ) ;
#1476 = VECTOR ( 'NONE', #2378, 1000.000000000000000 ) ;
#1477 = ORIENTED_EDGE ( 'NONE', *, *, #1871, .T. ) ;
#1478 = FILL_AREA_STYLE ('',( #1153 ) ) ;
#1479 = VECTOR ( 'NONE', #77, 1000.000000000000000 ) ;
#1480 = ORIENTED_EDGE ( 'NONE', *, *, #1176, .T. ) ;
#1481 = DIRECTION ( 'NONE',  ( -0.0000000000000000000, 0.0000000000000000000, -1.000000000000000000 ) ) ;
#1482 = CARTESIAN_POINT ( 'NONE',  ( 0.8760000000000000000, 1.245000000000000300, 0.05099999999999999700 ) ) ;
#1483 = CARTESIAN_POINT ( 'NONE',  ( 1.041000000000000100, 1.152000000000000100, 0.0000000000000000000 ) ) ;
#1484 = ORIENTED_EDGE ( 'NONE', *, *, #600, .T. ) ;
#1485 = VERTEX_POINT ( 'NONE', #1398 ) ;
#1486 = AXIS2_PLACEMENT_3D ( 'NONE', #822, #1592, #2327 ) ;
#1487 = EDGE_LOOP ( 'NONE', ( #1130, #3, #2166, #1418 ) ) ;
#1488 = APPLICATION_CONTEXT ( 'automotive_design' ) ;
#1489 = PLANE ( 'NONE',  #1952 ) ;
#1490 = EDGE_CURVE ( 'NONE', #1133, #1409, #1957, .T. ) ;
#1491 = ORIENTED_EDGE ( 'NONE', *, *, #991, .T. ) ;
#1492 = DIRECTION ( 'NONE',  ( -0.0000000000000000000, 0.0000000000000000000, -1.000000000000000000 ) ) ;
#1493 = DIRECTION ( 'NONE',  ( 0.0000000000000000000, 1.000000000000000000, 0.0000000000000000000 ) ) ;
#1494 = ORIENTED_EDGE ( 'NONE', *, *, #571, .T. ) ;
#1495 = CARTESIAN_POINT ( 'NONE',  ( 1.548999999999999900, -0.1520000000000000000, 0.0000000000000000000 ) ) ;
#1496 = DIRECTION ( 'NONE',  ( 0.0000000000000000000, 1.000000000000000000, 0.0000000000000000000 ) ) ;
#1497 = CARTESIAN_POINT ( 'NONE',  ( -0.8760000000000000000, 1.245000000000000300, 0.0000000000000000000 ) ) ;
#1498 = PRESENTATION_LAYER_ASSIGNMENT (  '', '', ( #1334 ) ) ;
#1499 = LINE ( 'NONE', #1816, #989 ) ;
#1500 = DIRECTION ( 'NONE',  ( 0.0000000000000000000, -1.000000000000000000, 0.0000000000000000000 ) ) ;
#1501 = EDGE_CURVE ( 'NONE', #1366, #2140, #1902, .T. ) ;
#1502 = CARTESIAN_POINT ( 'NONE',  ( -1.548999999999999900, 1.152000000000000100, 0.05099999999999999700 ) ) ;
#1503 = LINE ( 'NONE', #815, #993 ) ;
#1504 = ORIENTED_EDGE ( 'NONE', *, *, #2229, .F. ) ;
#1505 = PRESENTATION_LAYER_ASSIGNMENT (  '', '', ( #1242 ) ) ;
#1506 = FACE_OUTER_BOUND ( 'NONE', #842, .T. ) ;
#1507 = DIRECTION ( 'NONE',  ( 0.0000000000000000000, 1.000000000000000000, 0.0000000000000000000 ) ) ;
#1508 = DIRECTION ( 'NONE',  ( 1.000000000000000000, 0.0000000000000000000, -0.0000000000000000000 ) ) ;
#1509 = ORIENTED_EDGE ( 'NONE', *, *, #1051, .T. ) ;
#1510 = ADVANCED_FACE ( 'NONE', ( #960 ), #1738, .T. ) ;
#1511 = LINE ( 'NONE', #528, #22 ) ;
#1512 = CARTESIAN_POINT ( 'NONE',  ( 1.548999999999999900, 0.1520000000000000000, 0.4060000000000000800 ) ) ;
#1513 = EDGE_LOOP ( 'NONE', ( #2401, #2282, #2450, #2148 ) ) ;
#1514 = DIRECTION ( 'NONE',  ( 1.000000000000000000, 0.0000000000000000000, -0.0000000000000000000 ) ) ;
#1515 = ORIENTED_EDGE ( 'NONE', *, *, #647, .T. ) ;
#1516 = PLANE ( 'NONE',  #668 ) ;
#1517 = LINE ( 'NONE', #861, #1328 ) ;
#1518 = DIRECTION ( 'NONE',  ( -0.0000000000000000000, -1.000000000000000000, -0.0000000000000000000 ) ) ;
#1519 = VERTEX_POINT ( 'NONE', #277 ) ;
#1520 = DIRECTION ( 'NONE',  ( 0.0000000000000000000, -0.0000000000000000000, 1.000000000000000000 ) ) ;
#1521 =( LENGTH_UNIT ( ) NAMED_UNIT ( * ) SI_UNIT ( .MILLI., .METRE. ) );
#1522 = ORIENTED_EDGE ( 'NONE', *, *, #858, .F. ) ;
#1523 = EDGE_CURVE ( 'NONE', #2100, #1001, #2326, .T. ) ;
#1524 = LINE ( 'NONE', #2230, #1702 ) ;
#1525 = ADVANCED_FACE ( 'NONE', ( #1845 ), #1155, .T. ) ;
#1526 = SURFACE_SIDE_STYLE ('',( #1962 ) ) ;
#1527 = AXIS2_PLACEMENT_3D ( 'NONE', #335, #1260, #2189 ) ;
#1528 =( NAMED_UNIT ( * ) SI_UNIT ( $, .STERADIAN. ) SOLID_ANGLE_UNIT ( ) );
#1529 = VECTOR ( 'NONE', #1848, 1000.000000000000000 ) ;
#1530 = DIRECTION ( 'NONE',  ( -0.0000000000000000000, -1.000000000000000000, 0.0000000000000000000 ) ) ;
#1531 = LINE ( 'NONE', #1148, #1013 ) ;
#1532 = CARTESIAN_POINT ( 'NONE',  ( 1.041000000000000100, 1.152000000000000100, 0.0000000000000000000 ) ) ;
#1533 = LINE ( 'NONE', #2358, #1904 ) ;
#1534 = DIRECTION ( 'NONE',  ( -0.0000000000000000000, 0.0000000000000000000, 1.000000000000000000 ) ) ;
#1535 = DIRECTION ( 'NONE',  ( 0.0000000000000000000, -0.0000000000000000000, 1.000000000000000000 ) ) ;
#1536 = LINE ( 'NONE', #1701, #2275 ) ;
#1537 = ADVANCED_FACE ( 'NONE', ( #2272 ), #1105, .T. ) ;
#1538 = ORIENTED_EDGE ( 'NONE', *, *, #707, .T. ) ;
#1539 = VECTOR ( 'NONE', #89, 1000.000000000000000 ) ;
#1540 = DIRECTION ( 'NONE',  ( 0.0000000000000000000, 1.000000000000000000, 0.0000000000000000000 ) ) ;
#1541 = EDGE_CURVE ( 'NONE', #1749, #1095, #1349, .T. ) ;
#1542 =( LENGTH_UNIT ( ) NAMED_UNIT ( * ) SI_UNIT ( .MILLI., .METRE. ) );
#1543 = VERTEX_POINT ( 'NONE', #1772 ) ;
#1544 = AXIS2_PLACEMENT_3D ( 'NONE', #268, #2160, #843 ) ;
#1545 = ORIENTED_EDGE ( 'NONE', *, *, #210, .T. ) ;
#1546 = PLANE ( 'NONE',  #1268 ) ;
#1547 = VECTOR ( 'NONE', #261, 1000.000000000000000 ) ;
#1548 = EDGE_LOOP ( 'NONE', ( #2201, #2354, #995, #2117 ) ) ;
#1549 = CARTESIAN_POINT ( 'NONE',  ( -1.041000000000000100, 1.152000000000000100, 0.05099999999999999700 ) ) ;
#1550 = VERTEX_POINT ( 'NONE', #1421 ) ;
#1551 = EDGE_LOOP ( 'NONE', ( #1893, #1594, #1771, #797 ) ) ;
#1552 = ADVANCED_FACE ( 'NONE', ( #1285 ), #828, .T. ) ;
#1553 = DIRECTION ( 'NONE',  ( -1.000000000000000000, 0.0000000000000000000, 0.0000000000000000000 ) ) ;
#1554 = VERTEX_POINT ( 'NONE', #1549 ) ;
#1555 = EDGE_CURVE ( 'NONE', #1485, #882, #773, .T. ) ;
#1556 = EDGE_CURVE ( 'NONE', #1157, #221, #2215, .T. ) ;
#1557 = DIRECTION ( 'NONE',  ( 0.0000000000000000000, 0.0000000000000000000, 1.000000000000000000 ) ) ;
#1558 = ADVANCED_FACE ( 'NONE', ( #200 ), #6, .T. ) ;
#1559 = CARTESIAN_POINT ( 'NONE',  ( -0.8760000000000000000, -1.245000000000000300, 0.0000000000000000000 ) ) ;
#1560 = LINE ( 'NONE', #2362, #1049 ) ;
#1561 = CARTESIAN_POINT ( 'NONE',  ( 1.548999999999999900, -1.548999999999999900, 0.05099999999999999700 ) ) ;
#1562 = CARTESIAN_POINT ( 'NONE',  ( -1.041000000000000100, 0.1520000000000000000, 0.0000000000000000000 ) ) ;
#1563 = ORIENTED_EDGE ( 'NONE', *, *, #1817, .F. ) ;
#1564 = FACE_OUTER_BOUND ( 'NONE', #1360, .T. ) ;
#1565 = VERTEX_POINT ( 'NONE', #142 ) ;
#1566 = EDGE_CURVE ( 'NONE', #1631, #1726, #708, .T. ) ;
#1567 = AXIS2_PLACEMENT_3D ( 'NONE', #1264, #2202, #503 ) ;
#1568 = LINE ( 'NONE', #1303, #874 ) ;
#1569 = ORIENTED_EDGE ( 'NONE', *, *, #2331, .T. ) ;
#1570 = CARTESIAN_POINT ( 'NONE',  ( 1.548999999999999900, -0.8479999999999999800, 0.0000000000000000000 ) ) ;
#1571 = ADVANCED_FACE ( 'NONE', ( #827 ), #705, .T. ) ;
#1572 = DIRECTION ( 'NONE',  ( 0.0000000000000000000, -0.0000000000000000000, 1.000000000000000000 ) ) ;
#1573 = VERTEX_POINT ( 'NONE', #820 ) ;
#1574 = SHAPE_DEFINITION_REPRESENTATION ( #1993, #806 ) ;
#1575 = DIRECTION ( 'NONE',  ( 1.000000000000000000, 0.0000000000000000000, -0.0000000000000000000 ) ) ;
#1576 = ORIENTED_EDGE ( 'NONE', *, *, #91, .F. ) ;
#1577 = VERTEX_POINT ( 'NONE', #1118 ) ;
#1578 = CARTESIAN_POINT ( 'NONE',  ( -1.041000000000000100, 0.8479999999999999800, 0.05099999999999999700 ) ) ;
#1579 = VERTEX_POINT ( 'NONE', #345 ) ;
#1580 = EDGE_CURVE ( 'NONE', #2036, #1712, #1666, .T. ) ;
#1581 = ADVANCED_FACE ( 'NONE', ( #650 ), #1546, .T. ) ;
#1582 = LINE ( 'NONE', #1435, #1637 ) ;
#1583 = DIRECTION ( 'NONE',  ( 0.0000000000000000000, 1.000000000000000000, 0.0000000000000000000 ) ) ;
#1584 = VECTOR ( 'NONE', #1162, 1000.000000000000000 ) ;
#1585 = SURFACE_SIDE_STYLE ('',( #2162 ) ) ;
#1586 = VECTOR ( 'NONE', #1096, 1000.000000000000000 ) ;
#1587 = DIRECTION ( 'NONE',  ( 0.0000000000000000000, -0.0000000000000000000, 1.000000000000000000 ) ) ;
#1588 = LINE ( 'NONE', #1901, #1084 ) ;
#1589 = ORIENTED_EDGE ( 'NONE', *, *, #536, .F. ) ;
#1590 = LINE ( 'NONE', #303, #1090 ) ;
#1591 =( NAMED_UNIT ( * ) PLANE_ANGLE_UNIT ( ) SI_UNIT ( $, .RADIAN. ) );
#1592 = DIRECTION ( 'NONE',  ( -1.000000000000000000, 0.0000000000000000000, 0.0000000000000000000 ) ) ;
#1593 = CARTESIAN_POINT ( 'NONE',  ( -1.548999999999999900, 0.8479999999999999800, 0.4060000000000000800 ) ) ;
#1594 = ORIENTED_EDGE ( 'NONE', *, *, #2229, .T. ) ;
#1595 = LINE ( 'NONE', #1532, #578 ) ;
#1596 = CARTESIAN_POINT ( 'NONE',  ( -1.548999999999999900, -0.3479999999999999800, 0.4060000000000000800 ) ) ;
#1597 = VERTEX_POINT ( 'NONE', #2235 ) ;
#1598 = DIRECTION ( 'NONE',  ( -0.0000000000000000000, 0.0000000000000000000, -1.000000000000000000 ) ) ;
#1599 = EDGE_CURVE ( 'NONE', #1128, #674, #2104, .T. ) ;
#1600 = EDGE_LOOP ( 'NONE', ( #810, #1515, #285, #1740 ) ) ;
#1601 = CARTESIAN_POINT ( 'NONE',  ( 1.548999999999999900, 0.6520000000000000200, 0.0000000000000000000 ) ) ;
#1602 = DIRECTION ( 'NONE',  ( -0.0000000000000000000, 0.0000000000000000000, -1.000000000000000000 ) ) ;
#1603 = VERTEX_POINT ( 'NONE', #2171 ) ;
#1604 = DIRECTION ( 'NONE',  ( 0.0000000000000000000, 1.000000000000000000, 0.0000000000000000000 ) ) ;
#1605 = DIRECTION ( 'NONE',  ( 0.0000000000000000000, -1.000000000000000000, 0.0000000000000000000 ) ) ;
#1606 = ORIENTED_EDGE ( 'NONE', *, *, #2049, .F. ) ;
#1607 = DIRECTION ( 'NONE',  ( 1.000000000000000000, 0.0000000000000000000, -0.0000000000000000000 ) ) ;
#1608 = CARTESIAN_POINT ( 'NONE',  ( 1.041000000000000100, -0.8479999999999999800, 0.05099999999999999700 ) ) ;
#1609 = DIRECTION ( 'NONE',  ( 0.0000000000000000000, 1.000000000000000000, 0.0000000000000000000 ) ) ;
#1610 = EDGE_CURVE ( 'NONE', #783, #1028, #1163, .T. ) ;
#1611 = UNCERTAINTY_MEASURE_WITH_UNIT (LENGTH_MEASURE( 1.000000000000000100E-005 ), #69, 'distance_accuracy_value', 'NONE');
#1612 = VECTOR ( 'NONE', #287, 1000.000000000000000 ) ;
#1613 = PRESENTATION_STYLE_ASSIGNMENT (( #500 ) ) ;
#1614 = AXIS2_PLACEMENT_3D ( 'NONE', #206, #1742, #2281 ) ;
#1615 = CARTESIAN_POINT ( 'NONE',  ( 1.041000000000000100, -0.3479999999999999800, 0.0000000000000000000 ) ) ;
#1616 = LINE ( 'NONE', #90, #1116 ) ;
#1617 = SURFACE_SIDE_STYLE ('',( #301 ) ) ;
#1618 = DIRECTION ( 'NONE',  ( 1.000000000000000000, 0.0000000000000000000, -0.0000000000000000000 ) ) ;
#1619 = FILL_AREA_STYLE ('',( #461 ) ) ;
#1620 = ORIENTED_EDGE ( 'NONE', *, *, #2287, .F. ) ;
#1621 = VECTOR ( 'NONE', #1122, 1000.000000000000000 ) ;
#1622 = ORIENTED_EDGE ( 'NONE', *, *, #1391, .F. ) ;
#1623 = CARTESIAN_POINT ( 'NONE',  ( -1.041000000000000100, -0.1520000000000000000, 0.05099999999999999700 ) ) ;
#1624 = VECTOR ( 'NONE', #1099, 1000.000000000000000 ) ;
#1625 = MANIFOLD_SOLID_BREP ( '$', #606 ) ;
#1626 = ORIENTED_EDGE ( 'NONE', *, *, #1039, .T. ) ;
#1627 = EDGE_CURVE ( 'NONE', #1858, #1324, #1430, .T. ) ;
#1628 = EDGE_LOOP ( 'NONE', ( #1522, #1197, #1832, #316 ) ) ;
#1629 = MECHANICAL_DESIGN_GEOMETRIC_PRESENTATION_REPRESENTATION (  '', ( #1242 ), #1757 ) ;
#1630 = EDGE_LOOP ( 'NONE', ( #548, #1343, #903, #1545 ) ) ;
#1631 = VERTEX_POINT ( 'NONE', #1675 ) ;
#1632 = DIRECTION ( 'NONE',  ( -0.0000000000000000000, -0.0000000000000000000, -1.000000000000000000 ) ) ;
#1633 = ORIENTED_EDGE ( 'NONE', *, *, #2150, .T. ) ;
#1634 = DIRECTION ( 'NONE',  ( -0.0000000000000000000, 0.0000000000000000000, -1.000000000000000000 ) ) ;
#1635 = CARTESIAN_POINT ( 'NONE',  ( 1.548999999999999900, -0.6520000000000000200, 0.4060000000000000800 ) ) ;
#1636 = DIRECTION ( 'NONE',  ( 0.0000000000000000000, -0.0000000000000000000, 1.000000000000000000 ) ) ;
#1637 = VECTOR ( 'NONE', #2395, 1000.000000000000000 ) ;
#1638 = FILL_AREA_STYLE ('',( #1454 ) ) ;
#1639 = FACE_OUTER_BOUND ( 'NONE', #1372, .T. ) ;
#1640 = EDGE_CURVE ( 'NONE', #1460, #1089, #2407, .T. ) ;
#1641 = FACE_OUTER_BOUND ( 'NONE', #1839, .T. ) ;
#1642 = DIRECTION ( 'NONE',  ( -0.0000000000000000000, -1.000000000000000000, -0.0000000000000000000 ) ) ;
#1643 = CARTESIAN_POINT ( 'NONE',  ( 1.548999999999999900, -0.6520000000000000200, 0.0000000000000000000 ) ) ;
#1644 = VECTOR ( 'NONE', #2269, 1000.000000000000000 ) ;
#1645 = PLANE ( 'NONE',  #2085 ) ;
#1646 = CARTESIAN_POINT ( 'NONE',  ( -1.548999999999999900, 0.8479999999999999800, 0.4060000000000000800 ) ) ;
#1647 = PLANE ( 'NONE',  #242 ) ;
#1648 = ORIENTED_EDGE ( 'NONE', *, *, #791, .F. ) ;
#1649 = ORIENTED_EDGE ( 'NONE', *, *, #179, .F. ) ;
#1650 = MECHANICAL_DESIGN_GEOMETRIC_PRESENTATION_REPRESENTATION (  '', ( #1342 ), #670 ) ;
#1651 = VERTEX_POINT ( 'NONE', #2357 ) ;
#1652 = MANIFOLD_SOLID_BREP ( 'Imported11', #178 ) ;
#1653 = DIRECTION ( 'NONE',  ( -0.0000000000000000000, 0.0000000000000000000, -1.000000000000000000 ) ) ;
#1654 = ORIENTED_EDGE ( 'NONE', *, *, #194, .T. ) ;
#1655 = DIRECTION ( 'NONE',  ( 1.000000000000000000, 0.0000000000000000000, 0.0000000000000000000 ) ) ;
#1656 = EDGE_CURVE ( 'NONE', #2318, #2399, #2185, .T. ) ;
#1657 = EDGE_LOOP ( 'NONE', ( #1091, #1267, #1815, #15 ) ) ;
#1658 = EDGE_LOOP ( 'NONE', ( #1174, #732, #1022, #636 ) ) ;
#1659 = FACE_OUTER_BOUND ( 'NONE', #1307, .T. ) ;
#1660 = ORIENTED_EDGE ( 'NONE', *, *, #1345, .F. ) ;
#1661 = CARTESIAN_POINT ( 'NONE',  ( -1.548999999999999900, -0.1520000000000000000, 0.05099999999999999700 ) ) ;
#1662 = DIRECTION ( 'NONE',  ( 0.0000000000000000000, 0.0000000000000000000, 1.000000000000000000 ) ) ;
#1663 = DIRECTION ( 'NONE',  ( 0.0000000000000000000, 0.0000000000000000000, 1.000000000000000000 ) ) ;
#1664 = PRESENTATION_STYLE_ASSIGNMENT (( #879 ) ) ;
#1665 = CARTESIAN_POINT ( 'NONE',  ( -1.041000000000000100, 1.152000000000000100, 0.0000000000000000000 ) ) ;
#1666 = LINE ( 'NONE', #1258, #136 ) ;
#1667 = CARTESIAN_POINT ( 'NONE',  ( -1.240000000000000000, 1.000000000000000000, 0.8129999999999999400 ) ) ;
#1668 = EDGE_CURVE ( 'NONE', #518, #2194, #224, .T. ) ;
#1669 = FACE_OUTER_BOUND ( 'NONE', #377, .T. ) ;
#1670 = SURFACE_SIDE_STYLE ('',( #1256 ) ) ;
#1671 = DIRECTION ( 'NONE',  ( -0.0000000000000000000, 0.0000000000000000000, -1.000000000000000000 ) ) ;
#1672 = VECTOR ( 'NONE', #2221, 1000.000000000000000 ) ;
#1673 = EDGE_CURVE ( 'NONE', #2318, #816, #1189, .T. ) ;
#1674 = CARTESIAN_POINT ( 'NONE',  ( -1.041000000000000100, 0.8479999999999999800, 0.0000000000000000000 ) ) ;
#1675 = CARTESIAN_POINT ( 'NONE',  ( -1.162529999999999800, 1.000000000000000000, 0.8129999999999999400 ) ) ;
#1676 = PRESENTATION_STYLE_ASSIGNMENT (( #236 ) ) ;
#1677 = EDGE_LOOP ( 'NONE', ( #2444, #2176, #2043, #2003, #112, #2170 ) ) ;
#1678 = CARTESIAN_POINT ( 'NONE',  ( -1.548999999999999900, -1.152000000000000100, 0.0000000000000000000 ) ) ;
#1679 = DIRECTION ( 'NONE',  ( -1.000000000000000000, 0.0000000000000000000, 0.0000000000000000000 ) ) ;
#1680 = DIRECTION ( 'NONE',  ( -1.000000000000000000, -0.0000000000000000000, 0.0000000000000000000 ) ) ;
#1681 = ORIENTED_EDGE ( 'NONE', *, *, #1361, .T. ) ;
#1682 = DIRECTION ( 'NONE',  ( -0.0000000000000000000, 0.0000000000000000000, 1.000000000000000000 ) ) ;
#1683 = PRESENTATION_STYLE_ASSIGNMENT (( #532 ) ) ;
#1684 = CARTESIAN_POINT ( 'NONE',  ( -1.162529999999999800, 1.000000000000000000, 0.8149999999999999500 ) ) ;
#1685 = ORIENTED_EDGE ( 'NONE', *, *, #1833, .T. ) ;
#1686 = ORIENTED_EDGE ( 'NONE', *, *, #1541, .T. ) ;
#1687 = CARTESIAN_POINT ( 'NONE',  ( -1.548999999999999900, 0.1520000000000000000, 0.05099999999999999700 ) ) ;
#1688 = VERTEX_POINT ( 'NONE', #1450 ) ;
#1689 =( NAMED_UNIT ( * ) SI_UNIT ( $, .STERADIAN. ) SOLID_ANGLE_UNIT ( ) );
#1690 = EDGE_CURVE ( 'NONE', #2207, #1851, #1138, .T. ) ;
#1691 = AXIS2_PLACEMENT_3D ( 'NONE', #320, #513, #1843 ) ;
#1692 = ORIENTED_EDGE ( 'NONE', *, *, #1782, .T. ) ;
#1693 = ADVANCED_FACE ( 'NONE', ( #167 ), #1869, .T. ) ;
#1694 = PLANE ( 'NONE',  #933 ) ;
#1695 = ORIENTED_EDGE ( 'NONE', *, *, #2419, .F. ) ;
#1696 = AXIS2_PLACEMENT_3D ( 'NONE', #1674, #343, #1492 ) ;
#1697 = SURFACE_SIDE_STYLE ('',( #2157 ) ) ;
#1698 = DIRECTION ( 'NONE',  ( 1.000000000000000000, -0.0000000000000000000, 0.0000000000000000000 ) ) ;
#1699 = VECTOR ( 'NONE', #1535, 1000.000000000000000 ) ;
#1700 = UNCERTAINTY_MEASURE_WITH_UNIT (LENGTH_MEASURE( 1.000000000000000100E-005 ), #1809, 'distance_accuracy_value', 'NONE');
#1701 = CARTESIAN_POINT ( 'NONE',  ( -1.548999999999999900, 0.8479999999999999800, 0.0000000000000000000 ) ) ;
#1702 = VECTOR ( 'NONE', #433, 1000.000000000000000 ) ;
#1703 = VECTOR ( 'NONE', #627, 1000.000000000000000 ) ;
#1704 = ADVANCED_FACE ( 'NONE', ( #102 ), #1243, .T. ) ;
#1705 = FACE_OUTER_BOUND ( 'NONE', #493, .T. ) ;
#1706 = EDGE_CURVE ( 'NONE', #1145, #1913, #1582, .T. ) ;
#1707 = SURFACE_SIDE_STYLE ('',( #2089 ) ) ;
#1708 = VECTOR ( 'NONE', #2098, 1000.000000000000000 ) ;
#1709 = ORIENTED_EDGE ( 'NONE', *, *, #1164, .F. ) ;
#1710 = AXIS2_PLACEMENT_3D ( 'NONE', #2398, #2219, #911 ) ;
#1711 = FILL_AREA_STYLE_COLOUR ( '', #2135 ) ;
#1712 = VERTEX_POINT ( 'NONE', #1635 ) ;
#1713 = LINE ( 'NONE', #34, #2052 ) ;
#1714 = ORIENTED_EDGE ( 'NONE', *, *, #1361, .F. ) ;
#1715 = CARTESIAN_POINT ( 'NONE',  ( 1.548999999999999900, 0.6520000000000000200, 0.4060000000000000800 ) ) ;
#1716 = VERTEX_POINT ( 'NONE', #103 ) ;
#1717 = ADVANCED_FACE ( 'NONE', ( #1924 ), #1269, .T. ) ;
#1718 = DIRECTION ( 'NONE',  ( -1.000000000000000000, 0.0000000000000000000, -0.0000000000000000000 ) ) ;
#1719 = EDGE_CURVE ( 'NONE', #2237, #617, #36, .T. ) ;
#1720 = EDGE_LOOP ( 'NONE', ( #1212, #1509, #1686, #920 ) ) ;
#1721 = DIRECTION ( 'NONE',  ( 0.0000000000000000000, 0.0000000000000000000, 1.000000000000000000 ) ) ;
#1722 = SURFACE_SIDE_STYLE ('',( #262 ) ) ;
#1723 = ORIENTED_EDGE ( 'NONE', *, *, #1164, .T. ) ;
#1724 = EDGE_CURVE ( 'NONE', #1152, #2237, #2073, .T. ) ;
#1725 = LINE ( 'NONE', #489, #1376 ) ;
#1726 = VERTEX_POINT ( 'NONE', #2014 ) ;
#1727 = CARTESIAN_POINT ( 'NONE',  ( -1.548999999999999900, 0.1520000000000000000, 0.0000000000000000000 ) ) ;
#1728 = AXIS2_PLACEMENT_3D ( 'NONE', #1947, #1246, #1469 ) ;
#1729 = PLANE ( 'NONE',  #1284 ) ;
#1730 = LINE ( 'NONE', #704, #197 ) ;
#1731 = ADVANCED_FACE ( 'NONE', ( #501 ), #1729, .T. ) ;
#1732 = VECTOR ( 'NONE', #411, 1000.000000000000000 ) ;
#1733 = PLANE ( 'NONE',  #2124 ) ;
#1734 = FACE_OUTER_BOUND ( 'NONE', #1395, .T. ) ;
#1735 = CARTESIAN_POINT ( 'NONE',  ( -1.041000000000000100, -0.3479999999999999800, 0.0000000000000000000 ) ) ;
#1736 = LINE ( 'NONE', #2050, #2159 ) ;
#1737 = VECTOR ( 'NONE', #1400, 1000.000000000000000 ) ;
#1738 = PLANE ( 'NONE',  #1337 ) ;
#1739 = EDGE_CURVE ( 'NONE', #674, #1716, #2432, .T. ) ;
#1740 = ORIENTED_EDGE ( 'NONE', *, *, #2284, .T. ) ;
#1741 = ADVANCED_FACE ( 'NONE', ( #1012 ), #1230, .F. ) ;
#1742 = DIRECTION ( 'NONE',  ( 0.0000000000000000000, 1.000000000000000000, 0.0000000000000000000 ) ) ;
#1743 = EDGE_LOOP ( 'NONE', ( #1240, #545, #1235, #1311 ) ) ;
#1744 = LINE ( 'NONE', #1608, #1547 ) ;
#1745 = VERTEX_POINT ( 'NONE', #2028 ) ;
#1746 = ORIENTED_EDGE ( 'NONE', *, *, #522, .T. ) ;
#1747 =( GEOMETRIC_REPRESENTATION_CONTEXT ( 3 ) GLOBAL_UNCERTAINTY_ASSIGNED_CONTEXT ( ( #195 ) ) GLOBAL_UNIT_ASSIGNED_CONTEXT ( ( #560, #1066, #1528 ) ) REPRESENTATION_CONTEXT ( 'NONE', 'WORKASPACE' ) );
#1748 = PRESENTATION_STYLE_ASSIGNMENT (( #327 ) ) ;
#1749 = VERTEX_POINT ( 'NONE', #710 ) ;
#1750 = DIRECTION ( 'NONE',  ( -0.0000000000000000000, 0.0000000000000000000, -1.000000000000000000 ) ) ;
#1751 = CARTESIAN_POINT ( 'NONE',  ( -1.548999999999999900, -0.3479999999999999800, 0.0000000000000000000 ) ) ;
#1752 = ORIENTED_EDGE ( 'NONE', *, *, #430, .T. ) ;
#1753 = EDGE_CURVE ( 'NONE', #728, #353, #1465, .T. ) ;
#1754 = LINE ( 'NONE', #770, #718 ) ;
#1755 = ADVANCED_FACE ( 'NONE', ( #562 ), #1466, .T. ) ;
#1756 = ORIENTED_EDGE ( 'NONE', *, *, #1892, .F. ) ;
#1757 =( GEOMETRIC_REPRESENTATION_CONTEXT ( 3 ) GLOBAL_UNCERTAINTY_ASSIGNED_CONTEXT ( ( #2088 ) ) GLOBAL_UNIT_ASSIGNED_CONTEXT ( ( #1542, #185, #1344 ) ) REPRESENTATION_CONTEXT ( 'NONE', 'WORKASPACE' ) );
#1758 = CARTESIAN_POINT ( 'NONE',  ( -1.548999999999999900, -0.3479999999999999800, 0.0000000000000000000 ) ) ;
#1759 = VECTOR ( 'NONE', #2175, 1000.000000000000000 ) ;
#1760 = VECTOR ( 'NONE', #845, 1000.000000000000000 ) ;
#1761 = ADVANCED_FACE ( 'NONE', ( #2382 ), #371, .T. ) ;
#1762 = FACE_OUTER_BOUND ( 'NONE', #550, .T. ) ;
#1763 = VECTOR ( 'NONE', #1186, 1000.000000000000000 ) ;
#1764 = EDGE_LOOP ( 'NONE', ( #2254, #487, #1035, #207 ) ) ;
#1765 = VECTOR ( 'NONE', #2018, 1000.000000000000000 ) ;
#1766 = ORIENTED_EDGE ( 'NONE', *, *, #1121, .F. ) ;
#1767 = EDGE_CURVE ( 'NONE', #61, #1332, #1955, .T. ) ;
#1768 = ORIENTED_EDGE ( 'NONE', *, *, #1846, .T. ) ;
#1769 = AXIS2_PLACEMENT_3D ( 'NONE', #2376, #1636, #490 ) ;
#1770 = CARTESIAN_POINT ( 'NONE',  ( -1.548999999999999900, 1.548999999999999900, 0.8129999999999999400 ) ) ;
#1771 = ORIENTED_EDGE ( 'NONE', *, *, #1833, .F. ) ;
#1772 = CARTESIAN_POINT ( 'NONE',  ( 1.041000000000000100, -0.6520000000000000200, 0.0000000000000000000 ) ) ;
#1773 = LINE ( 'NONE', #2177, #1803 ) ;
#1774 = CARTESIAN_POINT ( 'NONE',  ( 1.548999999999999900, -0.1520000000000000000, 0.0000000000000000000 ) ) ;
#1775 = ORIENTED_EDGE ( 'NONE', *, *, #1434, .T. ) ;
#1776 = CARTESIAN_POINT ( 'NONE',  ( 1.041000000000000100, 0.3479999999999999800, 0.0000000000000000000 ) ) ;
#1777 = ORIENTED_EDGE ( 'NONE', *, *, #760, .T. ) ;
#1778 = DIRECTION ( 'NONE',  ( 0.0000000000000000000, -0.0000000000000000000, 1.000000000000000000 ) ) ;
#1779 = CARTESIAN_POINT ( 'NONE',  ( 1.548999999999999900, 0.6520000000000000200, 0.05099999999999999700 ) ) ;
#1780 = ORIENTED_EDGE ( 'NONE', *, *, #1541, .F. ) ;
#1781 = CARTESIAN_POINT ( 'NONE',  ( -1.041000000000000100, 0.6520000000000000200, 0.0000000000000000000 ) ) ;
#1782 = EDGE_CURVE ( 'NONE', #1550, #442, #958, .T. ) ;
#1783 = LINE ( 'NONE', #2213, #1281 ) ;
#1784 = CARTESIAN_POINT ( 'NONE',  ( 1.548999999999999900, 0.1520000000000000000, 0.0000000000000000000 ) ) ;
#1785 = AXIS2_PLACEMENT_3D ( 'NONE', #1797, #2336, #1033 ) ;
#1786 = VECTOR ( 'NONE', #609, 1000.000000000000000 ) ;
#1787 = DIRECTION ( 'NONE',  ( 1.000000000000000000, 0.0000000000000000000, -0.0000000000000000000 ) ) ;
#1788 = PLANE ( 'NONE',  #2037 ) ;
#1789 = LINE ( 'NONE', #510, #1219 ) ;
#1790 = PLANE ( 'NONE',  #1010 ) ;
#1791 = FACE_OUTER_BOUND ( 'NONE', #1825, .T. ) ;
#1792 = VECTOR ( 'NONE', #1899, 1000.000000000000000 ) ;
#1793 = VECTOR ( 'NONE', #2139, 1000.000000000000000 ) ;
#1794 = DIRECTION ( 'NONE',  ( 0.0000000000000000000, 0.0000000000000000000, 1.000000000000000000 ) ) ;
#1795 = PLANE ( 'NONE',  #702 ) ;
#1796 = CARTESIAN_POINT ( 'NONE',  ( -1.240000000000000000, 1.000000000000000000, 0.8129999999999999400 ) ) ;
#1797 = CARTESIAN_POINT ( 'NONE',  ( -0.8760000000000000000, 1.245000000000000300, 0.0000000000000000000 ) ) ;
#1798 = ORIENTED_EDGE ( 'NONE', *, *, #778, .F. ) ;
#1799 = PRESENTATION_STYLE_ASSIGNMENT (( #731 ) ) ;
#1800 = EDGE_CURVE ( 'NONE', #2381, #1357, #894, .T. ) ;
#1801 = DIRECTION ( 'NONE',  ( 0.0000000000000000000, -0.0000000000000000000, 1.000000000000000000 ) ) ;
#1802 = ORIENTED_EDGE ( 'NONE', *, *, #1640, .T. ) ;
#1803 = VECTOR ( 'NONE', #289, 1000.000000000000000 ) ;
#1804 = EDGE_CURVE ( 'NONE', #497, #1519, #2323, .T. ) ;
#1805 = VERTEX_POINT ( 'NONE', #895 ) ;
#1806 = DIRECTION ( 'NONE',  ( 0.0000000000000000000, 1.000000000000000000, 0.0000000000000000000 ) ) ;
#1807 = VERTEX_POINT ( 'NONE', #1308 ) ;
#1808 = DIRECTION ( 'NONE',  ( 0.0000000000000000000, 1.000000000000000000, -0.0000000000000000000 ) ) ;
#1809 =( LENGTH_UNIT ( ) NAMED_UNIT ( * ) SI_UNIT ( .MILLI., .METRE. ) );
#1810 = LINE ( 'NONE', #555, #605 ) ;
#1811 = EDGE_LOOP ( 'NONE', ( #2283, #97 ) ) ;
#1812 = CARTESIAN_POINT ( 'NONE',  ( 1.548999999999999900, -0.8479999999999999800, 0.05099999999999999700 ) ) ;
#1813 = ORIENTED_EDGE ( 'NONE', *, *, #2430, .T. ) ;
#1814 = CARTESIAN_POINT ( 'NONE',  ( -1.548999999999999900, 1.152000000000000100, 0.05099999999999999700 ) ) ;
#1815 = ORIENTED_EDGE ( 'NONE', *, *, #386, .F. ) ;
#1816 = CARTESIAN_POINT ( 'NONE',  ( 1.548999999999999900, -1.152000000000000100, 0.0000000000000000000 ) ) ;
#1817 = EDGE_CURVE ( 'NONE', #276, #1202, #2270, .T. ) ;
#1818 =( GEOMETRIC_REPRESENTATION_CONTEXT ( 3 ) GLOBAL_UNCERTAINTY_ASSIGNED_CONTEXT ( ( #2129 ) ) GLOBAL_UNIT_ASSIGNED_CONTEXT ( ( #1849, #2218, #1107 ) ) REPRESENTATION_CONTEXT ( 'NONE', 'WORKASPACE' ) );
#1819 = CARTESIAN_POINT ( 'NONE',  ( 1.548999999999999900, -0.1520000000000000000, 0.0000000000000000000 ) ) ;
#1820 = DIRECTION ( 'NONE',  ( 0.0000000000000000000, -0.0000000000000000000, 1.000000000000000000 ) ) ;
#1821 = LINE ( 'NONE', #919, #293 ) ;
#1822 = STYLED_ITEM ( 'NONE', ( #656 ), #926 ) ;
#1823 = CARTESIAN_POINT ( 'NONE',  ( -1.041000000000000100, 0.3479999999999999800, 0.05099999999999999700 ) ) ;
#1824 = LINE ( 'NONE', #1727, #1708 ) ;
#1825 = EDGE_LOOP ( 'NONE', ( #2442, #183, #1987, #2415 ) ) ;
#1826 = LINE ( 'NONE', #884, #305 ) ;
#1827 = FACE_OUTER_BOUND ( 'NONE', #444, .T. ) ;
#1828 = VERTEX_POINT ( 'NONE', #1340 ) ;
#1829 = DIRECTION ( 'NONE',  ( 0.0000000000000000000, 1.000000000000000000, 0.0000000000000000000 ) ) ;
#1830 = CARTESIAN_POINT ( 'NONE',  ( -1.041000000000000100, -1.152000000000000100, 0.05099999999999999700 ) ) ;
#1831 = LINE ( 'NONE', #279, #399 ) ;
#1832 = ORIENTED_EDGE ( 'NONE', *, *, #331, .T. ) ;
#1833 = EDGE_CURVE ( 'NONE', #1688, #367, #322, .T. ) ;
#1834 = ORIENTED_EDGE ( 'NONE', *, *, #1804, .T. ) ;
#1835 = CARTESIAN_POINT ( 'NONE',  ( -1.548999999999999900, 0.3479999999999999800, 0.05099999999999999700 ) ) ;
#1836 = DIRECTION ( 'NONE',  ( 0.0000000000000000000, 1.000000000000000000, 0.0000000000000000000 ) ) ;
#1837 = ORIENTED_EDGE ( 'NONE', *, *, #315, .F. ) ;
#1838 = CARTESIAN_POINT ( 'NONE',  ( -1.548999999999999900, 0.1520000000000000000, 0.0000000000000000000 ) ) ;
#1839 = EDGE_LOOP ( 'NONE', ( #2027, #181, #1692, #2099 ) ) ;
#1840 = MECHANICAL_DESIGN_GEOMETRIC_PRESENTATION_REPRESENTATION (  '', ( #1956 ), #1747 ) ;
#1841 = CARTESIAN_POINT ( 'NONE',  ( -1.548999999999999900, -1.548999999999999900, 0.8129999999999999400 ) ) ;
#1842 = VECTOR ( 'NONE', #690, 1000.000000000000000 ) ;
#1843 = DIRECTION ( 'NONE',  ( -1.000000000000000000, 0.0000000000000000000, -0.0000000000000000000 ) ) ;
#1844 = PLANE ( 'NONE',  #2433 ) ;
#1845 = FACE_OUTER_BOUND ( 'NONE', #2169, .T. ) ;
#1846 = EDGE_CURVE ( 'NONE', #84, #855, #1783, .T. ) ;
#1847 = VECTOR ( 'NONE', #73, 1000.000000000000000 ) ;
#1848 = DIRECTION ( 'NONE',  ( 1.000000000000000000, 0.0000000000000000000, 0.0000000000000000000 ) ) ;
#1849 =( LENGTH_UNIT ( ) NAMED_UNIT ( * ) SI_UNIT ( .MILLI., .METRE. ) );
#1850 = DIRECTION ( 'NONE',  ( -1.000000000000000000, -0.0000000000000000000, 0.0000000000000000000 ) ) ;
#1851 = VERTEX_POINT ( 'NONE', #865 ) ;
#1852 = VECTOR ( 'NONE', #832, 1000.000000000000000 ) ;
#1853 = VERTEX_POINT ( 'NONE', #2441 ) ;
#1854 = LINE ( 'NONE', #948, #1358 ) ;
#1855 = FILL_AREA_STYLE_COLOUR ( '', #1218 ) ;
#1856 = VERTEX_POINT ( 'NONE', #297 ) ;
#1857 = CARTESIAN_POINT ( 'NONE',  ( 1.548999999999999900, 0.8479999999999999800, 0.4060000000000000800 ) ) ;
#1858 = VERTEX_POINT ( 'NONE', #2400 ) ;
#1859 =( LENGTH_UNIT ( ) NAMED_UNIT ( * ) SI_UNIT ( .MILLI., .METRE. ) );
#1860 = EDGE_CURVE ( 'NONE', #2194, #1485, #1730, .T. ) ;
#1861 = VERTEX_POINT ( 'NONE', #2423 ) ;
#1862 = CARTESIAN_POINT ( 'NONE',  ( -1.548999999999999900, 0.8479999999999999800, 0.05099999999999999700 ) ) ;
#1863 = CLOSED_SHELL ( 'NONE', ( #784, #2255, #1581, #204, #764, #1693, #18 ) ) ;
#1864 = AXIS2_PLACEMENT_3D ( 'NONE', #1915, #1553, #199 ) ;
#1865 = EDGE_LOOP ( 'NONE', ( #1920, #1802, #1030, #187 ) ) ;
#1866 = DIRECTION ( 'NONE',  ( -0.0000000000000000000, 0.0000000000000000000, -1.000000000000000000 ) ) ;
#1867 = EDGE_LOOP ( 'NONE', ( #352, #1480, #1654, #766 ) ) ;
#1868 = ORIENTED_EDGE ( 'NONE', *, *, #486, .F. ) ;
#1869 = PLANE ( 'NONE',  #1046 ) ;
#1870 = VECTOR ( 'NONE', #2262, 1000.000000000000000 ) ;
#1871 = EDGE_CURVE ( 'NONE', #1745, #1805, #706, .T. ) ;
#1872 = VECTOR ( 'NONE', #2285, 1000.000000000000000 ) ;
#1873 =( LENGTH_UNIT ( ) NAMED_UNIT ( * ) SI_UNIT ( .MILLI., .METRE. ) );
#1874 = MANIFOLD_SOLID_BREP ( 'Imported4', #1863 ) ;
#1875 = DIRECTION ( 'NONE',  ( 0.0000000000000000000, 0.0000000000000000000, 1.000000000000000000 ) ) ;
#1876 = FILL_AREA_STYLE ('',( #1855 ) ) ;
#1877 = LINE ( 'NONE', #2296, #938 ) ;
#1878 = LINE ( 'NONE', #678, #2026 ) ;
#1879 = VERTEX_POINT ( 'NONE', #2198 ) ;
#1880 = FACE_OUTER_BOUND ( 'NONE', #1551, .T. ) ;
#1881 = DIRECTION ( 'NONE',  ( 0.0000000000000000000, -0.0000000000000000000, 1.000000000000000000 ) ) ;
#1882 = FILL_AREA_STYLE ('',( #2154 ) ) ;
#1883 = CARTESIAN_POINT ( 'NONE',  ( 1.548999999999999900, 0.8479999999999999800, 0.0000000000000000000 ) ) ;
#1884 = FACE_OUTER_BOUND ( 'NONE', #446, .T. ) ;
#1885 = VERTEX_POINT ( 'NONE', #526 ) ;
#1886 = ADVANCED_FACE ( 'NONE', ( #253 ), #149, .T. ) ;
#1887 = FACE_OUTER_BOUND ( 'NONE', #1889, .T. ) ;
#1888 = DIRECTION ( 'NONE',  ( -1.000000000000000000, 0.0000000000000000000, 0.0000000000000000000 ) ) ;
#1889 = EDGE_LOOP ( 'NONE', ( #782, #57, #2350, #1263 ) ) ;
#1890 = VERTEX_POINT ( 'NONE', #154 ) ;
#1891 = CARTESIAN_POINT ( 'NONE',  ( 1.548999999999999900, -1.152000000000000100, 0.0000000000000000000 ) ) ;
#1892 = EDGE_CURVE ( 'NONE', #612, #1001, #1725, .T. ) ;
#1893 = ORIENTED_EDGE ( 'NONE', *, *, #2361, .T. ) ;
#1894 = CARTESIAN_POINT ( 'NONE',  ( 1.041000000000000100, -1.152000000000000100, 0.05099999999999999700 ) ) ;
#1895 = EDGE_LOOP ( 'NONE', ( #1228, #448 ) ) ;
#1896 = CARTESIAN_POINT ( 'NONE',  ( 1.548999999999999900, -0.3479999999999999800, 0.05099999999999999700 ) ) ;
#1897 = ADVANCED_FACE ( 'NONE', ( #1401 ), #429, .T. ) ;
#1898 = PLANE ( 'NONE',  #1728 ) ;
#1899 = DIRECTION ( 'NONE',  ( -1.000000000000000000, -0.0000000000000000000, 0.0000000000000000000 ) ) ;
#1900 = VECTOR ( 'NONE', #2253, 1000.000000000000000 ) ;
#1901 = CARTESIAN_POINT ( 'NONE',  ( 1.548999999999999900, 1.152000000000000100, 0.0000000000000000000 ) ) ;
#1902 = LINE ( 'NONE', #2264, #897 ) ;
#1903 = DIRECTION ( 'NONE',  ( 0.0000000000000000000, 1.000000000000000000, 0.0000000000000000000 ) ) ;
#1904 = VECTOR ( 'NONE', #2172, 1000.000000000000000 ) ;
#1905 = DIRECTION ( 'NONE',  ( 0.0000000000000000000, -0.0000000000000000000, -1.000000000000000000 ) ) ;
#1906 = EDGE_CURVE ( 'NONE', #2425, #421, #738, .T. ) ;
#1907 = DIRECTION ( 'NONE',  ( -1.000000000000000000, -0.0000000000000000000, 0.0000000000000000000 ) ) ;
#1908 = ADVANCED_FACE ( 'NONE', ( #1075 ), #2138, .T. ) ;
#1909 = ORIENTED_EDGE ( 'NONE', *, *, #1239, .T. ) ;
#1910 = LINE ( 'NONE', #1983, #2334 ) ;
#1911 = DIRECTION ( 'NONE',  ( 0.0000000000000000000, -1.000000000000000000, 0.0000000000000000000 ) ) ;
#1912 = ORIENTED_EDGE ( 'NONE', *, *, #2047, .F. ) ;
#1913 = VERTEX_POINT ( 'NONE', #376 ) ;
#1914 = CLOSED_SHELL ( 'NONE', ( #2102, #168, #1927, #1187, #2069, #734, #2313 ) ) ;
#1915 = CARTESIAN_POINT ( 'NONE',  ( 1.041000000000000100, 0.1520000000000000000, 0.0000000000000000000 ) ) ;
#1916 = ORIENTED_EDGE ( 'NONE', *, *, #1739, .F. ) ;
#1917 = EDGE_CURVE ( 'NONE', #1716, #1890, #2322, .T. ) ;
#1918 = ADVANCED_FACE ( 'NONE', ( #1341 ), #485, .T. ) ;
#1919 = CARTESIAN_POINT ( 'NONE',  ( 1.041000000000000100, -0.3479999999999999800, 0.0000000000000000000 ) ) ;
#1920 = ORIENTED_EDGE ( 'NONE', *, *, #1455, .T. ) ;
#1921 = EDGE_CURVE ( 'NONE', #1745, #1058, #1524, .T. ) ;
#1922 = CARTESIAN_POINT ( 'NONE',  ( -1.548999999999999900, 0.1520000000000000000, 0.0000000000000000000 ) ) ;
#1923 = ORIENTED_EDGE ( 'NONE', *, *, #1986, .F. ) ;
#1924 = FACE_OUTER_BOUND ( 'NONE', #1226, .T. ) ;
#1925 = AXIS2_PLACEMENT_3D ( 'NONE', #480, #33, #2256 ) ;
#1926 = DIRECTION ( 'NONE',  ( -1.000000000000000000, -0.0000000000000000000, 0.0000000000000000000 ) ) ;
#1927 = ADVANCED_FACE ( 'NONE', ( #292 ), #1037, .T. ) ;
#1928 = VECTOR ( 'NONE', #1068, 1000.000000000000000 ) ;
#1929 = DIRECTION ( 'NONE',  ( 0.0000000000000000000, -0.0000000000000000000, 1.000000000000000000 ) ) ;
#1930 = COLOUR_RGB ( '',0.7215686274509803800, 0.7215686274509803800, 0.7215686274509803800 ) ;
#1931 = LINE ( 'NONE', #1000, #473 ) ;
#1932 = EDGE_CURVE ( 'NONE', #1853, #2369, #2174, .T. ) ;
#1933 = AXIS2_PLACEMENT_3D ( 'NONE', #129, #329, #1662 ) ;
#1934 = VECTOR ( 'NONE', #1604, 1000.000000000000000 ) ;
#1935 = VERTEX_POINT ( 'NONE', #885 ) ;
#1936 = LINE ( 'NONE', #2033, #2367 ) ;
#1937 = CARTESIAN_POINT ( 'NONE',  ( -1.548999999999999900, 1.152000000000000100, 0.0000000000000000000 ) ) ;
#1938 = LINE ( 'NONE', #1453, #2065 ) ;
#1939 = AXIS2_PLACEMENT_3D ( 'NONE', #137, #2012, #681 ) ;
#1940 = PLANE ( 'NONE',  #591 ) ;
#1941 = ORIENTED_EDGE ( 'NONE', *, *, #1719, .T. ) ;
#1942 = LINE ( 'NONE', #927, #1069 ) ;
#1943 = ORIENTED_EDGE ( 'NONE', *, *, #1275, .F. ) ;
#1944 = ADVANCED_FACE ( 'NONE', ( #321 ), #2063, .T. ) ;
#1945 = DIRECTION ( 'NONE',  ( 0.0000000000000000000, -0.0000000000000000000, 1.000000000000000000 ) ) ;
#1946 = ORIENTED_EDGE ( 'NONE', *, *, #962, .F. ) ;
#1947 = CARTESIAN_POINT ( 'NONE',  ( 1.041000000000000100, -1.152000000000000100, 0.0000000000000000000 ) ) ;
#1948 = CARTESIAN_POINT ( 'NONE',  ( 1.548999999999999900, -0.6520000000000000200, 0.0000000000000000000 ) ) ;
#1949 = ORIENTED_EDGE ( 'NONE', *, *, #415, .T. ) ;
#1950 = EDGE_CURVE ( 'NONE', #1597, #1157, #604, .T. ) ;
#1951 = ORIENTED_EDGE ( 'NONE', *, *, #2164, .F. ) ;
#1952 = AXIS2_PLACEMENT_3D ( 'NONE', #524, #1108, #1663 ) ;
#1953 = CARTESIAN_POINT ( 'NONE',  ( -1.041000000000000100, -0.8479999999999999800, 0.0000000000000000000 ) ) ;
#1954 = CARTESIAN_POINT ( 'NONE',  ( -0.8760000000000000000, -1.245000000000000300, 0.05099999999999999700 ) ) ;
#1955 = LINE ( 'NONE', #1299, #1900 ) ;
#1956 = STYLED_ITEM ( 'NONE', ( #1113 ), #1625 ) ;
#1957 = LINE ( 'NONE', #1085, #380 ) ;
#1958 = VECTOR ( 'NONE', #1820, 1000.000000000000000 ) ;
#1959 = MECHANICAL_DESIGN_GEOMETRIC_PRESENTATION_REPRESENTATION (  '', ( #1334 ), #1198 ) ;
#1960 = CARTESIAN_POINT ( 'NONE',  ( -1.041000000000000100, 0.8479999999999999800, 0.0000000000000000000 ) ) ;
#1961 = DIRECTION ( 'NONE',  ( 0.0000000000000000000, -0.0000000000000000000, 1.000000000000000000 ) ) ;
#1962 = SURFACE_STYLE_FILL_AREA ( #370 ) ;
#1963 = DIRECTION ( 'NONE',  ( 1.000000000000000000, 0.0000000000000000000, -0.0000000000000000000 ) ) ;
#1964 = EDGE_CURVE ( 'NONE', #1543, #1392, #1713, .T. ) ;
#1965 = VERTEX_POINT ( 'NONE', #100 ) ;
#1966 = DIRECTION ( 'NONE',  ( -1.000000000000000000, -0.0000000000000000000, 0.0000000000000000000 ) ) ;
#1967 = CARTESIAN_POINT ( 'NONE',  ( -1.041000000000000100, -0.6520000000000000200, 0.0000000000000000000 ) ) ;
#1968 = LINE ( 'NONE', #2178, #1479 ) ;
#1969 = CARTESIAN_POINT ( 'NONE',  ( 1.041000000000000100, -0.6520000000000000200, 0.0000000000000000000 ) ) ;
#1970 = ORIENTED_EDGE ( 'NONE', *, *, #818, .T. ) ;
#1971 = EDGE_CURVE ( 'NONE', #1028, #783, #2110, .T. ) ;
#1972 = CARTESIAN_POINT ( 'NONE',  ( -1.548999999999999900, 0.3479999999999999800, 0.05099999999999999700 ) ) ;
#1973 = ORIENTED_EDGE ( 'NONE', *, *, #1051, .F. ) ;
#1974 = DIRECTION ( 'NONE',  ( -1.000000000000000000, 0.0000000000000000000, 0.0000000000000000000 ) ) ;
#1975 = AXIS2_PLACEMENT_3D ( 'NONE', #1203, #1048, #974 ) ;
#1976 = CARTESIAN_POINT ( 'NONE',  ( -1.041000000000000100, 0.8479999999999999800, 0.05099999999999999700 ) ) ;
#1977 = DIRECTION ( 'NONE',  ( -0.0000000000000000000, -1.000000000000000000, -0.0000000000000000000 ) ) ;
#1978 = VECTOR ( 'NONE', #1926, 1000.000000000000000 ) ;
#1979 = VERTEX_POINT ( 'NONE', #306 ) ;
#1980 = ORIENTED_EDGE ( 'NONE', *, *, #694, .F. ) ;
#1981 = DIRECTION ( 'NONE',  ( -0.0000000000000000000, 0.0000000000000000000, -1.000000000000000000 ) ) ;
#1982 = EDGE_LOOP ( 'NONE', ( #608, #1393, #440, #51 ) ) ;
#1983 = CARTESIAN_POINT ( 'NONE',  ( -1.548999999999999900, -1.548999999999999900, 0.8129999999999999400 ) ) ;
#1984 = ORIENTED_EDGE ( 'NONE', *, *, #1860, .T. ) ;
#1985 = PLANE ( 'NONE',  #491 ) ;
#1986 = EDGE_CURVE ( 'NONE', #1716, #84, #141, .T. ) ;
#1987 = ORIENTED_EDGE ( 'NONE', *, *, #1673, .F. ) ;
#1988 = DIRECTION ( 'NONE',  ( -0.0000000000000000000, 0.0000000000000000000, -1.000000000000000000 ) ) ;
#1989 = STYLED_ITEM ( 'NONE', ( #1474 ), #730 ) ;
#1990 =( NAMED_UNIT ( * ) SI_UNIT ( $, .STERADIAN. ) SOLID_ANGLE_UNIT ( ) );
#1991 = CARTESIAN_POINT ( 'NONE',  ( 1.548999999999999900, 0.6520000000000000200, 0.05099999999999999700 ) ) ;
#1992 = VECTOR ( 'NONE', #2355, 1000.000000000000000 ) ;
#1993 = PRODUCT_DEFINITION_SHAPE ( 'NONE', 'NONE',  #620 ) ;
#1994 = DIRECTION ( 'NONE',  ( 0.0000000000000000000, -1.000000000000000000, 0.0000000000000000000 ) ) ;
#1995 = VECTOR ( 'NONE', #212, 1000.000000000000000 ) ;
#1996 = DIRECTION ( 'NONE',  ( -1.000000000000000000, 0.0000000000000000000, -0.0000000000000000000 ) ) ;
#1997 = PLANE ( 'NONE',  #1278 ) ;
#1998 = VERTEX_POINT ( 'NONE', #422 ) ;
#1999 = VECTOR ( 'NONE', #1115, 1000.000000000000000 ) ;
#2000 = EDGE_CURVE ( 'NONE', #1451, #304, #1754, .T. ) ;
#2001 = DIRECTION ( 'NONE',  ( 1.000000000000000000, 0.0000000000000000000, -0.0000000000000000000 ) ) ;
#2002 = VECTOR ( 'NONE', #990, 1000.000000000000000 ) ;
#2003 = ORIENTED_EDGE ( 'NONE', *, *, #1475, .T. ) ;
#2004 = DIRECTION ( 'NONE',  ( 0.0000000000000000000, -0.0000000000000000000, 1.000000000000000000 ) ) ;
#2005 = ORIENTED_EDGE ( 'NONE', *, *, #914, .T. ) ;
#2006 = CARTESIAN_POINT ( 'NONE',  ( -1.317470000000000100, 1.000000000000000000, 0.8149999999999999500 ) ) ;
#2007 = ORIENTED_EDGE ( 'NONE', *, *, #402, .F. ) ;
#2008 = CARTESIAN_POINT ( 'NONE',  ( -1.548999999999999900, 1.152000000000000100, 0.0000000000000000000 ) ) ;
#2009 = DIRECTION ( 'NONE',  ( -0.0000000000000000000, 0.0000000000000000000, -1.000000000000000000 ) ) ;
#2010 =( NAMED_UNIT ( * ) PLANE_ANGLE_UNIT ( ) SI_UNIT ( $, .RADIAN. ) );
#2011 = ORIENTED_EDGE ( 'NONE', *, *, #1109, .T. ) ;
#2012 = DIRECTION ( 'NONE',  ( 1.000000000000000000, 0.0000000000000000000, -0.0000000000000000000 ) ) ;
#2013 = ORIENTED_EDGE ( 'NONE', *, *, #462, .T. ) ;
#2014 = CARTESIAN_POINT ( 'NONE',  ( -1.317470000000000100, 1.000000000000000000, 0.8129999999999999400 ) ) ;
#2015 = CARTESIAN_POINT ( 'NONE',  ( -1.548999999999999900, -0.3479999999999999800, 0.05099999999999999700 ) ) ;
#2016 = ORIENTED_EDGE ( 'NONE', *, *, #1490, .F. ) ;
#2017 = CARTESIAN_POINT ( 'NONE',  ( -1.041000000000000100, 1.152000000000000100, 0.0000000000000000000 ) ) ;
#2018 = DIRECTION ( 'NONE',  ( 0.0000000000000000000, -0.0000000000000000000, 1.000000000000000000 ) ) ;
#2019 = EDGE_CURVE ( 'NONE', #93, #2036, #1338, .T. ) ;
#2020 = VECTOR ( 'NONE', #1642, 1000.000000000000000 ) ;
#2021 = VECTOR ( 'NONE', #1530, 1000.000000000000000 ) ;
#2022 = AXIS2_PLACEMENT_3D ( 'NONE', #124, #115, #519 ) ;
#2023 = LINE ( 'NONE', #96, #2078 ) ;
#2024 = DIRECTION ( 'NONE',  ( -1.000000000000000000, -0.0000000000000000000, 0.0000000000000000000 ) ) ;
#2025 = FACE_OUTER_BOUND ( 'NONE', #1397, .T. ) ;
#2026 = VECTOR ( 'NONE', #2009, 1000.000000000000000 ) ;
#2027 = ORIENTED_EDGE ( 'NONE', *, *, #131, .F. ) ;
#2028 = CARTESIAN_POINT ( 'NONE',  ( 1.548999999999999900, 0.3479999999999999800, 0.05099999999999999700 ) ) ;
#2029 = LINE ( 'NONE', #862, #515 ) ;
#2030 = ORIENTED_EDGE ( 'NONE', *, *, #928, .T. ) ;
#2031 = PRESENTATION_STYLE_ASSIGNMENT (( #368 ) ) ;
#2032 = CARTESIAN_POINT ( 'NONE',  ( 1.548999999999999900, 1.152000000000000100, 0.4060000000000000800 ) ) ;
#2033 = CARTESIAN_POINT ( 'NONE',  ( -1.548999999999999900, -0.8479999999999999800, 0.0000000000000000000 ) ) ;
#2034 = ORIENTED_EDGE ( 'NONE', *, *, #1255, .T. ) ;
#2035 = EDGE_CURVE ( 'NONE', #1965, #1145, #666, .T. ) ;
#2036 = VERTEX_POINT ( 'NONE', #70 ) ;
#2037 = AXIS2_PLACEMENT_3D ( 'NONE', #644, #1605, #251 ) ;
#2038 = CARTESIAN_POINT ( 'NONE',  ( 1.041000000000000100, 0.8479999999999999800, 0.0000000000000000000 ) ) ;
#2039 = CARTESIAN_POINT ( 'NONE',  ( -1.548999999999999900, -0.8479999999999999800, 0.4060000000000000800 ) ) ;
#2040 = ORIENTED_EDGE ( 'NONE', *, *, #2195, .T. ) ;
#2041 = AXIS2_PLACEMENT_3D ( 'NONE', #1796, #1043, #449 ) ;
#2042 = CARTESIAN_POINT ( 'NONE',  ( 1.548999999999999900, -0.1520000000000000000, 0.0000000000000000000 ) ) ;
#2043 = ORIENTED_EDGE ( 'NONE', *, *, #1039, .F. ) ;
#2044 = DIRECTION ( 'NONE',  ( 1.000000000000000000, 0.0000000000000000000, -0.0000000000000000000 ) ) ;
#2045 = UNCERTAINTY_MEASURE_WITH_UNIT (LENGTH_MEASURE( 1.000000000000000100E-005 ), #1351, 'distance_accuracy_value', 'NONE');
#2046 = DIRECTION ( 'NONE',  ( 0.0000000000000000000, -0.0000000000000000000, -1.000000000000000000 ) ) ;
#2047 = EDGE_CURVE ( 'NONE', #1371, #1749, #641, .T. ) ;
#2048 =( NAMED_UNIT ( * ) SI_UNIT ( $, .STERADIAN. ) SOLID_ANGLE_UNIT ( ) );
#2049 = EDGE_CURVE ( 'NONE', #2404, #497, #1810, .T. ) ;
#2050 = CARTESIAN_POINT ( 'NONE',  ( -1.548999999999999900, 1.548999999999999900, 0.05099999999999999700 ) ) ;
#2051 = LINE ( 'NONE', #1063, #71 ) ;
#2052 = VECTOR ( 'NONE', #1045, 1000.000000000000000 ) ;
#2053 = ORIENTED_EDGE ( 'NONE', *, *, #2446, .T. ) ;
#2054 = MANIFOLD_SOLID_BREP ( 'Imported6', #1914 ) ;
#2055 = VECTOR ( 'NONE', #1866, 1000.000000000000000 ) ;
#2056 = DIRECTION ( 'NONE',  ( 0.0000000000000000000, -0.0000000000000000000, 1.000000000000000000 ) ) ;
#2057 = LINE ( 'NONE', #1830, #1476 ) ;
#2058 = CARTESIAN_POINT ( 'NONE',  ( 1.548999999999999900, 0.8479999999999999800, 0.0000000000000000000 ) ) ;
#2059 = ORIENTED_EDGE ( 'NONE', *, *, #876, .F. ) ;
#2060 = VERTEX_POINT ( 'NONE', #162 ) ;
#2061 = EDGE_CURVE ( 'NONE', #729, #1152, #1942, .T. ) ;
#2062 = VERTEX_POINT ( 'NONE', #936 ) ;
#2063 = PLANE ( 'NONE',  #456 ) ;
#2064 = PLANE ( 'NONE',  #1437 ) ;
#2065 = VECTOR ( 'NONE', #99, 1000.000000000000000 ) ;
#2066 = ORIENTED_EDGE ( 'NONE', *, *, #1610, .T. ) ;
#2067 = PRESENTATION_LAYER_ASSIGNMENT (  '', '', ( #1822 ) ) ;
#2068 = ORIENTED_EDGE ( 'NONE', *, *, #2000, .T. ) ;
#2069 = ADVANCED_FACE ( 'NONE', ( #1887 ), #869, .T. ) ;
#2070 = DIRECTION ( 'NONE',  ( 0.0000000000000000000, -0.0000000000000000000, 1.000000000000000000 ) ) ;
#2071 = EDGE_LOOP ( 'NONE', ( #474, #2241, #2236, #1477 ) ) ;
#2072 = CARTESIAN_POINT ( 'NONE',  ( -1.548999999999999900, 1.152000000000000100, 0.05099999999999999700 ) ) ;
#2073 = LINE ( 'NONE', #323, #1529 ) ;
#2074 = EDGE_CURVE ( 'NONE', #1565, #2237, #1568, .T. ) ;
#2075 = LINE ( 'NONE', #813, #1082 ) ;
#2076 = FILL_AREA_STYLE_COLOUR ( '', #634 ) ;
#2077 = ADVANCED_FACE ( 'NONE', ( #811 ), #1423, .T. ) ;
#2078 = VECTOR ( 'NONE', #2368, 1000.000000000000000 ) ;
#2079 = CARTESIAN_POINT ( 'NONE',  ( -1.548999999999999900, 0.1520000000000000000, 0.05099999999999999700 ) ) ;
#2080 = CARTESIAN_POINT ( 'NONE',  ( 1.041000000000000100, 0.8479999999999999800, 0.0000000000000000000 ) ) ;
#2081 = VECTOR ( 'NONE', #1322, 1000.000000000000000 ) ;
#2082 = VECTOR ( 'NONE', #686, 1000.000000000000000 ) ;
#2083 = ORIENTED_EDGE ( 'NONE', *, *, #1161, .F. ) ;
#2084 = LINE ( 'NONE', #1247, #47 ) ;
#2085 = AXIS2_PLACEMENT_3D ( 'NONE', #234, #1974, #1271 ) ;
#2086 = DIRECTION ( 'NONE',  ( 0.0000000000000000000, 0.0000000000000000000, -1.000000000000000000 ) ) ;
#2087 = ORIENTED_EDGE ( 'NONE', *, *, #127, .F. ) ;
#2088 = UNCERTAINTY_MEASURE_WITH_UNIT (LENGTH_MEASURE( 1.000000000000000100E-005 ), #1542, 'distance_accuracy_value', 'NONE');
#2089 = SURFACE_STYLE_FILL_AREA ( #561 ) ;
#2090 = ORIENTED_EDGE ( 'NONE', *, *, #1326, .T. ) ;
#2091 = AXIS2_PLACEMENT_3D ( 'NONE', #354, #193, #248 ) ;
#2092 = SURFACE_STYLE_USAGE ( .BOTH. , #2111 ) ;
#2093 = ORIENTED_EDGE ( 'NONE', *, *, #975, .F. ) ;
#2094 = EDGE_CURVE ( 'NONE', #1979, #1412, #2386, .T. ) ;
#2095 = ADVANCED_FACE ( 'NONE', ( #1057 ), #1795, .T. ) ;
#2096 = CARTESIAN_POINT ( 'NONE',  ( 1.548999999999999900, -1.152000000000000100, 0.0000000000000000000 ) ) ;
#2097 = EDGE_CURVE ( 'NONE', #725, #1119, #803, .T. ) ;
#2098 = DIRECTION ( 'NONE',  ( -0.0000000000000000000, -1.000000000000000000, 0.0000000000000000000 ) ) ;
#2099 = ORIENTED_EDGE ( 'NONE', *, *, #146, .F. ) ;
#2100 = VERTEX_POINT ( 'NONE', #1482 ) ;
#2101 = AXIS2_PLACEMENT_3D ( 'NONE', #736, #1055, #274 ) ;
#2102 = ADVANCED_FACE ( 'NONE', ( #1272 ), #658, .T. ) ;
#2103 = PLANE ( 'NONE',  #1864 ) ;
#2104 = LINE ( 'NONE', #1094, #1612 ) ;
#2105 = SURFACE_STYLE_FILL_AREA ( #898 ) ;
#2106 = EDGE_CURVE ( 'NONE', #1651, #1550, #945, .T. ) ;
#2107 = LINE ( 'NONE', #1298, #597 ) ;
#2108 = AXIS2_PLACEMENT_3D ( 'NONE', #2449, #1911, #583 ) ;
#2109 = CARTESIAN_POINT ( 'NONE',  ( 0.8760000000000000000, 1.245000000000000300, 0.0000000000000000000 ) ) ;
#2110 = CIRCLE ( 'NONE', #850, 0.07747000000000005300 ) ;
#2111 = SURFACE_SIDE_STYLE ('',( #408 ) ) ;
#2112 = ORIENTED_EDGE ( 'NONE', *, *, #1917, .T. ) ;
#2113 = LINE ( 'NONE', #2417, #602 ) ;
#2114 = ADVANCED_FACE ( 'NONE', ( #546 ), #143, .T. ) ;
#2115 = LINE ( 'NONE', #2032, #809 ) ;
#2116 = ORIENTED_EDGE ( 'NONE', *, *, #631, .F. ) ;
#2117 = ORIENTED_EDGE ( 'NONE', *, *, #1627, .F. ) ;
#2118 = CARTESIAN_POINT ( 'NONE',  ( -1.041000000000000100, 0.3479999999999999800, 0.0000000000000000000 ) ) ;
#2119 = ORIENTED_EDGE ( 'NONE', *, *, #909, .F. ) ;
#2120 = EDGE_CURVE ( 'NONE', #1858, #93, #1831, .T. ) ;
#2121 = VERTEX_POINT ( 'NONE', #27 ) ;
#2122 = CLOSED_SHELL ( 'NONE', ( #935, #748, #1755, #798, #623, #950, #2114 ) ) ;
#2123 = DIRECTION ( 'NONE',  ( -0.0000000000000000000, -1.000000000000000000, -0.0000000000000000000 ) ) ;
#2124 = AXIS2_PLACEMENT_3D ( 'NONE', #2265, #2086, #761 ) ;
#2125 = CARTESIAN_POINT ( 'NONE',  ( 1.548999999999999900, 1.548999999999999900, 0.8129999999999999400 ) ) ;
#2126 = ADVANCED_FACE ( 'NONE', ( #2291 ), #1385, .T. ) ;
#2127 = ORIENTED_EDGE ( 'NONE', *, *, #7, .F. ) ;
#2128 = DIRECTION ( 'NONE',  ( 0.0000000000000000000, -0.0000000000000000000, 1.000000000000000000 ) ) ;
#2129 = UNCERTAINTY_MEASURE_WITH_UNIT (LENGTH_MEASURE( 1.000000000000000100E-005 ), #1849, 'distance_accuracy_value', 'NONE');
#2130 = VECTOR ( 'NONE', #1518, 1000.000000000000000 ) ;
#2131 = DIRECTION ( 'NONE',  ( 1.000000000000000000, 0.0000000000000000000, 0.0000000000000000000 ) ) ;
#2132 = LINE ( 'NONE', #126, #566 ) ;
#2133 = DIRECTION ( 'NONE',  ( 0.0000000000000000000, 1.000000000000000000, -0.0000000000000000000 ) ) ;
#2134 = LINE ( 'NONE', #2015, #1958 ) ;
#2135 = COLOUR_RGB ( '',0.5843137254901961100, 0.5843137254901961100, 0.5843137254901961100 ) ;
#2136 = EDGE_CURVE ( 'NONE', #2404, #1879, #419, .T. ) ;
#2137 = ORIENTED_EDGE ( 'NONE', *, *, #56, .F. ) ;
#2138 = PLANE ( 'NONE',  #355 ) ;
#2139 = DIRECTION ( 'NONE',  ( 1.000000000000000000, 0.0000000000000000000, -0.0000000000000000000 ) ) ;
#2140 = VERTEX_POINT ( 'NONE', #2118 ) ;
#2141 = EDGE_LOOP ( 'NONE', ( #940, #1569, #2011, #2396 ) ) ;
#2142 = ORIENTED_EDGE ( 'NONE', *, *, #1906, .T. ) ;
#2143 = DIRECTION ( 'NONE',  ( 0.0000000000000000000, -0.0000000000000000000, 1.000000000000000000 ) ) ;
#2144 = CARTESIAN_POINT ( 'NONE',  ( 1.548999999999999900, 0.6520000000000000200, 0.0000000000000000000 ) ) ;
#2145 = ORIENTED_EDGE ( 'NONE', *, *, #2243, .F. ) ;
#2146 = DIRECTION ( 'NONE',  ( 0.0000000000000000000, -0.0000000000000000000, 1.000000000000000000 ) ) ;
#2147 = PLANE ( 'NONE',  #2274 ) ;
#2148 = ORIENTED_EDGE ( 'NONE', *, *, #1932, .T. ) ;
#2149 = DIRECTION ( 'NONE',  ( 0.0000000000000000000, 0.0000000000000000000, -1.000000000000000000 ) ) ;
#2150 = EDGE_CURVE ( 'NONE', #218, #1128, #616, .T. ) ;
#2151 = ORIENTED_EDGE ( 'NONE', *, *, #256, .T. ) ;
#2152 = ORIENTED_EDGE ( 'NONE', *, *, #2208, .T. ) ;
#2153 = STYLED_ITEM ( 'NONE', ( #1676 ), #463 ) ;
#2154 = FILL_AREA_STYLE_COLOUR ( '', #1008 ) ;
#2155 = SURFACE_STYLE_FILL_AREA ( #1478 ) ;
#2156 = DIRECTION ( 'NONE',  ( 0.0000000000000000000, 0.0000000000000000000, 1.000000000000000000 ) ) ;
#2157 = SURFACE_STYLE_FILL_AREA ( #1876 ) ;
#2158 = COLOUR_RGB ( '',0.5843137254901961100, 0.5843137254901961100, 0.5843137254901961100 ) ;
#2159 = VECTOR ( 'NONE', #923, 1000.000000000000000 ) ;
#2160 = DIRECTION ( 'NONE',  ( 0.0000000000000000000, 1.000000000000000000, 0.0000000000000000000 ) ) ;
#2161 = CARTESIAN_POINT ( 'NONE',  ( -1.548999999999999900, 0.8479999999999999800, 0.05099999999999999700 ) ) ;
#2162 = SURFACE_STYLE_FILL_AREA ( #428 ) ;
#2163 = ORIENTED_EDGE ( 'NONE', *, *, #1556, .T. ) ;
#2164 = EDGE_CURVE ( 'NONE', #425, #781, #1229, .T. ) ;
#2165 = DIRECTION ( 'NONE',  ( -0.0000000000000000000, -0.0000000000000000000, -1.000000000000000000 ) ) ;
#2166 = ORIENTED_EDGE ( 'NONE', *, *, #7, .T. ) ;
#2167 = DIRECTION ( 'NONE',  ( -0.0000000000000000000, 0.0000000000000000000, -1.000000000000000000 ) ) ;
#2168 = FACE_OUTER_BOUND ( 'NONE', #837, .T. ) ;
#2169 = EDGE_LOOP ( 'NONE', ( #844, #2337, #534, #387 ) ) ;
#2170 = ORIENTED_EDGE ( 'NONE', *, *, #1291, .F. ) ;
#2171 = CARTESIAN_POINT ( 'NONE',  ( -1.041000000000000100, 0.6520000000000000200, 0.05099999999999999700 ) ) ;
#2172 = DIRECTION ( 'NONE',  ( 1.000000000000000000, 0.0000000000000000000, -0.0000000000000000000 ) ) ;
#2173 = ORIENTED_EDGE ( 'NONE', *, *, #1580, .F. ) ;
#2174 = LINE ( 'NONE', #1464, #1426 ) ;
#2175 = DIRECTION ( 'NONE',  ( 1.000000000000000000, 0.0000000000000000000, 0.0000000000000000000 ) ) ;
#2176 = ORIENTED_EDGE ( 'NONE', *, *, #1871, .F. ) ;
#2177 = CARTESIAN_POINT ( 'NONE',  ( 1.548999999999999900, 0.8479999999999999800, 0.0000000000000000000 ) ) ;
#2178 = CARTESIAN_POINT ( 'NONE',  ( 1.548999999999999900, -0.3479999999999999800, 0.05099999999999999700 ) ) ;
#2179 = ORIENTED_EDGE ( 'NONE', *, *, #72, .T. ) ;
#2180 = CARTESIAN_POINT ( 'NONE',  ( -1.548999999999999900, -1.548999999999999900, 0.8129999999999999400 ) ) ;
#2181 = EDGE_CURVE ( 'NONE', #1266, #1152, #483, .T. ) ;
#2182 = STYLED_ITEM ( 'NONE', ( #1683 ), #806 ) ;
#2183 = MECHANICAL_DESIGN_GEOMETRIC_PRESENTATION_REPRESENTATION (  '', ( #1822 ), #2303 ) ;
#2184 = CARTESIAN_POINT ( 'NONE',  ( 1.041000000000000100, -0.3479999999999999800, 0.0000000000000000000 ) ) ;
#2185 = LINE ( 'NONE', #2072, #1699 ) ;
#2186 = SURFACE_STYLE_USAGE ( .BOTH. , #1072 ) ;
#2187 = LINE ( 'NONE', #1559, #1250 ) ;
#2188 = FACE_OUTER_BOUND ( 'NONE', #1982, .T. ) ;
#2189 = DIRECTION ( 'NONE',  ( 0.0000000000000000000, 0.0000000000000000000, 1.000000000000000000 ) ) ;
#2190 = VECTOR ( 'NONE', #1365, 1000.000000000000000 ) ;
#2191 = DIRECTION ( 'NONE',  ( -1.000000000000000000, -0.0000000000000000000, 0.0000000000000000000 ) ) ;
#2192 = CARTESIAN_POINT ( 'NONE',  ( -1.548999999999999900, -0.1520000000000000000, 0.05099999999999999700 ) ) ;
#2193 = DIRECTION ( 'NONE',  ( 0.0000000000000000000, -0.0000000000000000000, -1.000000000000000000 ) ) ;
#2194 = VERTEX_POINT ( 'NONE', #1937 ) ;
#2195 = EDGE_CURVE ( 'NONE', #2228, #1597, #269, .T. ) ;
#2196 = VERTEX_POINT ( 'NONE', #2125 ) ;
#2197 = AXIS2_PLACEMENT_3D ( 'NONE', #1483, #2209, #901 ) ;
#2198 = CARTESIAN_POINT ( 'NONE',  ( 1.041000000000000100, 1.152000000000000100, 0.0000000000000000000 ) ) ;
#2199 = ORIENTED_EDGE ( 'NONE', *, *, #2211, .T. ) ;
#2200 = PLANE ( 'NONE',  #2022 ) ;
#2201 = ORIENTED_EDGE ( 'NONE', *, *, #360, .F. ) ;
#2202 = DIRECTION ( 'NONE',  ( 0.0000000000000000000, 0.0000000000000000000, 1.000000000000000000 ) ) ;
#2203 = CARTESIAN_POINT ( 'NONE',  ( 1.041000000000000100, -1.152000000000000100, 0.0000000000000000000 ) ) ;
#2204 = ORIENTED_EDGE ( 'NONE', *, *, #2195, .F. ) ;
#2205 = DIRECTION ( 'NONE',  ( 0.0000000000000000000, -0.0000000000000000000, -1.000000000000000000 ) ) ;
#2206 = AXIS2_PLACEMENT_3D ( 'NONE', #123, #1076, #721 ) ;
#2207 = VERTEX_POINT ( 'NONE', #225 ) ;
#2208 = EDGE_CURVE ( 'NONE', #2196, #1890, #1389, .T. ) ;
#2209 = DIRECTION ( 'NONE',  ( -1.000000000000000000, 0.0000000000000000000, 0.0000000000000000000 ) ) ;
#2210 = ORIENTED_EDGE ( 'NONE', *, *, #2301, .T. ) ;
#2211 = EDGE_CURVE ( 'NONE', #1332, #997, #2231, .T. ) ;
#2212 = COLOUR_RGB ( '',0.7215686274509803800, 0.7215686274509803800, 0.7215686274509803800 ) ;
#2213 = CARTESIAN_POINT ( 'NONE',  ( -1.548999999999999900, -1.548999999999999900, 0.05099999999999999700 ) ) ;
#2214 = UNCERTAINTY_MEASURE_WITH_UNIT (LENGTH_MEASURE( 1.000000000000000100E-005 ), #1287, 'distance_accuracy_value', 'NONE');
#2215 = LINE ( 'NONE', #737, #255 ) ;
#2216 = AXIS2_PLACEMENT_3D ( 'NONE', #1615, #649, #1721 ) ;
#2217 = FACE_OUTER_BOUND ( 'NONE', #953, .T. ) ;
#2218 =( NAMED_UNIT ( * ) PLANE_ANGLE_UNIT ( ) SI_UNIT ( $, .RADIAN. ) );
#2219 = DIRECTION ( 'NONE',  ( 0.0000000000000000000, 0.0000000000000000000, -1.000000000000000000 ) ) ;
#2220 = VECTOR ( 'NONE', #1496, 1000.000000000000000 ) ;
#2221 = DIRECTION ( 'NONE',  ( 0.0000000000000000000, 1.000000000000000000, -0.0000000000000000000 ) ) ;
#2222 = PRESENTATION_STYLE_ASSIGNMENT (( #381 ) ) ;
#2223 = SURFACE_SIDE_STYLE ('',( #2155 ) ) ;
#2224 = LINE ( 'NONE', #1204, #1793 ) ;
#2225 = ORIENTED_EDGE ( 'NONE', *, *, #2316, .T. ) ;
#2226 = DIRECTION ( 'NONE',  ( 0.0000000000000000000, 0.0000000000000000000, 1.000000000000000000 ) ) ;
#2227 = CARTESIAN_POINT ( 'NONE',  ( -1.548999999999999900, 0.3479999999999999800, 0.05099999999999999700 ) ) ;
#2228 = VERTEX_POINT ( 'NONE', #951 ) ;
#2229 = EDGE_CURVE ( 'NONE', #969, #367, #19, .T. ) ;
#2230 = CARTESIAN_POINT ( 'NONE',  ( 1.548999999999999900, 0.6520000000000000200, 0.05099999999999999700 ) ) ;
#2231 = LINE ( 'NONE', #840, #2002 ) ;
#2232 = DIRECTION ( 'NONE',  ( 1.000000000000000000, 0.0000000000000000000, -0.0000000000000000000 ) ) ;
#2233 = ORIENTED_EDGE ( 'NONE', *, *, #252, .T. ) ;
#2234 = PRESENTATION_LAYER_ASSIGNMENT (  '', '', ( #1989 ) ) ;
#2235 = CARTESIAN_POINT ( 'NONE',  ( 1.548999999999999900, -0.8479999999999999800, 0.0000000000000000000 ) ) ;
#2236 = ORIENTED_EDGE ( 'NONE', *, *, #1921, .F. ) ;
#2237 = VERTEX_POINT ( 'NONE', #888 ) ;
#2238 = CARTESIAN_POINT ( 'NONE',  ( -1.041000000000000100, -0.1520000000000000000, 0.0000000000000000000 ) ) ;
#2239 = ORIENTED_EDGE ( 'NONE', *, *, #2287, .T. ) ;
#2240 = PLANE ( 'NONE',  #1181 ) ;
#2241 = ORIENTED_EDGE ( 'NONE', *, *, #1291, .T. ) ;
#2242 = CARTESIAN_POINT ( 'NONE',  ( -1.041000000000000100, -0.3479999999999999800, 0.0000000000000000000 ) ) ;
#2243 = EDGE_CURVE ( 'NONE', #1565, #1205, #1511, .T. ) ;
#2244 = FILL_AREA_STYLE ('',( #1129 ) ) ;
#2245 = ADVANCED_FACE ( '$', ( #762 ), #244, .T. ) ;
#2246 = STYLED_ITEM ( 'NONE', ( #2031 ), #44 ) ;
#2247 = DIRECTION ( 'NONE',  ( -0.0000000000000000000, 0.0000000000000000000, -1.000000000000000000 ) ) ;
#2248 = FACE_OUTER_BOUND ( 'NONE', #1628, .T. ) ;
#2249 = LINE ( 'NONE', #662, #1760 ) ;
#2250 = VECTOR ( 'NONE', #1167, 1000.000000000000000 ) ;
#2251 = ORIENTED_EDGE ( 'NONE', *, *, #778, .T. ) ;
#2252 = SURFACE_STYLE_FILL_AREA ( #1638 ) ;
#2253 = DIRECTION ( 'NONE',  ( -0.0000000000000000000, 0.0000000000000000000, 1.000000000000000000 ) ) ;
#2254 = ORIENTED_EDGE ( 'NONE', *, *, #2392, .T. ) ;
#2255 = ADVANCED_FACE ( 'NONE', ( #1301 ), #1025, .T. ) ;
#2256 = DIRECTION ( 'NONE',  ( -0.0000000000000000000, 0.0000000000000000000, -1.000000000000000000 ) ) ;
#2257 = EDGE_LOOP ( 'NONE', ( #455, #1909, #2034, #278 ) ) ;
#2258 = EDGE_CURVE ( 'NONE', #48, #1597, #1061, .T. ) ;
#2259 = UNCERTAINTY_MEASURE_WITH_UNIT (LENGTH_MEASURE( 1.000000000000000100E-005 ), #1521, 'distance_accuracy_value', 'NONE');
#2260 = ORIENTED_EDGE ( 'NONE', *, *, #2000, .F. ) ;
#2261 = AXIS2_PLACEMENT_3D ( 'NONE', #1279, #324, #1988 ) ;
#2262 = DIRECTION ( 'NONE',  ( -0.0000000000000000000, 0.0000000000000000000, -1.000000000000000000 ) ) ;
#2263 = EDGE_LOOP ( 'NONE', ( #1396, #2251, #946, #1949 ) ) ;
#2264 = CARTESIAN_POINT ( 'NONE',  ( -1.041000000000000100, 0.3479999999999999800, 0.0000000000000000000 ) ) ;
#2265 = CARTESIAN_POINT ( 'NONE',  ( 1.548999999999999900, 0.8479999999999999800, 0.0000000000000000000 ) ) ;
#2266 = ORIENTED_EDGE ( 'NONE', *, *, #1206, .T. ) ;
#2267 = ADVANCED_FACE ( 'NONE', ( #2168 ), #1214, .T. ) ;
#2268 = ORIENTED_EDGE ( 'NONE', *, *, #600, .F. ) ;
#2269 = DIRECTION ( 'NONE',  ( 0.0000000000000000000, 1.000000000000000000, 0.0000000000000000000 ) ) ;
#2270 = LINE ( 'NONE', #549, #1346 ) ;
#2271 = EDGE_CURVE ( 'NONE', #525, #1554, #364, .T. ) ;
#2272 = FACE_OUTER_BOUND ( 'NONE', #362, .T. ) ;
#2273 = LINE ( 'NONE', #1103, #963 ) ;
#2274 = AXIS2_PLACEMENT_3D ( 'NONE', #53, #823, #1963 ) ;
#2275 = VECTOR ( 'NONE', #735, 1000.000000000000000 ) ;
#2276 = ADVANCED_FACE ( 'NONE', ( #1827 ), #1032, .T. ) ;
#2277 = VECTOR ( 'NONE', #1907, 1000.000000000000000 ) ;
#2278 = LINE ( 'NONE', #1408, #334 ) ;
#2279 = EDGE_LOOP ( 'NONE', ( #1780, #1912, #2093, #318 ) ) ;
#2280 = LINE ( 'NONE', #2409, #1621 ) ;
#2281 = DIRECTION ( 'NONE',  ( 0.0000000000000000000, -0.0000000000000000000, 1.000000000000000000 ) ) ;
#2282 = ORIENTED_EDGE ( 'NONE', *, *, #947, .T. ) ;
#2283 = ORIENTED_EDGE ( 'NONE', *, *, #1610, .F. ) ;
#2284 = EDGE_CURVE ( 'NONE', #1579, #723, #1744, .T. ) ;
#2285 = DIRECTION ( 'NONE',  ( -0.0000000000000000000, 0.0000000000000000000, -1.000000000000000000 ) ) ;
#2286 = ORIENTED_EDGE ( 'NONE', *, *, #146, .T. ) ;
#2287 = EDGE_CURVE ( 'NONE', #1631, #783, #1261, .T. ) ;
#2288 = ORIENTED_EDGE ( 'NONE', *, *, #1932, .F. ) ;
#2289 = ADVANCED_FACE ( 'NONE', ( #366 ), #972, .T. ) ;
#2290 = DIRECTION ( 'NONE',  ( 0.0000000000000000000, 1.000000000000000000, 0.0000000000000000000 ) ) ;
#2291 = FACE_OUTER_BOUND ( 'NONE', #849, .T. ) ;
#2292 = VERTEX_POINT ( 'NONE', #1224 ) ;
#2293 = CARTESIAN_POINT ( 'NONE',  ( -1.548999999999999900, 0.3479999999999999800, 0.0000000000000000000 ) ) ;
#2294 = ORIENTED_EDGE ( 'NONE', *, *, #1121, .T. ) ;
#2295 = DIRECTION ( 'NONE',  ( -0.0000000000000000000, -0.0000000000000000000, -1.000000000000000000 ) ) ;
#2296 = CARTESIAN_POINT ( 'NONE',  ( -1.548999999999999900, -0.1520000000000000000, 0.05099999999999999700 ) ) ;
#2297 = MANIFOLD_SOLID_BREP ( 'Imported12', #1456 ) ;
#2298 = ADVANCED_FACE ( 'NONE', ( #1659 ), #2344, .T. ) ;
#2299 = VECTOR ( 'NONE', #1806, 1000.000000000000000 ) ;
#2300 = DIRECTION ( 'NONE',  ( -0.0000000000000000000, 0.0000000000000000000, -1.000000000000000000 ) ) ;
#2301 = EDGE_CURVE ( 'NONE', #1885, #2062, #282, .T. ) ;
#2302 = PRESENTATION_LAYER_ASSIGNMENT (  '', '', ( #2182 ) ) ;
#2303 =( GEOMETRIC_REPRESENTATION_CONTEXT ( 3 ) GLOBAL_UNCERTAINTY_ASSIGNED_CONTEXT ( ( #1611 ) ) GLOBAL_UNIT_ASSIGNED_CONTEXT ( ( #69, #1227, #2347 ) ) REPRESENTATION_CONTEXT ( 'NONE', 'WORKASPACE' ) );
#2304 = VECTOR ( 'NONE', #2290, 1000.000000000000000 ) ;
#2305 = DIRECTION ( 'NONE',  ( 0.0000000000000000000, 1.000000000000000000, 0.0000000000000000000 ) ) ;
#2306 = ORIENTED_EDGE ( 'NONE', *, *, #914, .F. ) ;
#2307 = LINE ( 'NONE', #496, #1765 ) ;
#2308 = CYLINDRICAL_SURFACE ( 'NONE', #1567, 0.07747000000000005300 ) ;
#2309 = ORIENTED_EDGE ( 'NONE', *, *, #2316, .F. ) ;
#2310 = ORIENTED_EDGE ( 'NONE', *, *, #223, .F. ) ;
#2311 = CARTESIAN_POINT ( 'NONE',  ( -1.041000000000000100, 0.6520000000000000200, 0.0000000000000000000 ) ) ;
#2312 = DIRECTION ( 'NONE',  ( 0.0000000000000000000, -1.000000000000000000, 0.0000000000000000000 ) ) ;
#2313 = ADVANCED_FACE ( 'NONE', ( #1884 ), #76, .T. ) ;
#2314 = ORIENTED_EDGE ( 'NONE', *, *, #1150, .F. ) ;
#2315 = DIRECTION ( 'NONE',  ( 1.000000000000000000, 0.0000000000000000000, 0.0000000000000000000 ) ) ;
#2316 = EDGE_CURVE ( 'NONE', #425, #1133, #1517, .T. ) ;
#2317 = DIRECTION ( 'NONE',  ( -0.0000000000000000000, -1.000000000000000000, -0.0000000000000000000 ) ) ;
#2318 = VERTEX_POINT ( 'NONE', #1814 ) ;
#2319 = CARTESIAN_POINT ( 'NONE',  ( 1.548999999999999900, 0.3479999999999999800, 0.0000000000000000000 ) ) ;
#2320 = ORIENTED_EDGE ( 'NONE', *, *, #2061, .F. ) ;
#2321 = PLANE ( 'NONE',  #1262 ) ;
#2322 = LINE ( 'NONE', #589, #409 ) ;
#2323 = LINE ( 'NONE', #2038, #824 ) ;
#2324 = CARTESIAN_POINT ( 'NONE',  ( -1.548999999999999900, -1.548999999999999900, 0.05099999999999999700 ) ) ;
#2325 = CARTESIAN_POINT ( 'NONE',  ( -1.548999999999999900, -0.6520000000000000200, 0.05099999999999999700 ) ) ;
#2326 = LINE ( 'NONE', #1317, #325 ) ;
#2327 = DIRECTION ( 'NONE',  ( 0.0000000000000000000, 0.0000000000000000000, 1.000000000000000000 ) ) ;
#2328 = EDGE_CURVE ( 'NONE', #61, #1202, #1773, .T. ) ;
#2329 = LINE ( 'NONE', #317, #257 ) ;
#2330 = CARTESIAN_POINT ( 'NONE',  ( -0.8760000000000000000, 1.245000000000000300, 0.05099999999999999700 ) ) ;
#2331 = EDGE_CURVE ( 'NONE', #2121, #1177, #1238, .T. ) ;
#2332 = CARTESIAN_POINT ( 'NONE',  ( 1.041000000000000100, -0.8479999999999999800, 0.0000000000000000000 ) ) ;
#2333 = ORIENTED_EDGE ( 'NONE', *, *, #2047, .T. ) ;
#2334 = VECTOR ( 'NONE', #854, 1000.000000000000000 ) ;
#2335 = CARTESIAN_POINT ( 'NONE',  ( -1.548999999999999900, 1.548999999999999900, 0.05099999999999999700 ) ) ;
#2336 = DIRECTION ( 'NONE',  ( 0.0000000000000000000, 0.0000000000000000000, -1.000000000000000000 ) ) ;
#2337 = ORIENTED_EDGE ( 'NONE', *, *, #1475, .F. ) ;
#2338 = SURFACE_STYLE_FILL_AREA ( #2244 ) ;
#2339 = DIRECTION ( 'NONE',  ( 0.0000000000000000000, 0.0000000000000000000, -1.000000000000000000 ) ) ;
#2340 = ORIENTED_EDGE ( 'NONE', *, *, #665, .F. ) ;
#2341 = EDGE_LOOP ( 'NONE', ( #2013, #1660, #1622, #396 ) ) ;
#2342 = CARTESIAN_POINT ( 'NONE',  ( 0.8760000000000000000, 1.245000000000000300, 0.0000000000000000000 ) ) ;
#2343 = ORIENTED_EDGE ( 'NONE', *, *, #1964, .T. ) ;
#2344 = PLANE ( 'NONE',  #792 ) ;
#2345 = DIRECTION ( 'NONE',  ( 0.0000000000000000000, 1.000000000000000000, 0.0000000000000000000 ) ) ;
#2346 = ORIENTED_EDGE ( 'NONE', *, *, #1950, .T. ) ;
#2347 =( NAMED_UNIT ( * ) SI_UNIT ( $, .STERADIAN. ) SOLID_ANGLE_UNIT ( ) );
#2348 = EDGE_CURVE ( 'NONE', #421, #1095, #1878, .T. ) ;
#2349 = EDGE_LOOP ( 'NONE', ( #610, #924, #336, #54, #2320, #2306 ) ) ;
#2350 = ORIENTED_EDGE ( 'NONE', *, *, #1417, .T. ) ;
#2351 = MECHANICAL_DESIGN_GEOMETRIC_PRESENTATION_REPRESENTATION (  '', ( #1989 ), #8 ) ;
#2352 = DIRECTION ( 'NONE',  ( 0.0000000000000000000, -1.000000000000000000, 0.0000000000000000000 ) ) ;
#2353 = PLANE ( 'NONE',  #1023 ) ;
#2354 = ORIENTED_EDGE ( 'NONE', *, *, #1419, .T. ) ;
#2355 = DIRECTION ( 'NONE',  ( -0.0000000000000000000, 0.0000000000000000000, -1.000000000000000000 ) ) ;
#2356 = PRESENTATION_STYLE_ASSIGNMENT (( #2092 ) ) ;
#2357 = CARTESIAN_POINT ( 'NONE',  ( -1.548999999999999900, -0.1520000000000000000, 0.05099999999999999700 ) ) ;
#2358 = CARTESIAN_POINT ( 'NONE',  ( -1.548999999999999900, 0.3479999999999999800, 0.05099999999999999700 ) ) ;
#2359 = LINE ( 'NONE', #698, #1759 ) ;
#2360 = DIRECTION ( 'NONE',  ( 0.0000000000000000000, 1.000000000000000000, -0.0000000000000000000 ) ) ;
#2361 = EDGE_CURVE ( 'NONE', #1807, #969, #520, .T. ) ;
#2362 = CARTESIAN_POINT ( 'NONE',  ( 1.548999999999999900, -1.152000000000000100, 0.05099999999999999700 ) ) ;
#2363 = LINE ( 'NONE', #985, #2304 ) ;
#2364 = ORIENTED_EDGE ( 'NONE', *, *, #836, .F. ) ;
#2365 = AXIS2_PLACEMENT_3D ( 'NONE', #961, #1335, #2431 ) ;
#2366 = CARTESIAN_POINT ( 'NONE',  ( -1.548999999999999900, -1.152000000000000100, 0.0000000000000000000 ) ) ;
#2367 = VECTOR ( 'NONE', #2389, 1000.000000000000000 ) ;
#2368 = DIRECTION ( 'NONE',  ( 0.0000000000000000000, 0.0000000000000000000, 1.000000000000000000 ) ) ;
#2369 = VERTEX_POINT ( 'NONE', #2370 ) ;
#2370 = CARTESIAN_POINT ( 'NONE',  ( 1.548999999999999900, -1.152000000000000100, 0.4060000000000000800 ) ) ;
#2371 = CARTESIAN_POINT ( 'NONE',  ( -1.548999999999999900, 0.1520000000000000000, 0.4060000000000000800 ) ) ;
#2372 = VECTOR ( 'NONE', #979, 1000.000000000000000 ) ;
#2373 = EDGE_LOOP ( 'NONE', ( #912, #640, #215, #944 ) ) ;
#2374 = ORIENTED_EDGE ( 'NONE', *, *, #1846, .F. ) ;
#2375 = CARTESIAN_POINT ( 'NONE',  ( -1.041000000000000100, -0.6520000000000000200, 0.0000000000000000000 ) ) ;
#2376 = CARTESIAN_POINT ( 'NONE',  ( -1.548999999999999900, -1.152000000000000100, 0.05099999999999999700 ) ) ;
#2377 = ORIENTED_EDGE ( 'NONE', *, *, #1434, .F. ) ;
#2378 = DIRECTION ( 'NONE',  ( 0.0000000000000000000, 1.000000000000000000, 0.0000000000000000000 ) ) ;
#2379 = ORIENTED_EDGE ( 'NONE', *, *, #402, .T. ) ;
#2380 = EDGE_CURVE ( 'NONE', #781, #1409, #1938, .T. ) ;
#2381 = VERTEX_POINT ( 'NONE', #870 ) ;
#2382 = FACE_OUTER_BOUND ( 'NONE', #1101, .T. ) ;
#2383 = CARTESIAN_POINT ( 'NONE',  ( -1.041000000000000100, 0.1520000000000000000, 0.0000000000000000000 ) ) ;
#2384 = DIRECTION ( 'NONE',  ( 0.0000000000000000000, 0.0000000000000000000, 1.000000000000000000 ) ) ;
#2385 = VECTOR ( 'NONE', #1429, 1000.000000000000000 ) ;
#2386 = LINE ( 'NONE', #467, #878 ) ;
#2387 = LINE ( 'NONE', #464, #1847 ) ;
#2388 = DIRECTION ( 'NONE',  ( 0.0000000000000000000, 1.000000000000000000, 0.0000000000000000000 ) ) ;
#2389 = DIRECTION ( 'NONE',  ( 0.0000000000000000000, -0.0000000000000000000, 1.000000000000000000 ) ) ;
#2390 = ORIENTED_EDGE ( 'NONE', *, *, #445, .F. ) ;
#2391 = LINE ( 'NONE', #1225, #441 ) ;
#2392 = EDGE_CURVE ( 'NONE', #1603, #1856, #611, .T. ) ;
#2393 = ORIENTED_EDGE ( 'NONE', *, *, #2405, .F. ) ;
#2394 = PRESENTATION_LAYER_ASSIGNMENT (  '', '', ( #2153 ) ) ;
#2395 = DIRECTION ( 'NONE',  ( -0.0000000000000000000, -1.000000000000000000, -0.0000000000000000000 ) ) ;
#2396 = ORIENTED_EDGE ( 'NONE', *, *, #1800, .F. ) ;
#2397 = CLOSED_SHELL ( 'NONE', ( #416, #2448, #1321, #2077, #382, #1537, #180 ) ) ;
#2398 = CARTESIAN_POINT ( 'NONE',  ( 1.548999999999999900, -1.152000000000000100, 0.0000000000000000000 ) ) ;
#2399 = VERTEX_POINT ( 'NONE', #883 ) ;
#2400 = CARTESIAN_POINT ( 'NONE',  ( 1.041000000000000100, -0.3479999999999999800, 0.05099999999999999700 ) ) ;
#2401 = ORIENTED_EDGE ( 'NONE', *, *, #801, .T. ) ;
#2402 = PRODUCT_CONTEXT ( 'NONE', #1488, 'mechanical' ) ;
#2403 = CARTESIAN_POINT ( 'NONE',  ( 1.548999999999999900, -0.3479999999999999800, 0.0000000000000000000 ) ) ;
#2404 = VERTEX_POINT ( 'NONE', #495 ) ;
#2405 = EDGE_CURVE ( 'NONE', #421, #157, #2057, .T. ) ;
#2406 = CARTESIAN_POINT ( 'NONE',  ( 1.548999999999999900, 1.152000000000000100, 0.05099999999999999700 ) ) ;
#2407 = LINE ( 'NONE', #1835, #1870 ) ;
#2408 = LINE ( 'NONE', #2017, #201 ) ;
#2409 = CARTESIAN_POINT ( 'NONE',  ( -1.548999999999999900, -0.1520000000000000000, 0.4060000000000000800 ) ) ;
#2410 = VECTOR ( 'NONE', #856, 1000.000000000000000 ) ;
#2411 = AXIS2_PLACEMENT_3D ( 'NONE', #1407, #1787, #643 ) ;
#2412 = DIRECTION ( 'NONE',  ( 1.000000000000000000, 0.0000000000000000000, 0.0000000000000000000 ) ) ;
#2413 = VECTOR ( 'NONE', #28, 1000.000000000000000 ) ;
#2414 = ADVANCED_FACE ( 'NONE', ( #81 ), #1080, .T. ) ;
#2415 = ORIENTED_EDGE ( 'NONE', *, *, #1656, .T. ) ;
#2416 = FACE_OUTER_BOUND ( 'NONE', #2349, .T. ) ;
#2417 = CARTESIAN_POINT ( 'NONE',  ( -1.548999999999999900, -0.1520000000000000000, 0.05099999999999999700 ) ) ;
#2418 = EDGE_LOOP ( 'NONE', ( #753, #1452, #403, #660 ) ) ;
#2419 = EDGE_CURVE ( 'NONE', #2399, #427, #275, .T. ) ;
#2420 = MECHANICAL_DESIGN_GEOMETRIC_PRESENTATION_REPRESENTATION (  '', ( #2182 ), #92 ) ;
#2421 = VECTOR ( 'NONE', #128, 1000.000000000000000 ) ;
#2422 = EDGE_LOOP ( 'NONE', ( #1813, #1970, #2142, #1276 ) ) ;
#2423 = CARTESIAN_POINT ( 'NONE',  ( 1.548999999999999900, -0.8479999999999999800, 0.4060000000000000800 ) ) ;
#2424 = ORIENTED_EDGE ( 'NONE', *, *, #2284, .F. ) ;
#2425 = VERTEX_POINT ( 'NONE', #692 ) ;
#2426 = ADVANCED_FACE ( 'NONE', ( #1446 ), #2308, .T. ) ;
#2427 =( NAMED_UNIT ( * ) PLANE_ANGLE_UNIT ( ) SI_UNIT ( $, .RADIAN. ) );
#2428 = ORIENTED_EDGE ( 'NONE', *, *, #1137, .T. ) ;
#2429 = CARTESIAN_POINT ( 'NONE',  ( -1.548999999999999900, -0.6520000000000000200, 0.4060000000000000800 ) ) ;
#2430 = EDGE_CURVE ( 'NONE', #157, #1965, #417, .T. ) ;
#2431 = DIRECTION ( 'NONE',  ( 1.000000000000000000, 0.0000000000000000000, -0.0000000000000000000 ) ) ;
#2432 = LINE ( 'NONE', #158, #2020 ) ;
#2433 = AXIS2_PLACEMENT_3D ( 'NONE', #1472, #1274, #2384 ) ;
#2434 = LINE ( 'NONE', #586, #2021 ) ;
#2435 = DIRECTION ( 'NONE',  ( 0.0000000000000000000, 0.0000000000000000000, -1.000000000000000000 ) ) ;
#2436 = ADVANCED_FACE ( 'NONE', ( #1127 ), #1471, .T. ) ;
#2437 = LINE ( 'NONE', #866, #1083 ) ;
#2438 = FACE_OUTER_BOUND ( 'NONE', #245, .T. ) ;
#2439 = ORIENTED_EDGE ( 'NONE', *, *, #1627, .T. ) ;
#2440 = FACE_OUTER_BOUND ( 'NONE', #365, .T. ) ;
#2441 = CARTESIAN_POINT ( 'NONE',  ( 1.548999999999999900, -1.152000000000000100, 0.05099999999999999700 ) ) ;
#2442 = ORIENTED_EDGE ( 'NONE', *, *, #2419, .T. ) ;
#2443 = EDGE_CURVE ( 'NONE', #997, #1828, #2115, .T. ) ;
#2444 = ORIENTED_EDGE ( 'NONE', *, *, #291, .F. ) ;
#2445 = CARTESIAN_POINT ( 'NONE',  ( 1.548999999999999900, -0.3479999999999999800, 0.0000000000000000000 ) ) ;
#2446 = EDGE_CURVE ( 'NONE', #1009, #886, #74, .T. ) ;
#2447 = EDGE_LOOP ( 'NONE', ( #2340, #584, #1038, #875 ) ) ;
#2448 = ADVANCED_FACE ( 'NONE', ( #232 ), #1283, .T. ) ;
#2449 = CARTESIAN_POINT ( 'NONE',  ( -1.548999999999999900, 0.8479999999999999800, 0.0000000000000000000 ) ) ;
#2450 = ORIENTED_EDGE ( 'NONE', *, *, #647, .F. ) ;
ENDSEC;
END-ISO-10303-21;
