ISO-10303-21;
HEADER;
/* Generated by software containing ST-Developer
 * from STEP Tools, Inc. (www.steptools.com) 
 */
/* OPTION: using custom renumber hook */

FILE_DESCRIPTION(
/* description */ ('STEP AP214'),
/* implementation_level */ '2;1');

FILE_NAME(
/* name */ 'TSW-103-05-T-S',
/* time_stamp */ '2023-01-08T15:35:56+01:00',
/* author */ ('License CC BY-ND 4.0'),
/* organization */ ('CADENAS'),
/* preprocessor_version */ 'ST-DEVELOPER v18.102',
/* originating_system */ 'PARTsolutions',
/* authorisation */ '  ');

FILE_SCHEMA (('AUTOMOTIVE_DESIGN {1 0 10303 214 3 1 1}'));
ENDSEC;

DATA;
#10=PROPERTY_DEFINITION_REPRESENTATION(#14,#12);
#11=PROPERTY_DEFINITION_REPRESENTATION(#15,#13);
#12=REPRESENTATION('',(#16),#4677);
#13=REPRESENTATION('',(#17),#4677);
#14=PROPERTY_DEFINITION('pmi validation property','',#4689);
#15=PROPERTY_DEFINITION('pmi validation property','',#4689);
#16=VALUE_REPRESENTATION_ITEM('number of annotations',COUNT_MEASURE(0.));
#17=VALUE_REPRESENTATION_ITEM('number of views',COUNT_MEASURE(0.));
#18=COLOUR_RGB('',0.5,0.5,0.5);
#19=CONTEXT_DEPENDENT_SHAPE_REPRESENTATION(#23,#4691);
#20=CONTEXT_DEPENDENT_SHAPE_REPRESENTATION(#24,#4693);
#21=NEXT_ASSEMBLY_USAGE_OCCURRENCE('NAUO1','T-1S6-21-TSW-1-05-3-S',
'T-1S6-21-TSW-1-05-3-S',#4694,#4695,'');
#22=NEXT_ASSEMBLY_USAGE_OCCURRENCE('NAUO2','TSW-103-05-T-S_body',
'TSW-103-05-T-S_body',#4694,#4696,'');
#23=(
REPRESENTATION_RELATIONSHIP(' ',' ',#2974,#2973)
REPRESENTATION_RELATIONSHIP_WITH_TRANSFORMATION(#25)
SHAPE_REPRESENTATION_RELATIONSHIP()
);
#24=(
REPRESENTATION_RELATIONSHIP(' ',' ',#2975,#2973)
REPRESENTATION_RELATIONSHIP_WITH_TRANSFORMATION(#26)
SHAPE_REPRESENTATION_RELATIONSHIP()
);
#25=ITEM_DEFINED_TRANSFORMATION(' ',' ',#2976,#3031);
#26=ITEM_DEFINED_TRANSFORMATION(' ',' ',#2976,#3135);
#27=SHAPE_REPRESENTATION_RELATIONSHIP('','',#2974,#29);
#28=SHAPE_REPRESENTATION_RELATIONSHIP('','',#2975,#30);
#29=ADVANCED_BREP_SHAPE_REPRESENTATION('',(#2968),#4678);
#30=ADVANCED_BREP_SHAPE_REPRESENTATION('',(#2969),#4679);
#31=ORIENTED_EDGE('',*,*,#835,.T.);
#32=ORIENTED_EDGE('',*,*,#836,.T.);
#33=ORIENTED_EDGE('',*,*,#837,.F.);
#34=ORIENTED_EDGE('',*,*,#838,.F.);
#35=ORIENTED_EDGE('',*,*,#839,.F.);
#36=ORIENTED_EDGE('',*,*,#840,.F.);
#37=ORIENTED_EDGE('',*,*,#841,.T.);
#38=ORIENTED_EDGE('',*,*,#842,.T.);
#39=ORIENTED_EDGE('',*,*,#843,.F.);
#40=ORIENTED_EDGE('',*,*,#844,.F.);
#41=ORIENTED_EDGE('',*,*,#845,.T.);
#42=ORIENTED_EDGE('',*,*,#846,.T.);
#43=ORIENTED_EDGE('',*,*,#847,.F.);
#44=ORIENTED_EDGE('',*,*,#848,.F.);
#45=ORIENTED_EDGE('',*,*,#849,.F.);
#46=ORIENTED_EDGE('',*,*,#850,.F.);
#47=ORIENTED_EDGE('',*,*,#851,.F.);
#48=ORIENTED_EDGE('',*,*,#836,.F.);
#49=ORIENTED_EDGE('',*,*,#852,.F.);
#50=ORIENTED_EDGE('',*,*,#842,.F.);
#51=ORIENTED_EDGE('',*,*,#853,.F.);
#52=ORIENTED_EDGE('',*,*,#854,.F.);
#53=ORIENTED_EDGE('',*,*,#855,.F.);
#54=ORIENTED_EDGE('',*,*,#856,.F.);
#55=ORIENTED_EDGE('',*,*,#857,.F.);
#56=ORIENTED_EDGE('',*,*,#846,.F.);
#57=ORIENTED_EDGE('',*,*,#858,.F.);
#58=ORIENTED_EDGE('',*,*,#859,.F.);
#59=ORIENTED_EDGE('',*,*,#860,.F.);
#60=ORIENTED_EDGE('',*,*,#861,.F.);
#61=ORIENTED_EDGE('',*,*,#862,.T.);
#62=ORIENTED_EDGE('',*,*,#863,.T.);
#63=ORIENTED_EDGE('',*,*,#838,.T.);
#64=ORIENTED_EDGE('',*,*,#864,.T.);
#65=ORIENTED_EDGE('',*,*,#865,.T.);
#66=ORIENTED_EDGE('',*,*,#866,.T.);
#67=ORIENTED_EDGE('',*,*,#840,.T.);
#68=ORIENTED_EDGE('',*,*,#867,.T.);
#69=ORIENTED_EDGE('',*,*,#868,.T.);
#70=ORIENTED_EDGE('',*,*,#869,.T.);
#71=ORIENTED_EDGE('',*,*,#870,.T.);
#72=ORIENTED_EDGE('',*,*,#871,.T.);
#73=ORIENTED_EDGE('',*,*,#844,.T.);
#74=ORIENTED_EDGE('',*,*,#872,.T.);
#75=ORIENTED_EDGE('',*,*,#873,.T.);
#76=ORIENTED_EDGE('',*,*,#874,.T.);
#77=ORIENTED_EDGE('',*,*,#875,.T.);
#78=ORIENTED_EDGE('',*,*,#876,.T.);
#79=ORIENTED_EDGE('',*,*,#877,.F.);
#80=ORIENTED_EDGE('',*,*,#856,.T.);
#81=ORIENTED_EDGE('',*,*,#878,.F.);
#82=ORIENTED_EDGE('',*,*,#868,.F.);
#83=ORIENTED_EDGE('',*,*,#879,.F.);
#84=ORIENTED_EDGE('',*,*,#862,.F.);
#85=ORIENTED_EDGE('',*,*,#880,.F.);
#86=ORIENTED_EDGE('',*,*,#848,.T.);
#87=ORIENTED_EDGE('',*,*,#859,.T.);
#88=ORIENTED_EDGE('',*,*,#881,.F.);
#89=ORIENTED_EDGE('',*,*,#875,.F.);
#90=ORIENTED_EDGE('',*,*,#882,.T.);
#91=ORIENTED_EDGE('',*,*,#865,.F.);
#92=ORIENTED_EDGE('',*,*,#883,.T.);
#93=ORIENTED_EDGE('',*,*,#850,.T.);
#94=ORIENTED_EDGE('',*,*,#884,.F.);
#95=ORIENTED_EDGE('',*,*,#854,.T.);
#96=ORIENTED_EDGE('',*,*,#885,.F.);
#97=ORIENTED_EDGE('',*,*,#870,.F.);
#98=ORIENTED_EDGE('',*,*,#886,.T.);
#99=ORIENTED_EDGE('',*,*,#873,.F.);
#100=ORIENTED_EDGE('',*,*,#887,.T.);
#101=ORIENTED_EDGE('',*,*,#861,.T.);
#102=ORIENTED_EDGE('',*,*,#888,.F.);
#103=ORIENTED_EDGE('',*,*,#889,.F.);
#104=ORIENTED_EDGE('',*,*,#890,.F.);
#105=ORIENTED_EDGE('',*,*,#891,.T.);
#106=ORIENTED_EDGE('',*,*,#892,.T.);
#107=ORIENTED_EDGE('',*,*,#893,.F.);
#108=ORIENTED_EDGE('',*,*,#894,.F.);
#109=ORIENTED_EDGE('',*,*,#895,.T.);
#110=ORIENTED_EDGE('',*,*,#896,.T.);
#111=ORIENTED_EDGE('',*,*,#897,.F.);
#112=ORIENTED_EDGE('',*,*,#898,.F.);
#113=ORIENTED_EDGE('',*,*,#899,.T.);
#114=ORIENTED_EDGE('',*,*,#900,.T.);
#115=ORIENTED_EDGE('',*,*,#901,.T.);
#116=ORIENTED_EDGE('',*,*,#902,.T.);
#117=ORIENTED_EDGE('',*,*,#903,.F.);
#118=ORIENTED_EDGE('',*,*,#904,.F.);
#119=ORIENTED_EDGE('',*,*,#905,.F.);
#120=ORIENTED_EDGE('',*,*,#906,.F.);
#121=ORIENTED_EDGE('',*,*,#907,.F.);
#122=ORIENTED_EDGE('',*,*,#908,.T.);
#123=ORIENTED_EDGE('',*,*,#909,.T.);
#124=ORIENTED_EDGE('',*,*,#910,.F.);
#125=ORIENTED_EDGE('',*,*,#911,.F.);
#126=ORIENTED_EDGE('',*,*,#912,.T.);
#127=ORIENTED_EDGE('',*,*,#913,.F.);
#128=ORIENTED_EDGE('',*,*,#914,.T.);
#129=ORIENTED_EDGE('',*,*,#915,.T.);
#130=ORIENTED_EDGE('',*,*,#916,.F.);
#131=ORIENTED_EDGE('',*,*,#917,.F.);
#132=ORIENTED_EDGE('',*,*,#918,.T.);
#133=ORIENTED_EDGE('',*,*,#919,.T.);
#134=ORIENTED_EDGE('',*,*,#920,.F.);
#135=ORIENTED_EDGE('',*,*,#921,.T.);
#136=ORIENTED_EDGE('',*,*,#922,.F.);
#137=ORIENTED_EDGE('',*,*,#923,.F.);
#138=ORIENTED_EDGE('',*,*,#924,.T.);
#139=ORIENTED_EDGE('',*,*,#925,.T.);
#140=ORIENTED_EDGE('',*,*,#926,.T.);
#141=ORIENTED_EDGE('',*,*,#892,.F.);
#142=ORIENTED_EDGE('',*,*,#927,.T.);
#143=ORIENTED_EDGE('',*,*,#890,.T.);
#144=ORIENTED_EDGE('',*,*,#928,.T.);
#145=ORIENTED_EDGE('',*,*,#929,.F.);
#146=ORIENTED_EDGE('',*,*,#930,.T.);
#147=ORIENTED_EDGE('',*,*,#931,.T.);
#148=ORIENTED_EDGE('',*,*,#932,.T.);
#149=ORIENTED_EDGE('',*,*,#896,.F.);
#150=ORIENTED_EDGE('',*,*,#933,.T.);
#151=ORIENTED_EDGE('',*,*,#894,.T.);
#152=ORIENTED_EDGE('',*,*,#934,.T.);
#153=ORIENTED_EDGE('',*,*,#935,.F.);
#154=ORIENTED_EDGE('',*,*,#936,.T.);
#155=ORIENTED_EDGE('',*,*,#937,.T.);
#156=ORIENTED_EDGE('',*,*,#938,.T.);
#157=ORIENTED_EDGE('',*,*,#900,.F.);
#158=ORIENTED_EDGE('',*,*,#939,.T.);
#159=ORIENTED_EDGE('',*,*,#898,.T.);
#160=ORIENTED_EDGE('',*,*,#940,.T.);
#161=ORIENTED_EDGE('',*,*,#941,.F.);
#162=ORIENTED_EDGE('',*,*,#942,.T.);
#163=ORIENTED_EDGE('',*,*,#923,.T.);
#164=ORIENTED_EDGE('',*,*,#929,.T.);
#165=ORIENTED_EDGE('',*,*,#904,.T.);
#166=ORIENTED_EDGE('',*,*,#943,.T.);
#167=ORIENTED_EDGE('',*,*,#911,.T.);
#168=ORIENTED_EDGE('',*,*,#935,.T.);
#169=ORIENTED_EDGE('',*,*,#917,.T.);
#170=ORIENTED_EDGE('',*,*,#944,.T.);
#171=ORIENTED_EDGE('',*,*,#906,.T.);
#172=ORIENTED_EDGE('',*,*,#941,.T.);
#173=ORIENTED_EDGE('',*,*,#913,.T.);
#174=ORIENTED_EDGE('',*,*,#945,.T.);
#175=ORIENTED_EDGE('',*,*,#925,.F.);
#176=ORIENTED_EDGE('',*,*,#921,.F.);
#177=ORIENTED_EDGE('',*,*,#946,.F.);
#178=ORIENTED_EDGE('',*,*,#902,.F.);
#179=ORIENTED_EDGE('',*,*,#931,.F.);
#180=ORIENTED_EDGE('',*,*,#909,.F.);
#181=ORIENTED_EDGE('',*,*,#947,.F.);
#182=ORIENTED_EDGE('',*,*,#919,.F.);
#183=ORIENTED_EDGE('',*,*,#937,.F.);
#184=ORIENTED_EDGE('',*,*,#908,.F.);
#185=ORIENTED_EDGE('',*,*,#948,.F.);
#186=ORIENTED_EDGE('',*,*,#915,.F.);
#187=ORIENTED_EDGE('',*,*,#924,.F.);
#188=ORIENTED_EDGE('',*,*,#943,.F.);
#189=ORIENTED_EDGE('',*,*,#903,.T.);
#190=ORIENTED_EDGE('',*,*,#946,.T.);
#191=ORIENTED_EDGE('',*,*,#912,.F.);
#192=ORIENTED_EDGE('',*,*,#944,.F.);
#193=ORIENTED_EDGE('',*,*,#920,.T.);
#194=ORIENTED_EDGE('',*,*,#947,.T.);
#195=ORIENTED_EDGE('',*,*,#945,.F.);
#196=ORIENTED_EDGE('',*,*,#916,.T.);
#197=ORIENTED_EDGE('',*,*,#948,.T.);
#198=ORIENTED_EDGE('',*,*,#907,.T.);
#199=ORIENTED_EDGE('',*,*,#949,.T.);
#200=ORIENTED_EDGE('',*,*,#950,.T.);
#201=ORIENTED_EDGE('',*,*,#951,.F.);
#202=ORIENTED_EDGE('',*,*,#952,.F.);
#203=ORIENTED_EDGE('',*,*,#953,.T.);
#204=ORIENTED_EDGE('',*,*,#954,.F.);
#205=ORIENTED_EDGE('',*,*,#955,.F.);
#206=ORIENTED_EDGE('',*,*,#951,.T.);
#207=ORIENTED_EDGE('',*,*,#866,.F.);
#208=ORIENTED_EDGE('',*,*,#884,.T.);
#209=ORIENTED_EDGE('',*,*,#849,.T.);
#210=ORIENTED_EDGE('',*,*,#880,.T.);
#211=ORIENTED_EDGE('',*,*,#855,.T.);
#212=ORIENTED_EDGE('',*,*,#886,.F.);
#213=ORIENTED_EDGE('',*,*,#869,.F.);
#214=ORIENTED_EDGE('',*,*,#878,.T.);
#215=ORIENTED_EDGE('',*,*,#874,.F.);
#216=ORIENTED_EDGE('',*,*,#888,.T.);
#217=ORIENTED_EDGE('',*,*,#860,.T.);
#218=ORIENTED_EDGE('',*,*,#882,.F.);
#219=ORIENTED_EDGE('',*,*,#956,.T.);
#220=ORIENTED_EDGE('',*,*,#957,.F.);
#221=ORIENTED_EDGE('',*,*,#958,.F.);
#222=ORIENTED_EDGE('',*,*,#954,.T.);
#223=ORIENTED_EDGE('',*,*,#959,.T.);
#224=ORIENTED_EDGE('',*,*,#949,.F.);
#225=ORIENTED_EDGE('',*,*,#960,.F.);
#226=ORIENTED_EDGE('',*,*,#957,.T.);
#227=ORIENTED_EDGE('',*,*,#952,.T.);
#228=ORIENTED_EDGE('',*,*,#955,.T.);
#229=ORIENTED_EDGE('',*,*,#958,.T.);
#230=ORIENTED_EDGE('',*,*,#960,.T.);
#231=ORIENTED_EDGE('',*,*,#950,.F.);
#232=ORIENTED_EDGE('',*,*,#959,.F.);
#233=ORIENTED_EDGE('',*,*,#956,.F.);
#234=ORIENTED_EDGE('',*,*,#953,.F.);
#235=ORIENTED_EDGE('',*,*,#899,.F.);
#236=ORIENTED_EDGE('',*,*,#942,.F.);
#237=ORIENTED_EDGE('',*,*,#905,.T.);
#238=ORIENTED_EDGE('',*,*,#939,.F.);
#239=ORIENTED_EDGE('',*,*,#914,.F.);
#240=ORIENTED_EDGE('',*,*,#940,.F.);
#241=ORIENTED_EDGE('',*,*,#897,.T.);
#242=ORIENTED_EDGE('',*,*,#938,.F.);
#243=ORIENTED_EDGE('',*,*,#895,.F.);
#244=ORIENTED_EDGE('',*,*,#936,.F.);
#245=ORIENTED_EDGE('',*,*,#910,.T.);
#246=ORIENTED_EDGE('',*,*,#933,.F.);
#247=ORIENTED_EDGE('',*,*,#918,.F.);
#248=ORIENTED_EDGE('',*,*,#934,.F.);
#249=ORIENTED_EDGE('',*,*,#893,.T.);
#250=ORIENTED_EDGE('',*,*,#932,.F.);
#251=ORIENTED_EDGE('',*,*,#891,.F.);
#252=ORIENTED_EDGE('',*,*,#930,.F.);
#253=ORIENTED_EDGE('',*,*,#922,.T.);
#254=ORIENTED_EDGE('',*,*,#927,.F.);
#255=ORIENTED_EDGE('',*,*,#901,.F.);
#256=ORIENTED_EDGE('',*,*,#928,.F.);
#257=ORIENTED_EDGE('',*,*,#889,.T.);
#258=ORIENTED_EDGE('',*,*,#926,.F.);
#259=ORIENTED_EDGE('',*,*,#857,.T.);
#260=ORIENTED_EDGE('',*,*,#887,.F.);
#261=ORIENTED_EDGE('',*,*,#872,.F.);
#262=ORIENTED_EDGE('',*,*,#843,.T.);
#263=ORIENTED_EDGE('',*,*,#853,.T.);
#264=ORIENTED_EDGE('',*,*,#841,.F.);
#265=ORIENTED_EDGE('',*,*,#871,.F.);
#266=ORIENTED_EDGE('',*,*,#885,.T.);
#267=ORIENTED_EDGE('',*,*,#851,.T.);
#268=ORIENTED_EDGE('',*,*,#883,.F.);
#269=ORIENTED_EDGE('',*,*,#864,.F.);
#270=ORIENTED_EDGE('',*,*,#837,.T.);
#271=ORIENTED_EDGE('',*,*,#858,.T.);
#272=ORIENTED_EDGE('',*,*,#845,.F.);
#273=ORIENTED_EDGE('',*,*,#876,.F.);
#274=ORIENTED_EDGE('',*,*,#881,.T.);
#275=ORIENTED_EDGE('',*,*,#847,.T.);
#276=ORIENTED_EDGE('',*,*,#835,.F.);
#277=ORIENTED_EDGE('',*,*,#863,.F.);
#278=ORIENTED_EDGE('',*,*,#879,.T.);
#279=ORIENTED_EDGE('',*,*,#852,.T.);
#280=ORIENTED_EDGE('',*,*,#877,.T.);
#281=ORIENTED_EDGE('',*,*,#867,.F.);
#282=ORIENTED_EDGE('',*,*,#839,.T.);
#283=ORIENTED_EDGE('',*,*,#961,.T.);
#284=ORIENTED_EDGE('',*,*,#962,.T.);
#285=ORIENTED_EDGE('',*,*,#963,.F.);
#286=ORIENTED_EDGE('',*,*,#964,.T.);
#287=ORIENTED_EDGE('',*,*,#965,.T.);
#288=ORIENTED_EDGE('',*,*,#966,.F.);
#289=ORIENTED_EDGE('',*,*,#967,.T.);
#290=ORIENTED_EDGE('',*,*,#968,.T.);
#291=ORIENTED_EDGE('',*,*,#966,.T.);
#292=ORIENTED_EDGE('',*,*,#969,.T.);
#293=ORIENTED_EDGE('',*,*,#970,.T.);
#294=ORIENTED_EDGE('',*,*,#971,.F.);
#295=ORIENTED_EDGE('',*,*,#972,.F.);
#296=ORIENTED_EDGE('',*,*,#973,.T.);
#297=ORIENTED_EDGE('',*,*,#974,.T.);
#298=ORIENTED_EDGE('',*,*,#975,.T.);
#299=ORIENTED_EDGE('',*,*,#976,.T.);
#300=ORIENTED_EDGE('',*,*,#977,.T.);
#301=ORIENTED_EDGE('',*,*,#978,.T.);
#302=ORIENTED_EDGE('',*,*,#979,.T.);
#303=ORIENTED_EDGE('',*,*,#980,.F.);
#304=ORIENTED_EDGE('',*,*,#981,.T.);
#305=ORIENTED_EDGE('',*,*,#982,.T.);
#306=ORIENTED_EDGE('',*,*,#975,.F.);
#307=ORIENTED_EDGE('',*,*,#983,.F.);
#308=ORIENTED_EDGE('',*,*,#984,.T.);
#309=ORIENTED_EDGE('',*,*,#985,.T.);
#310=ORIENTED_EDGE('',*,*,#986,.T.);
#311=ORIENTED_EDGE('',*,*,#987,.T.);
#312=ORIENTED_EDGE('',*,*,#988,.T.);
#313=ORIENTED_EDGE('',*,*,#989,.F.);
#314=ORIENTED_EDGE('',*,*,#990,.T.);
#315=ORIENTED_EDGE('',*,*,#991,.T.);
#316=ORIENTED_EDGE('',*,*,#992,.T.);
#317=ORIENTED_EDGE('',*,*,#993,.T.);
#318=ORIENTED_EDGE('',*,*,#994,.T.);
#319=ORIENTED_EDGE('',*,*,#995,.T.);
#320=ORIENTED_EDGE('',*,*,#996,.T.);
#321=ORIENTED_EDGE('',*,*,#997,.T.);
#322=ORIENTED_EDGE('',*,*,#986,.F.);
#323=ORIENTED_EDGE('',*,*,#998,.F.);
#324=ORIENTED_EDGE('',*,*,#999,.T.);
#325=ORIENTED_EDGE('',*,*,#1000,.T.);
#326=ORIENTED_EDGE('',*,*,#1001,.T.);
#327=ORIENTED_EDGE('',*,*,#1002,.T.);
#328=ORIENTED_EDGE('',*,*,#1003,.T.);
#329=ORIENTED_EDGE('',*,*,#1004,.F.);
#330=ORIENTED_EDGE('',*,*,#1005,.T.);
#331=ORIENTED_EDGE('',*,*,#1001,.F.);
#332=ORIENTED_EDGE('',*,*,#1006,.T.);
#333=ORIENTED_EDGE('',*,*,#1007,.T.);
#334=ORIENTED_EDGE('',*,*,#1008,.T.);
#335=ORIENTED_EDGE('',*,*,#1009,.T.);
#336=ORIENTED_EDGE('',*,*,#1010,.T.);
#337=ORIENTED_EDGE('',*,*,#1011,.T.);
#338=ORIENTED_EDGE('',*,*,#1012,.T.);
#339=ORIENTED_EDGE('',*,*,#1013,.F.);
#340=ORIENTED_EDGE('',*,*,#1014,.F.);
#341=ORIENTED_EDGE('',*,*,#1015,.T.);
#342=ORIENTED_EDGE('',*,*,#1016,.F.);
#343=ORIENTED_EDGE('',*,*,#1017,.F.);
#344=ORIENTED_EDGE('',*,*,#1018,.T.);
#345=ORIENTED_EDGE('',*,*,#1019,.F.);
#346=ORIENTED_EDGE('',*,*,#1020,.F.);
#347=ORIENTED_EDGE('',*,*,#1021,.F.);
#348=ORIENTED_EDGE('',*,*,#1022,.T.);
#349=ORIENTED_EDGE('',*,*,#1023,.F.);
#350=ORIENTED_EDGE('',*,*,#1024,.T.);
#351=ORIENTED_EDGE('',*,*,#1025,.F.);
#352=ORIENTED_EDGE('',*,*,#1026,.T.);
#353=ORIENTED_EDGE('',*,*,#1027,.F.);
#354=ORIENTED_EDGE('',*,*,#1028,.F.);
#355=ORIENTED_EDGE('',*,*,#1029,.F.);
#356=ORIENTED_EDGE('',*,*,#1030,.T.);
#357=ORIENTED_EDGE('',*,*,#1031,.F.);
#358=ORIENTED_EDGE('',*,*,#1032,.F.);
#359=ORIENTED_EDGE('',*,*,#1033,.F.);
#360=ORIENTED_EDGE('',*,*,#1034,.F.);
#361=ORIENTED_EDGE('',*,*,#1035,.F.);
#362=ORIENTED_EDGE('',*,*,#1036,.F.);
#363=ORIENTED_EDGE('',*,*,#1037,.T.);
#364=ORIENTED_EDGE('',*,*,#1038,.F.);
#365=ORIENTED_EDGE('',*,*,#1039,.T.);
#366=ORIENTED_EDGE('',*,*,#1040,.F.);
#367=ORIENTED_EDGE('',*,*,#1041,.F.);
#368=ORIENTED_EDGE('',*,*,#1042,.F.);
#369=ORIENTED_EDGE('',*,*,#1043,.T.);
#370=ORIENTED_EDGE('',*,*,#1044,.F.);
#371=ORIENTED_EDGE('',*,*,#1045,.T.);
#372=ORIENTED_EDGE('',*,*,#1046,.F.);
#373=ORIENTED_EDGE('',*,*,#1047,.T.);
#374=ORIENTED_EDGE('',*,*,#1048,.F.);
#375=ORIENTED_EDGE('',*,*,#1049,.F.);
#376=ORIENTED_EDGE('',*,*,#1050,.F.);
#377=ORIENTED_EDGE('',*,*,#1051,.T.);
#378=ORIENTED_EDGE('',*,*,#1052,.F.);
#379=ORIENTED_EDGE('',*,*,#1053,.F.);
#380=ORIENTED_EDGE('',*,*,#1054,.F.);
#381=ORIENTED_EDGE('',*,*,#1055,.F.);
#382=ORIENTED_EDGE('',*,*,#1056,.F.);
#383=ORIENTED_EDGE('',*,*,#1057,.F.);
#384=ORIENTED_EDGE('',*,*,#1058,.T.);
#385=ORIENTED_EDGE('',*,*,#1059,.F.);
#386=ORIENTED_EDGE('',*,*,#1060,.T.);
#387=ORIENTED_EDGE('',*,*,#1061,.F.);
#388=ORIENTED_EDGE('',*,*,#1062,.F.);
#389=ORIENTED_EDGE('',*,*,#1063,.F.);
#390=ORIENTED_EDGE('',*,*,#1064,.T.);
#391=ORIENTED_EDGE('',*,*,#1065,.F.);
#392=ORIENTED_EDGE('',*,*,#1066,.F.);
#393=ORIENTED_EDGE('',*,*,#1067,.F.);
#394=ORIENTED_EDGE('',*,*,#1068,.T.);
#395=ORIENTED_EDGE('',*,*,#1069,.F.);
#396=ORIENTED_EDGE('',*,*,#1070,.F.);
#397=ORIENTED_EDGE('',*,*,#1071,.T.);
#398=ORIENTED_EDGE('',*,*,#1072,.F.);
#399=ORIENTED_EDGE('',*,*,#1073,.F.);
#400=ORIENTED_EDGE('',*,*,#1074,.F.);
#401=ORIENTED_EDGE('',*,*,#1075,.T.);
#402=ORIENTED_EDGE('',*,*,#1076,.F.);
#403=ORIENTED_EDGE('',*,*,#1077,.F.);
#404=ORIENTED_EDGE('',*,*,#1078,.F.);
#405=ORIENTED_EDGE('',*,*,#1018,.F.);
#406=ORIENTED_EDGE('',*,*,#1079,.T.);
#407=ORIENTED_EDGE('',*,*,#1080,.F.);
#408=ORIENTED_EDGE('',*,*,#1081,.T.);
#409=ORIENTED_EDGE('',*,*,#1051,.F.);
#410=ORIENTED_EDGE('',*,*,#1082,.F.);
#411=ORIENTED_EDGE('',*,*,#1083,.F.);
#412=ORIENTED_EDGE('',*,*,#1084,.F.);
#413=ORIENTED_EDGE('',*,*,#1022,.F.);
#414=ORIENTED_EDGE('',*,*,#1085,.T.);
#415=ORIENTED_EDGE('',*,*,#1086,.F.);
#416=ORIENTED_EDGE('',*,*,#1087,.T.);
#417=ORIENTED_EDGE('',*,*,#1047,.F.);
#418=ORIENTED_EDGE('',*,*,#1088,.F.);
#419=ORIENTED_EDGE('',*,*,#1089,.F.);
#420=ORIENTED_EDGE('',*,*,#1090,.F.);
#421=ORIENTED_EDGE('',*,*,#1030,.F.);
#422=ORIENTED_EDGE('',*,*,#1091,.F.);
#423=ORIENTED_EDGE('',*,*,#1092,.F.);
#424=ORIENTED_EDGE('',*,*,#1093,.F.);
#425=ORIENTED_EDGE('',*,*,#1071,.F.);
#426=ORIENTED_EDGE('',*,*,#1094,.F.);
#427=ORIENTED_EDGE('',*,*,#1095,.F.);
#428=ORIENTED_EDGE('',*,*,#1096,.F.);
#429=ORIENTED_EDGE('',*,*,#1026,.F.);
#430=ORIENTED_EDGE('',*,*,#1097,.F.);
#431=ORIENTED_EDGE('',*,*,#1098,.F.);
#432=ORIENTED_EDGE('',*,*,#1099,.F.);
#433=ORIENTED_EDGE('',*,*,#1075,.F.);
#434=ORIENTED_EDGE('',*,*,#1100,.F.);
#435=ORIENTED_EDGE('',*,*,#1101,.F.);
#436=ORIENTED_EDGE('',*,*,#1102,.F.);
#437=ORIENTED_EDGE('',*,*,#1043,.F.);
#438=ORIENTED_EDGE('',*,*,#1103,.T.);
#439=ORIENTED_EDGE('',*,*,#1104,.F.);
#440=ORIENTED_EDGE('',*,*,#1105,.T.);
#441=ORIENTED_EDGE('',*,*,#1060,.F.);
#442=ORIENTED_EDGE('',*,*,#1106,.F.);
#443=ORIENTED_EDGE('',*,*,#1107,.F.);
#444=ORIENTED_EDGE('',*,*,#1108,.F.);
#445=ORIENTED_EDGE('',*,*,#1039,.F.);
#446=ORIENTED_EDGE('',*,*,#1109,.F.);
#447=ORIENTED_EDGE('',*,*,#1110,.F.);
#448=ORIENTED_EDGE('',*,*,#1111,.F.);
#449=ORIENTED_EDGE('',*,*,#1064,.F.);
#450=ORIENTED_EDGE('',*,*,#1112,.F.);
#451=ORIENTED_EDGE('',*,*,#983,.T.);
#452=ORIENTED_EDGE('',*,*,#1113,.T.);
#453=ORIENTED_EDGE('',*,*,#1109,.T.);
#454=ORIENTED_EDGE('',*,*,#1038,.T.);
#455=ORIENTED_EDGE('',*,*,#1111,.T.);
#456=ORIENTED_EDGE('',*,*,#1114,.T.);
#457=ORIENTED_EDGE('',*,*,#989,.T.);
#458=ORIENTED_EDGE('',*,*,#1065,.T.);
#459=ORIENTED_EDGE('',*,*,#1084,.T.);
#460=ORIENTED_EDGE('',*,*,#1115,.T.);
#461=ORIENTED_EDGE('',*,*,#993,.F.);
#462=ORIENTED_EDGE('',*,*,#1023,.T.);
#463=ORIENTED_EDGE('',*,*,#995,.F.);
#464=ORIENTED_EDGE('',*,*,#1116,.T.);
#465=ORIENTED_EDGE('',*,*,#1088,.T.);
#466=ORIENTED_EDGE('',*,*,#1046,.T.);
#467=ORIENTED_EDGE('',*,*,#998,.T.);
#468=ORIENTED_EDGE('',*,*,#1117,.T.);
#469=ORIENTED_EDGE('',*,*,#1097,.T.);
#470=ORIENTED_EDGE('',*,*,#1025,.T.);
#471=ORIENTED_EDGE('',*,*,#1099,.T.);
#472=ORIENTED_EDGE('',*,*,#1118,.T.);
#473=ORIENTED_EDGE('',*,*,#1004,.T.);
#474=ORIENTED_EDGE('',*,*,#1076,.T.);
#475=ORIENTED_EDGE('',*,*,#1102,.T.);
#476=ORIENTED_EDGE('',*,*,#1119,.T.);
#477=ORIENTED_EDGE('',*,*,#1008,.F.);
#478=ORIENTED_EDGE('',*,*,#1044,.T.);
#479=ORIENTED_EDGE('',*,*,#1010,.F.);
#480=ORIENTED_EDGE('',*,*,#1120,.T.);
#481=ORIENTED_EDGE('',*,*,#1106,.T.);
#482=ORIENTED_EDGE('',*,*,#1059,.T.);
#483=ORIENTED_EDGE('',*,*,#1121,.T.);
#484=ORIENTED_EDGE('',*,*,#1122,.T.);
#485=ORIENTED_EDGE('',*,*,#1079,.F.);
#486=ORIENTED_EDGE('',*,*,#1017,.T.);
#487=ORIENTED_EDGE('',*,*,#1081,.F.);
#488=ORIENTED_EDGE('',*,*,#1123,.T.);
#489=ORIENTED_EDGE('',*,*,#1124,.T.);
#490=ORIENTED_EDGE('',*,*,#1052,.T.);
#491=ORIENTED_EDGE('',*,*,#1090,.T.);
#492=ORIENTED_EDGE('',*,*,#1125,.T.);
#493=ORIENTED_EDGE('',*,*,#1126,.F.);
#494=ORIENTED_EDGE('',*,*,#1031,.T.);
#495=ORIENTED_EDGE('',*,*,#1127,.F.);
#496=ORIENTED_EDGE('',*,*,#1128,.T.);
#497=ORIENTED_EDGE('',*,*,#1094,.T.);
#498=ORIENTED_EDGE('',*,*,#1070,.T.);
#499=ORIENTED_EDGE('',*,*,#1129,.T.);
#500=ORIENTED_EDGE('',*,*,#1130,.T.);
#501=ORIENTED_EDGE('',*,*,#1085,.F.);
#502=ORIENTED_EDGE('',*,*,#1021,.T.);
#503=ORIENTED_EDGE('',*,*,#1087,.F.);
#504=ORIENTED_EDGE('',*,*,#1131,.T.);
#505=ORIENTED_EDGE('',*,*,#1132,.T.);
#506=ORIENTED_EDGE('',*,*,#1048,.T.);
#507=ORIENTED_EDGE('',*,*,#1078,.T.);
#508=ORIENTED_EDGE('',*,*,#1133,.T.);
#509=ORIENTED_EDGE('',*,*,#1134,.F.);
#510=ORIENTED_EDGE('',*,*,#1019,.T.);
#511=ORIENTED_EDGE('',*,*,#1135,.F.);
#512=ORIENTED_EDGE('',*,*,#1136,.T.);
#513=ORIENTED_EDGE('',*,*,#1082,.T.);
#514=ORIENTED_EDGE('',*,*,#1050,.T.);
#515=ORIENTED_EDGE('',*,*,#1108,.T.);
#516=ORIENTED_EDGE('',*,*,#1137,.T.);
#517=ORIENTED_EDGE('',*,*,#1138,.F.);
#518=ORIENTED_EDGE('',*,*,#1040,.T.);
#519=ORIENTED_EDGE('',*,*,#1139,.F.);
#520=ORIENTED_EDGE('',*,*,#1140,.T.);
#521=ORIENTED_EDGE('',*,*,#1112,.T.);
#522=ORIENTED_EDGE('',*,*,#1063,.T.);
#523=ORIENTED_EDGE('',*,*,#1141,.T.);
#524=ORIENTED_EDGE('',*,*,#1142,.T.);
#525=ORIENTED_EDGE('',*,*,#1103,.F.);
#526=ORIENTED_EDGE('',*,*,#1042,.T.);
#527=ORIENTED_EDGE('',*,*,#1105,.F.);
#528=ORIENTED_EDGE('',*,*,#1143,.T.);
#529=ORIENTED_EDGE('',*,*,#1144,.T.);
#530=ORIENTED_EDGE('',*,*,#1061,.T.);
#531=ORIENTED_EDGE('',*,*,#1145,.T.);
#532=ORIENTED_EDGE('',*,*,#1146,.T.);
#533=ORIENTED_EDGE('',*,*,#1091,.T.);
#534=ORIENTED_EDGE('',*,*,#1029,.T.);
#535=ORIENTED_EDGE('',*,*,#1093,.T.);
#536=ORIENTED_EDGE('',*,*,#1147,.T.);
#537=ORIENTED_EDGE('',*,*,#1148,.T.);
#538=ORIENTED_EDGE('',*,*,#1072,.T.);
#539=ORIENTED_EDGE('',*,*,#1096,.T.);
#540=ORIENTED_EDGE('',*,*,#1149,.T.);
#541=ORIENTED_EDGE('',*,*,#1150,.F.);
#542=ORIENTED_EDGE('',*,*,#1027,.T.);
#543=ORIENTED_EDGE('',*,*,#1151,.F.);
#544=ORIENTED_EDGE('',*,*,#1152,.T.);
#545=ORIENTED_EDGE('',*,*,#1100,.T.);
#546=ORIENTED_EDGE('',*,*,#1074,.T.);
#547=ORIENTED_EDGE('',*,*,#1153,.T.);
#548=ORIENTED_EDGE('',*,*,#1154,.T.);
#549=ORIENTED_EDGE('',*,*,#1155,.F.);
#550=ORIENTED_EDGE('',*,*,#1156,.T.);
#551=ORIENTED_EDGE('',*,*,#1155,.T.);
#552=ORIENTED_EDGE('',*,*,#1157,.T.);
#553=ORIENTED_EDGE('',*,*,#1158,.F.);
#554=ORIENTED_EDGE('',*,*,#1159,.T.);
#555=ORIENTED_EDGE('',*,*,#1158,.T.);
#556=ORIENTED_EDGE('',*,*,#1160,.T.);
#557=ORIENTED_EDGE('',*,*,#1161,.F.);
#558=ORIENTED_EDGE('',*,*,#1162,.T.);
#559=ORIENTED_EDGE('',*,*,#1163,.T.);
#560=ORIENTED_EDGE('',*,*,#1164,.T.);
#561=ORIENTED_EDGE('',*,*,#1165,.F.);
#562=ORIENTED_EDGE('',*,*,#1166,.T.);
#563=ORIENTED_EDGE('',*,*,#1165,.T.);
#564=ORIENTED_EDGE('',*,*,#1167,.T.);
#565=ORIENTED_EDGE('',*,*,#1168,.F.);
#566=ORIENTED_EDGE('',*,*,#1169,.T.);
#567=ORIENTED_EDGE('',*,*,#1168,.T.);
#568=ORIENTED_EDGE('',*,*,#1170,.T.);
#569=ORIENTED_EDGE('',*,*,#1171,.F.);
#570=ORIENTED_EDGE('',*,*,#1172,.T.);
#571=ORIENTED_EDGE('',*,*,#1173,.T.);
#572=ORIENTED_EDGE('',*,*,#1174,.T.);
#573=ORIENTED_EDGE('',*,*,#1175,.F.);
#574=ORIENTED_EDGE('',*,*,#1176,.T.);
#575=ORIENTED_EDGE('',*,*,#1175,.T.);
#576=ORIENTED_EDGE('',*,*,#1177,.T.);
#577=ORIENTED_EDGE('',*,*,#1178,.F.);
#578=ORIENTED_EDGE('',*,*,#1179,.T.);
#579=ORIENTED_EDGE('',*,*,#1178,.T.);
#580=ORIENTED_EDGE('',*,*,#1180,.T.);
#581=ORIENTED_EDGE('',*,*,#1181,.F.);
#582=ORIENTED_EDGE('',*,*,#1182,.T.);
#583=ORIENTED_EDGE('',*,*,#1161,.T.);
#584=ORIENTED_EDGE('',*,*,#1183,.T.);
#585=ORIENTED_EDGE('',*,*,#1153,.F.);
#586=ORIENTED_EDGE('',*,*,#1184,.T.);
#587=ORIENTED_EDGE('',*,*,#1171,.T.);
#588=ORIENTED_EDGE('',*,*,#1185,.T.);
#589=ORIENTED_EDGE('',*,*,#1163,.F.);
#590=ORIENTED_EDGE('',*,*,#1186,.T.);
#591=ORIENTED_EDGE('',*,*,#1181,.T.);
#592=ORIENTED_EDGE('',*,*,#1187,.T.);
#593=ORIENTED_EDGE('',*,*,#1173,.F.);
#594=ORIENTED_EDGE('',*,*,#1188,.T.);
#595=ORIENTED_EDGE('',*,*,#1189,.F.);
#596=ORIENTED_EDGE('',*,*,#1190,.F.);
#597=ORIENTED_EDGE('',*,*,#1191,.F.);
#598=ORIENTED_EDGE('',*,*,#1192,.F.);
#599=ORIENTED_EDGE('',*,*,#1193,.F.);
#600=ORIENTED_EDGE('',*,*,#1194,.F.);
#601=ORIENTED_EDGE('',*,*,#1195,.F.);
#602=ORIENTED_EDGE('',*,*,#1196,.F.);
#603=ORIENTED_EDGE('',*,*,#1197,.F.);
#604=ORIENTED_EDGE('',*,*,#1015,.F.);
#605=ORIENTED_EDGE('',*,*,#1198,.F.);
#606=ORIENTED_EDGE('',*,*,#1199,.F.);
#607=ORIENTED_EDGE('',*,*,#1200,.F.);
#608=ORIENTED_EDGE('',*,*,#1201,.F.);
#609=ORIENTED_EDGE('',*,*,#1202,.F.);
#610=ORIENTED_EDGE('',*,*,#1054,.T.);
#611=ORIENTED_EDGE('',*,*,#1203,.F.);
#612=ORIENTED_EDGE('',*,*,#1068,.F.);
#613=ORIENTED_EDGE('',*,*,#1204,.F.);
#614=ORIENTED_EDGE('',*,*,#1033,.T.);
#615=ORIENTED_EDGE('',*,*,#1194,.T.);
#616=ORIENTED_EDGE('',*,*,#1205,.T.);
#617=ORIENTED_EDGE('',*,*,#1199,.T.);
#618=ORIENTED_EDGE('',*,*,#1206,.F.);
#619=ORIENTED_EDGE('',*,*,#1201,.T.);
#620=ORIENTED_EDGE('',*,*,#1207,.T.);
#621=ORIENTED_EDGE('',*,*,#1196,.T.);
#622=ORIENTED_EDGE('',*,*,#1208,.T.);
#623=ORIENTED_EDGE('',*,*,#1176,.F.);
#624=ORIENTED_EDGE('',*,*,#1179,.F.);
#625=ORIENTED_EDGE('',*,*,#1182,.F.);
#626=ORIENTED_EDGE('',*,*,#1188,.F.);
#627=ORIENTED_EDGE('',*,*,#1195,.T.);
#628=ORIENTED_EDGE('',*,*,#1206,.T.);
#629=ORIENTED_EDGE('',*,*,#1198,.T.);
#630=ORIENTED_EDGE('',*,*,#1014,.T.);
#631=ORIENTED_EDGE('',*,*,#972,.T.);
#632=ORIENTED_EDGE('',*,*,#1055,.T.);
#633=ORIENTED_EDGE('',*,*,#1202,.T.);
#634=ORIENTED_EDGE('',*,*,#1208,.F.);
#635=ORIENTED_EDGE('',*,*,#1166,.F.);
#636=ORIENTED_EDGE('',*,*,#1169,.F.);
#637=ORIENTED_EDGE('',*,*,#1172,.F.);
#638=ORIENTED_EDGE('',*,*,#1186,.F.);
#639=ORIENTED_EDGE('',*,*,#1057,.T.);
#640=ORIENTED_EDGE('',*,*,#980,.T.);
#641=ORIENTED_EDGE('',*,*,#1036,.T.);
#642=ORIENTED_EDGE('',*,*,#971,.T.);
#643=ORIENTED_EDGE('',*,*,#1156,.F.);
#644=ORIENTED_EDGE('',*,*,#1159,.F.);
#645=ORIENTED_EDGE('',*,*,#1162,.F.);
#646=ORIENTED_EDGE('',*,*,#1184,.F.);
#647=ORIENTED_EDGE('',*,*,#1067,.T.);
#648=ORIENTED_EDGE('',*,*,#963,.T.);
#649=ORIENTED_EDGE('',*,*,#1034,.T.);
#650=ORIENTED_EDGE('',*,*,#1204,.T.);
#651=ORIENTED_EDGE('',*,*,#1209,.F.);
#652=ORIENTED_EDGE('',*,*,#1189,.T.);
#653=ORIENTED_EDGE('',*,*,#1210,.T.);
#654=ORIENTED_EDGE('',*,*,#1211,.T.);
#655=ORIENTED_EDGE('',*,*,#1212,.F.);
#656=ORIENTED_EDGE('',*,*,#1190,.T.);
#657=ORIENTED_EDGE('',*,*,#1209,.T.);
#658=ORIENTED_EDGE('',*,*,#1213,.T.);
#659=ORIENTED_EDGE('',*,*,#1214,.F.);
#660=ORIENTED_EDGE('',*,*,#1191,.T.);
#661=ORIENTED_EDGE('',*,*,#1212,.T.);
#662=ORIENTED_EDGE('',*,*,#1215,.T.);
#663=ORIENTED_EDGE('',*,*,#1210,.F.);
#664=ORIENTED_EDGE('',*,*,#1192,.T.);
#665=ORIENTED_EDGE('',*,*,#1214,.T.);
#666=ORIENTED_EDGE('',*,*,#1216,.T.);
#667=ORIENTED_EDGE('',*,*,#1211,.F.);
#668=ORIENTED_EDGE('',*,*,#1216,.F.);
#669=ORIENTED_EDGE('',*,*,#1215,.F.);
#670=ORIENTED_EDGE('',*,*,#1213,.F.);
#671=ORIENTED_EDGE('',*,*,#1217,.T.);
#672=ORIENTED_EDGE('',*,*,#1121,.F.);
#673=ORIENTED_EDGE('',*,*,#1016,.T.);
#674=ORIENTED_EDGE('',*,*,#1197,.T.);
#675=ORIENTED_EDGE('',*,*,#1205,.F.);
#676=ORIENTED_EDGE('',*,*,#1193,.T.);
#677=ORIENTED_EDGE('',*,*,#1207,.F.);
#678=ORIENTED_EDGE('',*,*,#1200,.T.);
#679=ORIENTED_EDGE('',*,*,#1053,.T.);
#680=ORIENTED_EDGE('',*,*,#1124,.F.);
#681=ORIENTED_EDGE('',*,*,#1218,.F.);
#682=ORIENTED_EDGE('',*,*,#1135,.T.);
#683=ORIENTED_EDGE('',*,*,#1049,.T.);
#684=ORIENTED_EDGE('',*,*,#1132,.F.);
#685=ORIENTED_EDGE('',*,*,#1219,.F.);
#686=ORIENTED_EDGE('',*,*,#994,.F.);
#687=ORIENTED_EDGE('',*,*,#1220,.T.);
#688=ORIENTED_EDGE('',*,*,#1129,.F.);
#689=ORIENTED_EDGE('',*,*,#1020,.T.);
#690=ORIENTED_EDGE('',*,*,#1134,.T.);
#691=ORIENTED_EDGE('',*,*,#1187,.F.);
#692=ORIENTED_EDGE('',*,*,#1180,.F.);
#693=ORIENTED_EDGE('',*,*,#1177,.F.);
#694=ORIENTED_EDGE('',*,*,#1174,.F.);
#695=ORIENTED_EDGE('',*,*,#1203,.T.);
#696=ORIENTED_EDGE('',*,*,#1032,.T.);
#697=ORIENTED_EDGE('',*,*,#1126,.T.);
#698=ORIENTED_EDGE('',*,*,#1221,.T.);
#699=ORIENTED_EDGE('',*,*,#1145,.F.);
#700=ORIENTED_EDGE('',*,*,#1028,.T.);
#701=ORIENTED_EDGE('',*,*,#1150,.T.);
#702=ORIENTED_EDGE('',*,*,#1222,.T.);
#703=ORIENTED_EDGE('',*,*,#1005,.F.);
#704=ORIENTED_EDGE('',*,*,#1223,.F.);
#705=ORIENTED_EDGE('',*,*,#1151,.T.);
#706=ORIENTED_EDGE('',*,*,#1073,.T.);
#707=ORIENTED_EDGE('',*,*,#1148,.F.);
#708=ORIENTED_EDGE('',*,*,#1224,.F.);
#709=ORIENTED_EDGE('',*,*,#1127,.T.);
#710=ORIENTED_EDGE('',*,*,#1069,.T.);
#711=ORIENTED_EDGE('',*,*,#1183,.F.);
#712=ORIENTED_EDGE('',*,*,#1160,.F.);
#713=ORIENTED_EDGE('',*,*,#1157,.F.);
#714=ORIENTED_EDGE('',*,*,#1154,.F.);
#715=ORIENTED_EDGE('',*,*,#1225,.T.);
#716=ORIENTED_EDGE('',*,*,#1141,.F.);
#717=ORIENTED_EDGE('',*,*,#1041,.T.);
#718=ORIENTED_EDGE('',*,*,#1138,.T.);
#719=ORIENTED_EDGE('',*,*,#1226,.T.);
#720=ORIENTED_EDGE('',*,*,#990,.F.);
#721=ORIENTED_EDGE('',*,*,#1227,.F.);
#722=ORIENTED_EDGE('',*,*,#1139,.T.);
#723=ORIENTED_EDGE('',*,*,#1062,.T.);
#724=ORIENTED_EDGE('',*,*,#1144,.F.);
#725=ORIENTED_EDGE('',*,*,#1228,.F.);
#726=ORIENTED_EDGE('',*,*,#1009,.F.);
#727=ORIENTED_EDGE('',*,*,#1185,.F.);
#728=ORIENTED_EDGE('',*,*,#1170,.F.);
#729=ORIENTED_EDGE('',*,*,#1167,.F.);
#730=ORIENTED_EDGE('',*,*,#1164,.F.);
#731=ORIENTED_EDGE('',*,*,#1098,.T.);
#732=ORIENTED_EDGE('',*,*,#1152,.F.);
#733=ORIENTED_EDGE('',*,*,#1223,.T.);
#734=ORIENTED_EDGE('',*,*,#1118,.F.);
#735=ORIENTED_EDGE('',*,*,#1222,.F.);
#736=ORIENTED_EDGE('',*,*,#1149,.F.);
#737=ORIENTED_EDGE('',*,*,#1095,.T.);
#738=ORIENTED_EDGE('',*,*,#1117,.F.);
#739=ORIENTED_EDGE('',*,*,#1224,.T.);
#740=ORIENTED_EDGE('',*,*,#1147,.F.);
#741=ORIENTED_EDGE('',*,*,#1092,.T.);
#742=ORIENTED_EDGE('',*,*,#1128,.F.);
#743=ORIENTED_EDGE('',*,*,#1089,.T.);
#744=ORIENTED_EDGE('',*,*,#1146,.F.);
#745=ORIENTED_EDGE('',*,*,#1221,.F.);
#746=ORIENTED_EDGE('',*,*,#1125,.F.);
#747=ORIENTED_EDGE('',*,*,#1228,.T.);
#748=ORIENTED_EDGE('',*,*,#1143,.F.);
#749=ORIENTED_EDGE('',*,*,#1104,.T.);
#750=ORIENTED_EDGE('',*,*,#1120,.F.);
#751=ORIENTED_EDGE('',*,*,#1101,.T.);
#752=ORIENTED_EDGE('',*,*,#1142,.F.);
#753=ORIENTED_EDGE('',*,*,#1225,.F.);
#754=ORIENTED_EDGE('',*,*,#1119,.F.);
#755=ORIENTED_EDGE('',*,*,#1110,.T.);
#756=ORIENTED_EDGE('',*,*,#1140,.F.);
#757=ORIENTED_EDGE('',*,*,#1227,.T.);
#758=ORIENTED_EDGE('',*,*,#1114,.F.);
#759=ORIENTED_EDGE('',*,*,#1226,.F.);
#760=ORIENTED_EDGE('',*,*,#1137,.F.);
#761=ORIENTED_EDGE('',*,*,#1107,.T.);
#762=ORIENTED_EDGE('',*,*,#1113,.F.);
#763=ORIENTED_EDGE('',*,*,#1080,.T.);
#764=ORIENTED_EDGE('',*,*,#1136,.F.);
#765=ORIENTED_EDGE('',*,*,#1218,.T.);
#766=ORIENTED_EDGE('',*,*,#1123,.F.);
#767=ORIENTED_EDGE('',*,*,#1217,.F.);
#768=ORIENTED_EDGE('',*,*,#1133,.F.);
#769=ORIENTED_EDGE('',*,*,#1077,.T.);
#770=ORIENTED_EDGE('',*,*,#1122,.F.);
#771=ORIENTED_EDGE('',*,*,#1083,.T.);
#772=ORIENTED_EDGE('',*,*,#1130,.F.);
#773=ORIENTED_EDGE('',*,*,#1220,.F.);
#774=ORIENTED_EDGE('',*,*,#1115,.F.);
#775=ORIENTED_EDGE('',*,*,#1219,.T.);
#776=ORIENTED_EDGE('',*,*,#1131,.F.);
#777=ORIENTED_EDGE('',*,*,#1086,.T.);
#778=ORIENTED_EDGE('',*,*,#1116,.F.);
#779=ORIENTED_EDGE('',*,*,#1229,.T.);
#780=ORIENTED_EDGE('',*,*,#1002,.F.);
#781=ORIENTED_EDGE('',*,*,#1012,.F.);
#782=ORIENTED_EDGE('',*,*,#1230,.F.);
#783=ORIENTED_EDGE('',*,*,#969,.F.);
#784=ORIENTED_EDGE('',*,*,#965,.F.);
#785=ORIENTED_EDGE('',*,*,#1230,.T.);
#786=ORIENTED_EDGE('',*,*,#1011,.F.);
#787=ORIENTED_EDGE('',*,*,#1058,.F.);
#788=ORIENTED_EDGE('',*,*,#970,.F.);
#789=ORIENTED_EDGE('',*,*,#1066,.T.);
#790=ORIENTED_EDGE('',*,*,#1003,.F.);
#791=ORIENTED_EDGE('',*,*,#1229,.F.);
#792=ORIENTED_EDGE('',*,*,#964,.F.);
#793=ORIENTED_EDGE('',*,*,#1231,.T.);
#794=ORIENTED_EDGE('',*,*,#996,.F.);
#795=ORIENTED_EDGE('',*,*,#1045,.F.);
#796=ORIENTED_EDGE('',*,*,#977,.F.);
#797=ORIENTED_EDGE('',*,*,#982,.F.);
#798=ORIENTED_EDGE('',*,*,#1232,.T.);
#799=ORIENTED_EDGE('',*,*,#987,.F.);
#800=ORIENTED_EDGE('',*,*,#997,.F.);
#801=ORIENTED_EDGE('',*,*,#1231,.F.);
#802=ORIENTED_EDGE('',*,*,#976,.F.);
#803=ORIENTED_EDGE('',*,*,#1056,.T.);
#804=ORIENTED_EDGE('',*,*,#988,.F.);
#805=ORIENTED_EDGE('',*,*,#1232,.F.);
#806=ORIENTED_EDGE('',*,*,#981,.F.);
#807=ORIENTED_EDGE('',*,*,#1233,.T.);
#808=ORIENTED_EDGE('',*,*,#984,.F.);
#809=ORIENTED_EDGE('',*,*,#1037,.F.);
#810=ORIENTED_EDGE('',*,*,#979,.F.);
#811=ORIENTED_EDGE('',*,*,#1013,.T.);
#812=ORIENTED_EDGE('',*,*,#992,.F.);
#813=ORIENTED_EDGE('',*,*,#1234,.F.);
#814=ORIENTED_EDGE('',*,*,#973,.F.);
#815=ORIENTED_EDGE('',*,*,#1234,.T.);
#816=ORIENTED_EDGE('',*,*,#991,.F.);
#817=ORIENTED_EDGE('',*,*,#985,.F.);
#818=ORIENTED_EDGE('',*,*,#1233,.F.);
#819=ORIENTED_EDGE('',*,*,#978,.F.);
#820=ORIENTED_EDGE('',*,*,#974,.F.);
#821=ORIENTED_EDGE('',*,*,#1235,.T.);
#822=ORIENTED_EDGE('',*,*,#999,.F.);
#823=ORIENTED_EDGE('',*,*,#1024,.F.);
#824=ORIENTED_EDGE('',*,*,#962,.F.);
#825=ORIENTED_EDGE('',*,*,#968,.F.);
#826=ORIENTED_EDGE('',*,*,#1236,.T.);
#827=ORIENTED_EDGE('',*,*,#1006,.F.);
#828=ORIENTED_EDGE('',*,*,#1000,.F.);
#829=ORIENTED_EDGE('',*,*,#1235,.F.);
#830=ORIENTED_EDGE('',*,*,#961,.F.);
#831=ORIENTED_EDGE('',*,*,#1035,.T.);
#832=ORIENTED_EDGE('',*,*,#1007,.F.);
#833=ORIENTED_EDGE('',*,*,#1236,.F.);
#834=ORIENTED_EDGE('',*,*,#967,.F.);
#835=EDGE_CURVE('',#1237,#1238,#1493,.T.);
#836=EDGE_CURVE('',#1238,#1239,#1494,.T.);
#837=EDGE_CURVE('',#1240,#1239,#1495,.T.);
#838=EDGE_CURVE('',#1237,#1240,#1496,.T.);
#839=EDGE_CURVE('',#1241,#1242,#1497,.T.);
#840=EDGE_CURVE('',#1243,#1241,#1498,.T.);
#841=EDGE_CURVE('',#1243,#1244,#1499,.T.);
#842=EDGE_CURVE('',#1244,#1242,#1500,.T.);
#843=EDGE_CURVE('',#1245,#1246,#1501,.T.);
#844=EDGE_CURVE('',#1247,#1245,#1502,.T.);
#845=EDGE_CURVE('',#1247,#1248,#1503,.T.);
#846=EDGE_CURVE('',#1248,#1246,#1504,.T.);
#847=EDGE_CURVE('',#1249,#1238,#1505,.T.);
#848=EDGE_CURVE('',#1250,#1249,#1506,.T.);
#849=EDGE_CURVE('',#1251,#1250,#1507,.T.);
#850=EDGE_CURVE('',#1252,#1251,#1508,.T.);
#851=EDGE_CURVE('',#1239,#1252,#1509,.T.);
#852=EDGE_CURVE('',#1242,#1253,#1510,.T.);
#853=EDGE_CURVE('',#1254,#1244,#1511,.T.);
#854=EDGE_CURVE('',#1255,#1254,#1512,.T.);
#855=EDGE_CURVE('',#1256,#1255,#1513,.T.);
#856=EDGE_CURVE('',#1253,#1256,#1514,.T.);
#857=EDGE_CURVE('',#1246,#1257,#1515,.T.);
#858=EDGE_CURVE('',#1258,#1248,#1516,.T.);
#859=EDGE_CURVE('',#1259,#1258,#1517,.T.);
#860=EDGE_CURVE('',#1260,#1259,#1518,.T.);
#861=EDGE_CURVE('',#1257,#1260,#1519,.T.);
#862=EDGE_CURVE('',#1261,#1262,#1520,.T.);
#863=EDGE_CURVE('',#1262,#1237,#1521,.T.);
#864=EDGE_CURVE('',#1240,#1263,#1522,.T.);
#865=EDGE_CURVE('',#1263,#1264,#1523,.T.);
#866=EDGE_CURVE('',#1264,#1261,#1524,.T.);
#867=EDGE_CURVE('',#1241,#1265,#1525,.T.);
#868=EDGE_CURVE('',#1265,#1266,#1526,.T.);
#869=EDGE_CURVE('',#1266,#1267,#1527,.T.);
#870=EDGE_CURVE('',#1267,#1268,#1528,.T.);
#871=EDGE_CURVE('',#1268,#1243,#1529,.T.);
#872=EDGE_CURVE('',#1245,#1269,#1530,.T.);
#873=EDGE_CURVE('',#1269,#1270,#1531,.T.);
#874=EDGE_CURVE('',#1270,#1271,#1532,.T.);
#875=EDGE_CURVE('',#1271,#1272,#1533,.T.);
#876=EDGE_CURVE('',#1272,#1247,#1534,.T.);
#877=EDGE_CURVE('',#1253,#1265,#1535,.T.);
#878=EDGE_CURVE('',#1266,#1256,#1536,.T.);
#879=EDGE_CURVE('',#1262,#1249,#1537,.T.);
#880=EDGE_CURVE('',#1250,#1261,#1538,.T.);
#881=EDGE_CURVE('',#1272,#1258,#1539,.T.);
#882=EDGE_CURVE('',#1271,#1259,#1540,.T.);
#883=EDGE_CURVE('',#1263,#1252,#1541,.T.);
#884=EDGE_CURVE('',#1264,#1251,#1542,.T.);
#885=EDGE_CURVE('',#1268,#1254,#1543,.T.);
#886=EDGE_CURVE('',#1267,#1255,#1544,.T.);
#887=EDGE_CURVE('',#1269,#1257,#1545,.T.);
#888=EDGE_CURVE('',#1270,#1260,#1546,.T.);
#889=EDGE_CURVE('',#1273,#1274,#1547,.T.);
#890=EDGE_CURVE('',#1275,#1273,#1548,.T.);
#891=EDGE_CURVE('',#1275,#1276,#1549,.T.);
#892=EDGE_CURVE('',#1276,#1274,#1550,.T.);
#893=EDGE_CURVE('',#1277,#1278,#1551,.T.);
#894=EDGE_CURVE('',#1279,#1277,#1552,.T.);
#895=EDGE_CURVE('',#1279,#1280,#1553,.T.);
#896=EDGE_CURVE('',#1280,#1278,#1554,.T.);
#897=EDGE_CURVE('',#1281,#1282,#1555,.T.);
#898=EDGE_CURVE('',#1283,#1281,#1556,.T.);
#899=EDGE_CURVE('',#1283,#1284,#1557,.T.);
#900=EDGE_CURVE('',#1284,#1282,#1558,.T.);
#901=EDGE_CURVE('',#1285,#1286,#1559,.T.);
#902=EDGE_CURVE('',#1286,#1287,#1560,.T.);
#903=EDGE_CURVE('',#1288,#1287,#1561,.T.);
#904=EDGE_CURVE('',#1285,#1288,#1562,.T.);
#905=EDGE_CURVE('',#1289,#1290,#1563,.T.);
#906=EDGE_CURVE('',#1291,#1289,#1564,.T.);
#907=EDGE_CURVE('',#1292,#1291,#1565,.T.);
#908=EDGE_CURVE('',#1292,#1290,#1566,.T.);
#909=EDGE_CURVE('',#1293,#1294,#1567,.T.);
#910=EDGE_CURVE('',#1295,#1294,#1568,.T.);
#911=EDGE_CURVE('',#1296,#1295,#1569,.T.);
#912=EDGE_CURVE('',#1296,#1293,#1570,.T.);
#913=EDGE_CURVE('',#1297,#1298,#1571,.T.);
#914=EDGE_CURVE('',#1297,#1299,#1572,.T.);
#915=EDGE_CURVE('',#1299,#1300,#1573,.T.);
#916=EDGE_CURVE('',#1298,#1300,#1574,.T.);
#917=EDGE_CURVE('',#1301,#1302,#1575,.T.);
#918=EDGE_CURVE('',#1301,#1303,#1576,.T.);
#919=EDGE_CURVE('',#1303,#1304,#1577,.T.);
#920=EDGE_CURVE('',#1302,#1304,#1578,.T.);
#921=EDGE_CURVE('',#1305,#1306,#1579,.T.);
#922=EDGE_CURVE('',#1307,#1306,#1580,.T.);
#923=EDGE_CURVE('',#1308,#1307,#1581,.T.);
#924=EDGE_CURVE('',#1308,#1305,#1582,.T.);
#925=EDGE_CURVE('',#1306,#1286,#1583,.T.);
#926=EDGE_CURVE('',#1286,#1274,#1584,.T.);
#927=EDGE_CURVE('',#1276,#1306,#1585,.T.);
#928=EDGE_CURVE('',#1273,#1285,#1586,.T.);
#929=EDGE_CURVE('',#1307,#1285,#1587,.T.);
#930=EDGE_CURVE('',#1307,#1275,#1588,.T.);
#931=EDGE_CURVE('',#1294,#1303,#1589,.T.);
#932=EDGE_CURVE('',#1303,#1278,#1590,.T.);
#933=EDGE_CURVE('',#1280,#1294,#1591,.T.);
#934=EDGE_CURVE('',#1277,#1301,#1592,.T.);
#935=EDGE_CURVE('',#1295,#1301,#1593,.T.);
#936=EDGE_CURVE('',#1295,#1279,#1594,.T.);
#937=EDGE_CURVE('',#1290,#1299,#1595,.T.);
#938=EDGE_CURVE('',#1299,#1282,#1596,.T.);
#939=EDGE_CURVE('',#1284,#1290,#1597,.T.);
#940=EDGE_CURVE('',#1281,#1297,#1598,.T.);
#941=EDGE_CURVE('',#1289,#1297,#1599,.T.);
#942=EDGE_CURVE('',#1289,#1283,#1600,.T.);
#943=EDGE_CURVE('',#1288,#1308,#1601,.T.);
#944=EDGE_CURVE('',#1302,#1296,#1602,.T.);
#945=EDGE_CURVE('',#1298,#1291,#1603,.T.);
#946=EDGE_CURVE('',#1287,#1305,#1604,.T.);
#947=EDGE_CURVE('',#1304,#1293,#1605,.T.);
#948=EDGE_CURVE('',#1300,#1292,#1606,.T.);
#949=EDGE_CURVE('',#1309,#1310,#1607,.T.);
#950=EDGE_CURVE('',#1310,#1311,#1608,.T.);
#951=EDGE_CURVE('',#1312,#1311,#1609,.T.);
#952=EDGE_CURVE('',#1309,#1312,#1610,.T.);
#953=EDGE_CURVE('',#1311,#1313,#1611,.T.);
#954=EDGE_CURVE('',#1314,#1313,#1612,.T.);
#955=EDGE_CURVE('',#1312,#1314,#1613,.T.);
#956=EDGE_CURVE('',#1313,#1315,#1614,.T.);
#957=EDGE_CURVE('',#1316,#1315,#1615,.T.);
#958=EDGE_CURVE('',#1314,#1316,#1616,.T.);
#959=EDGE_CURVE('',#1315,#1310,#1617,.T.);
#960=EDGE_CURVE('',#1316,#1309,#1618,.T.);
#961=EDGE_CURVE('',#1317,#1318,#1619,.T.);
#962=EDGE_CURVE('',#1318,#1319,#1620,.T.);
#963=EDGE_CURVE('',#1320,#1319,#1621,.T.);
#964=EDGE_CURVE('',#1320,#1321,#1622,.T.);
#965=EDGE_CURVE('',#1321,#1322,#1623,.T.);
#966=EDGE_CURVE('',#1317,#1322,#1624,.T.);
#967=EDGE_CURVE('',#1323,#1324,#1625,.T.);
#968=EDGE_CURVE('',#1324,#1317,#1626,.T.);
#969=EDGE_CURVE('',#1322,#1325,#1627,.T.);
#970=EDGE_CURVE('',#1325,#1326,#1628,.T.);
#971=EDGE_CURVE('',#1323,#1326,#1629,.T.);
#972=EDGE_CURVE('',#1327,#1328,#1630,.T.);
#973=EDGE_CURVE('',#1327,#1329,#1631,.T.);
#974=EDGE_CURVE('',#1329,#1330,#1632,.T.);
#975=EDGE_CURVE('',#1330,#1331,#1633,.T.);
#976=EDGE_CURVE('',#1331,#1332,#1634,.T.);
#977=EDGE_CURVE('',#1332,#1328,#1635,.T.);
#978=EDGE_CURVE('',#1330,#1333,#1636,.T.);
#979=EDGE_CURVE('',#1333,#1334,#1637,.T.);
#980=EDGE_CURVE('',#1335,#1334,#1638,.T.);
#981=EDGE_CURVE('',#1335,#1336,#1639,.T.);
#982=EDGE_CURVE('',#1336,#1331,#1640,.T.);
#983=EDGE_CURVE('',#1337,#1338,#1641,.T.);
#984=EDGE_CURVE('',#1337,#1339,#1642,.T.);
#985=EDGE_CURVE('',#1339,#1340,#1643,.T.);
#986=EDGE_CURVE('',#1340,#1341,#1644,.T.);
#987=EDGE_CURVE('',#1341,#1342,#1645,.T.);
#988=EDGE_CURVE('',#1342,#1343,#1646,.T.);
#989=EDGE_CURVE('',#1344,#1343,#1647,.T.);
#990=EDGE_CURVE('',#1344,#1338,#1648,.T.);
#991=EDGE_CURVE('',#1340,#1345,#1649,.T.);
#992=EDGE_CURVE('',#1345,#1346,#1650,.T.);
#993=EDGE_CURVE('',#1346,#1347,#1651,.T.);
#994=EDGE_CURVE('',#1347,#1348,#1652,.T.);
#995=EDGE_CURVE('',#1348,#1349,#1653,.T.);
#996=EDGE_CURVE('',#1349,#1350,#1654,.T.);
#997=EDGE_CURVE('',#1350,#1341,#1655,.T.);
#998=EDGE_CURVE('',#1351,#1352,#1656,.T.);
#999=EDGE_CURVE('',#1351,#1353,#1657,.T.);
#1000=EDGE_CURVE('',#1353,#1354,#1658,.T.);
#1001=EDGE_CURVE('',#1354,#1355,#1659,.T.);
#1002=EDGE_CURVE('',#1355,#1356,#1660,.T.);
#1003=EDGE_CURVE('',#1356,#1357,#1661,.T.);
#1004=EDGE_CURVE('',#1358,#1357,#1662,.T.);
#1005=EDGE_CURVE('',#1358,#1352,#1663,.T.);
#1006=EDGE_CURVE('',#1354,#1359,#1664,.T.);
#1007=EDGE_CURVE('',#1359,#1360,#1665,.T.);
#1008=EDGE_CURVE('',#1360,#1361,#1666,.T.);
#1009=EDGE_CURVE('',#1361,#1362,#1667,.T.);
#1010=EDGE_CURVE('',#1362,#1363,#1668,.T.);
#1011=EDGE_CURVE('',#1363,#1364,#1669,.T.);
#1012=EDGE_CURVE('',#1364,#1355,#1670,.T.);
#1013=EDGE_CURVE('',#1327,#1346,#1671,.T.);
#1014=EDGE_CURVE('',#1365,#1327,#1672,.T.);
#1015=EDGE_CURVE('',#1365,#1366,#1673,.T.);
#1016=EDGE_CURVE('',#1367,#1366,#1674,.T.);
#1017=EDGE_CURVE('',#1368,#1367,#1675,.T.);
#1018=EDGE_CURVE('',#1368,#1369,#1676,.T.);
#1019=EDGE_CURVE('',#1370,#1369,#1677,.T.);
#1020=EDGE_CURVE('',#1371,#1370,#1678,.T.);
#1021=EDGE_CURVE('',#1372,#1371,#1679,.T.);
#1022=EDGE_CURVE('',#1372,#1373,#1680,.T.);
#1023=EDGE_CURVE('',#1346,#1373,#1681,.T.);
#1024=EDGE_CURVE('',#1319,#1351,#1682,.T.);
#1025=EDGE_CURVE('',#1374,#1351,#1683,.T.);
#1026=EDGE_CURVE('',#1374,#1375,#1684,.T.);
#1027=EDGE_CURVE('',#1376,#1375,#1685,.T.);
#1028=EDGE_CURVE('',#1377,#1376,#1686,.T.);
#1029=EDGE_CURVE('',#1378,#1377,#1687,.T.);
#1030=EDGE_CURVE('',#1378,#1379,#1688,.T.);
#1031=EDGE_CURVE('',#1380,#1379,#1689,.T.);
#1032=EDGE_CURVE('',#1381,#1380,#1690,.T.);
#1033=EDGE_CURVE('',#1382,#1381,#1691,.T.);
#1034=EDGE_CURVE('',#1319,#1382,#1692,.T.);
#1035=EDGE_CURVE('',#1323,#1360,#1693,.T.);
#1036=EDGE_CURVE('',#1334,#1323,#1694,.T.);
#1037=EDGE_CURVE('',#1334,#1337,#1695,.T.);
#1038=EDGE_CURVE('',#1383,#1337,#1696,.T.);
#1039=EDGE_CURVE('',#1383,#1384,#1697,.T.);
#1040=EDGE_CURVE('',#1385,#1384,#1698,.T.);
#1041=EDGE_CURVE('',#1386,#1385,#1699,.T.);
#1042=EDGE_CURVE('',#1387,#1386,#1700,.T.);
#1043=EDGE_CURVE('',#1387,#1388,#1701,.T.);
#1044=EDGE_CURVE('',#1360,#1388,#1702,.T.);
#1045=EDGE_CURVE('',#1328,#1349,#1703,.T.);
#1046=EDGE_CURVE('',#1389,#1349,#1704,.T.);
#1047=EDGE_CURVE('',#1389,#1390,#1705,.T.);
#1048=EDGE_CURVE('',#1391,#1390,#1706,.T.);
#1049=EDGE_CURVE('',#1392,#1391,#1707,.T.);
#1050=EDGE_CURVE('',#1393,#1392,#1708,.T.);
#1051=EDGE_CURVE('',#1393,#1394,#1709,.T.);
#1052=EDGE_CURVE('',#1395,#1394,#1710,.T.);
#1053=EDGE_CURVE('',#1396,#1395,#1711,.T.);
#1054=EDGE_CURVE('',#1397,#1396,#1712,.T.);
#1055=EDGE_CURVE('',#1328,#1397,#1713,.T.);
#1056=EDGE_CURVE('',#1335,#1343,#1714,.T.);
#1057=EDGE_CURVE('',#1326,#1335,#1715,.T.);
#1058=EDGE_CURVE('',#1326,#1363,#1716,.T.);
#1059=EDGE_CURVE('',#1398,#1363,#1717,.T.);
#1060=EDGE_CURVE('',#1398,#1399,#1718,.T.);
#1061=EDGE_CURVE('',#1400,#1399,#1719,.T.);
#1062=EDGE_CURVE('',#1401,#1400,#1720,.T.);
#1063=EDGE_CURVE('',#1402,#1401,#1721,.T.);
#1064=EDGE_CURVE('',#1402,#1403,#1722,.T.);
#1065=EDGE_CURVE('',#1343,#1403,#1723,.T.);
#1066=EDGE_CURVE('',#1320,#1357,#1724,.T.);
#1067=EDGE_CURVE('',#1404,#1320,#1725,.T.);
#1068=EDGE_CURVE('',#1404,#1405,#1726,.T.);
#1069=EDGE_CURVE('',#1406,#1405,#1727,.T.);
#1070=EDGE_CURVE('',#1407,#1406,#1728,.T.);
#1071=EDGE_CURVE('',#1407,#1408,#1729,.T.);
#1072=EDGE_CURVE('',#1409,#1408,#1730,.T.);
#1073=EDGE_CURVE('',#1410,#1409,#1731,.T.);
#1074=EDGE_CURVE('',#1411,#1410,#1732,.T.);
#1075=EDGE_CURVE('',#1411,#1412,#1733,.T.);
#1076=EDGE_CURVE('',#1357,#1412,#1734,.T.);
#1077=EDGE_CURVE('',#1413,#1414,#1735,.T.);
#1078=EDGE_CURVE('',#1369,#1413,#1736,.T.);
#1079=EDGE_CURVE('',#1368,#1414,#1737,.T.);
#1080=EDGE_CURVE('',#1415,#1416,#1738,.T.);
#1081=EDGE_CURVE('',#1415,#1394,#1739,.T.);
#1082=EDGE_CURVE('',#1416,#1393,#1740,.T.);
#1083=EDGE_CURVE('',#1417,#1418,#1741,.T.);
#1084=EDGE_CURVE('',#1373,#1417,#1742,.T.);
#1085=EDGE_CURVE('',#1372,#1418,#1743,.T.);
#1086=EDGE_CURVE('',#1419,#1420,#1744,.T.);
#1087=EDGE_CURVE('',#1419,#1390,#1745,.T.);
#1088=EDGE_CURVE('',#1420,#1389,#1746,.T.);
#1089=EDGE_CURVE('',#1421,#1422,#1747,.T.);
#1090=EDGE_CURVE('',#1379,#1421,#1748,.T.);
#1091=EDGE_CURVE('',#1422,#1378,#1749,.T.);
#1092=EDGE_CURVE('',#1423,#1424,#1750,.T.);
#1093=EDGE_CURVE('',#1408,#1423,#1751,.T.);
#1094=EDGE_CURVE('',#1424,#1407,#1752,.T.);
#1095=EDGE_CURVE('',#1425,#1426,#1753,.T.);
#1096=EDGE_CURVE('',#1375,#1425,#1754,.T.);
#1097=EDGE_CURVE('',#1426,#1374,#1755,.T.);
#1098=EDGE_CURVE('',#1427,#1428,#1756,.T.);
#1099=EDGE_CURVE('',#1412,#1427,#1757,.T.);
#1100=EDGE_CURVE('',#1428,#1411,#1758,.T.);
#1101=EDGE_CURVE('',#1429,#1430,#1759,.T.);
#1102=EDGE_CURVE('',#1388,#1429,#1760,.T.);
#1103=EDGE_CURVE('',#1387,#1430,#1761,.T.);
#1104=EDGE_CURVE('',#1431,#1432,#1762,.T.);
#1105=EDGE_CURVE('',#1431,#1399,#1763,.T.);
#1106=EDGE_CURVE('',#1432,#1398,#1764,.T.);
#1107=EDGE_CURVE('',#1433,#1434,#1765,.T.);
#1108=EDGE_CURVE('',#1384,#1433,#1766,.T.);
#1109=EDGE_CURVE('',#1434,#1383,#1767,.T.);
#1110=EDGE_CURVE('',#1435,#1436,#1768,.T.);
#1111=EDGE_CURVE('',#1403,#1435,#1769,.T.);
#1112=EDGE_CURVE('',#1436,#1402,#1770,.T.);
#1113=EDGE_CURVE('',#1338,#1434,#1771,.T.);
#1114=EDGE_CURVE('',#1435,#1344,#1772,.T.);
#1115=EDGE_CURVE('',#1417,#1347,#1773,.T.);
#1116=EDGE_CURVE('',#1348,#1420,#1774,.T.);
#1117=EDGE_CURVE('',#1352,#1426,#1775,.T.);
#1118=EDGE_CURVE('',#1427,#1358,#1776,.T.);
#1119=EDGE_CURVE('',#1429,#1361,#1777,.T.);
#1120=EDGE_CURVE('',#1362,#1432,#1778,.T.);
#1121=EDGE_CURVE('',#1367,#1437,#1779,.T.);
#1122=EDGE_CURVE('',#1437,#1414,#1780,.T.);
#1123=EDGE_CURVE('',#1415,#1438,#1781,.T.);
#1124=EDGE_CURVE('',#1438,#1395,#1782,.T.);
#1125=EDGE_CURVE('',#1421,#1439,#1783,.T.);
#1126=EDGE_CURVE('',#1380,#1439,#1784,.T.);
#1127=EDGE_CURVE('',#1440,#1406,#1785,.T.);
#1128=EDGE_CURVE('',#1440,#1424,#1786,.T.);
#1129=EDGE_CURVE('',#1371,#1441,#1787,.T.);
#1130=EDGE_CURVE('',#1441,#1418,#1788,.T.);
#1131=EDGE_CURVE('',#1419,#1442,#1789,.T.);
#1132=EDGE_CURVE('',#1442,#1391,#1790,.T.);
#1133=EDGE_CURVE('',#1413,#1443,#1791,.T.);
#1134=EDGE_CURVE('',#1370,#1443,#1792,.T.);
#1135=EDGE_CURVE('',#1444,#1392,#1793,.T.);
#1136=EDGE_CURVE('',#1444,#1416,#1794,.T.);
#1137=EDGE_CURVE('',#1433,#1445,#1795,.T.);
#1138=EDGE_CURVE('',#1385,#1445,#1796,.T.);
#1139=EDGE_CURVE('',#1446,#1401,#1797,.T.);
#1140=EDGE_CURVE('',#1446,#1436,#1798,.T.);
#1141=EDGE_CURVE('',#1386,#1447,#1799,.T.);
#1142=EDGE_CURVE('',#1447,#1430,#1800,.T.);
#1143=EDGE_CURVE('',#1431,#1448,#1801,.T.);
#1144=EDGE_CURVE('',#1448,#1400,#1802,.T.);
#1145=EDGE_CURVE('',#1377,#1449,#1803,.T.);
#1146=EDGE_CURVE('',#1449,#1422,#1804,.T.);
#1147=EDGE_CURVE('',#1423,#1450,#1805,.T.);
#1148=EDGE_CURVE('',#1450,#1409,#1806,.T.);
#1149=EDGE_CURVE('',#1425,#1451,#1807,.T.);
#1150=EDGE_CURVE('',#1376,#1451,#1808,.T.);
#1151=EDGE_CURVE('',#1452,#1410,#1809,.T.);
#1152=EDGE_CURVE('',#1452,#1428,#1810,.T.);
#1153=EDGE_CURVE('',#1453,#1454,#1811,.T.);
#1154=EDGE_CURVE('',#1454,#1455,#1812,.T.);
#1155=EDGE_CURVE('',#1456,#1455,#1813,.T.);
#1156=EDGE_CURVE('',#1456,#1453,#1814,.T.);
#1157=EDGE_CURVE('',#1455,#1457,#1815,.T.);
#1158=EDGE_CURVE('',#1458,#1457,#1816,.T.);
#1159=EDGE_CURVE('',#1458,#1456,#1817,.T.);
#1160=EDGE_CURVE('',#1457,#1459,#1818,.T.);
#1161=EDGE_CURVE('',#1460,#1459,#1819,.T.);
#1162=EDGE_CURVE('',#1460,#1458,#1820,.T.);
#1163=EDGE_CURVE('',#1461,#1462,#1821,.T.);
#1164=EDGE_CURVE('',#1462,#1463,#1822,.T.);
#1165=EDGE_CURVE('',#1464,#1463,#1823,.T.);
#1166=EDGE_CURVE('',#1464,#1461,#1824,.T.);
#1167=EDGE_CURVE('',#1463,#1465,#1825,.T.);
#1168=EDGE_CURVE('',#1466,#1465,#1826,.T.);
#1169=EDGE_CURVE('',#1466,#1464,#1827,.T.);
#1170=EDGE_CURVE('',#1465,#1467,#1828,.T.);
#1171=EDGE_CURVE('',#1468,#1467,#1829,.T.);
#1172=EDGE_CURVE('',#1468,#1466,#1830,.T.);
#1173=EDGE_CURVE('',#1469,#1470,#1831,.T.);
#1174=EDGE_CURVE('',#1470,#1471,#1832,.T.);
#1175=EDGE_CURVE('',#1472,#1471,#1833,.T.);
#1176=EDGE_CURVE('',#1472,#1469,#1834,.T.);
#1177=EDGE_CURVE('',#1471,#1473,#1835,.T.);
#1178=EDGE_CURVE('',#1474,#1473,#1836,.T.);
#1179=EDGE_CURVE('',#1474,#1472,#1837,.T.);
#1180=EDGE_CURVE('',#1473,#1475,#1838,.T.);
#1181=EDGE_CURVE('',#1476,#1475,#1839,.T.);
#1182=EDGE_CURVE('',#1476,#1474,#1840,.T.);
#1183=EDGE_CURVE('',#1459,#1454,#1841,.T.);
#1184=EDGE_CURVE('',#1453,#1460,#1842,.T.);
#1185=EDGE_CURVE('',#1467,#1462,#1843,.T.);
#1186=EDGE_CURVE('',#1461,#1468,#1844,.T.);
#1187=EDGE_CURVE('',#1475,#1470,#1845,.T.);
#1188=EDGE_CURVE('',#1469,#1476,#1846,.T.);
#1189=EDGE_CURVE('',#1477,#1478,#1847,.T.);
#1190=EDGE_CURVE('',#1479,#1477,#1848,.T.);
#1191=EDGE_CURVE('',#1480,#1479,#1849,.T.);
#1192=EDGE_CURVE('',#1478,#1480,#1850,.T.);
#1193=EDGE_CURVE('',#1481,#1482,#1851,.T.);
#1194=EDGE_CURVE('',#1483,#1481,#1852,.T.);
#1195=EDGE_CURVE('',#1484,#1483,#1853,.T.);
#1196=EDGE_CURVE('',#1482,#1484,#1854,.T.);
#1197=EDGE_CURVE('',#1366,#1485,#1855,.T.);
#1198=EDGE_CURVE('',#1486,#1365,#1856,.T.);
#1199=EDGE_CURVE('',#1485,#1486,#1857,.T.);
#1200=EDGE_CURVE('',#1487,#1396,#1858,.T.);
#1201=EDGE_CURVE('',#1488,#1487,#1859,.T.);
#1202=EDGE_CURVE('',#1397,#1488,#1860,.T.);
#1203=EDGE_CURVE('',#1405,#1381,#1861,.T.);
#1204=EDGE_CURVE('',#1382,#1404,#1862,.T.);
#1205=EDGE_CURVE('',#1481,#1485,#1863,.T.);
#1206=EDGE_CURVE('',#1483,#1486,#1864,.T.);
#1207=EDGE_CURVE('',#1487,#1482,#1865,.T.);
#1208=EDGE_CURVE('',#1484,#1488,#1866,.T.);
#1209=EDGE_CURVE('',#1477,#1489,#1867,.T.);
#1210=EDGE_CURVE('',#1478,#1490,#1868,.T.);
#1211=EDGE_CURVE('',#1490,#1489,#1869,.T.);
#1212=EDGE_CURVE('',#1479,#1491,#1870,.T.);
#1213=EDGE_CURVE('',#1489,#1491,#1871,.T.);
#1214=EDGE_CURVE('',#1480,#1492,#1872,.T.);
#1215=EDGE_CURVE('',#1491,#1492,#1873,.T.);
#1216=EDGE_CURVE('',#1492,#1490,#1874,.T.);
#1217=EDGE_CURVE('',#1443,#1437,#1875,.T.);
#1218=EDGE_CURVE('',#1444,#1438,#1876,.T.);
#1219=EDGE_CURVE('',#1348,#1442,#1877,.T.);
#1220=EDGE_CURVE('',#1347,#1441,#1878,.T.);
#1221=EDGE_CURVE('',#1439,#1449,#1879,.T.);
#1222=EDGE_CURVE('',#1451,#1352,#1880,.T.);
#1223=EDGE_CURVE('',#1452,#1358,#1881,.T.);
#1224=EDGE_CURVE('',#1440,#1450,#1882,.T.);
#1225=EDGE_CURVE('',#1361,#1447,#1883,.T.);
#1226=EDGE_CURVE('',#1445,#1338,#1884,.T.);
#1227=EDGE_CURVE('',#1446,#1344,#1885,.T.);
#1228=EDGE_CURVE('',#1362,#1448,#1886,.T.);
#1229=EDGE_CURVE('',#1321,#1356,#1887,.T.);
#1230=EDGE_CURVE('',#1325,#1364,#1888,.T.);
#1231=EDGE_CURVE('',#1332,#1350,#1889,.T.);
#1232=EDGE_CURVE('',#1336,#1342,#1890,.T.);
#1233=EDGE_CURVE('',#1333,#1339,#1891,.T.);
#1234=EDGE_CURVE('',#1329,#1345,#1892,.T.);
#1235=EDGE_CURVE('',#1318,#1353,#1893,.T.);
#1236=EDGE_CURVE('',#1324,#1359,#1894,.T.);
#1237=VERTEX_POINT('',#3861);
#1238=VERTEX_POINT('',#3862);
#1239=VERTEX_POINT('',#3864);
#1240=VERTEX_POINT('',#3866);
#1241=VERTEX_POINT('',#3870);
#1242=VERTEX_POINT('',#3871);
#1243=VERTEX_POINT('',#3873);
#1244=VERTEX_POINT('',#3875);
#1245=VERTEX_POINT('',#3879);
#1246=VERTEX_POINT('',#3880);
#1247=VERTEX_POINT('',#3882);
#1248=VERTEX_POINT('',#3884);
#1249=VERTEX_POINT('',#3888);
#1250=VERTEX_POINT('',#3890);
#1251=VERTEX_POINT('',#3892);
#1252=VERTEX_POINT('',#3894);
#1253=VERTEX_POINT('',#3898);
#1254=VERTEX_POINT('',#3900);
#1255=VERTEX_POINT('',#3902);
#1256=VERTEX_POINT('',#3904);
#1257=VERTEX_POINT('',#3908);
#1258=VERTEX_POINT('',#3910);
#1259=VERTEX_POINT('',#3912);
#1260=VERTEX_POINT('',#3914);
#1261=VERTEX_POINT('',#3918);
#1262=VERTEX_POINT('',#3919);
#1263=VERTEX_POINT('',#3922);
#1264=VERTEX_POINT('',#3924);
#1265=VERTEX_POINT('',#3928);
#1266=VERTEX_POINT('',#3930);
#1267=VERTEX_POINT('',#3932);
#1268=VERTEX_POINT('',#3934);
#1269=VERTEX_POINT('',#3938);
#1270=VERTEX_POINT('',#3940);
#1271=VERTEX_POINT('',#3942);
#1272=VERTEX_POINT('',#3944);
#1273=VERTEX_POINT('',#3966);
#1274=VERTEX_POINT('',#3967);
#1275=VERTEX_POINT('',#3969);
#1276=VERTEX_POINT('',#3971);
#1277=VERTEX_POINT('',#3975);
#1278=VERTEX_POINT('',#3976);
#1279=VERTEX_POINT('',#3978);
#1280=VERTEX_POINT('',#3980);
#1281=VERTEX_POINT('',#3984);
#1282=VERTEX_POINT('',#3985);
#1283=VERTEX_POINT('',#3987);
#1284=VERTEX_POINT('',#3989);
#1285=VERTEX_POINT('',#3993);
#1286=VERTEX_POINT('',#3994);
#1287=VERTEX_POINT('',#3996);
#1288=VERTEX_POINT('',#3998);
#1289=VERTEX_POINT('',#4002);
#1290=VERTEX_POINT('',#4003);
#1291=VERTEX_POINT('',#4005);
#1292=VERTEX_POINT('',#4007);
#1293=VERTEX_POINT('',#4011);
#1294=VERTEX_POINT('',#4012);
#1295=VERTEX_POINT('',#4014);
#1296=VERTEX_POINT('',#4016);
#1297=VERTEX_POINT('',#4020);
#1298=VERTEX_POINT('',#4021);
#1299=VERTEX_POINT('',#4023);
#1300=VERTEX_POINT('',#4025);
#1301=VERTEX_POINT('',#4029);
#1302=VERTEX_POINT('',#4030);
#1303=VERTEX_POINT('',#4032);
#1304=VERTEX_POINT('',#4034);
#1305=VERTEX_POINT('',#4038);
#1306=VERTEX_POINT('',#4039);
#1307=VERTEX_POINT('',#4041);
#1308=VERTEX_POINT('',#4043);
#1309=VERTEX_POINT('',#4083);
#1310=VERTEX_POINT('',#4084);
#1311=VERTEX_POINT('',#4086);
#1312=VERTEX_POINT('',#4088);
#1313=VERTEX_POINT('',#4092);
#1314=VERTEX_POINT('',#4094);
#1315=VERTEX_POINT('',#4098);
#1316=VERTEX_POINT('',#4100);
#1317=VERTEX_POINT('',#4122);
#1318=VERTEX_POINT('',#4123);
#1319=VERTEX_POINT('',#4125);
#1320=VERTEX_POINT('',#4127);
#1321=VERTEX_POINT('',#4129);
#1322=VERTEX_POINT('',#4131);
#1323=VERTEX_POINT('',#4135);
#1324=VERTEX_POINT('',#4136);
#1325=VERTEX_POINT('',#4139);
#1326=VERTEX_POINT('',#4141);
#1327=VERTEX_POINT('',#4145);
#1328=VERTEX_POINT('',#4146);
#1329=VERTEX_POINT('',#4148);
#1330=VERTEX_POINT('',#4150);
#1331=VERTEX_POINT('',#4152);
#1332=VERTEX_POINT('',#4154);
#1333=VERTEX_POINT('',#4158);
#1334=VERTEX_POINT('',#4160);
#1335=VERTEX_POINT('',#4162);
#1336=VERTEX_POINT('',#4164);
#1337=VERTEX_POINT('',#4168);
#1338=VERTEX_POINT('',#4169);
#1339=VERTEX_POINT('',#4171);
#1340=VERTEX_POINT('',#4173);
#1341=VERTEX_POINT('',#4175);
#1342=VERTEX_POINT('',#4177);
#1343=VERTEX_POINT('',#4179);
#1344=VERTEX_POINT('',#4181);
#1345=VERTEX_POINT('',#4185);
#1346=VERTEX_POINT('',#4187);
#1347=VERTEX_POINT('',#4189);
#1348=VERTEX_POINT('',#4191);
#1349=VERTEX_POINT('',#4193);
#1350=VERTEX_POINT('',#4195);
#1351=VERTEX_POINT('',#4199);
#1352=VERTEX_POINT('',#4200);
#1353=VERTEX_POINT('',#4202);
#1354=VERTEX_POINT('',#4204);
#1355=VERTEX_POINT('',#4206);
#1356=VERTEX_POINT('',#4208);
#1357=VERTEX_POINT('',#4210);
#1358=VERTEX_POINT('',#4212);
#1359=VERTEX_POINT('',#4216);
#1360=VERTEX_POINT('',#4218);
#1361=VERTEX_POINT('',#4220);
#1362=VERTEX_POINT('',#4222);
#1363=VERTEX_POINT('',#4224);
#1364=VERTEX_POINT('',#4226);
#1365=VERTEX_POINT('',#4231);
#1366=VERTEX_POINT('',#4233);
#1367=VERTEX_POINT('',#4235);
#1368=VERTEX_POINT('',#4237);
#1369=VERTEX_POINT('',#4239);
#1370=VERTEX_POINT('',#4241);
#1371=VERTEX_POINT('',#4243);
#1372=VERTEX_POINT('',#4245);
#1373=VERTEX_POINT('',#4247);
#1374=VERTEX_POINT('',#4252);
#1375=VERTEX_POINT('',#4254);
#1376=VERTEX_POINT('',#4256);
#1377=VERTEX_POINT('',#4258);
#1378=VERTEX_POINT('',#4260);
#1379=VERTEX_POINT('',#4262);
#1380=VERTEX_POINT('',#4264);
#1381=VERTEX_POINT('',#4266);
#1382=VERTEX_POINT('',#4268);
#1383=VERTEX_POINT('',#4275);
#1384=VERTEX_POINT('',#4277);
#1385=VERTEX_POINT('',#4279);
#1386=VERTEX_POINT('',#4281);
#1387=VERTEX_POINT('',#4283);
#1388=VERTEX_POINT('',#4285);
#1389=VERTEX_POINT('',#4290);
#1390=VERTEX_POINT('',#4292);
#1391=VERTEX_POINT('',#4294);
#1392=VERTEX_POINT('',#4296);
#1393=VERTEX_POINT('',#4298);
#1394=VERTEX_POINT('',#4300);
#1395=VERTEX_POINT('',#4302);
#1396=VERTEX_POINT('',#4304);
#1397=VERTEX_POINT('',#4306);
#1398=VERTEX_POINT('',#4313);
#1399=VERTEX_POINT('',#4315);
#1400=VERTEX_POINT('',#4317);
#1401=VERTEX_POINT('',#4319);
#1402=VERTEX_POINT('',#4321);
#1403=VERTEX_POINT('',#4323);
#1404=VERTEX_POINT('',#4328);
#1405=VERTEX_POINT('',#4330);
#1406=VERTEX_POINT('',#4332);
#1407=VERTEX_POINT('',#4334);
#1408=VERTEX_POINT('',#4336);
#1409=VERTEX_POINT('',#4338);
#1410=VERTEX_POINT('',#4340);
#1411=VERTEX_POINT('',#4342);
#1412=VERTEX_POINT('',#4344);
#1413=VERTEX_POINT('',#4348);
#1414=VERTEX_POINT('',#4349);
#1415=VERTEX_POINT('',#4354);
#1416=VERTEX_POINT('',#4355);
#1417=VERTEX_POINT('',#4360);
#1418=VERTEX_POINT('',#4361);
#1419=VERTEX_POINT('',#4366);
#1420=VERTEX_POINT('',#4367);
#1421=VERTEX_POINT('',#4372);
#1422=VERTEX_POINT('',#4373);
#1423=VERTEX_POINT('',#4378);
#1424=VERTEX_POINT('',#4379);
#1425=VERTEX_POINT('',#4384);
#1426=VERTEX_POINT('',#4385);
#1427=VERTEX_POINT('',#4390);
#1428=VERTEX_POINT('',#4391);
#1429=VERTEX_POINT('',#4396);
#1430=VERTEX_POINT('',#4397);
#1431=VERTEX_POINT('',#4402);
#1432=VERTEX_POINT('',#4403);
#1433=VERTEX_POINT('',#4408);
#1434=VERTEX_POINT('',#4409);
#1435=VERTEX_POINT('',#4414);
#1436=VERTEX_POINT('',#4415);
#1437=VERTEX_POINT('',#4436);
#1438=VERTEX_POINT('',#4440);
#1439=VERTEX_POINT('',#4444);
#1440=VERTEX_POINT('',#4448);
#1441=VERTEX_POINT('',#4452);
#1442=VERTEX_POINT('',#4456);
#1443=VERTEX_POINT('',#4460);
#1444=VERTEX_POINT('',#4464);
#1445=VERTEX_POINT('',#4468);
#1446=VERTEX_POINT('',#4472);
#1447=VERTEX_POINT('',#4476);
#1448=VERTEX_POINT('',#4480);
#1449=VERTEX_POINT('',#4484);
#1450=VERTEX_POINT('',#4488);
#1451=VERTEX_POINT('',#4492);
#1452=VERTEX_POINT('',#4496);
#1453=VERTEX_POINT('',#4500);
#1454=VERTEX_POINT('',#4501);
#1455=VERTEX_POINT('',#4503);
#1456=VERTEX_POINT('',#4505);
#1457=VERTEX_POINT('',#4509);
#1458=VERTEX_POINT('',#4511);
#1459=VERTEX_POINT('',#4515);
#1460=VERTEX_POINT('',#4517);
#1461=VERTEX_POINT('',#4521);
#1462=VERTEX_POINT('',#4522);
#1463=VERTEX_POINT('',#4524);
#1464=VERTEX_POINT('',#4526);
#1465=VERTEX_POINT('',#4530);
#1466=VERTEX_POINT('',#4532);
#1467=VERTEX_POINT('',#4536);
#1468=VERTEX_POINT('',#4538);
#1469=VERTEX_POINT('',#4542);
#1470=VERTEX_POINT('',#4543);
#1471=VERTEX_POINT('',#4545);
#1472=VERTEX_POINT('',#4547);
#1473=VERTEX_POINT('',#4551);
#1474=VERTEX_POINT('',#4553);
#1475=VERTEX_POINT('',#4557);
#1476=VERTEX_POINT('',#4559);
#1477=VERTEX_POINT('',#4572);
#1478=VERTEX_POINT('',#4573);
#1479=VERTEX_POINT('',#4575);
#1480=VERTEX_POINT('',#4577);
#1481=VERTEX_POINT('',#4580);
#1482=VERTEX_POINT('',#4581);
#1483=VERTEX_POINT('',#4583);
#1484=VERTEX_POINT('',#4585);
#1485=VERTEX_POINT('',#4589);
#1486=VERTEX_POINT('',#4591);
#1487=VERTEX_POINT('',#4595);
#1488=VERTEX_POINT('',#4597);
#1489=VERTEX_POINT('',#4613);
#1490=VERTEX_POINT('',#4615);
#1491=VERTEX_POINT('',#4619);
#1492=VERTEX_POINT('',#4623);
#1493=LINE('',#3860,#1895);
#1494=LINE('',#3863,#1896);
#1495=LINE('',#3865,#1897);
#1496=LINE('',#3867,#1898);
#1497=LINE('',#3869,#1899);
#1498=LINE('',#3872,#1900);
#1499=LINE('',#3874,#1901);
#1500=LINE('',#3876,#1902);
#1501=LINE('',#3878,#1903);
#1502=LINE('',#3881,#1904);
#1503=LINE('',#3883,#1905);
#1504=LINE('',#3885,#1906);
#1505=LINE('',#3887,#1907);
#1506=LINE('',#3889,#1908);
#1507=LINE('',#3891,#1909);
#1508=LINE('',#3893,#1910);
#1509=LINE('',#3895,#1911);
#1510=LINE('',#3897,#1912);
#1511=LINE('',#3899,#1913);
#1512=LINE('',#3901,#1914);
#1513=LINE('',#3903,#1915);
#1514=LINE('',#3905,#1916);
#1515=LINE('',#3907,#1917);
#1516=LINE('',#3909,#1918);
#1517=LINE('',#3911,#1919);
#1518=LINE('',#3913,#1920);
#1519=LINE('',#3915,#1921);
#1520=LINE('',#3917,#1922);
#1521=LINE('',#3920,#1923);
#1522=LINE('',#3921,#1924);
#1523=LINE('',#3923,#1925);
#1524=LINE('',#3925,#1926);
#1525=LINE('',#3927,#1927);
#1526=LINE('',#3929,#1928);
#1527=LINE('',#3931,#1929);
#1528=LINE('',#3933,#1930);
#1529=LINE('',#3935,#1931);
#1530=LINE('',#3937,#1932);
#1531=LINE('',#3939,#1933);
#1532=LINE('',#3941,#1934);
#1533=LINE('',#3943,#1935);
#1534=LINE('',#3945,#1936);
#1535=LINE('',#3947,#1937);
#1536=LINE('',#3948,#1938);
#1537=LINE('',#3950,#1939);
#1538=LINE('',#3951,#1940);
#1539=LINE('',#3953,#1941);
#1540=LINE('',#3954,#1942);
#1541=LINE('',#3956,#1943);
#1542=LINE('',#3957,#1944);
#1543=LINE('',#3959,#1945);
#1544=LINE('',#3960,#1946);
#1545=LINE('',#3962,#1947);
#1546=LINE('',#3963,#1948);
#1547=LINE('',#3965,#1949);
#1548=LINE('',#3968,#1950);
#1549=LINE('',#3970,#1951);
#1550=LINE('',#3972,#1952);
#1551=LINE('',#3974,#1953);
#1552=LINE('',#3977,#1954);
#1553=LINE('',#3979,#1955);
#1554=LINE('',#3981,#1956);
#1555=LINE('',#3983,#1957);
#1556=LINE('',#3986,#1958);
#1557=LINE('',#3988,#1959);
#1558=LINE('',#3990,#1960);
#1559=LINE('',#3992,#1961);
#1560=LINE('',#3995,#1962);
#1561=LINE('',#3997,#1963);
#1562=LINE('',#3999,#1964);
#1563=LINE('',#4001,#1965);
#1564=LINE('',#4004,#1966);
#1565=LINE('',#4006,#1967);
#1566=LINE('',#4008,#1968);
#1567=LINE('',#4010,#1969);
#1568=LINE('',#4013,#1970);
#1569=LINE('',#4015,#1971);
#1570=LINE('',#4017,#1972);
#1571=LINE('',#4019,#1973);
#1572=LINE('',#4022,#1974);
#1573=LINE('',#4024,#1975);
#1574=LINE('',#4026,#1976);
#1575=LINE('',#4028,#1977);
#1576=LINE('',#4031,#1978);
#1577=LINE('',#4033,#1979);
#1578=LINE('',#4035,#1980);
#1579=LINE('',#4037,#1981);
#1580=LINE('',#4040,#1982);
#1581=LINE('',#4042,#1983);
#1582=LINE('',#4044,#1984);
#1583=LINE('',#4046,#1985);
#1584=LINE('',#4047,#1986);
#1585=LINE('',#4048,#1987);
#1586=LINE('',#4050,#1988);
#1587=LINE('',#4051,#1989);
#1588=LINE('',#4052,#1990);
#1589=LINE('',#4054,#1991);
#1590=LINE('',#4055,#1992);
#1591=LINE('',#4056,#1993);
#1592=LINE('',#4058,#1994);
#1593=LINE('',#4059,#1995);
#1594=LINE('',#4060,#1996);
#1595=LINE('',#4062,#1997);
#1596=LINE('',#4063,#1998);
#1597=LINE('',#4064,#1999);
#1598=LINE('',#4066,#2000);
#1599=LINE('',#4067,#2001);
#1600=LINE('',#4068,#2002);
#1601=LINE('',#4070,#2003);
#1602=LINE('',#4072,#2004);
#1603=LINE('',#4074,#2005);
#1604=LINE('',#4076,#2006);
#1605=LINE('',#4078,#2007);
#1606=LINE('',#4080,#2008);
#1607=LINE('',#4082,#2009);
#1608=LINE('',#4085,#2010);
#1609=LINE('',#4087,#2011);
#1610=LINE('',#4089,#2012);
#1611=LINE('',#4091,#2013);
#1612=LINE('',#4093,#2014);
#1613=LINE('',#4095,#2015);
#1614=LINE('',#4097,#2016);
#1615=LINE('',#4099,#2017);
#1616=LINE('',#4101,#2018);
#1617=LINE('',#4103,#2019);
#1618=LINE('',#4104,#2020);
#1619=LINE('',#4121,#2021);
#1620=LINE('',#4124,#2022);
#1621=LINE('',#4126,#2023);
#1622=LINE('',#4128,#2024);
#1623=LINE('',#4130,#2025);
#1624=LINE('',#4132,#2026);
#1625=LINE('',#4134,#2027);
#1626=LINE('',#4137,#2028);
#1627=LINE('',#4138,#2029);
#1628=LINE('',#4140,#2030);
#1629=LINE('',#4142,#2031);
#1630=LINE('',#4144,#2032);
#1631=LINE('',#4147,#2033);
#1632=LINE('',#4149,#2034);
#1633=LINE('',#4151,#2035);
#1634=LINE('',#4153,#2036);
#1635=LINE('',#4155,#2037);
#1636=LINE('',#4157,#2038);
#1637=LINE('',#4159,#2039);
#1638=LINE('',#4161,#2040);
#1639=LINE('',#4163,#2041);
#1640=LINE('',#4165,#2042);
#1641=LINE('',#4167,#2043);
#1642=LINE('',#4170,#2044);
#1643=LINE('',#4172,#2045);
#1644=LINE('',#4174,#2046);
#1645=LINE('',#4176,#2047);
#1646=LINE('',#4178,#2048);
#1647=LINE('',#4180,#2049);
#1648=LINE('',#4182,#2050);
#1649=LINE('',#4184,#2051);
#1650=LINE('',#4186,#2052);
#1651=LINE('',#4188,#2053);
#1652=LINE('',#4190,#2054);
#1653=LINE('',#4192,#2055);
#1654=LINE('',#4194,#2056);
#1655=LINE('',#4196,#2057);
#1656=LINE('',#4198,#2058);
#1657=LINE('',#4201,#2059);
#1658=LINE('',#4203,#2060);
#1659=LINE('',#4205,#2061);
#1660=LINE('',#4207,#2062);
#1661=LINE('',#4209,#2063);
#1662=LINE('',#4211,#2064);
#1663=LINE('',#4213,#2065);
#1664=LINE('',#4215,#2066);
#1665=LINE('',#4217,#2067);
#1666=LINE('',#4219,#2068);
#1667=LINE('',#4221,#2069);
#1668=LINE('',#4223,#2070);
#1669=LINE('',#4225,#2071);
#1670=LINE('',#4227,#2072);
#1671=LINE('',#4229,#2073);
#1672=LINE('',#4230,#2074);
#1673=LINE('',#4232,#2075);
#1674=LINE('',#4234,#2076);
#1675=LINE('',#4236,#2077);
#1676=LINE('',#4238,#2078);
#1677=LINE('',#4240,#2079);
#1678=LINE('',#4242,#2080);
#1679=LINE('',#4244,#2081);
#1680=LINE('',#4246,#2082);
#1681=LINE('',#4248,#2083);
#1682=LINE('',#4250,#2084);
#1683=LINE('',#4251,#2085);
#1684=LINE('',#4253,#2086);
#1685=LINE('',#4255,#2087);
#1686=LINE('',#4257,#2088);
#1687=LINE('',#4259,#2089);
#1688=LINE('',#4261,#2090);
#1689=LINE('',#4263,#2091);
#1690=LINE('',#4265,#2092);
#1691=LINE('',#4267,#2093);
#1692=LINE('',#4269,#2094);
#1693=LINE('',#4271,#2095);
#1694=LINE('',#4272,#2096);
#1695=LINE('',#4273,#2097);
#1696=LINE('',#4274,#2098);
#1697=LINE('',#4276,#2099);
#1698=LINE('',#4278,#2100);
#1699=LINE('',#4280,#2101);
#1700=LINE('',#4282,#2102);
#1701=LINE('',#4284,#2103);
#1702=LINE('',#4286,#2104);
#1703=LINE('',#4288,#2105);
#1704=LINE('',#4289,#2106);
#1705=LINE('',#4291,#2107);
#1706=LINE('',#4293,#2108);
#1707=LINE('',#4295,#2109);
#1708=LINE('',#4297,#2110);
#1709=LINE('',#4299,#2111);
#1710=LINE('',#4301,#2112);
#1711=LINE('',#4303,#2113);
#1712=LINE('',#4305,#2114);
#1713=LINE('',#4307,#2115);
#1714=LINE('',#4309,#2116);
#1715=LINE('',#4310,#2117);
#1716=LINE('',#4311,#2118);
#1717=LINE('',#4312,#2119);
#1718=LINE('',#4314,#2120);
#1719=LINE('',#4316,#2121);
#1720=LINE('',#4318,#2122);
#1721=LINE('',#4320,#2123);
#1722=LINE('',#4322,#2124);
#1723=LINE('',#4324,#2125);
#1724=LINE('',#4326,#2126);
#1725=LINE('',#4327,#2127);
#1726=LINE('',#4329,#2128);
#1727=LINE('',#4331,#2129);
#1728=LINE('',#4333,#2130);
#1729=LINE('',#4335,#2131);
#1730=LINE('',#4337,#2132);
#1731=LINE('',#4339,#2133);
#1732=LINE('',#4341,#2134);
#1733=LINE('',#4343,#2135);
#1734=LINE('',#4345,#2136);
#1735=LINE('',#4347,#2137);
#1736=LINE('',#4350,#2138);
#1737=LINE('',#4351,#2139);
#1738=LINE('',#4353,#2140);
#1739=LINE('',#4356,#2141);
#1740=LINE('',#4357,#2142);
#1741=LINE('',#4359,#2143);
#1742=LINE('',#4362,#2144);
#1743=LINE('',#4363,#2145);
#1744=LINE('',#4365,#2146);
#1745=LINE('',#4368,#2147);
#1746=LINE('',#4369,#2148);
#1747=LINE('',#4371,#2149);
#1748=LINE('',#4374,#2150);
#1749=LINE('',#4375,#2151);
#1750=LINE('',#4377,#2152);
#1751=LINE('',#4380,#2153);
#1752=LINE('',#4381,#2154);
#1753=LINE('',#4383,#2155);
#1754=LINE('',#4386,#2156);
#1755=LINE('',#4387,#2157);
#1756=LINE('',#4389,#2158);
#1757=LINE('',#4392,#2159);
#1758=LINE('',#4393,#2160);
#1759=LINE('',#4395,#2161);
#1760=LINE('',#4398,#2162);
#1761=LINE('',#4399,#2163);
#1762=LINE('',#4401,#2164);
#1763=LINE('',#4404,#2165);
#1764=LINE('',#4405,#2166);
#1765=LINE('',#4407,#2167);
#1766=LINE('',#4410,#2168);
#1767=LINE('',#4411,#2169);
#1768=LINE('',#4413,#2170);
#1769=LINE('',#4416,#2171);
#1770=LINE('',#4417,#2172);
#1771=LINE('',#4419,#2173);
#1772=LINE('',#4421,#2174);
#1773=LINE('',#4423,#2175);
#1774=LINE('',#4425,#2176);
#1775=LINE('',#4427,#2177);
#1776=LINE('',#4429,#2178);
#1777=LINE('',#4431,#2179);
#1778=LINE('',#4433,#2180);
#1779=LINE('',#4435,#2181);
#1780=LINE('',#4437,#2182);
#1781=LINE('',#4439,#2183);
#1782=LINE('',#4441,#2184);
#1783=LINE('',#4443,#2185);
#1784=LINE('',#4445,#2186);
#1785=LINE('',#4447,#2187);
#1786=LINE('',#4449,#2188);
#1787=LINE('',#4451,#2189);
#1788=LINE('',#4453,#2190);
#1789=LINE('',#4455,#2191);
#1790=LINE('',#4457,#2192);
#1791=LINE('',#4459,#2193);
#1792=LINE('',#4461,#2194);
#1793=LINE('',#4463,#2195);
#1794=LINE('',#4465,#2196);
#1795=LINE('',#4467,#2197);
#1796=LINE('',#4469,#2198);
#1797=LINE('',#4471,#2199);
#1798=LINE('',#4473,#2200);
#1799=LINE('',#4475,#2201);
#1800=LINE('',#4477,#2202);
#1801=LINE('',#4479,#2203);
#1802=LINE('',#4481,#2204);
#1803=LINE('',#4483,#2205);
#1804=LINE('',#4485,#2206);
#1805=LINE('',#4487,#2207);
#1806=LINE('',#4489,#2208);
#1807=LINE('',#4491,#2209);
#1808=LINE('',#4493,#2210);
#1809=LINE('',#4495,#2211);
#1810=LINE('',#4497,#2212);
#1811=LINE('',#4499,#2213);
#1812=LINE('',#4502,#2214);
#1813=LINE('',#4504,#2215);
#1814=LINE('',#4506,#2216);
#1815=LINE('',#4508,#2217);
#1816=LINE('',#4510,#2218);
#1817=LINE('',#4512,#2219);
#1818=LINE('',#4514,#2220);
#1819=LINE('',#4516,#2221);
#1820=LINE('',#4518,#2222);
#1821=LINE('',#4520,#2223);
#1822=LINE('',#4523,#2224);
#1823=LINE('',#4525,#2225);
#1824=LINE('',#4527,#2226);
#1825=LINE('',#4529,#2227);
#1826=LINE('',#4531,#2228);
#1827=LINE('',#4533,#2229);
#1828=LINE('',#4535,#2230);
#1829=LINE('',#4537,#2231);
#1830=LINE('',#4539,#2232);
#1831=LINE('',#4541,#2233);
#1832=LINE('',#4544,#2234);
#1833=LINE('',#4546,#2235);
#1834=LINE('',#4548,#2236);
#1835=LINE('',#4550,#2237);
#1836=LINE('',#4552,#2238);
#1837=LINE('',#4554,#2239);
#1838=LINE('',#4556,#2240);
#1839=LINE('',#4558,#2241);
#1840=LINE('',#4560,#2242);
#1841=LINE('',#4562,#2243);
#1842=LINE('',#4563,#2244);
#1843=LINE('',#4565,#2245);
#1844=LINE('',#4566,#2246);
#1845=LINE('',#4568,#2247);
#1846=LINE('',#4569,#2248);
#1847=LINE('',#4571,#2249);
#1848=LINE('',#4574,#2250);
#1849=LINE('',#4576,#2251);
#1850=LINE('',#4578,#2252);
#1851=LINE('',#4579,#2253);
#1852=LINE('',#4582,#2254);
#1853=LINE('',#4584,#2255);
#1854=LINE('',#4586,#2256);
#1855=LINE('',#4588,#2257);
#1856=LINE('',#4590,#2258);
#1857=LINE('',#4592,#2259);
#1858=LINE('',#4594,#2260);
#1859=LINE('',#4596,#2261);
#1860=LINE('',#4598,#2262);
#1861=LINE('',#4600,#2263);
#1862=LINE('',#4601,#2264);
#1863=LINE('',#4603,#2265);
#1864=LINE('',#4604,#2266);
#1865=LINE('',#4606,#2267);
#1866=LINE('',#4607,#2268);
#1867=LINE('',#4612,#2269);
#1868=LINE('',#4614,#2270);
#1869=LINE('',#4616,#2271);
#1870=LINE('',#4618,#2272);
#1871=LINE('',#4620,#2273);
#1872=LINE('',#4622,#2274);
#1873=LINE('',#4624,#2275);
#1874=LINE('',#4626,#2276);
#1875=LINE('',#4629,#2277);
#1876=LINE('',#4630,#2278);
#1877=LINE('',#4631,#2279);
#1878=LINE('',#4632,#2280);
#1879=LINE('',#4634,#2281);
#1880=LINE('',#4635,#2282);
#1881=LINE('',#4636,#2283);
#1882=LINE('',#4637,#2284);
#1883=LINE('',#4639,#2285);
#1884=LINE('',#4640,#2286);
#1885=LINE('',#4641,#2287);
#1886=LINE('',#4642,#2288);
#1887=LINE('',#4656,#2289);
#1888=LINE('',#4657,#2290);
#1889=LINE('',#4661,#2291);
#1890=LINE('',#4663,#2292);
#1891=LINE('',#4666,#2293);
#1892=LINE('',#4668,#2294);
#1893=LINE('',#4671,#2295);
#1894=LINE('',#4673,#2296);
#1895=VECTOR('',#3140,39.3700787401575);
#1896=VECTOR('',#3141,39.3700787401575);
#1897=VECTOR('',#3142,39.3700787401575);
#1898=VECTOR('',#3143,39.3700787401575);
#1899=VECTOR('',#3146,39.3700787401575);
#1900=VECTOR('',#3147,39.3700787401575);
#1901=VECTOR('',#3148,39.3700787401575);
#1902=VECTOR('',#3149,39.3700787401575);
#1903=VECTOR('',#3152,39.3700787401575);
#1904=VECTOR('',#3153,39.3700787401575);
#1905=VECTOR('',#3154,39.3700787401575);
#1906=VECTOR('',#3155,39.3700787401575);
#1907=VECTOR('',#3158,39.3700787401575);
#1908=VECTOR('',#3159,39.3700787401575);
#1909=VECTOR('',#3160,39.3700787401575);
#1910=VECTOR('',#3161,39.3700787401575);
#1911=VECTOR('',#3162,39.3700787401575);
#1912=VECTOR('',#3165,39.3700787401575);
#1913=VECTOR('',#3166,39.3700787401575);
#1914=VECTOR('',#3167,39.3700787401575);
#1915=VECTOR('',#3168,39.3700787401575);
#1916=VECTOR('',#3169,39.3700787401575);
#1917=VECTOR('',#3172,39.3700787401575);
#1918=VECTOR('',#3173,39.3700787401575);
#1919=VECTOR('',#3174,39.3700787401575);
#1920=VECTOR('',#3175,39.3700787401575);
#1921=VECTOR('',#3176,39.3700787401575);
#1922=VECTOR('',#3179,39.3700787401575);
#1923=VECTOR('',#3180,39.3700787401575);
#1924=VECTOR('',#3181,39.3700787401575);
#1925=VECTOR('',#3182,39.3700787401575);
#1926=VECTOR('',#3183,39.3700787401575);
#1927=VECTOR('',#3186,39.3700787401575);
#1928=VECTOR('',#3187,39.3700787401575);
#1929=VECTOR('',#3188,39.3700787401575);
#1930=VECTOR('',#3189,39.3700787401575);
#1931=VECTOR('',#3190,39.3700787401575);
#1932=VECTOR('',#3193,39.3700787401575);
#1933=VECTOR('',#3194,39.3700787401575);
#1934=VECTOR('',#3195,39.3700787401575);
#1935=VECTOR('',#3196,39.3700787401575);
#1936=VECTOR('',#3197,39.3700787401575);
#1937=VECTOR('',#3200,39.3700787401575);
#1938=VECTOR('',#3201,39.3700787401575);
#1939=VECTOR('',#3204,39.3700787401575);
#1940=VECTOR('',#3205,39.3700787401575);
#1941=VECTOR('',#3208,39.3700787401575);
#1942=VECTOR('',#3209,39.3700787401575);
#1943=VECTOR('',#3212,39.3700787401575);
#1944=VECTOR('',#3213,39.3700787401575);
#1945=VECTOR('',#3216,39.3700787401575);
#1946=VECTOR('',#3217,39.3700787401575);
#1947=VECTOR('',#3220,39.3700787401575);
#1948=VECTOR('',#3221,39.3700787401575);
#1949=VECTOR('',#3224,39.3700787401575);
#1950=VECTOR('',#3225,39.3700787401575);
#1951=VECTOR('',#3226,39.3700787401575);
#1952=VECTOR('',#3227,39.3700787401575);
#1953=VECTOR('',#3230,39.3700787401575);
#1954=VECTOR('',#3231,39.3700787401575);
#1955=VECTOR('',#3232,39.3700787401575);
#1956=VECTOR('',#3233,39.3700787401575);
#1957=VECTOR('',#3236,39.3700787401575);
#1958=VECTOR('',#3237,39.3700787401575);
#1959=VECTOR('',#3238,39.3700787401575);
#1960=VECTOR('',#3239,39.3700787401575);
#1961=VECTOR('',#3242,39.3700787401575);
#1962=VECTOR('',#3243,39.3700787401575);
#1963=VECTOR('',#3244,39.3700787401575);
#1964=VECTOR('',#3245,39.3700787401575);
#1965=VECTOR('',#3248,39.3700787401575);
#1966=VECTOR('',#3249,39.3700787401575);
#1967=VECTOR('',#3250,39.3700787401575);
#1968=VECTOR('',#3251,39.3700787401575);
#1969=VECTOR('',#3254,39.3700787401575);
#1970=VECTOR('',#3255,39.3700787401575);
#1971=VECTOR('',#3256,39.3700787401575);
#1972=VECTOR('',#3257,39.3700787401575);
#1973=VECTOR('',#3260,39.3700787401575);
#1974=VECTOR('',#3261,39.3700787401575);
#1975=VECTOR('',#3262,39.3700787401575);
#1976=VECTOR('',#3263,39.3700787401575);
#1977=VECTOR('',#3266,39.3700787401575);
#1978=VECTOR('',#3267,39.3700787401575);
#1979=VECTOR('',#3268,39.3700787401575);
#1980=VECTOR('',#3269,39.3700787401575);
#1981=VECTOR('',#3272,39.3700787401575);
#1982=VECTOR('',#3273,39.3700787401575);
#1983=VECTOR('',#3274,39.3700787401575);
#1984=VECTOR('',#3275,39.3700787401575);
#1985=VECTOR('',#3278,39.3700787401575);
#1986=VECTOR('',#3279,39.3700787401575);
#1987=VECTOR('',#3280,39.3700787401575);
#1988=VECTOR('',#3283,39.3700787401575);
#1989=VECTOR('',#3284,39.3700787401575);
#1990=VECTOR('',#3285,39.3700787401575);
#1991=VECTOR('',#3288,39.3700787401575);
#1992=VECTOR('',#3289,39.3700787401575);
#1993=VECTOR('',#3290,39.3700787401575);
#1994=VECTOR('',#3293,39.3700787401575);
#1995=VECTOR('',#3294,39.3700787401575);
#1996=VECTOR('',#3295,39.3700787401575);
#1997=VECTOR('',#3298,39.3700787401575);
#1998=VECTOR('',#3299,39.3700787401575);
#1999=VECTOR('',#3300,39.3700787401575);
#2000=VECTOR('',#3303,39.3700787401575);
#2001=VECTOR('',#3304,39.3700787401575);
#2002=VECTOR('',#3305,39.3700787401575);
#2003=VECTOR('',#3308,39.3700787401575);
#2004=VECTOR('',#3311,39.3700787401575);
#2005=VECTOR('',#3314,39.3700787401575);
#2006=VECTOR('',#3317,39.3700787401575);
#2007=VECTOR('',#3320,39.3700787401575);
#2008=VECTOR('',#3323,39.3700787401575);
#2009=VECTOR('',#3326,39.3700787401575);
#2010=VECTOR('',#3327,39.3700787401575);
#2011=VECTOR('',#3328,39.3700787401575);
#2012=VECTOR('',#3329,39.3700787401575);
#2013=VECTOR('',#3332,39.3700787401575);
#2014=VECTOR('',#3333,39.3700787401575);
#2015=VECTOR('',#3334,39.3700787401575);
#2016=VECTOR('',#3337,39.3700787401575);
#2017=VECTOR('',#3338,39.3700787401575);
#2018=VECTOR('',#3339,39.3700787401575);
#2019=VECTOR('',#3342,39.3700787401575);
#2020=VECTOR('',#3343,39.3700787401575);
#2021=VECTOR('',#3376,39.3700787401575);
#2022=VECTOR('',#3377,39.3700787401575);
#2023=VECTOR('',#3378,39.3700787401575);
#2024=VECTOR('',#3379,39.3700787401575);
#2025=VECTOR('',#3380,39.3700787401575);
#2026=VECTOR('',#3381,39.3700787401575);
#2027=VECTOR('',#3384,39.3700787401575);
#2028=VECTOR('',#3385,39.3700787401575);
#2029=VECTOR('',#3386,39.3700787401575);
#2030=VECTOR('',#3387,39.3700787401575);
#2031=VECTOR('',#3388,39.3700787401575);
#2032=VECTOR('',#3391,39.3700787401575);
#2033=VECTOR('',#3392,39.3700787401575);
#2034=VECTOR('',#3393,39.3700787401575);
#2035=VECTOR('',#3394,39.3700787401575);
#2036=VECTOR('',#3395,39.3700787401575);
#2037=VECTOR('',#3396,39.3700787401575);
#2038=VECTOR('',#3399,39.3700787401575);
#2039=VECTOR('',#3400,39.3700787401575);
#2040=VECTOR('',#3401,39.3700787401575);
#2041=VECTOR('',#3402,39.3700787401575);
#2042=VECTOR('',#3403,39.3700787401575);
#2043=VECTOR('',#3406,39.3700787401575);
#2044=VECTOR('',#3407,39.3700787401575);
#2045=VECTOR('',#3408,39.3700787401575);
#2046=VECTOR('',#3409,39.3700787401575);
#2047=VECTOR('',#3410,39.3700787401575);
#2048=VECTOR('',#3411,39.3700787401575);
#2049=VECTOR('',#3412,39.3700787401575);
#2050=VECTOR('',#3413,39.3700787401575);
#2051=VECTOR('',#3416,39.3700787401575);
#2052=VECTOR('',#3417,39.3700787401575);
#2053=VECTOR('',#3418,39.3700787401575);
#2054=VECTOR('',#3419,39.3700787401575);
#2055=VECTOR('',#3420,39.3700787401575);
#2056=VECTOR('',#3421,39.3700787401575);
#2057=VECTOR('',#3422,39.3700787401575);
#2058=VECTOR('',#3425,39.3700787401575);
#2059=VECTOR('',#3426,39.3700787401575);
#2060=VECTOR('',#3427,39.3700787401575);
#2061=VECTOR('',#3428,39.3700787401575);
#2062=VECTOR('',#3429,39.3700787401575);
#2063=VECTOR('',#3430,39.3700787401575);
#2064=VECTOR('',#3431,39.3700787401575);
#2065=VECTOR('',#3432,39.3700787401575);
#2066=VECTOR('',#3435,39.3700787401575);
#2067=VECTOR('',#3436,39.3700787401575);
#2068=VECTOR('',#3437,39.3700787401575);
#2069=VECTOR('',#3438,39.3700787401575);
#2070=VECTOR('',#3439,39.3700787401575);
#2071=VECTOR('',#3440,39.3700787401575);
#2072=VECTOR('',#3441,39.3700787401575);
#2073=VECTOR('',#3444,39.3700787401575);
#2074=VECTOR('',#3445,39.3700787401575);
#2075=VECTOR('',#3446,39.3700787401575);
#2076=VECTOR('',#3447,39.3700787401575);
#2077=VECTOR('',#3448,39.3700787401575);
#2078=VECTOR('',#3449,39.3700787401575);
#2079=VECTOR('',#3450,39.3700787401575);
#2080=VECTOR('',#3451,39.3700787401575);
#2081=VECTOR('',#3452,39.3700787401575);
#2082=VECTOR('',#3453,39.3700787401575);
#2083=VECTOR('',#3454,39.3700787401575);
#2084=VECTOR('',#3457,39.3700787401575);
#2085=VECTOR('',#3458,39.3700787401575);
#2086=VECTOR('',#3459,39.3700787401575);
#2087=VECTOR('',#3460,39.3700787401575);
#2088=VECTOR('',#3461,39.3700787401575);
#2089=VECTOR('',#3462,39.3700787401575);
#2090=VECTOR('',#3463,39.3700787401575);
#2091=VECTOR('',#3464,39.3700787401575);
#2092=VECTOR('',#3465,39.3700787401575);
#2093=VECTOR('',#3466,39.3700787401575);
#2094=VECTOR('',#3467,39.3700787401575);
#2095=VECTOR('',#3470,39.3700787401575);
#2096=VECTOR('',#3471,39.3700787401575);
#2097=VECTOR('',#3472,39.3700787401575);
#2098=VECTOR('',#3473,39.3700787401575);
#2099=VECTOR('',#3474,39.3700787401575);
#2100=VECTOR('',#3475,39.3700787401575);
#2101=VECTOR('',#3476,39.3700787401575);
#2102=VECTOR('',#3477,39.3700787401575);
#2103=VECTOR('',#3478,39.3700787401575);
#2104=VECTOR('',#3479,39.3700787401575);
#2105=VECTOR('',#3482,39.3700787401575);
#2106=VECTOR('',#3483,39.3700787401575);
#2107=VECTOR('',#3484,39.3700787401575);
#2108=VECTOR('',#3485,39.3700787401575);
#2109=VECTOR('',#3486,39.3700787401575);
#2110=VECTOR('',#3487,39.3700787401575);
#2111=VECTOR('',#3488,39.3700787401575);
#2112=VECTOR('',#3489,39.3700787401575);
#2113=VECTOR('',#3490,39.3700787401575);
#2114=VECTOR('',#3491,39.3700787401575);
#2115=VECTOR('',#3492,39.3700787401575);
#2116=VECTOR('',#3495,39.3700787401575);
#2117=VECTOR('',#3496,39.3700787401575);
#2118=VECTOR('',#3497,39.3700787401575);
#2119=VECTOR('',#3498,39.3700787401575);
#2120=VECTOR('',#3499,39.3700787401575);
#2121=VECTOR('',#3500,39.3700787401575);
#2122=VECTOR('',#3501,39.3700787401575);
#2123=VECTOR('',#3502,39.3700787401575);
#2124=VECTOR('',#3503,39.3700787401575);
#2125=VECTOR('',#3504,39.3700787401575);
#2126=VECTOR('',#3507,39.3700787401575);
#2127=VECTOR('',#3508,39.3700787401575);
#2128=VECTOR('',#3509,39.3700787401575);
#2129=VECTOR('',#3510,39.3700787401575);
#2130=VECTOR('',#3511,39.3700787401575);
#2131=VECTOR('',#3512,39.3700787401575);
#2132=VECTOR('',#3513,39.3700787401575);
#2133=VECTOR('',#3514,39.3700787401575);
#2134=VECTOR('',#3515,39.3700787401575);
#2135=VECTOR('',#3516,39.3700787401575);
#2136=VECTOR('',#3517,39.3700787401575);
#2137=VECTOR('',#3520,39.3700787401575);
#2138=VECTOR('',#3521,39.3700787401575);
#2139=VECTOR('',#3522,39.3700787401575);
#2140=VECTOR('',#3525,39.3700787401575);
#2141=VECTOR('',#3526,39.3700787401575);
#2142=VECTOR('',#3527,39.3700787401575);
#2143=VECTOR('',#3530,39.3700787401575);
#2144=VECTOR('',#3531,39.3700787401575);
#2145=VECTOR('',#3532,39.3700787401575);
#2146=VECTOR('',#3535,39.3700787401575);
#2147=VECTOR('',#3536,39.3700787401575);
#2148=VECTOR('',#3537,39.3700787401575);
#2149=VECTOR('',#3540,39.3700787401575);
#2150=VECTOR('',#3541,39.3700787401575);
#2151=VECTOR('',#3542,39.3700787401575);
#2152=VECTOR('',#3545,39.3700787401575);
#2153=VECTOR('',#3546,39.3700787401575);
#2154=VECTOR('',#3547,39.3700787401575);
#2155=VECTOR('',#3550,39.3700787401575);
#2156=VECTOR('',#3551,39.3700787401575);
#2157=VECTOR('',#3552,39.3700787401575);
#2158=VECTOR('',#3555,39.3700787401575);
#2159=VECTOR('',#3556,39.3700787401575);
#2160=VECTOR('',#3557,39.3700787401575);
#2161=VECTOR('',#3560,39.3700787401575);
#2162=VECTOR('',#3561,39.3700787401575);
#2163=VECTOR('',#3562,39.3700787401575);
#2164=VECTOR('',#3565,39.3700787401575);
#2165=VECTOR('',#3566,39.3700787401575);
#2166=VECTOR('',#3567,39.3700787401575);
#2167=VECTOR('',#3570,39.3700787401575);
#2168=VECTOR('',#3571,39.3700787401575);
#2169=VECTOR('',#3572,39.3700787401575);
#2170=VECTOR('',#3575,39.3700787401575);
#2171=VECTOR('',#3576,39.3700787401575);
#2172=VECTOR('',#3577,39.3700787401575);
#2173=VECTOR('',#3580,39.3700787401575);
#2174=VECTOR('',#3583,39.3700787401575);
#2175=VECTOR('',#3586,39.3700787401575);
#2176=VECTOR('',#3589,39.3700787401575);
#2177=VECTOR('',#3592,39.3700787401575);
#2178=VECTOR('',#3595,39.3700787401575);
#2179=VECTOR('',#3598,39.3700787401575);
#2180=VECTOR('',#3601,39.3700787401575);
#2181=VECTOR('',#3604,39.3700787401575);
#2182=VECTOR('',#3605,39.3700787401575);
#2183=VECTOR('',#3608,39.3700787401575);
#2184=VECTOR('',#3609,39.3700787401575);
#2185=VECTOR('',#3612,39.3700787401575);
#2186=VECTOR('',#3613,39.3700787401575);
#2187=VECTOR('',#3616,39.3700787401575);
#2188=VECTOR('',#3617,39.3700787401575);
#2189=VECTOR('',#3620,39.3700787401575);
#2190=VECTOR('',#3621,39.3700787401575);
#2191=VECTOR('',#3624,39.3700787401575);
#2192=VECTOR('',#3625,39.3700787401575);
#2193=VECTOR('',#3628,39.3700787401575);
#2194=VECTOR('',#3629,39.3700787401575);
#2195=VECTOR('',#3632,39.3700787401575);
#2196=VECTOR('',#3633,39.3700787401575);
#2197=VECTOR('',#3636,39.3700787401575);
#2198=VECTOR('',#3637,39.3700787401575);
#2199=VECTOR('',#3640,39.3700787401575);
#2200=VECTOR('',#3641,39.3700787401575);
#2201=VECTOR('',#3644,39.3700787401575);
#2202=VECTOR('',#3645,39.3700787401575);
#2203=VECTOR('',#3648,39.3700787401575);
#2204=VECTOR('',#3649,39.3700787401575);
#2205=VECTOR('',#3652,39.3700787401575);
#2206=VECTOR('',#3653,39.3700787401575);
#2207=VECTOR('',#3656,39.3700787401575);
#2208=VECTOR('',#3657,39.3700787401575);
#2209=VECTOR('',#3660,39.3700787401575);
#2210=VECTOR('',#3661,39.3700787401575);
#2211=VECTOR('',#3664,39.3700787401575);
#2212=VECTOR('',#3665,39.3700787401575);
#2213=VECTOR('',#3668,39.3700787401575);
#2214=VECTOR('',#3669,39.3700787401575);
#2215=VECTOR('',#3670,39.3700787401575);
#2216=VECTOR('',#3671,39.3700787401575);
#2217=VECTOR('',#3674,39.3700787401575);
#2218=VECTOR('',#3675,39.3700787401575);
#2219=VECTOR('',#3676,39.3700787401575);
#2220=VECTOR('',#3679,39.3700787401575);
#2221=VECTOR('',#3680,39.3700787401575);
#2222=VECTOR('',#3681,39.3700787401575);
#2223=VECTOR('',#3684,39.3700787401575);
#2224=VECTOR('',#3685,39.3700787401575);
#2225=VECTOR('',#3686,39.3700787401575);
#2226=VECTOR('',#3687,39.3700787401575);
#2227=VECTOR('',#3690,39.3700787401575);
#2228=VECTOR('',#3691,39.3700787401575);
#2229=VECTOR('',#3692,39.3700787401575);
#2230=VECTOR('',#3695,39.3700787401575);
#2231=VECTOR('',#3696,39.3700787401575);
#2232=VECTOR('',#3697,39.3700787401575);
#2233=VECTOR('',#3700,39.3700787401575);
#2234=VECTOR('',#3701,39.3700787401575);
#2235=VECTOR('',#3702,39.3700787401575);
#2236=VECTOR('',#3703,39.3700787401575);
#2237=VECTOR('',#3706,39.3700787401575);
#2238=VECTOR('',#3707,39.3700787401575);
#2239=VECTOR('',#3708,39.3700787401575);
#2240=VECTOR('',#3711,39.3700787401575);
#2241=VECTOR('',#3712,39.3700787401575);
#2242=VECTOR('',#3713,39.3700787401575);
#2243=VECTOR('',#3716,39.3700787401575);
#2244=VECTOR('',#3717,39.3700787401575);
#2245=VECTOR('',#3720,39.3700787401575);
#2246=VECTOR('',#3721,39.3700787401575);
#2247=VECTOR('',#3724,39.3700787401575);
#2248=VECTOR('',#3725,39.3700787401575);
#2249=VECTOR('',#3728,39.3700787401575);
#2250=VECTOR('',#3729,39.3700787401575);
#2251=VECTOR('',#3730,39.3700787401575);
#2252=VECTOR('',#3731,39.3700787401575);
#2253=VECTOR('',#3732,39.3700787401575);
#2254=VECTOR('',#3733,39.3700787401575);
#2255=VECTOR('',#3734,39.3700787401575);
#2256=VECTOR('',#3735,39.3700787401575);
#2257=VECTOR('',#3738,39.3700787401575);
#2258=VECTOR('',#3739,39.3700787401575);
#2259=VECTOR('',#3740,39.3700787401575);
#2260=VECTOR('',#3743,39.3700787401575);
#2261=VECTOR('',#3744,39.3700787401575);
#2262=VECTOR('',#3745,39.3700787401575);
#2263=VECTOR('',#3748,39.3700787401575);
#2264=VECTOR('',#3749,39.3700787401575);
#2265=VECTOR('',#3752,39.3700787401575);
#2266=VECTOR('',#3753,39.3700787401575);
#2267=VECTOR('',#3756,39.3700787401575);
#2268=VECTOR('',#3757,39.3700787401575);
#2269=VECTOR('',#3766,39.3700787401575);
#2270=VECTOR('',#3767,39.3700787401575);
#2271=VECTOR('',#3768,39.3700787401575);
#2272=VECTOR('',#3771,39.3700787401575);
#2273=VECTOR('',#3772,39.3700787401575);
#2274=VECTOR('',#3775,39.3700787401575);
#2275=VECTOR('',#3776,39.3700787401575);
#2276=VECTOR('',#3779,39.3700787401575);
#2277=VECTOR('',#3784,39.3700787401575);
#2278=VECTOR('',#3785,39.3700787401575);
#2279=VECTOR('',#3786,39.3700787401575);
#2280=VECTOR('',#3787,39.3700787401575);
#2281=VECTOR('',#3790,39.3700787401575);
#2282=VECTOR('',#3791,39.3700787401575);
#2283=VECTOR('',#3792,39.3700787401575);
#2284=VECTOR('',#3793,39.3700787401575);
#2285=VECTOR('',#3796,39.3700787401575);
#2286=VECTOR('',#3797,39.3700787401575);
#2287=VECTOR('',#3798,39.3700787401575);
#2288=VECTOR('',#3799,39.3700787401575);
#2289=VECTOR('',#3826,39.3700787401575);
#2290=VECTOR('',#3827,39.3700787401575);
#2291=VECTOR('',#3834,39.3700787401575);
#2292=VECTOR('',#3837,39.3700787401575);
#2293=VECTOR('',#3842,39.3700787401575);
#2294=VECTOR('',#3845,39.3700787401575);
#2295=VECTOR('',#3850,39.3700787401575);
#2296=VECTOR('',#3853,39.3700787401575);
#2297=EDGE_LOOP('',(#31,#32,#33,#34));
#2298=EDGE_LOOP('',(#35,#36,#37,#38));
#2299=EDGE_LOOP('',(#39,#40,#41,#42));
#2300=EDGE_LOOP('',(#43,#44,#45,#46,#47,#48));
#2301=EDGE_LOOP('',(#49,#50,#51,#52,#53,#54));
#2302=EDGE_LOOP('',(#55,#56,#57,#58,#59,#60));
#2303=EDGE_LOOP('',(#61,#62,#63,#64,#65,#66));
#2304=EDGE_LOOP('',(#67,#68,#69,#70,#71,#72));
#2305=EDGE_LOOP('',(#73,#74,#75,#76,#77,#78));
#2306=EDGE_LOOP('',(#79,#80,#81,#82));
#2307=EDGE_LOOP('',(#83,#84,#85,#86));
#2308=EDGE_LOOP('',(#87,#88,#89,#90));
#2309=EDGE_LOOP('',(#91,#92,#93,#94));
#2310=EDGE_LOOP('',(#95,#96,#97,#98));
#2311=EDGE_LOOP('',(#99,#100,#101,#102));
#2312=EDGE_LOOP('',(#103,#104,#105,#106));
#2313=EDGE_LOOP('',(#107,#108,#109,#110));
#2314=EDGE_LOOP('',(#111,#112,#113,#114));
#2315=EDGE_LOOP('',(#115,#116,#117,#118));
#2316=EDGE_LOOP('',(#119,#120,#121,#122));
#2317=EDGE_LOOP('',(#123,#124,#125,#126));
#2318=EDGE_LOOP('',(#127,#128,#129,#130));
#2319=EDGE_LOOP('',(#131,#132,#133,#134));
#2320=EDGE_LOOP('',(#135,#136,#137,#138));
#2321=EDGE_LOOP('',(#139,#140,#141,#142));
#2322=EDGE_LOOP('',(#143,#144,#145,#146));
#2323=EDGE_LOOP('',(#147,#148,#149,#150));
#2324=EDGE_LOOP('',(#151,#152,#153,#154));
#2325=EDGE_LOOP('',(#155,#156,#157,#158));
#2326=EDGE_LOOP('',(#159,#160,#161,#162));
#2327=EDGE_LOOP('',(#163,#164,#165,#166));
#2328=EDGE_LOOP('',(#167,#168,#169,#170));
#2329=EDGE_LOOP('',(#171,#172,#173,#174));
#2330=EDGE_LOOP('',(#175,#176,#177,#178));
#2331=EDGE_LOOP('',(#179,#180,#181,#182));
#2332=EDGE_LOOP('',(#183,#184,#185,#186));
#2333=EDGE_LOOP('',(#187,#188,#189,#190));
#2334=EDGE_LOOP('',(#191,#192,#193,#194));
#2335=EDGE_LOOP('',(#195,#196,#197,#198));
#2336=EDGE_LOOP('',(#199,#200,#201,#202));
#2337=EDGE_LOOP('',(#203,#204,#205,#206));
#2338=EDGE_LOOP('',(#207,#208,#209,#210));
#2339=EDGE_LOOP('',(#211,#212,#213,#214));
#2340=EDGE_LOOP('',(#215,#216,#217,#218));
#2341=EDGE_LOOP('',(#219,#220,#221,#222));
#2342=EDGE_LOOP('',(#223,#224,#225,#226));
#2343=EDGE_LOOP('',(#227,#228,#229,#230));
#2344=EDGE_LOOP('',(#231,#232,#233,#234));
#2345=EDGE_LOOP('',(#235,#236,#237,#238));
#2346=EDGE_LOOP('',(#239,#240,#241,#242));
#2347=EDGE_LOOP('',(#243,#244,#245,#246));
#2348=EDGE_LOOP('',(#247,#248,#249,#250));
#2349=EDGE_LOOP('',(#251,#252,#253,#254));
#2350=EDGE_LOOP('',(#255,#256,#257,#258));
#2351=EDGE_LOOP('',(#259,#260,#261,#262));
#2352=EDGE_LOOP('',(#263,#264,#265,#266));
#2353=EDGE_LOOP('',(#267,#268,#269,#270));
#2354=EDGE_LOOP('',(#271,#272,#273,#274));
#2355=EDGE_LOOP('',(#275,#276,#277,#278));
#2356=EDGE_LOOP('',(#279,#280,#281,#282));
#2357=EDGE_LOOP('',(#283,#284,#285,#286,#287,#288));
#2358=EDGE_LOOP('',(#289,#290,#291,#292,#293,#294));
#2359=EDGE_LOOP('',(#295,#296,#297,#298,#299,#300));
#2360=EDGE_LOOP('',(#301,#302,#303,#304,#305,#306));
#2361=EDGE_LOOP('',(#307,#308,#309,#310,#311,#312,#313,#314));
#2362=EDGE_LOOP('',(#315,#316,#317,#318,#319,#320,#321,#322));
#2363=EDGE_LOOP('',(#323,#324,#325,#326,#327,#328,#329,#330));
#2364=EDGE_LOOP('',(#331,#332,#333,#334,#335,#336,#337,#338));
#2365=EDGE_LOOP('',(#339,#340,#341,#342,#343,#344,#345,#346,#347,#348,#349));
#2366=EDGE_LOOP('',(#350,#351,#352,#353,#354,#355,#356,#357,#358,#359,#360));
#2367=EDGE_LOOP('',(#361,#362,#363,#364,#365,#366,#367,#368,#369,#370));
#2368=EDGE_LOOP('',(#371,#372,#373,#374,#375,#376,#377,#378,#379,#380,#381));
#2369=EDGE_LOOP('',(#382,#383,#384,#385,#386,#387,#388,#389,#390,#391));
#2370=EDGE_LOOP('',(#392,#393,#394,#395,#396,#397,#398,#399,#400,#401,#402));
#2371=EDGE_LOOP('',(#403,#404,#405,#406));
#2372=EDGE_LOOP('',(#407,#408,#409,#410));
#2373=EDGE_LOOP('',(#411,#412,#413,#414));
#2374=EDGE_LOOP('',(#415,#416,#417,#418));
#2375=EDGE_LOOP('',(#419,#420,#421,#422));
#2376=EDGE_LOOP('',(#423,#424,#425,#426));
#2377=EDGE_LOOP('',(#427,#428,#429,#430));
#2378=EDGE_LOOP('',(#431,#432,#433,#434));
#2379=EDGE_LOOP('',(#435,#436,#437,#438));
#2380=EDGE_LOOP('',(#439,#440,#441,#442));
#2381=EDGE_LOOP('',(#443,#444,#445,#446));
#2382=EDGE_LOOP('',(#447,#448,#449,#450));
#2383=EDGE_LOOP('',(#451,#452,#453,#454));
#2384=EDGE_LOOP('',(#455,#456,#457,#458));
#2385=EDGE_LOOP('',(#459,#460,#461,#462));
#2386=EDGE_LOOP('',(#463,#464,#465,#466));
#2387=EDGE_LOOP('',(#467,#468,#469,#470));
#2388=EDGE_LOOP('',(#471,#472,#473,#474));
#2389=EDGE_LOOP('',(#475,#476,#477,#478));
#2390=EDGE_LOOP('',(#479,#480,#481,#482));
#2391=EDGE_LOOP('',(#483,#484,#485,#486));
#2392=EDGE_LOOP('',(#487,#488,#489,#490));
#2393=EDGE_LOOP('',(#491,#492,#493,#494));
#2394=EDGE_LOOP('',(#495,#496,#497,#498));
#2395=EDGE_LOOP('',(#499,#500,#501,#502));
#2396=EDGE_LOOP('',(#503,#504,#505,#506));
#2397=EDGE_LOOP('',(#507,#508,#509,#510));
#2398=EDGE_LOOP('',(#511,#512,#513,#514));
#2399=EDGE_LOOP('',(#515,#516,#517,#518));
#2400=EDGE_LOOP('',(#519,#520,#521,#522));
#2401=EDGE_LOOP('',(#523,#524,#525,#526));
#2402=EDGE_LOOP('',(#527,#528,#529,#530));
#2403=EDGE_LOOP('',(#531,#532,#533,#534));
#2404=EDGE_LOOP('',(#535,#536,#537,#538));
#2405=EDGE_LOOP('',(#539,#540,#541,#542));
#2406=EDGE_LOOP('',(#543,#544,#545,#546));
#2407=EDGE_LOOP('',(#547,#548,#549,#550));
#2408=EDGE_LOOP('',(#551,#552,#553,#554));
#2409=EDGE_LOOP('',(#555,#556,#557,#558));
#2410=EDGE_LOOP('',(#559,#560,#561,#562));
#2411=EDGE_LOOP('',(#563,#564,#565,#566));
#2412=EDGE_LOOP('',(#567,#568,#569,#570));
#2413=EDGE_LOOP('',(#571,#572,#573,#574));
#2414=EDGE_LOOP('',(#575,#576,#577,#578));
#2415=EDGE_LOOP('',(#579,#580,#581,#582));
#2416=EDGE_LOOP('',(#583,#584,#585,#586));
#2417=EDGE_LOOP('',(#587,#588,#589,#590));
#2418=EDGE_LOOP('',(#591,#592,#593,#594));
#2419=EDGE_LOOP('',(#595,#596,#597,#598));
#2420=EDGE_LOOP('',(#599,#600,#601,#602));
#2421=EDGE_LOOP('',(#603,#604,#605,#606));
#2422=EDGE_LOOP('',(#607,#608,#609,#610));
#2423=EDGE_LOOP('',(#611,#612,#613,#614));
#2424=EDGE_LOOP('',(#615,#616,#617,#618));
#2425=EDGE_LOOP('',(#619,#620,#621,#622));
#2426=EDGE_LOOP('',(#623,#624,#625,#626));
#2427=EDGE_LOOP('',(#627,#628,#629,#630,#631,#632,#633,#634));
#2428=EDGE_LOOP('',(#635,#636,#637,#638));
#2429=EDGE_LOOP('',(#639,#640,#641,#642));
#2430=EDGE_LOOP('',(#643,#644,#645,#646));
#2431=EDGE_LOOP('',(#647,#648,#649,#650));
#2432=EDGE_LOOP('',(#651,#652,#653,#654));
#2433=EDGE_LOOP('',(#655,#656,#657,#658));
#2434=EDGE_LOOP('',(#659,#660,#661,#662));
#2435=EDGE_LOOP('',(#663,#664,#665,#666));
#2436=EDGE_LOOP('',(#667,#668,#669,#670));
#2437=EDGE_LOOP('',(#671,#672,#673,#674,#675,#676,#677,#678,#679,#680,#681,
#682,#683,#684,#685,#686,#687,#688,#689,#690));
#2438=EDGE_LOOP('',(#691,#692,#693,#694));
#2439=EDGE_LOOP('',(#695,#696,#697,#698,#699,#700,#701,#702,#703,#704,#705,
#706,#707,#708,#709,#710));
#2440=EDGE_LOOP('',(#711,#712,#713,#714));
#2441=EDGE_LOOP('',(#715,#716,#717,#718,#719,#720,#721,#722,#723,#724,#725,
#726));
#2442=EDGE_LOOP('',(#727,#728,#729,#730));
#2443=EDGE_LOOP('',(#731,#732,#733,#734));
#2444=EDGE_LOOP('',(#735,#736,#737,#738));
#2445=EDGE_LOOP('',(#739,#740,#741,#742));
#2446=EDGE_LOOP('',(#743,#744,#745,#746));
#2447=EDGE_LOOP('',(#747,#748,#749,#750));
#2448=EDGE_LOOP('',(#751,#752,#753,#754));
#2449=EDGE_LOOP('',(#755,#756,#757,#758));
#2450=EDGE_LOOP('',(#759,#760,#761,#762));
#2451=EDGE_LOOP('',(#763,#764,#765,#766));
#2452=EDGE_LOOP('',(#767,#768,#769,#770));
#2453=EDGE_LOOP('',(#771,#772,#773,#774));
#2454=EDGE_LOOP('',(#775,#776,#777,#778));
#2455=EDGE_LOOP('',(#779,#780,#781,#782,#783,#784));
#2456=EDGE_LOOP('',(#785,#786,#787,#788));
#2457=EDGE_LOOP('',(#789,#790,#791,#792));
#2458=EDGE_LOOP('',(#793,#794,#795,#796));
#2459=EDGE_LOOP('',(#797,#798,#799,#800,#801,#802));
#2460=EDGE_LOOP('',(#803,#804,#805,#806));
#2461=EDGE_LOOP('',(#807,#808,#809,#810));
#2462=EDGE_LOOP('',(#811,#812,#813,#814));
#2463=EDGE_LOOP('',(#815,#816,#817,#818,#819,#820));
#2464=EDGE_LOOP('',(#821,#822,#823,#824));
#2465=EDGE_LOOP('',(#825,#826,#827,#828,#829,#830));
#2466=EDGE_LOOP('',(#831,#832,#833,#834));
#2467=FACE_BOUND('',#2297,.T.);
#2468=FACE_BOUND('',#2298,.T.);
#2469=FACE_BOUND('',#2299,.T.);
#2470=FACE_BOUND('',#2300,.T.);
#2471=FACE_BOUND('',#2301,.T.);
#2472=FACE_BOUND('',#2302,.T.);
#2473=FACE_BOUND('',#2303,.T.);
#2474=FACE_BOUND('',#2304,.T.);
#2475=FACE_BOUND('',#2305,.T.);
#2476=FACE_BOUND('',#2306,.T.);
#2477=FACE_BOUND('',#2307,.T.);
#2478=FACE_BOUND('',#2308,.T.);
#2479=FACE_BOUND('',#2309,.T.);
#2480=FACE_BOUND('',#2310,.T.);
#2481=FACE_BOUND('',#2311,.T.);
#2482=FACE_BOUND('',#2312,.T.);
#2483=FACE_BOUND('',#2313,.T.);
#2484=FACE_BOUND('',#2314,.T.);
#2485=FACE_BOUND('',#2315,.T.);
#2486=FACE_BOUND('',#2316,.T.);
#2487=FACE_BOUND('',#2317,.T.);
#2488=FACE_BOUND('',#2318,.T.);
#2489=FACE_BOUND('',#2319,.T.);
#2490=FACE_BOUND('',#2320,.T.);
#2491=FACE_BOUND('',#2321,.T.);
#2492=FACE_BOUND('',#2322,.T.);
#2493=FACE_BOUND('',#2323,.T.);
#2494=FACE_BOUND('',#2324,.T.);
#2495=FACE_BOUND('',#2325,.T.);
#2496=FACE_BOUND('',#2326,.T.);
#2497=FACE_BOUND('',#2327,.T.);
#2498=FACE_BOUND('',#2328,.T.);
#2499=FACE_BOUND('',#2329,.T.);
#2500=FACE_BOUND('',#2330,.T.);
#2501=FACE_BOUND('',#2331,.T.);
#2502=FACE_BOUND('',#2332,.T.);
#2503=FACE_BOUND('',#2333,.T.);
#2504=FACE_BOUND('',#2334,.T.);
#2505=FACE_BOUND('',#2335,.T.);
#2506=FACE_BOUND('',#2336,.T.);
#2507=FACE_BOUND('',#2337,.T.);
#2508=FACE_BOUND('',#2338,.T.);
#2509=FACE_BOUND('',#2339,.T.);
#2510=FACE_BOUND('',#2340,.T.);
#2511=FACE_BOUND('',#2341,.T.);
#2512=FACE_BOUND('',#2342,.T.);
#2513=FACE_BOUND('',#2343,.T.);
#2514=FACE_BOUND('',#2344,.T.);
#2515=FACE_BOUND('',#2345,.T.);
#2516=FACE_BOUND('',#2346,.T.);
#2517=FACE_BOUND('',#2347,.T.);
#2518=FACE_BOUND('',#2348,.T.);
#2519=FACE_BOUND('',#2349,.T.);
#2520=FACE_BOUND('',#2350,.T.);
#2521=FACE_BOUND('',#2351,.T.);
#2522=FACE_BOUND('',#2352,.T.);
#2523=FACE_BOUND('',#2353,.T.);
#2524=FACE_BOUND('',#2354,.T.);
#2525=FACE_BOUND('',#2355,.T.);
#2526=FACE_BOUND('',#2356,.T.);
#2527=FACE_BOUND('',#2357,.T.);
#2528=FACE_BOUND('',#2358,.T.);
#2529=FACE_BOUND('',#2359,.T.);
#2530=FACE_BOUND('',#2360,.T.);
#2531=FACE_BOUND('',#2361,.T.);
#2532=FACE_BOUND('',#2362,.T.);
#2533=FACE_BOUND('',#2363,.T.);
#2534=FACE_BOUND('',#2364,.T.);
#2535=FACE_BOUND('',#2365,.T.);
#2536=FACE_BOUND('',#2366,.T.);
#2537=FACE_BOUND('',#2367,.T.);
#2538=FACE_BOUND('',#2368,.T.);
#2539=FACE_BOUND('',#2369,.T.);
#2540=FACE_BOUND('',#2370,.T.);
#2541=FACE_BOUND('',#2371,.T.);
#2542=FACE_BOUND('',#2372,.T.);
#2543=FACE_BOUND('',#2373,.T.);
#2544=FACE_BOUND('',#2374,.T.);
#2545=FACE_BOUND('',#2375,.T.);
#2546=FACE_BOUND('',#2376,.T.);
#2547=FACE_BOUND('',#2377,.T.);
#2548=FACE_BOUND('',#2378,.T.);
#2549=FACE_BOUND('',#2379,.T.);
#2550=FACE_BOUND('',#2380,.T.);
#2551=FACE_BOUND('',#2381,.T.);
#2552=FACE_BOUND('',#2382,.T.);
#2553=FACE_BOUND('',#2383,.T.);
#2554=FACE_BOUND('',#2384,.T.);
#2555=FACE_BOUND('',#2385,.T.);
#2556=FACE_BOUND('',#2386,.T.);
#2557=FACE_BOUND('',#2387,.T.);
#2558=FACE_BOUND('',#2388,.T.);
#2559=FACE_BOUND('',#2389,.T.);
#2560=FACE_BOUND('',#2390,.T.);
#2561=FACE_BOUND('',#2391,.T.);
#2562=FACE_BOUND('',#2392,.T.);
#2563=FACE_BOUND('',#2393,.T.);
#2564=FACE_BOUND('',#2394,.T.);
#2565=FACE_BOUND('',#2395,.T.);
#2566=FACE_BOUND('',#2396,.T.);
#2567=FACE_BOUND('',#2397,.T.);
#2568=FACE_BOUND('',#2398,.T.);
#2569=FACE_BOUND('',#2399,.T.);
#2570=FACE_BOUND('',#2400,.T.);
#2571=FACE_BOUND('',#2401,.T.);
#2572=FACE_BOUND('',#2402,.T.);
#2573=FACE_BOUND('',#2403,.T.);
#2574=FACE_BOUND('',#2404,.T.);
#2575=FACE_BOUND('',#2405,.T.);
#2576=FACE_BOUND('',#2406,.T.);
#2577=FACE_BOUND('',#2407,.T.);
#2578=FACE_BOUND('',#2408,.T.);
#2579=FACE_BOUND('',#2409,.T.);
#2580=FACE_BOUND('',#2410,.T.);
#2581=FACE_BOUND('',#2411,.T.);
#2582=FACE_BOUND('',#2412,.T.);
#2583=FACE_BOUND('',#2413,.T.);
#2584=FACE_BOUND('',#2414,.T.);
#2585=FACE_BOUND('',#2415,.T.);
#2586=FACE_BOUND('',#2416,.T.);
#2587=FACE_BOUND('',#2417,.T.);
#2588=FACE_BOUND('',#2418,.T.);
#2589=FACE_BOUND('',#2419,.T.);
#2590=FACE_BOUND('',#2420,.T.);
#2591=FACE_BOUND('',#2421,.T.);
#2592=FACE_BOUND('',#2422,.T.);
#2593=FACE_BOUND('',#2423,.T.);
#2594=FACE_BOUND('',#2424,.T.);
#2595=FACE_BOUND('',#2425,.T.);
#2596=FACE_BOUND('',#2426,.T.);
#2597=FACE_BOUND('',#2427,.T.);
#2598=FACE_BOUND('',#2428,.T.);
#2599=FACE_BOUND('',#2429,.T.);
#2600=FACE_BOUND('',#2430,.T.);
#2601=FACE_BOUND('',#2431,.T.);
#2602=FACE_BOUND('',#2432,.T.);
#2603=FACE_BOUND('',#2433,.T.);
#2604=FACE_BOUND('',#2434,.T.);
#2605=FACE_BOUND('',#2435,.T.);
#2606=FACE_BOUND('',#2436,.T.);
#2607=FACE_BOUND('',#2437,.T.);
#2608=FACE_BOUND('',#2438,.T.);
#2609=FACE_BOUND('',#2439,.T.);
#2610=FACE_BOUND('',#2440,.T.);
#2611=FACE_BOUND('',#2441,.T.);
#2612=FACE_BOUND('',#2442,.T.);
#2613=FACE_BOUND('',#2443,.T.);
#2614=FACE_BOUND('',#2444,.T.);
#2615=FACE_BOUND('',#2445,.T.);
#2616=FACE_BOUND('',#2446,.T.);
#2617=FACE_BOUND('',#2447,.T.);
#2618=FACE_BOUND('',#2448,.T.);
#2619=FACE_BOUND('',#2449,.T.);
#2620=FACE_BOUND('',#2450,.T.);
#2621=FACE_BOUND('',#2451,.T.);
#2622=FACE_BOUND('',#2452,.T.);
#2623=FACE_BOUND('',#2453,.T.);
#2624=FACE_BOUND('',#2454,.T.);
#2625=FACE_BOUND('',#2455,.T.);
#2626=FACE_BOUND('',#2456,.T.);
#2627=FACE_BOUND('',#2457,.T.);
#2628=FACE_BOUND('',#2458,.T.);
#2629=FACE_BOUND('',#2459,.T.);
#2630=FACE_BOUND('',#2460,.T.);
#2631=FACE_BOUND('',#2461,.T.);
#2632=FACE_BOUND('',#2462,.T.);
#2633=FACE_BOUND('',#2463,.T.);
#2634=FACE_BOUND('',#2464,.T.);
#2635=FACE_BOUND('',#2465,.T.);
#2636=FACE_BOUND('',#2466,.T.);
#2637=PLANE('',#2977);
#2638=PLANE('',#2978);
#2639=PLANE('',#2979);
#2640=PLANE('',#2980);
#2641=PLANE('',#2981);
#2642=PLANE('',#2982);
#2643=PLANE('',#2983);
#2644=PLANE('',#2984);
#2645=PLANE('',#2985);
#2646=PLANE('',#2986);
#2647=PLANE('',#2987);
#2648=PLANE('',#2988);
#2649=PLANE('',#2989);
#2650=PLANE('',#2990);
#2651=PLANE('',#2991);
#2652=PLANE('',#2992);
#2653=PLANE('',#2993);
#2654=PLANE('',#2994);
#2655=PLANE('',#2995);
#2656=PLANE('',#2996);
#2657=PLANE('',#2997);
#2658=PLANE('',#2998);
#2659=PLANE('',#2999);
#2660=PLANE('',#3000);
#2661=PLANE('',#3001);
#2662=PLANE('',#3002);
#2663=PLANE('',#3003);
#2664=PLANE('',#3004);
#2665=PLANE('',#3005);
#2666=PLANE('',#3006);
#2667=PLANE('',#3007);
#2668=PLANE('',#3008);
#2669=PLANE('',#3009);
#2670=PLANE('',#3010);
#2671=PLANE('',#3011);
#2672=PLANE('',#3012);
#2673=PLANE('',#3013);
#2674=PLANE('',#3014);
#2675=PLANE('',#3015);
#2676=PLANE('',#3016);
#2677=PLANE('',#3017);
#2678=PLANE('',#3018);
#2679=PLANE('',#3019);
#2680=PLANE('',#3020);
#2681=PLANE('',#3021);
#2682=PLANE('',#3022);
#2683=PLANE('',#3023);
#2684=PLANE('',#3024);
#2685=PLANE('',#3025);
#2686=PLANE('',#3026);
#2687=PLANE('',#3027);
#2688=PLANE('',#3028);
#2689=PLANE('',#3029);
#2690=PLANE('',#3030);
#2691=PLANE('',#3032);
#2692=PLANE('',#3033);
#2693=PLANE('',#3034);
#2694=PLANE('',#3035);
#2695=PLANE('',#3036);
#2696=PLANE('',#3037);
#2697=PLANE('',#3038);
#2698=PLANE('',#3039);
#2699=PLANE('',#3040);
#2700=PLANE('',#3041);
#2701=PLANE('',#3042);
#2702=PLANE('',#3043);
#2703=PLANE('',#3044);
#2704=PLANE('',#3045);
#2705=PLANE('',#3046);
#2706=PLANE('',#3047);
#2707=PLANE('',#3048);
#2708=PLANE('',#3049);
#2709=PLANE('',#3050);
#2710=PLANE('',#3051);
#2711=PLANE('',#3052);
#2712=PLANE('',#3053);
#2713=PLANE('',#3054);
#2714=PLANE('',#3055);
#2715=PLANE('',#3056);
#2716=PLANE('',#3057);
#2717=PLANE('',#3058);
#2718=PLANE('',#3059);
#2719=PLANE('',#3060);
#2720=PLANE('',#3061);
#2721=PLANE('',#3062);
#2722=PLANE('',#3063);
#2723=PLANE('',#3064);
#2724=PLANE('',#3065);
#2725=PLANE('',#3066);
#2726=PLANE('',#3067);
#2727=PLANE('',#3068);
#2728=PLANE('',#3069);
#2729=PLANE('',#3070);
#2730=PLANE('',#3071);
#2731=PLANE('',#3072);
#2732=PLANE('',#3073);
#2733=PLANE('',#3074);
#2734=PLANE('',#3075);
#2735=PLANE('',#3076);
#2736=PLANE('',#3077);
#2737=PLANE('',#3078);
#2738=PLANE('',#3079);
#2739=PLANE('',#3080);
#2740=PLANE('',#3081);
#2741=PLANE('',#3082);
#2742=PLANE('',#3083);
#2743=PLANE('',#3084);
#2744=PLANE('',#3085);
#2745=PLANE('',#3086);
#2746=PLANE('',#3087);
#2747=PLANE('',#3088);
#2748=PLANE('',#3089);
#2749=PLANE('',#3090);
#2750=PLANE('',#3091);
#2751=PLANE('',#3092);
#2752=PLANE('',#3093);
#2753=PLANE('',#3094);
#2754=PLANE('',#3095);
#2755=PLANE('',#3096);
#2756=PLANE('',#3097);
#2757=PLANE('',#3098);
#2758=PLANE('',#3099);
#2759=PLANE('',#3100);
#2760=PLANE('',#3101);
#2761=PLANE('',#3102);
#2762=PLANE('',#3103);
#2763=PLANE('',#3104);
#2764=PLANE('',#3105);
#2765=PLANE('',#3106);
#2766=PLANE('',#3107);
#2767=PLANE('',#3108);
#2768=PLANE('',#3109);
#2769=PLANE('',#3110);
#2770=PLANE('',#3111);
#2771=PLANE('',#3112);
#2772=PLANE('',#3113);
#2773=PLANE('',#3114);
#2774=PLANE('',#3115);
#2775=PLANE('',#3116);
#2776=PLANE('',#3117);
#2777=PLANE('',#3118);
#2778=PLANE('',#3119);
#2779=PLANE('',#3120);
#2780=PLANE('',#3121);
#2781=PLANE('',#3122);
#2782=PLANE('',#3123);
#2783=PLANE('',#3124);
#2784=PLANE('',#3125);
#2785=PLANE('',#3126);
#2786=PLANE('',#3127);
#2787=PLANE('',#3128);
#2788=PLANE('',#3129);
#2789=PLANE('',#3130);
#2790=PLANE('',#3131);
#2791=PLANE('',#3132);
#2792=PLANE('',#3133);
#2793=PLANE('',#3134);
#2794=ADVANCED_FACE('',(#2467),#2637,.F.);
#2795=ADVANCED_FACE('',(#2468),#2638,.F.);
#2796=ADVANCED_FACE('',(#2469),#2639,.F.);
#2797=ADVANCED_FACE('',(#2470),#2640,.F.);
#2798=ADVANCED_FACE('',(#2471),#2641,.F.);
#2799=ADVANCED_FACE('',(#2472),#2642,.F.);
#2800=ADVANCED_FACE('',(#2473),#2643,.T.);
#2801=ADVANCED_FACE('',(#2474),#2644,.T.);
#2802=ADVANCED_FACE('',(#2475),#2645,.T.);
#2803=ADVANCED_FACE('',(#2476),#2646,.F.);
#2804=ADVANCED_FACE('',(#2477),#2647,.F.);
#2805=ADVANCED_FACE('',(#2478),#2648,.T.);
#2806=ADVANCED_FACE('',(#2479),#2649,.T.);
#2807=ADVANCED_FACE('',(#2480),#2650,.T.);
#2808=ADVANCED_FACE('',(#2481),#2651,.T.);
#2809=ADVANCED_FACE('',(#2482),#2652,.F.);
#2810=ADVANCED_FACE('',(#2483),#2653,.F.);
#2811=ADVANCED_FACE('',(#2484),#2654,.F.);
#2812=ADVANCED_FACE('',(#2485),#2655,.F.);
#2813=ADVANCED_FACE('',(#2486),#2656,.F.);
#2814=ADVANCED_FACE('',(#2487),#2657,.T.);
#2815=ADVANCED_FACE('',(#2488),#2658,.T.);
#2816=ADVANCED_FACE('',(#2489),#2659,.T.);
#2817=ADVANCED_FACE('',(#2490),#2660,.T.);
#2818=ADVANCED_FACE('',(#2491),#2661,.T.);
#2819=ADVANCED_FACE('',(#2492),#2662,.T.);
#2820=ADVANCED_FACE('',(#2493),#2663,.T.);
#2821=ADVANCED_FACE('',(#2494),#2664,.T.);
#2822=ADVANCED_FACE('',(#2495),#2665,.T.);
#2823=ADVANCED_FACE('',(#2496),#2666,.T.);
#2824=ADVANCED_FACE('',(#2497),#2667,.T.);
#2825=ADVANCED_FACE('',(#2498),#2668,.T.);
#2826=ADVANCED_FACE('',(#2499),#2669,.T.);
#2827=ADVANCED_FACE('',(#2500),#2670,.F.);
#2828=ADVANCED_FACE('',(#2501),#2671,.F.);
#2829=ADVANCED_FACE('',(#2502),#2672,.F.);
#2830=ADVANCED_FACE('',(#2503,#2504,#2505,#2506),#2673,.F.);
#2831=ADVANCED_FACE('',(#2507),#2674,.F.);
#2832=ADVANCED_FACE('',(#2508,#2509,#2510,#2511),#2675,.F.);
#2833=ADVANCED_FACE('',(#2512),#2676,.F.);
#2834=ADVANCED_FACE('',(#2513),#2677,.T.);
#2835=ADVANCED_FACE('',(#2514),#2678,.F.);
#2836=ADVANCED_FACE('',(#2515),#2679,.T.);
#2837=ADVANCED_FACE('',(#2516),#2680,.T.);
#2838=ADVANCED_FACE('',(#2517),#2681,.T.);
#2839=ADVANCED_FACE('',(#2518),#2682,.T.);
#2840=ADVANCED_FACE('',(#2519),#2683,.T.);
#2841=ADVANCED_FACE('',(#2520),#2684,.T.);
#2842=ADVANCED_FACE('',(#2521),#2685,.T.);
#2843=ADVANCED_FACE('',(#2522),#2686,.T.);
#2844=ADVANCED_FACE('',(#2523),#2687,.T.);
#2845=ADVANCED_FACE('',(#2524),#2688,.T.);
#2846=ADVANCED_FACE('',(#2525),#2689,.T.);
#2847=ADVANCED_FACE('',(#2526),#2690,.T.);
#2848=ADVANCED_FACE('',(#2527),#2691,.T.);
#2849=ADVANCED_FACE('',(#2528),#2692,.T.);
#2850=ADVANCED_FACE('',(#2529),#2693,.T.);
#2851=ADVANCED_FACE('',(#2530),#2694,.T.);
#2852=ADVANCED_FACE('',(#2531),#2695,.T.);
#2853=ADVANCED_FACE('',(#2532),#2696,.T.);
#2854=ADVANCED_FACE('',(#2533),#2697,.T.);
#2855=ADVANCED_FACE('',(#2534),#2698,.T.);
#2856=ADVANCED_FACE('',(#2535),#2699,.F.);
#2857=ADVANCED_FACE('',(#2536),#2700,.F.);
#2858=ADVANCED_FACE('',(#2537),#2701,.F.);
#2859=ADVANCED_FACE('',(#2538),#2702,.F.);
#2860=ADVANCED_FACE('',(#2539),#2703,.F.);
#2861=ADVANCED_FACE('',(#2540),#2704,.F.);
#2862=ADVANCED_FACE('',(#2541),#2705,.F.);
#2863=ADVANCED_FACE('',(#2542),#2706,.F.);
#2864=ADVANCED_FACE('',(#2543),#2707,.F.);
#2865=ADVANCED_FACE('',(#2544),#2708,.F.);
#2866=ADVANCED_FACE('',(#2545),#2709,.F.);
#2867=ADVANCED_FACE('',(#2546),#2710,.F.);
#2868=ADVANCED_FACE('',(#2547),#2711,.F.);
#2869=ADVANCED_FACE('',(#2548),#2712,.F.);
#2870=ADVANCED_FACE('',(#2549),#2713,.F.);
#2871=ADVANCED_FACE('',(#2550),#2714,.F.);
#2872=ADVANCED_FACE('',(#2551),#2715,.F.);
#2873=ADVANCED_FACE('',(#2552),#2716,.F.);
#2874=ADVANCED_FACE('',(#2553),#2717,.T.);
#2875=ADVANCED_FACE('',(#2554),#2718,.T.);
#2876=ADVANCED_FACE('',(#2555),#2719,.T.);
#2877=ADVANCED_FACE('',(#2556),#2720,.T.);
#2878=ADVANCED_FACE('',(#2557),#2721,.T.);
#2879=ADVANCED_FACE('',(#2558),#2722,.T.);
#2880=ADVANCED_FACE('',(#2559),#2723,.T.);
#2881=ADVANCED_FACE('',(#2560),#2724,.T.);
#2882=ADVANCED_FACE('',(#2561),#2725,.T.);
#2883=ADVANCED_FACE('',(#2562),#2726,.T.);
#2884=ADVANCED_FACE('',(#2563),#2727,.T.);
#2885=ADVANCED_FACE('',(#2564),#2728,.T.);
#2886=ADVANCED_FACE('',(#2565),#2729,.T.);
#2887=ADVANCED_FACE('',(#2566),#2730,.T.);
#2888=ADVANCED_FACE('',(#2567),#2731,.T.);
#2889=ADVANCED_FACE('',(#2568),#2732,.T.);
#2890=ADVANCED_FACE('',(#2569),#2733,.T.);
#2891=ADVANCED_FACE('',(#2570),#2734,.T.);
#2892=ADVANCED_FACE('',(#2571),#2735,.T.);
#2893=ADVANCED_FACE('',(#2572),#2736,.T.);
#2894=ADVANCED_FACE('',(#2573),#2737,.T.);
#2895=ADVANCED_FACE('',(#2574),#2738,.T.);
#2896=ADVANCED_FACE('',(#2575),#2739,.T.);
#2897=ADVANCED_FACE('',(#2576),#2740,.T.);
#2898=ADVANCED_FACE('',(#2577),#2741,.T.);
#2899=ADVANCED_FACE('',(#2578),#2742,.T.);
#2900=ADVANCED_FACE('',(#2579),#2743,.T.);
#2901=ADVANCED_FACE('',(#2580),#2744,.T.);
#2902=ADVANCED_FACE('',(#2581),#2745,.T.);
#2903=ADVANCED_FACE('',(#2582),#2746,.T.);
#2904=ADVANCED_FACE('',(#2583),#2747,.T.);
#2905=ADVANCED_FACE('',(#2584),#2748,.T.);
#2906=ADVANCED_FACE('',(#2585),#2749,.T.);
#2907=ADVANCED_FACE('',(#2586),#2750,.T.);
#2908=ADVANCED_FACE('',(#2587),#2751,.T.);
#2909=ADVANCED_FACE('',(#2588),#2752,.T.);
#2910=ADVANCED_FACE('',(#2589,#2590),#2753,.F.);
#2911=ADVANCED_FACE('',(#2591),#2754,.F.);
#2912=ADVANCED_FACE('',(#2592),#2755,.F.);
#2913=ADVANCED_FACE('',(#2593),#2756,.F.);
#2914=ADVANCED_FACE('',(#2594),#2757,.T.);
#2915=ADVANCED_FACE('',(#2595),#2758,.T.);
#2916=ADVANCED_FACE('',(#2596,#2597),#2759,.T.);
#2917=ADVANCED_FACE('',(#2598,#2599),#2760,.T.);
#2918=ADVANCED_FACE('',(#2600,#2601),#2761,.T.);
#2919=ADVANCED_FACE('',(#2602),#2762,.F.);
#2920=ADVANCED_FACE('',(#2603),#2763,.F.);
#2921=ADVANCED_FACE('',(#2604),#2764,.F.);
#2922=ADVANCED_FACE('',(#2605),#2765,.F.);
#2923=ADVANCED_FACE('',(#2606),#2766,.F.);
#2924=ADVANCED_FACE('',(#2607,#2608),#2767,.T.);
#2925=ADVANCED_FACE('',(#2609,#2610),#2768,.T.);
#2926=ADVANCED_FACE('',(#2611,#2612),#2769,.T.);
#2927=ADVANCED_FACE('',(#2613),#2770,.T.);
#2928=ADVANCED_FACE('',(#2614),#2771,.T.);
#2929=ADVANCED_FACE('',(#2615),#2772,.T.);
#2930=ADVANCED_FACE('',(#2616),#2773,.T.);
#2931=ADVANCED_FACE('',(#2617),#2774,.T.);
#2932=ADVANCED_FACE('',(#2618),#2775,.T.);
#2933=ADVANCED_FACE('',(#2619),#2776,.T.);
#2934=ADVANCED_FACE('',(#2620),#2777,.T.);
#2935=ADVANCED_FACE('',(#2621),#2778,.T.);
#2936=ADVANCED_FACE('',(#2622),#2779,.T.);
#2937=ADVANCED_FACE('',(#2623),#2780,.T.);
#2938=ADVANCED_FACE('',(#2624),#2781,.T.);
#2939=ADVANCED_FACE('',(#2625),#2782,.T.);
#2940=ADVANCED_FACE('',(#2626),#2783,.T.);
#2941=ADVANCED_FACE('',(#2627),#2784,.T.);
#2942=ADVANCED_FACE('',(#2628),#2785,.T.);
#2943=ADVANCED_FACE('',(#2629),#2786,.T.);
#2944=ADVANCED_FACE('',(#2630),#2787,.T.);
#2945=ADVANCED_FACE('',(#2631),#2788,.T.);
#2946=ADVANCED_FACE('',(#2632),#2789,.T.);
#2947=ADVANCED_FACE('',(#2633),#2790,.T.);
#2948=ADVANCED_FACE('',(#2634),#2791,.T.);
#2949=ADVANCED_FACE('',(#2635),#2792,.T.);
#2950=ADVANCED_FACE('',(#2636),#2793,.T.);
#2951=CLOSED_SHELL('',(#2794,#2795,#2796,#2797,#2798,#2799,#2800,#2801,
#2802,#2803,#2804,#2805,#2806,#2807,#2808,#2809,#2810,#2811,#2812,#2813,
#2814,#2815,#2816,#2817,#2818,#2819,#2820,#2821,#2822,#2823,#2824,#2825,
#2826,#2827,#2828,#2829,#2830,#2831,#2832,#2833,#2834,#2835,#2836,#2837,
#2838,#2839,#2840,#2841,#2842,#2843,#2844,#2845,#2846,#2847));
#2952=CLOSED_SHELL('',(#2848,#2849,#2850,#2851,#2852,#2853,#2854,#2855,
#2856,#2857,#2858,#2859,#2860,#2861,#2862,#2863,#2864,#2865,#2866,#2867,
#2868,#2869,#2870,#2871,#2872,#2873,#2874,#2875,#2876,#2877,#2878,#2879,
#2880,#2881,#2882,#2883,#2884,#2885,#2886,#2887,#2888,#2889,#2890,#2891,
#2892,#2893,#2894,#2895,#2896,#2897,#2898,#2899,#2900,#2901,#2902,#2903,
#2904,#2905,#2906,#2907,#2908,#2909,#2910,#2911,#2912,#2913,#2914,#2915,
#2916,#2917,#2918,#2919,#2920,#2921,#2922,#2923,#2924,#2925,#2926,#2927,
#2928,#2929,#2930,#2931,#2932,#2933,#2934,#2935,#2936,#2937,#2938,#2939,
#2940,#2941,#2942,#2943,#2944,#2945,#2946,#2947,#2948,#2949,#2950));
#2953=STYLED_ITEM('',(#2955),#2968);
#2954=STYLED_ITEM('',(#2956),#2969);
#2955=PRESENTATION_STYLE_ASSIGNMENT((#2957));
#2956=PRESENTATION_STYLE_ASSIGNMENT((#2958));
#2957=SURFACE_STYLE_USAGE(.BOTH.,#2959);
#2958=SURFACE_STYLE_USAGE(.BOTH.,#2960);
#2959=SURFACE_SIDE_STYLE('',(#2961));
#2960=SURFACE_SIDE_STYLE('',(#2962));
#2961=SURFACE_STYLE_FILL_AREA(#2963);
#2962=SURFACE_STYLE_FILL_AREA(#2964);
#2963=FILL_AREA_STYLE('',(#2965));
#2964=FILL_AREA_STYLE('',(#2966));
#2965=FILL_AREA_STYLE_COLOUR('',#2967);
#2966=FILL_AREA_STYLE_COLOUR('',#18);
#2967=DRAUGHTING_PRE_DEFINED_COLOUR('yellow');
#2968=MANIFOLD_SOLID_BREP('T-1S6-21-TSW-1-05-3-S',#2951);
#2969=MANIFOLD_SOLID_BREP('TSW-103-05-T-S_body',#2952);
#2970=SHAPE_DEFINITION_REPRESENTATION(#4689,#2973);
#2971=SHAPE_DEFINITION_REPRESENTATION(#4690,#2974);
#2972=SHAPE_DEFINITION_REPRESENTATION(#4692,#2975);
#2973=SHAPE_REPRESENTATION('TSW-103-05-T-S',(#2976,#3031,#3135),#4677);
#2974=SHAPE_REPRESENTATION('T-1S6-21-TSW-1-05-3-S',(#2976),#4678);
#2975=SHAPE_REPRESENTATION('TSW-103-05-T-S_body',(#2976),#4679);
#2976=AXIS2_PLACEMENT_3D('',#3858,#3136,#3137);
#2977=AXIS2_PLACEMENT_3D('',#3859,#3138,#3139);
#2978=AXIS2_PLACEMENT_3D('',#3868,#3144,#3145);
#2979=AXIS2_PLACEMENT_3D('',#3877,#3150,#3151);
#2980=AXIS2_PLACEMENT_3D('',#3886,#3156,#3157);
#2981=AXIS2_PLACEMENT_3D('',#3896,#3163,#3164);
#2982=AXIS2_PLACEMENT_3D('',#3906,#3170,#3171);
#2983=AXIS2_PLACEMENT_3D('',#3916,#3177,#3178);
#2984=AXIS2_PLACEMENT_3D('',#3926,#3184,#3185);
#2985=AXIS2_PLACEMENT_3D('',#3936,#3191,#3192);
#2986=AXIS2_PLACEMENT_3D('',#3946,#3198,#3199);
#2987=AXIS2_PLACEMENT_3D('',#3949,#3202,#3203);
#2988=AXIS2_PLACEMENT_3D('',#3952,#3206,#3207);
#2989=AXIS2_PLACEMENT_3D('',#3955,#3210,#3211);
#2990=AXIS2_PLACEMENT_3D('',#3958,#3214,#3215);
#2991=AXIS2_PLACEMENT_3D('',#3961,#3218,#3219);
#2992=AXIS2_PLACEMENT_3D('',#3964,#3222,#3223);
#2993=AXIS2_PLACEMENT_3D('',#3973,#3228,#3229);
#2994=AXIS2_PLACEMENT_3D('',#3982,#3234,#3235);
#2995=AXIS2_PLACEMENT_3D('',#3991,#3240,#3241);
#2996=AXIS2_PLACEMENT_3D('',#4000,#3246,#3247);
#2997=AXIS2_PLACEMENT_3D('',#4009,#3252,#3253);
#2998=AXIS2_PLACEMENT_3D('',#4018,#3258,#3259);
#2999=AXIS2_PLACEMENT_3D('',#4027,#3264,#3265);
#3000=AXIS2_PLACEMENT_3D('',#4036,#3270,#3271);
#3001=AXIS2_PLACEMENT_3D('',#4045,#3276,#3277);
#3002=AXIS2_PLACEMENT_3D('',#4049,#3281,#3282);
#3003=AXIS2_PLACEMENT_3D('',#4053,#3286,#3287);
#3004=AXIS2_PLACEMENT_3D('',#4057,#3291,#3292);
#3005=AXIS2_PLACEMENT_3D('',#4061,#3296,#3297);
#3006=AXIS2_PLACEMENT_3D('',#4065,#3301,#3302);
#3007=AXIS2_PLACEMENT_3D('',#4069,#3306,#3307);
#3008=AXIS2_PLACEMENT_3D('',#4071,#3309,#3310);
#3009=AXIS2_PLACEMENT_3D('',#4073,#3312,#3313);
#3010=AXIS2_PLACEMENT_3D('',#4075,#3315,#3316);
#3011=AXIS2_PLACEMENT_3D('',#4077,#3318,#3319);
#3012=AXIS2_PLACEMENT_3D('',#4079,#3321,#3322);
#3013=AXIS2_PLACEMENT_3D('',#4081,#3324,#3325);
#3014=AXIS2_PLACEMENT_3D('',#4090,#3330,#3331);
#3015=AXIS2_PLACEMENT_3D('',#4096,#3335,#3336);
#3016=AXIS2_PLACEMENT_3D('',#4102,#3340,#3341);
#3017=AXIS2_PLACEMENT_3D('',#4105,#3344,#3345);
#3018=AXIS2_PLACEMENT_3D('',#4106,#3346,#3347);
#3019=AXIS2_PLACEMENT_3D('',#4107,#3348,#3349);
#3020=AXIS2_PLACEMENT_3D('',#4108,#3350,#3351);
#3021=AXIS2_PLACEMENT_3D('',#4109,#3352,#3353);
#3022=AXIS2_PLACEMENT_3D('',#4110,#3354,#3355);
#3023=AXIS2_PLACEMENT_3D('',#4111,#3356,#3357);
#3024=AXIS2_PLACEMENT_3D('',#4112,#3358,#3359);
#3025=AXIS2_PLACEMENT_3D('',#4113,#3360,#3361);
#3026=AXIS2_PLACEMENT_3D('',#4114,#3362,#3363);
#3027=AXIS2_PLACEMENT_3D('',#4115,#3364,#3365);
#3028=AXIS2_PLACEMENT_3D('',#4116,#3366,#3367);
#3029=AXIS2_PLACEMENT_3D('',#4117,#3368,#3369);
#3030=AXIS2_PLACEMENT_3D('',#4118,#3370,#3371);
#3031=AXIS2_PLACEMENT_3D('',#4119,#3372,#3373);
#3032=AXIS2_PLACEMENT_3D('',#4120,#3374,#3375);
#3033=AXIS2_PLACEMENT_3D('',#4133,#3382,#3383);
#3034=AXIS2_PLACEMENT_3D('',#4143,#3389,#3390);
#3035=AXIS2_PLACEMENT_3D('',#4156,#3397,#3398);
#3036=AXIS2_PLACEMENT_3D('',#4166,#3404,#3405);
#3037=AXIS2_PLACEMENT_3D('',#4183,#3414,#3415);
#3038=AXIS2_PLACEMENT_3D('',#4197,#3423,#3424);
#3039=AXIS2_PLACEMENT_3D('',#4214,#3433,#3434);
#3040=AXIS2_PLACEMENT_3D('',#4228,#3442,#3443);
#3041=AXIS2_PLACEMENT_3D('',#4249,#3455,#3456);
#3042=AXIS2_PLACEMENT_3D('',#4270,#3468,#3469);
#3043=AXIS2_PLACEMENT_3D('',#4287,#3480,#3481);
#3044=AXIS2_PLACEMENT_3D('',#4308,#3493,#3494);
#3045=AXIS2_PLACEMENT_3D('',#4325,#3505,#3506);
#3046=AXIS2_PLACEMENT_3D('',#4346,#3518,#3519);
#3047=AXIS2_PLACEMENT_3D('',#4352,#3523,#3524);
#3048=AXIS2_PLACEMENT_3D('',#4358,#3528,#3529);
#3049=AXIS2_PLACEMENT_3D('',#4364,#3533,#3534);
#3050=AXIS2_PLACEMENT_3D('',#4370,#3538,#3539);
#3051=AXIS2_PLACEMENT_3D('',#4376,#3543,#3544);
#3052=AXIS2_PLACEMENT_3D('',#4382,#3548,#3549);
#3053=AXIS2_PLACEMENT_3D('',#4388,#3553,#3554);
#3054=AXIS2_PLACEMENT_3D('',#4394,#3558,#3559);
#3055=AXIS2_PLACEMENT_3D('',#4400,#3563,#3564);
#3056=AXIS2_PLACEMENT_3D('',#4406,#3568,#3569);
#3057=AXIS2_PLACEMENT_3D('',#4412,#3573,#3574);
#3058=AXIS2_PLACEMENT_3D('',#4418,#3578,#3579);
#3059=AXIS2_PLACEMENT_3D('',#4420,#3581,#3582);
#3060=AXIS2_PLACEMENT_3D('',#4422,#3584,#3585);
#3061=AXIS2_PLACEMENT_3D('',#4424,#3587,#3588);
#3062=AXIS2_PLACEMENT_3D('',#4426,#3590,#3591);
#3063=AXIS2_PLACEMENT_3D('',#4428,#3593,#3594);
#3064=AXIS2_PLACEMENT_3D('',#4430,#3596,#3597);
#3065=AXIS2_PLACEMENT_3D('',#4432,#3599,#3600);
#3066=AXIS2_PLACEMENT_3D('',#4434,#3602,#3603);
#3067=AXIS2_PLACEMENT_3D('',#4438,#3606,#3607);
#3068=AXIS2_PLACEMENT_3D('',#4442,#3610,#3611);
#3069=AXIS2_PLACEMENT_3D('',#4446,#3614,#3615);
#3070=AXIS2_PLACEMENT_3D('',#4450,#3618,#3619);
#3071=AXIS2_PLACEMENT_3D('',#4454,#3622,#3623);
#3072=AXIS2_PLACEMENT_3D('',#4458,#3626,#3627);
#3073=AXIS2_PLACEMENT_3D('',#4462,#3630,#3631);
#3074=AXIS2_PLACEMENT_3D('',#4466,#3634,#3635);
#3075=AXIS2_PLACEMENT_3D('',#4470,#3638,#3639);
#3076=AXIS2_PLACEMENT_3D('',#4474,#3642,#3643);
#3077=AXIS2_PLACEMENT_3D('',#4478,#3646,#3647);
#3078=AXIS2_PLACEMENT_3D('',#4482,#3650,#3651);
#3079=AXIS2_PLACEMENT_3D('',#4486,#3654,#3655);
#3080=AXIS2_PLACEMENT_3D('',#4490,#3658,#3659);
#3081=AXIS2_PLACEMENT_3D('',#4494,#3662,#3663);
#3082=AXIS2_PLACEMENT_3D('',#4498,#3666,#3667);
#3083=AXIS2_PLACEMENT_3D('',#4507,#3672,#3673);
#3084=AXIS2_PLACEMENT_3D('',#4513,#3677,#3678);
#3085=AXIS2_PLACEMENT_3D('',#4519,#3682,#3683);
#3086=AXIS2_PLACEMENT_3D('',#4528,#3688,#3689);
#3087=AXIS2_PLACEMENT_3D('',#4534,#3693,#3694);
#3088=AXIS2_PLACEMENT_3D('',#4540,#3698,#3699);
#3089=AXIS2_PLACEMENT_3D('',#4549,#3704,#3705);
#3090=AXIS2_PLACEMENT_3D('',#4555,#3709,#3710);
#3091=AXIS2_PLACEMENT_3D('',#4561,#3714,#3715);
#3092=AXIS2_PLACEMENT_3D('',#4564,#3718,#3719);
#3093=AXIS2_PLACEMENT_3D('',#4567,#3722,#3723);
#3094=AXIS2_PLACEMENT_3D('',#4570,#3726,#3727);
#3095=AXIS2_PLACEMENT_3D('',#4587,#3736,#3737);
#3096=AXIS2_PLACEMENT_3D('',#4593,#3741,#3742);
#3097=AXIS2_PLACEMENT_3D('',#4599,#3746,#3747);
#3098=AXIS2_PLACEMENT_3D('',#4602,#3750,#3751);
#3099=AXIS2_PLACEMENT_3D('',#4605,#3754,#3755);
#3100=AXIS2_PLACEMENT_3D('',#4608,#3758,#3759);
#3101=AXIS2_PLACEMENT_3D('',#4609,#3760,#3761);
#3102=AXIS2_PLACEMENT_3D('',#4610,#3762,#3763);
#3103=AXIS2_PLACEMENT_3D('',#4611,#3764,#3765);
#3104=AXIS2_PLACEMENT_3D('',#4617,#3769,#3770);
#3105=AXIS2_PLACEMENT_3D('',#4621,#3773,#3774);
#3106=AXIS2_PLACEMENT_3D('',#4625,#3777,#3778);
#3107=AXIS2_PLACEMENT_3D('',#4627,#3780,#3781);
#3108=AXIS2_PLACEMENT_3D('',#4628,#3782,#3783);
#3109=AXIS2_PLACEMENT_3D('',#4633,#3788,#3789);
#3110=AXIS2_PLACEMENT_3D('',#4638,#3794,#3795);
#3111=AXIS2_PLACEMENT_3D('',#4643,#3800,#3801);
#3112=AXIS2_PLACEMENT_3D('',#4644,#3802,#3803);
#3113=AXIS2_PLACEMENT_3D('',#4645,#3804,#3805);
#3114=AXIS2_PLACEMENT_3D('',#4646,#3806,#3807);
#3115=AXIS2_PLACEMENT_3D('',#4647,#3808,#3809);
#3116=AXIS2_PLACEMENT_3D('',#4648,#3810,#3811);
#3117=AXIS2_PLACEMENT_3D('',#4649,#3812,#3813);
#3118=AXIS2_PLACEMENT_3D('',#4650,#3814,#3815);
#3119=AXIS2_PLACEMENT_3D('',#4651,#3816,#3817);
#3120=AXIS2_PLACEMENT_3D('',#4652,#3818,#3819);
#3121=AXIS2_PLACEMENT_3D('',#4653,#3820,#3821);
#3122=AXIS2_PLACEMENT_3D('',#4654,#3822,#3823);
#3123=AXIS2_PLACEMENT_3D('',#4655,#3824,#3825);
#3124=AXIS2_PLACEMENT_3D('',#4658,#3828,#3829);
#3125=AXIS2_PLACEMENT_3D('',#4659,#3830,#3831);
#3126=AXIS2_PLACEMENT_3D('',#4660,#3832,#3833);
#3127=AXIS2_PLACEMENT_3D('',#4662,#3835,#3836);
#3128=AXIS2_PLACEMENT_3D('',#4664,#3838,#3839);
#3129=AXIS2_PLACEMENT_3D('',#4665,#3840,#3841);
#3130=AXIS2_PLACEMENT_3D('',#4667,#3843,#3844);
#3131=AXIS2_PLACEMENT_3D('',#4669,#3846,#3847);
#3132=AXIS2_PLACEMENT_3D('',#4670,#3848,#3849);
#3133=AXIS2_PLACEMENT_3D('',#4672,#3851,#3852);
#3134=AXIS2_PLACEMENT_3D('',#4674,#3854,#3855);
#3135=AXIS2_PLACEMENT_3D('',#4675,#3856,#3857);
#3136=DIRECTION('',(0.,0.,1.));
#3137=DIRECTION('',(1.,0.,0.));
#3138=DIRECTION('',(0.,1.,0.));
#3139=DIRECTION('',(0.,0.,1.));
#3140=DIRECTION('',(0.,0.,-1.));
#3141=DIRECTION('',(1.,0.,0.));
#3142=DIRECTION('',(0.,0.,-1.));
#3143=DIRECTION('',(1.,0.,0.));
#3144=DIRECTION('',(0.,1.,0.));
#3145=DIRECTION('',(0.,0.,1.));
#3146=DIRECTION('',(0.,0.,-1.));
#3147=DIRECTION('',(1.,0.,0.));
#3148=DIRECTION('',(0.,0.,-1.));
#3149=DIRECTION('',(1.,0.,0.));
#3150=DIRECTION('',(0.,1.,0.));
#3151=DIRECTION('',(0.,0.,1.));
#3152=DIRECTION('',(0.,0.,-1.));
#3153=DIRECTION('',(1.,0.,0.));
#3154=DIRECTION('',(0.,0.,-1.));
#3155=DIRECTION('',(1.,0.,0.));
#3156=DIRECTION('',(0.,0.,1.));
#3157=DIRECTION('',(1.,0.,0.));
#3158=DIRECTION('',(0.500000000000003,-0.866025403784437,0.));
#3159=DIRECTION('',(0.,-1.,0.));
#3160=DIRECTION('',(-1.,0.,0.));
#3161=DIRECTION('',(0.,1.,0.));
#3162=DIRECTION('',(0.499999999999991,0.866025403784444,0.));
#3163=DIRECTION('',(0.,0.,1.));
#3164=DIRECTION('',(1.,0.,0.));
#3165=DIRECTION('',(0.500000000000003,0.866025403784437,0.));
#3166=DIRECTION('',(0.500000000000003,-0.866025403784437,0.));
#3167=DIRECTION('',(0.,-1.,0.));
#3168=DIRECTION('',(-1.,0.,0.));
#3169=DIRECTION('',(0.,1.,0.));
#3170=DIRECTION('',(0.,0.,1.));
#3171=DIRECTION('',(1.,0.,0.));
#3172=DIRECTION('',(0.500000000000003,0.866025403784437,0.));
#3173=DIRECTION('',(0.500000000000003,-0.866025403784437,0.));
#3174=DIRECTION('',(-2.37139582783356E-17,-1.,0.));
#3175=DIRECTION('',(-1.,0.,0.));
#3176=DIRECTION('',(0.,1.,0.));
#3177=DIRECTION('',(0.,0.,1.));
#3178=DIRECTION('',(1.,0.,0.));
#3179=DIRECTION('',(0.,-1.,0.));
#3180=DIRECTION('',(0.500000000000003,-0.866025403784437,0.));
#3181=DIRECTION('',(0.499999999999991,0.866025403784444,0.));
#3182=DIRECTION('',(0.,1.,0.));
#3183=DIRECTION('',(-1.,0.,0.));
#3184=DIRECTION('',(0.,0.,1.));
#3185=DIRECTION('',(1.,0.,0.));
#3186=DIRECTION('',(0.500000000000003,0.866025403784437,0.));
#3187=DIRECTION('',(0.,1.,0.));
#3188=DIRECTION('',(-1.,0.,0.));
#3189=DIRECTION('',(0.,-1.,0.));
#3190=DIRECTION('',(0.500000000000003,-0.866025403784437,0.));
#3191=DIRECTION('',(0.,0.,1.));
#3192=DIRECTION('',(1.,0.,0.));
#3193=DIRECTION('',(0.500000000000003,0.866025403784437,0.));
#3194=DIRECTION('',(0.,1.,0.));
#3195=DIRECTION('',(-1.,0.,0.));
#3196=DIRECTION('',(-2.37139582783356E-17,-1.,0.));
#3197=DIRECTION('',(0.500000000000003,-0.866025403784437,0.));
#3198=DIRECTION('',(-1.,0.,0.));
#3199=DIRECTION('',(0.,0.,1.));
#3200=DIRECTION('',(0.,0.,1.));
#3201=DIRECTION('',(0.,0.,-1.));
#3202=DIRECTION('',(1.,0.,0.));
#3203=DIRECTION('',(0.,0.,-1.));
#3204=DIRECTION('',(0.,0.,-1.));
#3205=DIRECTION('',(0.,0.,1.));
#3206=DIRECTION('',(-1.,2.37139582783356E-17,0.));
#3207=DIRECTION('',(-2.37139582783356E-17,-1.,0.));
#3208=DIRECTION('',(0.,0.,-1.));
#3209=DIRECTION('',(0.,0.,-1.));
#3210=DIRECTION('',(1.,0.,0.));
#3211=DIRECTION('',(0.,0.,-1.));
#3212=DIRECTION('',(0.,0.,-1.));
#3213=DIRECTION('',(0.,0.,-1.));
#3214=DIRECTION('',(-1.,0.,0.));
#3215=DIRECTION('',(0.,0.,1.));
#3216=DIRECTION('',(0.,0.,-1.));
#3217=DIRECTION('',(0.,0.,-1.));
#3218=DIRECTION('',(1.,0.,0.));
#3219=DIRECTION('',(0.,0.,-1.));
#3220=DIRECTION('',(0.,0.,-1.));
#3221=DIRECTION('',(0.,0.,-1.));
#3222=DIRECTION('',(0.,-1.,0.));
#3223=DIRECTION('',(0.,0.,-1.));
#3224=DIRECTION('',(0.,0.,-1.));
#3225=DIRECTION('',(-1.,0.,0.));
#3226=DIRECTION('',(0.,0.,-1.));
#3227=DIRECTION('',(-1.,0.,0.));
#3228=DIRECTION('',(0.,-1.,0.));
#3229=DIRECTION('',(0.,0.,-1.));
#3230=DIRECTION('',(0.,0.,-1.));
#3231=DIRECTION('',(-1.,0.,0.));
#3232=DIRECTION('',(0.,0.,-1.));
#3233=DIRECTION('',(-1.,0.,0.));
#3234=DIRECTION('',(0.,-1.,0.));
#3235=DIRECTION('',(0.,0.,-1.));
#3236=DIRECTION('',(0.,0.,-1.));
#3237=DIRECTION('',(-1.,0.,0.));
#3238=DIRECTION('',(0.,0.,-1.));
#3239=DIRECTION('',(-1.,0.,0.));
#3240=DIRECTION('',(1.,0.,0.));
#3241=DIRECTION('',(0.,0.,-1.));
#3242=DIRECTION('',(0.,0.,-1.));
#3243=DIRECTION('',(0.,-1.,0.));
#3244=DIRECTION('',(0.,0.,-1.));
#3245=DIRECTION('',(0.,-1.,0.));
#3246=DIRECTION('',(-1.,0.,0.));
#3247=DIRECTION('',(0.,0.,1.));
#3248=DIRECTION('',(0.,0.,-1.));
#3249=DIRECTION('',(0.,1.,0.));
#3250=DIRECTION('',(0.,0.,1.));
#3251=DIRECTION('',(0.,1.,0.));
#3252=DIRECTION('',(1.,0.,0.));
#3253=DIRECTION('',(0.,0.,-1.));
#3254=DIRECTION('',(0.,1.,0.));
#3255=DIRECTION('',(0.,0.,-1.));
#3256=DIRECTION('',(0.,1.,0.));
#3257=DIRECTION('',(0.,0.,-1.));
#3258=DIRECTION('',(-1.,0.,0.));
#3259=DIRECTION('',(0.,0.,1.));
#3260=DIRECTION('',(0.,-1.,0.));
#3261=DIRECTION('',(0.,0.,-1.));
#3262=DIRECTION('',(0.,-1.,0.));
#3263=DIRECTION('',(0.,0.,-1.));
#3264=DIRECTION('',(-1.,0.,0.));
#3265=DIRECTION('',(0.,0.,1.));
#3266=DIRECTION('',(0.,-1.,0.));
#3267=DIRECTION('',(0.,0.,-1.));
#3268=DIRECTION('',(0.,-1.,0.));
#3269=DIRECTION('',(0.,0.,-1.));
#3270=DIRECTION('',(1.,0.,0.));
#3271=DIRECTION('',(0.,0.,-1.));
#3272=DIRECTION('',(0.,1.,0.));
#3273=DIRECTION('',(0.,0.,-1.));
#3274=DIRECTION('',(0.,1.,0.));
#3275=DIRECTION('',(0.,0.,-1.));
#3276=DIRECTION('',(0.,0.499999999999999,-0.866025403784439));
#3277=DIRECTION('',(0.,0.866025403784439,0.499999999999999));
#3278=DIRECTION('',(-1.,0.,0.));
#3279=DIRECTION('',(0.447213595499958,0.774596669241484,0.447213595499957));
#3280=DIRECTION('',(0.447213595499957,-0.774596669241484,-0.447213595499957));
#3281=DIRECTION('',(0.,0.499999999999999,0.866025403784439));
#3282=DIRECTION('',(0.,-0.866025403784439,0.499999999999999));
#3283=DIRECTION('',(-0.447213595499958,-0.774596669241484,0.447213595499957));
#3284=DIRECTION('',(-1.,0.,0.));
#3285=DIRECTION('',(-0.447213595499957,0.774596669241484,-0.447213595499957));
#3286=DIRECTION('',(0.,0.499999999999999,-0.866025403784439));
#3287=DIRECTION('',(0.,0.866025403784439,0.499999999999999));
#3288=DIRECTION('',(-1.,0.,0.));
#3289=DIRECTION('',(0.447213595499958,0.774596669241484,0.447213595499957));
#3290=DIRECTION('',(0.447213595499958,-0.774596669241484,-0.447213595499957));
#3291=DIRECTION('',(0.,0.499999999999999,0.866025403784439));
#3292=DIRECTION('',(0.,-0.866025403784439,0.499999999999999));
#3293=DIRECTION('',(-0.447213595499958,-0.774596669241484,0.447213595499957));
#3294=DIRECTION('',(-1.,0.,0.));
#3295=DIRECTION('',(-0.447213595499958,0.774596669241484,-0.447213595499957));
#3296=DIRECTION('',(0.,0.499999999999999,-0.866025403784439));
#3297=DIRECTION('',(0.,0.866025403784439,0.499999999999999));
#3298=DIRECTION('',(-1.,0.,0.));
#3299=DIRECTION('',(0.447213595499957,0.774596669241484,0.447213595499957));
#3300=DIRECTION('',(0.447213595499958,-0.774596669241484,-0.447213595499957));
#3301=DIRECTION('',(0.,0.499999999999999,0.866025403784439));
#3302=DIRECTION('',(0.,-0.866025403784439,0.499999999999999));
#3303=DIRECTION('',(-0.447213595499957,-0.774596669241484,0.447213595499957));
#3304=DIRECTION('',(-1.,0.,0.));
#3305=DIRECTION('',(-0.447213595499958,0.774596669241484,-0.447213595499957));
#3306=DIRECTION('',(0.,0.,1.));
#3307=DIRECTION('',(1.,0.,0.));
#3308=DIRECTION('',(1.,0.,0.));
#3309=DIRECTION('',(0.,0.,1.));
#3310=DIRECTION('',(1.,0.,0.));
#3311=DIRECTION('',(1.,0.,0.));
#3312=DIRECTION('',(0.,0.,1.));
#3313=DIRECTION('',(1.,0.,0.));
#3314=DIRECTION('',(1.,0.,0.));
#3315=DIRECTION('',(0.,0.,1.));
#3316=DIRECTION('',(1.,0.,0.));
#3317=DIRECTION('',(1.,0.,0.));
#3318=DIRECTION('',(0.,0.,1.));
#3319=DIRECTION('',(1.,0.,0.));
#3320=DIRECTION('',(1.,0.,0.));
#3321=DIRECTION('',(0.,0.,1.));
#3322=DIRECTION('',(1.,0.,0.));
#3323=DIRECTION('',(1.,0.,0.));
#3324=DIRECTION('',(0.,-1.,0.));
#3325=DIRECTION('',(0.,0.,-1.));
#3326=DIRECTION('',(-1.,0.,0.));
#3327=DIRECTION('',(0.,0.,1.));
#3328=DIRECTION('',(-1.,0.,0.));
#3329=DIRECTION('',(0.,0.,1.));
#3330=DIRECTION('',(0.,0.,-1.));
#3331=DIRECTION('',(-1.,0.,0.));
#3332=DIRECTION('',(0.,-1.,0.));
#3333=DIRECTION('',(-1.,0.,0.));
#3334=DIRECTION('',(0.,-1.,0.));
#3335=DIRECTION('',(0.,1.,0.));
#3336=DIRECTION('',(0.,0.,1.));
#3337=DIRECTION('',(0.,0.,-1.));
#3338=DIRECTION('',(-1.,0.,0.));
#3339=DIRECTION('',(0.,0.,-1.));
#3340=DIRECTION('',(0.,0.,1.));
#3341=DIRECTION('',(1.,0.,0.));
#3342=DIRECTION('',(0.,1.,0.));
#3343=DIRECTION('',(0.,1.,0.));
#3344=DIRECTION('',(1.,0.,0.));
#3345=DIRECTION('',(0.,0.,-1.));
#3346=DIRECTION('',(1.,0.,0.));
#3347=DIRECTION('',(0.,0.,-1.));
#3348=DIRECTION('',(0.866025403784438,0.5,0.));
#3349=DIRECTION('',(-0.5,0.866025403784439,0.));
#3350=DIRECTION('',(-0.866025403784439,0.499999999999999,0.));
#3351=DIRECTION('',(-0.499999999999999,-0.866025403784439,0.));
#3352=DIRECTION('',(0.866025403784439,0.499999999999999,0.));
#3353=DIRECTION('',(-0.499999999999999,0.866025403784439,0.));
#3354=DIRECTION('',(-0.866025403784439,0.499999999999999,0.));
#3355=DIRECTION('',(-0.499999999999999,-0.866025403784439,0.));
#3356=DIRECTION('',(0.866025403784439,0.499999999999999,0.));
#3357=DIRECTION('',(-0.499999999999999,0.866025403784439,0.));
#3358=DIRECTION('',(-0.866025403784439,0.5,0.));
#3359=DIRECTION('',(-0.5,-0.866025403784439,0.));
#3360=DIRECTION('',(0.866025403784437,-0.500000000000003,0.));
#3361=DIRECTION('',(0.500000000000003,0.866025403784437,0.));
#3362=DIRECTION('',(-0.866025403784437,-0.500000000000003,0.));
#3363=DIRECTION('',(0.500000000000003,-0.866025403784437,0.));
#3364=DIRECTION('',(0.866025403784444,-0.499999999999991,0.));
#3365=DIRECTION('',(0.499999999999991,0.866025403784444,0.));
#3366=DIRECTION('',(-0.866025403784437,-0.500000000000003,0.));
#3367=DIRECTION('',(0.500000000000003,-0.866025403784437,0.));
#3368=DIRECTION('',(-0.866025403784437,-0.500000000000003,0.));
#3369=DIRECTION('',(0.500000000000003,-0.866025403784437,0.));
#3370=DIRECTION('',(0.866025403784437,-0.500000000000003,0.));
#3371=DIRECTION('',(0.500000000000003,0.866025403784437,0.));
#3372=DIRECTION('',(0.,0.,1.));
#3373=DIRECTION('',(1.,0.,0.));
#3374=DIRECTION('',(-0.707106781186547,0.707106781186548,0.));
#3375=DIRECTION('',(-0.707106781186548,-0.707106781186547,0.));
#3376=DIRECTION('',(0.707106781186548,0.707106781186547,-5.89202838197245E-16));
#3377=DIRECTION('',(0.401488399504225,0.401488399504225,0.823173207853044));
#3378=DIRECTION('',(0.,0.,1.));
#3379=DIRECTION('',(-0.401488399504228,-0.401488399504228,0.823173207853042));
#3380=DIRECTION('',(-0.707106781186548,-0.707106781186547,0.));
#3381=DIRECTION('',(0.,0.,-1.));
#3382=DIRECTION('',(0.707106781186547,0.707106781186548,0.));
#3383=DIRECTION('',(-0.707106781186548,0.707106781186547,0.));
#3384=DIRECTION('',(0.401488399504225,-0.401488399504225,-0.823173207853044));
#3385=DIRECTION('',(0.707106781186548,-0.707106781186547,-5.89202838197246E-16));
#3386=DIRECTION('',(-0.707106781186548,0.707106781186547,0.));
#3387=DIRECTION('',(-0.401488399504228,0.401488399504227,-0.823173207853042));
#3388=DIRECTION('',(0.,0.,-1.));
#3389=DIRECTION('',(0.707106781186547,0.707106781186548,0.));
#3390=DIRECTION('',(-0.707106781186548,0.707106781186547,0.));
#3391=DIRECTION('',(0.,0.,-1.));
#3392=DIRECTION('',(0.401488399504225,-0.401488399504225,-0.823173207853044));
#3393=DIRECTION('',(0.707106781186548,-0.707106781186547,-5.89202838197246E-16));
#3394=DIRECTION('',(0.,0.,-1.));
#3395=DIRECTION('',(-0.707106781186548,0.707106781186547,0.));
#3396=DIRECTION('',(-0.401488399504228,0.401488399504227,-0.823173207853042));
#3397=DIRECTION('',(-0.707106781186548,0.707106781186547,0.));
#3398=DIRECTION('',(-0.707106781186547,-0.707106781186548,0.));
#3399=DIRECTION('',(0.707106781186547,0.707106781186548,-5.89202838197245E-16));
#3400=DIRECTION('',(0.401488399504225,0.401488399504225,0.823173207853044));
#3401=DIRECTION('',(0.,0.,1.));
#3402=DIRECTION('',(-0.401488399504228,-0.401488399504228,0.823173207853041));
#3403=DIRECTION('',(-0.707106781186547,-0.707106781186548,0.));
#3404=DIRECTION('',(-0.707106781186547,-0.707106781186548,0.));
#3405=DIRECTION('',(0.707106781186548,-0.707106781186547,0.));
#3406=DIRECTION('',(0.,0.,-1.));
#3407=DIRECTION('',(-0.401488399504225,0.401488399504224,-0.823173207853045));
#3408=DIRECTION('',(-0.707106781186548,0.707106781186547,5.89202838197246E-16));
#3409=DIRECTION('',(0.,0.,-1.));
#3410=DIRECTION('',(0.707106781186548,-0.707106781186547,0.));
#3411=DIRECTION('',(0.401488399504228,-0.401488399504227,-0.823173207853042));
#3412=DIRECTION('',(0.,0.,-1.));
#3413=DIRECTION('',(0.,0.,1.));
#3414=DIRECTION('',(0.707106781186555,-0.70710678118654,0.));
#3415=DIRECTION('',(0.70710678118654,0.707106781186555,0.));
#3416=DIRECTION('',(-0.70710678118654,-0.707106781186555,5.89202838197239E-16));
#3417=DIRECTION('',(-0.401488399504224,-0.401488399504232,0.823173207853042));
#3418=DIRECTION('',(0.,0.,-1.));
#3419=DIRECTION('',(0.,0.,-1.));
#3420=DIRECTION('',(0.,0.,-1.));
#3421=DIRECTION('',(0.401488399504226,0.401488399504235,0.823173207853039));
#3422=DIRECTION('',(0.70710678118654,0.707106781186555,0.));
#3423=DIRECTION('',(-0.707106781186547,-0.707106781186548,0.));
#3424=DIRECTION('',(0.707106781186548,-0.707106781186547,0.));
#3425=DIRECTION('',(0.,0.,-1.));
#3426=DIRECTION('',(-0.401488399504225,0.401488399504224,-0.823173207853045));
#3427=DIRECTION('',(-0.707106781186548,0.707106781186547,5.89202838197246E-16));
#3428=DIRECTION('',(0.,0.,-1.));
#3429=DIRECTION('',(0.707106781186548,-0.707106781186547,0.));
#3430=DIRECTION('',(0.401488399504228,-0.401488399504227,-0.823173207853042));
#3431=DIRECTION('',(0.,0.,-1.));
#3432=DIRECTION('',(0.,0.,1.));
#3433=DIRECTION('',(0.707106781186555,-0.70710678118654,0.));
#3434=DIRECTION('',(0.70710678118654,0.707106781186555,0.));
#3435=DIRECTION('',(-0.70710678118654,-0.707106781186555,5.89202838197239E-16));
#3436=DIRECTION('',(-0.401488399504224,-0.401488399504232,0.823173207853042));
#3437=DIRECTION('',(0.,0.,-1.));
#3438=DIRECTION('',(0.,0.,-1.));
#3439=DIRECTION('',(0.,0.,-1.));
#3440=DIRECTION('',(0.401488399504226,0.401488399504235,0.823173207853039));
#3441=DIRECTION('',(0.70710678118654,0.707106781186555,0.));
#3442=DIRECTION('',(0.,0.,-1.));
#3443=DIRECTION('',(-1.,0.,0.));
#3444=DIRECTION('',(0.,-1.,0.));
#3445=DIRECTION('',(1.,0.,0.));
#3446=DIRECTION('',(0.,-1.,0.));
#3447=DIRECTION('',(-1.,-9.23014419849869E-17,0.));
#3448=DIRECTION('',(0.,1.,0.));
#3449=DIRECTION('',(1.,0.,0.));
#3450=DIRECTION('',(0.,-1.,0.));
#3451=DIRECTION('',(-1.,0.,0.));
#3452=DIRECTION('',(0.,1.,0.));
#3453=DIRECTION('',(1.,0.,0.));
#3454=DIRECTION('',(0.,-1.,0.));
#3455=DIRECTION('',(0.,0.,-1.));
#3456=DIRECTION('',(-1.,0.,0.));
#3457=DIRECTION('',(0.,-1.,0.));
#3458=DIRECTION('',(-4.48193811460543E-15,1.,0.));
#3459=DIRECTION('',(1.,0.,0.));
#3460=DIRECTION('',(0.,-1.,0.));
#3461=DIRECTION('',(-1.,0.,0.));
#3462=DIRECTION('',(1.13826999736011E-15,1.,0.));
#3463=DIRECTION('',(1.,0.,0.));
#3464=DIRECTION('',(0.,-1.,0.));
#3465=DIRECTION('',(-1.,0.,0.));
#3466=DIRECTION('',(0.,-1.,0.));
#3467=DIRECTION('',(1.,0.,0.));
#3468=DIRECTION('',(0.,0.,-1.));
#3469=DIRECTION('',(-1.,0.,0.));
#3470=DIRECTION('',(0.,-1.,0.));
#3471=DIRECTION('',(1.,0.,0.));
#3472=DIRECTION('',(0.,-1.,0.));
#3473=DIRECTION('',(-4.26851249010041E-16,1.,0.));
#3474=DIRECTION('',(1.,0.,0.));
#3475=DIRECTION('',(0.,-1.,0.));
#3476=DIRECTION('',(-1.,0.,0.));
#3477=DIRECTION('',(0.,1.,0.));
#3478=DIRECTION('',(1.,0.,0.));
#3479=DIRECTION('',(0.,-1.,0.));
#3480=DIRECTION('',(0.,0.,1.));
#3481=DIRECTION('',(1.,0.,0.));
#3482=DIRECTION('',(0.,-1.,0.));
#3483=DIRECTION('',(0.,1.,0.));
#3484=DIRECTION('',(-1.,0.,0.));
#3485=DIRECTION('',(0.,-1.,0.));
#3486=DIRECTION('',(1.,0.,0.));
#3487=DIRECTION('',(0.,1.,0.));
#3488=DIRECTION('',(-1.,0.,0.));
#3489=DIRECTION('',(0.,-1.,0.));
#3490=DIRECTION('',(1.,9.23014419849869E-17,0.));
#3491=DIRECTION('',(0.,-1.,0.));
#3492=DIRECTION('',(-1.,0.,0.));
#3493=DIRECTION('',(0.,0.,1.));
#3494=DIRECTION('',(1.,0.,0.));
#3495=DIRECTION('',(0.,-1.,0.));
#3496=DIRECTION('',(-1.,0.,0.));
#3497=DIRECTION('',(0.,-1.,0.));
#3498=DIRECTION('',(0.,1.,0.));
#3499=DIRECTION('',(-1.,0.,0.));
#3500=DIRECTION('',(0.,-1.,0.));
#3501=DIRECTION('',(1.,0.,0.));
#3502=DIRECTION('',(0.,1.,0.));
#3503=DIRECTION('',(-1.,0.,0.));
#3504=DIRECTION('',(4.26851249010041E-16,-1.,0.));
#3505=DIRECTION('',(0.,0.,1.));
#3506=DIRECTION('',(1.,0.,0.));
#3507=DIRECTION('',(0.,-1.,0.));
#3508=DIRECTION('',(-1.,0.,0.));
#3509=DIRECTION('',(0.,-1.,0.));
#3510=DIRECTION('',(1.,0.,0.));
#3511=DIRECTION('',(0.,1.,0.));
#3512=DIRECTION('',(-1.,0.,0.));
#3513=DIRECTION('',(-1.13826999736011E-15,-1.,0.));
#3514=DIRECTION('',(1.,0.,0.));
#3515=DIRECTION('',(0.,1.,0.));
#3516=DIRECTION('',(-1.,0.,0.));
#3517=DIRECTION('',(4.48193811460543E-15,-1.,0.));
#3518=DIRECTION('',(0.,1.,0.));
#3519=DIRECTION('',(0.,0.,1.));
#3520=DIRECTION('',(-1.,0.,0.));
#3521=DIRECTION('',(0.,0.,-1.));
#3522=DIRECTION('',(0.,0.,-1.));
#3523=DIRECTION('',(0.,1.,0.));
#3524=DIRECTION('',(0.,0.,1.));
#3525=DIRECTION('',(1.,0.,0.));
#3526=DIRECTION('',(0.,0.,-1.));
#3527=DIRECTION('',(0.,0.,-1.));
#3528=DIRECTION('',(0.,1.,0.));
#3529=DIRECTION('',(0.,0.,1.));
#3530=DIRECTION('',(-1.,0.,0.));
#3531=DIRECTION('',(0.,0.,-1.));
#3532=DIRECTION('',(0.,0.,-1.));
#3533=DIRECTION('',(0.,1.,0.));
#3534=DIRECTION('',(0.,0.,1.));
#3535=DIRECTION('',(1.,0.,0.));
#3536=DIRECTION('',(0.,0.,-1.));
#3537=DIRECTION('',(0.,0.,-1.));
#3538=DIRECTION('',(0.,1.,0.));
#3539=DIRECTION('',(0.,0.,1.));
#3540=DIRECTION('',(-1.,0.,0.));
#3541=DIRECTION('',(0.,0.,-1.));
#3542=DIRECTION('',(0.,0.,1.));
#3543=DIRECTION('',(0.,1.,0.));
#3544=DIRECTION('',(0.,0.,1.));
#3545=DIRECTION('',(1.,0.,0.));
#3546=DIRECTION('',(0.,0.,1.));
#3547=DIRECTION('',(0.,0.,-1.));
#3548=DIRECTION('',(0.,1.,0.));
#3549=DIRECTION('',(0.,0.,1.));
#3550=DIRECTION('',(-1.,0.,0.));
#3551=DIRECTION('',(0.,0.,-1.));
#3552=DIRECTION('',(0.,0.,1.));
#3553=DIRECTION('',(0.,1.,0.));
#3554=DIRECTION('',(0.,0.,1.));
#3555=DIRECTION('',(1.,0.,0.));
#3556=DIRECTION('',(0.,0.,1.));
#3557=DIRECTION('',(0.,0.,-1.));
#3558=DIRECTION('',(0.,1.,0.));
#3559=DIRECTION('',(0.,0.,1.));
#3560=DIRECTION('',(-1.,0.,0.));
#3561=DIRECTION('',(0.,0.,-1.));
#3562=DIRECTION('',(0.,0.,-1.));
#3563=DIRECTION('',(0.,1.,0.));
#3564=DIRECTION('',(0.,0.,1.));
#3565=DIRECTION('',(1.,0.,0.));
#3566=DIRECTION('',(0.,0.,-1.));
#3567=DIRECTION('',(0.,0.,-1.));
#3568=DIRECTION('',(0.,1.,0.));
#3569=DIRECTION('',(0.,0.,1.));
#3570=DIRECTION('',(-1.,0.,0.));
#3571=DIRECTION('',(0.,0.,-1.));
#3572=DIRECTION('',(0.,0.,1.));
#3573=DIRECTION('',(0.,1.,0.));
#3574=DIRECTION('',(0.,0.,1.));
#3575=DIRECTION('',(1.,0.,0.));
#3576=DIRECTION('',(0.,0.,1.));
#3577=DIRECTION('',(0.,0.,-1.));
#3578=DIRECTION('',(-1.,-4.26851249010041E-16,0.));
#3579=DIRECTION('',(4.26851249010041E-16,-1.,0.));
#3580=DIRECTION('',(4.26851249010041E-16,-1.,0.));
#3581=DIRECTION('',(-1.,-4.26851249010041E-16,0.));
#3582=DIRECTION('',(4.26851249010041E-16,-1.,0.));
#3583=DIRECTION('',(-4.26851249010041E-16,1.,0.));
#3584=DIRECTION('',(1.,0.,0.));
#3585=DIRECTION('',(0.,0.,-1.));
#3586=DIRECTION('',(0.,1.,0.));
#3587=DIRECTION('',(1.,0.,0.));
#3588=DIRECTION('',(0.,0.,-1.));
#3589=DIRECTION('',(0.,-1.,0.));
#3590=DIRECTION('',(-1.,-4.48193811460543E-15,0.));
#3591=DIRECTION('',(4.48193811460543E-15,-1.,0.));
#3592=DIRECTION('',(4.48193811460543E-15,-1.,0.));
#3593=DIRECTION('',(-1.,-4.48193811460543E-15,0.));
#3594=DIRECTION('',(4.48193811460543E-15,-1.,0.));
#3595=DIRECTION('',(-4.48193811460543E-15,1.,0.));
#3596=DIRECTION('',(1.,0.,0.));
#3597=DIRECTION('',(0.,0.,-1.));
#3598=DIRECTION('',(0.,1.,0.));
#3599=DIRECTION('',(1.,0.,0.));
#3600=DIRECTION('',(0.,0.,-1.));
#3601=DIRECTION('',(0.,-1.,0.));
#3602=DIRECTION('',(-1.,0.,0.));
#3603=DIRECTION('',(0.,0.,1.));
#3604=DIRECTION('',(0.,0.,-1.));
#3605=DIRECTION('',(0.,-1.,0.));
#3606=DIRECTION('',(-1.,0.,0.));
#3607=DIRECTION('',(0.,0.,1.));
#3608=DIRECTION('',(0.,1.,0.));
#3609=DIRECTION('',(0.,0.,-1.));
#3610=DIRECTION('',(1.,0.,0.));
#3611=DIRECTION('',(0.,0.,-1.));
#3612=DIRECTION('',(0.,1.,0.));
#3613=DIRECTION('',(0.,0.,-1.));
#3614=DIRECTION('',(1.,0.,0.));
#3615=DIRECTION('',(0.,0.,-1.));
#3616=DIRECTION('',(0.,0.,-1.));
#3617=DIRECTION('',(0.,-1.,0.));
#3618=DIRECTION('',(-1.,0.,0.));
#3619=DIRECTION('',(0.,0.,1.));
#3620=DIRECTION('',(0.,0.,-1.));
#3621=DIRECTION('',(0.,-1.,0.));
#3622=DIRECTION('',(-1.,0.,0.));
#3623=DIRECTION('',(0.,0.,1.));
#3624=DIRECTION('',(0.,1.,0.));
#3625=DIRECTION('',(0.,0.,-1.));
#3626=DIRECTION('',(1.,0.,0.));
#3627=DIRECTION('',(0.,0.,-1.));
#3628=DIRECTION('',(0.,1.,0.));
#3629=DIRECTION('',(0.,0.,-1.));
#3630=DIRECTION('',(1.,0.,0.));
#3631=DIRECTION('',(0.,0.,-1.));
#3632=DIRECTION('',(0.,0.,-1.));
#3633=DIRECTION('',(0.,-1.,0.));
#3634=DIRECTION('',(1.,0.,0.));
#3635=DIRECTION('',(0.,0.,-1.));
#3636=DIRECTION('',(0.,1.,0.));
#3637=DIRECTION('',(0.,0.,-1.));
#3638=DIRECTION('',(1.,0.,0.));
#3639=DIRECTION('',(0.,0.,-1.));
#3640=DIRECTION('',(0.,0.,-1.));
#3641=DIRECTION('',(0.,-1.,0.));
#3642=DIRECTION('',(-1.,0.,0.));
#3643=DIRECTION('',(0.,0.,1.));
#3644=DIRECTION('',(0.,0.,-1.));
#3645=DIRECTION('',(0.,-1.,0.));
#3646=DIRECTION('',(-1.,0.,0.));
#3647=DIRECTION('',(0.,0.,1.));
#3648=DIRECTION('',(0.,1.,0.));
#3649=DIRECTION('',(0.,0.,-1.));
#3650=DIRECTION('',(-1.,1.13826999736011E-15,0.));
#3651=DIRECTION('',(-1.13826999736011E-15,-1.,0.));
#3652=DIRECTION('',(0.,0.,-1.));
#3653=DIRECTION('',(-1.13826999736011E-15,-1.,0.));
#3654=DIRECTION('',(-1.,1.13826999736011E-15,0.));
#3655=DIRECTION('',(-1.13826999736011E-15,-1.,0.));
#3656=DIRECTION('',(1.13826999736011E-15,1.,0.));
#3657=DIRECTION('',(0.,0.,-1.));
#3658=DIRECTION('',(1.,0.,0.));
#3659=DIRECTION('',(0.,0.,-1.));
#3660=DIRECTION('',(0.,1.,0.));
#3661=DIRECTION('',(0.,0.,-1.));
#3662=DIRECTION('',(1.,0.,0.));
#3663=DIRECTION('',(0.,0.,-1.));
#3664=DIRECTION('',(0.,0.,-1.));
#3665=DIRECTION('',(0.,-1.,0.));
#3666=DIRECTION('',(0.,0.,1.));
#3667=DIRECTION('',(1.,0.,0.));
#3668=DIRECTION('',(0.,-1.,0.));
#3669=DIRECTION('',(1.,0.,0.));
#3670=DIRECTION('',(0.,-1.,0.));
#3671=DIRECTION('',(-1.,0.,0.));
#3672=DIRECTION('',(-1.,0.,0.));
#3673=DIRECTION('',(0.,0.,1.));
#3674=DIRECTION('',(0.,0.,1.));
#3675=DIRECTION('',(0.,-1.,0.));
#3676=DIRECTION('',(0.,0.,-1.));
#3677=DIRECTION('',(0.,0.,-1.));
#3678=DIRECTION('',(-1.,0.,0.));
#3679=DIRECTION('',(-1.,0.,0.));
#3680=DIRECTION('',(0.,-1.,0.));
#3681=DIRECTION('',(1.,0.,0.));
#3682=DIRECTION('',(0.,0.,1.));
#3683=DIRECTION('',(1.,0.,0.));
#3684=DIRECTION('',(0.,-1.,0.));
#3685=DIRECTION('',(1.,0.,0.));
#3686=DIRECTION('',(0.,-1.,0.));
#3687=DIRECTION('',(-1.,0.,0.));
#3688=DIRECTION('',(-1.,0.,0.));
#3689=DIRECTION('',(0.,0.,1.));
#3690=DIRECTION('',(0.,0.,1.));
#3691=DIRECTION('',(0.,-1.,0.));
#3692=DIRECTION('',(0.,0.,-1.));
#3693=DIRECTION('',(0.,0.,-1.));
#3694=DIRECTION('',(-1.,0.,0.));
#3695=DIRECTION('',(-1.,0.,0.));
#3696=DIRECTION('',(0.,-1.,0.));
#3697=DIRECTION('',(1.,0.,0.));
#3698=DIRECTION('',(0.,0.,1.));
#3699=DIRECTION('',(1.,0.,0.));
#3700=DIRECTION('',(0.,-1.,0.));
#3701=DIRECTION('',(1.,0.,0.));
#3702=DIRECTION('',(0.,-1.,0.));
#3703=DIRECTION('',(-1.,0.,0.));
#3704=DIRECTION('',(-1.,0.,0.));
#3705=DIRECTION('',(0.,0.,1.));
#3706=DIRECTION('',(0.,0.,1.));
#3707=DIRECTION('',(0.,-1.,0.));
#3708=DIRECTION('',(0.,0.,-1.));
#3709=DIRECTION('',(0.,0.,-1.));
#3710=DIRECTION('',(-1.,0.,0.));
#3711=DIRECTION('',(-1.,0.,0.));
#3712=DIRECTION('',(0.,-1.,0.));
#3713=DIRECTION('',(1.,0.,0.));
#3714=DIRECTION('',(1.,0.,0.));
#3715=DIRECTION('',(0.,0.,-1.));
#3716=DIRECTION('',(0.,0.,-1.));
#3717=DIRECTION('',(0.,0.,1.));
#3718=DIRECTION('',(1.,0.,0.));
#3719=DIRECTION('',(0.,0.,-1.));
#3720=DIRECTION('',(0.,0.,-1.));
#3721=DIRECTION('',(0.,0.,1.));
#3722=DIRECTION('',(1.,0.,0.));
#3723=DIRECTION('',(0.,0.,-1.));
#3724=DIRECTION('',(0.,0.,-1.));
#3725=DIRECTION('',(0.,0.,1.));
#3726=DIRECTION('',(1.,0.,0.));
#3727=DIRECTION('',(0.,0.,-1.));
#3728=DIRECTION('',(0.,0.,-1.));
#3729=DIRECTION('',(0.,1.,0.));
#3730=DIRECTION('',(0.,0.,1.));
#3731=DIRECTION('',(0.,-1.,0.));
#3732=DIRECTION('',(0.,0.,-1.));
#3733=DIRECTION('',(0.,-1.,0.));
#3734=DIRECTION('',(0.,0.,1.));
#3735=DIRECTION('',(0.,1.,0.));
#3736=DIRECTION('',(1.,0.,0.));
#3737=DIRECTION('',(0.,0.,-1.));
#3738=DIRECTION('',(0.,0.,-1.));
#3739=DIRECTION('',(0.,0.,1.));
#3740=DIRECTION('',(0.,1.,0.));
#3741=DIRECTION('',(1.,0.,0.));
#3742=DIRECTION('',(0.,0.,-1.));
#3743=DIRECTION('',(0.,0.,-1.));
#3744=DIRECTION('',(0.,-1.,0.));
#3745=DIRECTION('',(0.,0.,1.));
#3746=DIRECTION('',(-1.,0.,0.));
#3747=DIRECTION('',(0.,0.,1.));
#3748=DIRECTION('',(0.,0.,1.));
#3749=DIRECTION('',(0.,0.,-1.));
#3750=DIRECTION('',(0.,0.,-1.));
#3751=DIRECTION('',(-1.,0.,0.));
#3752=DIRECTION('',(-1.,-9.23014419849869E-17,0.));
#3753=DIRECTION('',(-1.,0.,0.));
#3754=DIRECTION('',(0.,0.,1.));
#3755=DIRECTION('',(1.,0.,0.));
#3756=DIRECTION('',(1.,9.23014419849869E-17,0.));
#3757=DIRECTION('',(-1.,0.,0.));
#3758=DIRECTION('',(0.,1.,0.));
#3759=DIRECTION('',(0.,0.,1.));
#3760=DIRECTION('',(0.,1.,0.));
#3761=DIRECTION('',(0.,0.,1.));
#3762=DIRECTION('',(0.,1.,0.));
#3763=DIRECTION('',(0.,0.,1.));
#3764=DIRECTION('',(0.,-1.,0.));
#3765=DIRECTION('',(0.,0.,-1.));
#3766=DIRECTION('',(-1.,0.,0.));
#3767=DIRECTION('',(-1.,0.,0.));
#3768=DIRECTION('',(0.,0.,1.));
#3769=DIRECTION('',(0.,0.,-1.));
#3770=DIRECTION('',(-1.,0.,0.));
#3771=DIRECTION('',(-1.,0.,0.));
#3772=DIRECTION('',(0.,-1.,0.));
#3773=DIRECTION('',(0.,1.,0.));
#3774=DIRECTION('',(0.,0.,1.));
#3775=DIRECTION('',(-1.,0.,0.));
#3776=DIRECTION('',(0.,0.,-1.));
#3777=DIRECTION('',(0.,0.,1.));
#3778=DIRECTION('',(1.,0.,0.));
#3779=DIRECTION('',(0.,1.,0.));
#3780=DIRECTION('',(1.,0.,0.));
#3781=DIRECTION('',(0.,0.,-1.));
#3782=DIRECTION('',(9.23014419849869E-17,-1.,0.));
#3783=DIRECTION('',(1.,9.23014419849869E-17,0.));
#3784=DIRECTION('',(-1.,0.,0.));
#3785=DIRECTION('',(-1.,0.,0.));
#3786=DIRECTION('',(-1.,0.,0.));
#3787=DIRECTION('',(-1.,0.,0.));
#3788=DIRECTION('',(0.,-1.,0.));
#3789=DIRECTION('',(0.,0.,-1.));
#3790=DIRECTION('',(-1.,0.,0.));
#3791=DIRECTION('',(-1.,0.,0.));
#3792=DIRECTION('',(-1.,0.,0.));
#3793=DIRECTION('',(-1.,0.,0.));
#3794=DIRECTION('',(0.,-1.,0.));
#3795=DIRECTION('',(0.,0.,-1.));
#3796=DIRECTION('',(-1.,0.,0.));
#3797=DIRECTION('',(-1.,0.,0.));
#3798=DIRECTION('',(-1.,0.,0.));
#3799=DIRECTION('',(-1.,0.,0.));
#3800=DIRECTION('',(0.,0.,1.));
#3801=DIRECTION('',(1.,0.,0.));
#3802=DIRECTION('',(0.,0.,-1.));
#3803=DIRECTION('',(-1.,0.,0.));
#3804=DIRECTION('',(0.,0.,1.));
#3805=DIRECTION('',(1.,0.,0.));
#3806=DIRECTION('',(0.,0.,-1.));
#3807=DIRECTION('',(-1.,0.,0.));
#3808=DIRECTION('',(0.,0.,1.));
#3809=DIRECTION('',(1.,0.,0.));
#3810=DIRECTION('',(0.,0.,-1.));
#3811=DIRECTION('',(-1.,0.,0.));
#3812=DIRECTION('',(0.,0.,1.));
#3813=DIRECTION('',(1.,0.,0.));
#3814=DIRECTION('',(0.,0.,-1.));
#3815=DIRECTION('',(-1.,0.,0.));
#3816=DIRECTION('',(0.,0.,1.));
#3817=DIRECTION('',(1.,0.,0.));
#3818=DIRECTION('',(0.,0.,-1.));
#3819=DIRECTION('',(-1.,0.,0.));
#3820=DIRECTION('',(0.,0.,-1.));
#3821=DIRECTION('',(-1.,0.,0.));
#3822=DIRECTION('',(0.,0.,1.));
#3823=DIRECTION('',(1.,0.,0.));
#3824=DIRECTION('',(0.,0.,-1.));
#3825=DIRECTION('',(-1.,0.,0.));
#3826=DIRECTION('',(0.,-1.,0.));
#3827=DIRECTION('',(0.,-1.,0.));
#3828=DIRECTION('',(0.898794046299167,0.,-0.438371146789077));
#3829=DIRECTION('',(-0.438371146789077,0.,-0.898794046299167));
#3830=DIRECTION('',(-0.898794046299167,0.,-0.438371146789078));
#3831=DIRECTION('',(-0.438371146789078,0.,0.898794046299167));
#3832=DIRECTION('',(0.898794046299167,0.,-0.438371146789077));
#3833=DIRECTION('',(-0.438371146789077,0.,-0.898794046299167));
#3834=DIRECTION('',(0.,-1.,0.));
#3835=DIRECTION('',(0.,0.,-1.));
#3836=DIRECTION('',(-1.,0.,0.));
#3837=DIRECTION('',(0.,-1.,0.));
#3838=DIRECTION('',(-0.898794046299167,0.,-0.438371146789078));
#3839=DIRECTION('',(-0.438371146789078,0.,0.898794046299167));
#3840=DIRECTION('',(-0.898794046299169,0.,0.438371146789074));
#3841=DIRECTION('',(0.438371146789074,0.,0.898794046299169));
#3842=DIRECTION('',(0.,-1.,0.));
#3843=DIRECTION('',(0.898794046299169,0.,0.438371146789074));
#3844=DIRECTION('',(0.438371146789074,0.,-0.898794046299169));
#3845=DIRECTION('',(0.,-1.,0.));
#3846=DIRECTION('',(8.33258644767265E-16,0.,1.));
#3847=DIRECTION('',(1.,0.,-8.33258644767265E-16));
#3848=DIRECTION('',(-0.898794046299169,0.,0.438371146789074));
#3849=DIRECTION('',(0.438371146789074,0.,0.898794046299169));
#3850=DIRECTION('',(0.,-1.,0.));
#3851=DIRECTION('',(8.33258644767265E-16,0.,1.));
#3852=DIRECTION('',(1.,0.,-8.33258644767265E-16));
#3853=DIRECTION('',(0.,-1.,0.));
#3854=DIRECTION('',(0.898794046299169,0.,0.438371146789074));
#3855=DIRECTION('',(0.438371146789074,0.,-0.898794046299169));
#3856=DIRECTION('',(0.,0.,1.));
#3857=DIRECTION('',(1.,0.,0.));
#3858=CARTESIAN_POINT('',(0.,0.,0.));
#3859=CARTESIAN_POINT('',(-0.1125,0.,0.0125));
#3860=CARTESIAN_POINT('',(-0.105571796769725,0.,0.1));
#3861=CARTESIAN_POINT('',(-0.105571796769725,0.,0.0125));
#3862=CARTESIAN_POINT('',(-0.105571796769725,0.,-0.0125));
#3863=CARTESIAN_POINT('',(-0.1125,0.,-0.0125));
#3864=CARTESIAN_POINT('',(-0.0944282032302754,0.,-0.0125));
#3865=CARTESIAN_POINT('',(-0.0944282032302754,0.,0.1));
#3866=CARTESIAN_POINT('',(-0.0944282032302754,0.,0.0125));
#3867=CARTESIAN_POINT('',(-0.1125,0.,0.0125));
#3868=CARTESIAN_POINT('',(-0.1125,0.,0.0125));
#3869=CARTESIAN_POINT('',(0.105571796769725,0.,0.1));
#3870=CARTESIAN_POINT('',(0.105571796769725,0.,0.0125));
#3871=CARTESIAN_POINT('',(0.105571796769725,0.,-0.0125));
#3872=CARTESIAN_POINT('',(-0.1125,0.,0.0125));
#3873=CARTESIAN_POINT('',(0.0944282032302754,0.,0.0125));
#3874=CARTESIAN_POINT('',(0.0944282032302754,0.,0.1));
#3875=CARTESIAN_POINT('',(0.0944282032302754,0.,-0.0125));
#3876=CARTESIAN_POINT('',(-0.1125,0.,-0.0125));
#3877=CARTESIAN_POINT('',(-0.1125,0.,0.0125));
#3878=CARTESIAN_POINT('',(0.00557179676972433,-2.13425624505021E-18,0.1));
#3879=CARTESIAN_POINT('',(0.00557179676972433,-2.13425624505021E-18,0.0125));
#3880=CARTESIAN_POINT('',(0.00557179676972433,-2.13425624505021E-18,-0.0125));
#3881=CARTESIAN_POINT('',(-0.1125,0.,0.0125));
#3882=CARTESIAN_POINT('',(-0.00557179676972436,0.,0.0125));
#3883=CARTESIAN_POINT('',(-0.00557179676972436,0.,0.1));
#3884=CARTESIAN_POINT('',(-0.00557179676972436,0.,-0.0125));
#3885=CARTESIAN_POINT('',(-0.1125,0.,-0.0125));
#3886=CARTESIAN_POINT('',(0.,0.,-0.0125));
#3887=CARTESIAN_POINT('',(-0.0791788475772931,-0.0457139289628749,-0.0125));
#3888=CARTESIAN_POINT('',(-0.1125,0.012,-0.0125));
#3889=CARTESIAN_POINT('',(-0.1125,0.335,-0.0125));
#3890=CARTESIAN_POINT('',(-0.1125,0.18,-0.0125));
#3891=CARTESIAN_POINT('',(0.,0.18,-0.0125));
#3892=CARTESIAN_POINT('',(-0.0875,0.18,-0.0125));
#3893=CARTESIAN_POINT('',(-0.0875,0.,-0.0125));
#3894=CARTESIAN_POINT('',(-0.0875,0.0120000000000001,-0.0125));
#3895=CARTESIAN_POINT('',(-0.0708211524227074,0.0408886114155686,-0.0125));
#3896=CARTESIAN_POINT('',(0.,0.,-0.0125));
#3897=CARTESIAN_POINT('',(0.0791788475772931,-0.0457139289628749,-0.0125));
#3898=CARTESIAN_POINT('',(0.1125,0.0119999999999999,-0.0125));
#3899=CARTESIAN_POINT('',(0.0708211524227063,0.0408886114155693,-0.0125));
#3900=CARTESIAN_POINT('',(0.0874999999999998,0.012,-0.0125));
#3901=CARTESIAN_POINT('',(0.0875,0.,-0.0125));
#3902=CARTESIAN_POINT('',(0.0875,0.18,-0.0125));
#3903=CARTESIAN_POINT('',(0.,0.18,-0.0125));
#3904=CARTESIAN_POINT('',(0.1125,0.18,-0.0125));
#3905=CARTESIAN_POINT('',(0.1125,0.,-0.0125));
#3906=CARTESIAN_POINT('',(0.,0.,-0.0125));
#3907=CARTESIAN_POINT('',(0.00417884757729323,-0.00241265877365268,-0.0125));
#3908=CARTESIAN_POINT('',(0.0125,0.0120000000000002,-0.0125));
#3909=CARTESIAN_POINT('',(-0.00417884757729325,-0.00241265877365269,-0.0125));
#3910=CARTESIAN_POINT('',(-0.0124999999999999,0.012,-0.0125));
#3911=CARTESIAN_POINT('',(-0.0125,2.96424478479195E-19,-0.0125));
#3912=CARTESIAN_POINT('',(-0.0125,0.18,-0.0125));
#3913=CARTESIAN_POINT('',(0.,0.18,-0.0125));
#3914=CARTESIAN_POINT('',(0.0125,0.18,-0.0125));
#3915=CARTESIAN_POINT('',(0.0125,0.,-0.0125));
#3916=CARTESIAN_POINT('',(0.,0.,0.0125));
#3917=CARTESIAN_POINT('',(-0.1125,0.335,0.0125));
#3918=CARTESIAN_POINT('',(-0.1125,0.18,0.0125));
#3919=CARTESIAN_POINT('',(-0.1125,0.0119999999999998,0.0125));
#3920=CARTESIAN_POINT('',(-0.0791788475772931,-0.0457139289628749,0.0125));
#3921=CARTESIAN_POINT('',(-0.0708211524227074,0.0408886114155686,0.0125));
#3922=CARTESIAN_POINT('',(-0.0875000000000001,0.012,0.0125));
#3923=CARTESIAN_POINT('',(-0.0875,0.,0.0125));
#3924=CARTESIAN_POINT('',(-0.0875,0.18,0.0125));
#3925=CARTESIAN_POINT('',(0.,0.18,0.0125));
#3926=CARTESIAN_POINT('',(0.,0.,0.0125));
#3927=CARTESIAN_POINT('',(0.0791788475772931,-0.0457139289628749,0.0125));
#3928=CARTESIAN_POINT('',(0.1125,0.0120000000000001,0.0125));
#3929=CARTESIAN_POINT('',(0.1125,0.,0.0125));
#3930=CARTESIAN_POINT('',(0.1125,0.18,0.0125));
#3931=CARTESIAN_POINT('',(0.,0.18,0.0125));
#3932=CARTESIAN_POINT('',(0.0875,0.18,0.0125));
#3933=CARTESIAN_POINT('',(0.0875,0.,0.0125));
#3934=CARTESIAN_POINT('',(0.0875,0.012,0.0125));
#3935=CARTESIAN_POINT('',(0.0708211524227063,0.0408886114155693,0.0125));
#3936=CARTESIAN_POINT('',(0.,0.,0.0125));
#3937=CARTESIAN_POINT('',(0.00417884757729323,-0.00241265877365268,0.0125));
#3938=CARTESIAN_POINT('',(0.0124999999999999,0.012,0.0125));
#3939=CARTESIAN_POINT('',(0.0125,0.,0.0125));
#3940=CARTESIAN_POINT('',(0.0125,0.18,0.0125));
#3941=CARTESIAN_POINT('',(0.,0.18,0.0125));
#3942=CARTESIAN_POINT('',(-0.0125,0.18,0.0125));
#3943=CARTESIAN_POINT('',(-0.0125,2.96424478479195E-19,0.0125));
#3944=CARTESIAN_POINT('',(-0.0125,0.012,0.0125));
#3945=CARTESIAN_POINT('',(-0.00417884757729325,-0.00241265877365269,0.0125));
#3946=CARTESIAN_POINT('',(0.1125,0.,0.0125));
#3947=CARTESIAN_POINT('',(0.1125,0.0119999999999999,0.0125));
#3948=CARTESIAN_POINT('',(0.1125,0.18,0.0125));
#3949=CARTESIAN_POINT('',(-0.1125,0.335,0.0125));
#3950=CARTESIAN_POINT('',(-0.1125,0.0119999999999998,0.0125));
#3951=CARTESIAN_POINT('',(-0.1125,0.18,0.0125));
#3952=CARTESIAN_POINT('',(-0.0125,0.,0.1));
#3953=CARTESIAN_POINT('',(-0.0124999999999999,0.012,0.1));
#3954=CARTESIAN_POINT('',(-0.0125,0.18,0.1));
#3955=CARTESIAN_POINT('',(-0.0875,0.18,0.1));
#3956=CARTESIAN_POINT('',(-0.0875,0.0120000000000001,0.1));
#3957=CARTESIAN_POINT('',(-0.0875,0.18,0.1));
#3958=CARTESIAN_POINT('',(0.0875,-0.155,0.1));
#3959=CARTESIAN_POINT('',(0.0874999999999998,0.012,0.1));
#3960=CARTESIAN_POINT('',(0.0875,0.18,0.1));
#3961=CARTESIAN_POINT('',(0.0125,0.18,0.1));
#3962=CARTESIAN_POINT('',(0.0125,0.0120000000000002,0.1));
#3963=CARTESIAN_POINT('',(0.0125,0.18,0.1));
#3964=CARTESIAN_POINT('',(0.1125,0.335,0.0125));
#3965=CARTESIAN_POINT('',(-0.105571796769724,0.335,0.1));
#3966=CARTESIAN_POINT('',(-0.105571796769724,0.335,0.00557179676972449));
#3967=CARTESIAN_POINT('',(-0.105571796769724,0.335,-0.00557179676972449));
#3968=CARTESIAN_POINT('',(0.3,0.335,0.0055717967697245));
#3969=CARTESIAN_POINT('',(-0.0944282032302755,0.335,0.00557179676972449));
#3970=CARTESIAN_POINT('',(-0.0944282032302755,0.335,0.1));
#3971=CARTESIAN_POINT('',(-0.0944282032302755,0.335,-0.0055717967697245));
#3972=CARTESIAN_POINT('',(0.3,0.335,-0.0055717967697245));
#3973=CARTESIAN_POINT('',(0.1125,0.335,0.0125));
#3974=CARTESIAN_POINT('',(-0.00557179676972447,0.335,0.1));
#3975=CARTESIAN_POINT('',(-0.00557179676972447,0.335,0.00557179676972449));
#3976=CARTESIAN_POINT('',(-0.00557179676972447,0.335,-0.00557179676972449));
#3977=CARTESIAN_POINT('',(0.3,0.335,0.0055717967697245));
#3978=CARTESIAN_POINT('',(0.00557179676972453,0.335,0.0055717967697245));
#3979=CARTESIAN_POINT('',(0.0055717967697245,0.335,0.1));
#3980=CARTESIAN_POINT('',(0.00557179676972448,0.335,-0.00557179676972449));
#3981=CARTESIAN_POINT('',(0.3,0.335,-0.0055717967697245));
#3982=CARTESIAN_POINT('',(0.1125,0.335,0.0125));
#3983=CARTESIAN_POINT('',(0.0944282032302755,0.335,0.1));
#3984=CARTESIAN_POINT('',(0.0944282032302755,0.335,0.00557179676972449));
#3985=CARTESIAN_POINT('',(0.0944282032302755,0.335,-0.00557179676972449));
#3986=CARTESIAN_POINT('',(0.3,0.335,0.0055717967697245));
#3987=CARTESIAN_POINT('',(0.105571796769725,0.335,0.00557179676972449));
#3988=CARTESIAN_POINT('',(0.105571796769725,0.335,0.1));
#3989=CARTESIAN_POINT('',(0.105571796769725,0.335,-0.00557179676972448));
#3990=CARTESIAN_POINT('',(0.3,0.335,-0.0055717967697245));
#3991=CARTESIAN_POINT('',(-0.1125,0.335,0.0125));
#3992=CARTESIAN_POINT('',(-0.1125,0.323,0.1));
#3993=CARTESIAN_POINT('',(-0.1125,0.323,0.0125));
#3994=CARTESIAN_POINT('',(-0.1125,0.323,-0.0125));
#3995=CARTESIAN_POINT('',(-0.1125,0.335,-0.0125));
#3996=CARTESIAN_POINT('',(-0.1125,0.185,-0.0125));
#3997=CARTESIAN_POINT('',(-0.1125,0.185,0.0125));
#3998=CARTESIAN_POINT('',(-0.1125,0.185,0.0125));
#3999=CARTESIAN_POINT('',(-0.1125,0.335,0.0125));
#4000=CARTESIAN_POINT('',(0.1125,0.,0.0125));
#4001=CARTESIAN_POINT('',(0.1125,0.323,0.1));
#4002=CARTESIAN_POINT('',(0.1125,0.323,0.0125));
#4003=CARTESIAN_POINT('',(0.1125,0.323,-0.0124999999999999));
#4004=CARTESIAN_POINT('',(0.1125,0.,0.0125));
#4005=CARTESIAN_POINT('',(0.1125,0.185,0.0125));
#4006=CARTESIAN_POINT('',(0.1125,0.185,0.0125));
#4007=CARTESIAN_POINT('',(0.1125,0.185,-0.0125));
#4008=CARTESIAN_POINT('',(0.1125,0.,-0.0125));
#4009=CARTESIAN_POINT('',(0.0125,0.335,0.1));
#4010=CARTESIAN_POINT('',(0.0125,0.,-0.0125));
#4011=CARTESIAN_POINT('',(0.0125,0.185,-0.0125));
#4012=CARTESIAN_POINT('',(0.0125,0.323,-0.0125));
#4013=CARTESIAN_POINT('',(0.0125,0.323,0.1));
#4014=CARTESIAN_POINT('',(0.0125,0.323,0.0125));
#4015=CARTESIAN_POINT('',(0.0125,0.,0.0125));
#4016=CARTESIAN_POINT('',(0.0125,0.185,0.0125));
#4017=CARTESIAN_POINT('',(0.0125,0.185,0.1));
#4018=CARTESIAN_POINT('',(0.0875,0.185,0.1));
#4019=CARTESIAN_POINT('',(0.0875,0.,0.0125));
#4020=CARTESIAN_POINT('',(0.0875000000000001,0.323,0.0125));
#4021=CARTESIAN_POINT('',(0.0875,0.185,0.0125));
#4022=CARTESIAN_POINT('',(0.0875,0.323,0.1));
#4023=CARTESIAN_POINT('',(0.0875,0.323,-0.0125));
#4024=CARTESIAN_POINT('',(0.0875,0.,-0.0125));
#4025=CARTESIAN_POINT('',(0.0875,0.185,-0.0125));
#4026=CARTESIAN_POINT('',(0.0875,0.185,0.1));
#4027=CARTESIAN_POINT('',(-0.0125,0.185,0.1));
#4028=CARTESIAN_POINT('',(-0.0125,0.,0.0125));
#4029=CARTESIAN_POINT('',(-0.0124999999999998,0.323,0.0125));
#4030=CARTESIAN_POINT('',(-0.0125,0.185,0.0125));
#4031=CARTESIAN_POINT('',(-0.0125,0.323,0.1));
#4032=CARTESIAN_POINT('',(-0.0125,0.323,-0.0125));
#4033=CARTESIAN_POINT('',(-0.0125,0.,-0.0125));
#4034=CARTESIAN_POINT('',(-0.0125,0.185,-0.0125));
#4035=CARTESIAN_POINT('',(-0.0125,0.185,0.1));
#4036=CARTESIAN_POINT('',(-0.0875,0.52,0.1));
#4037=CARTESIAN_POINT('',(-0.0875,0.,-0.0125));
#4038=CARTESIAN_POINT('',(-0.0875,0.185,-0.0125));
#4039=CARTESIAN_POINT('',(-0.0875,0.323,-0.0125));
#4040=CARTESIAN_POINT('',(-0.0875,0.323,0.1));
#4041=CARTESIAN_POINT('',(-0.0875,0.323,0.0125));
#4042=CARTESIAN_POINT('',(-0.0875,0.,0.0125));
#4043=CARTESIAN_POINT('',(-0.0875,0.185,0.0125));
#4044=CARTESIAN_POINT('',(-0.0875,0.185,0.1));
#4045=CARTESIAN_POINT('',(0.3,0.335,-0.0055717967697245));
#4046=CARTESIAN_POINT('',(0.3,0.323,-0.0125));
#4047=CARTESIAN_POINT('',(-0.0244574374157795,0.475494191624433,0.0755425625842202));
#4048=CARTESIAN_POINT('',(-0.0155425625842206,0.198366062413412,-0.0844574374157793));
#4049=CARTESIAN_POINT('',(0.3,0.323,0.0125));
#4050=CARTESIAN_POINT('',(-0.0299999999999999,0.465894191624433,-0.0699999999999998));
#4051=CARTESIAN_POINT('',(0.3,0.323,0.0125));
#4052=CARTESIAN_POINT('',(-0.0100000000000002,0.188766062413412,0.0899999999999997));
#4053=CARTESIAN_POINT('',(0.3,0.335,-0.0055717967697245));
#4054=CARTESIAN_POINT('',(0.3,0.323,-0.0125));
#4055=CARTESIAN_POINT('',(0.0555425625842203,0.440853175473055,0.0555425625842202));
#4056=CARTESIAN_POINT('',(0.0644574374157795,0.23300707856479,-0.0644574374157794));
#4057=CARTESIAN_POINT('',(0.3,0.323,0.0125));
#4058=CARTESIAN_POINT('',(0.0499999999999999,0.431253175473055,-0.0499999999999998));
#4059=CARTESIAN_POINT('',(0.3,0.323,0.0125));
#4060=CARTESIAN_POINT('',(0.0699999999999999,0.22340707856479,0.0699999999999998));
#4061=CARTESIAN_POINT('',(0.3,0.335,-0.0055717967697245));
#4062=CARTESIAN_POINT('',(0.3,0.323,-0.0125));
#4063=CARTESIAN_POINT('',(0.13554256258422,0.406212159321677,0.0355425625842202));
#4064=CARTESIAN_POINT('',(0.14445743741578,0.267648094716167,-0.0444574374157795));
#4065=CARTESIAN_POINT('',(0.3,0.323,0.0125));
#4066=CARTESIAN_POINT('',(0.13,0.396612159321677,-0.0299999999999998));
#4067=CARTESIAN_POINT('',(0.3,0.323,0.0125));
#4068=CARTESIAN_POINT('',(0.15,0.258048094716167,0.0499999999999999));
#4069=CARTESIAN_POINT('',(0.,0.,0.0125));
#4070=CARTESIAN_POINT('',(0.,0.185,0.0125));
#4071=CARTESIAN_POINT('',(0.,0.,0.0125));
#4072=CARTESIAN_POINT('',(0.,0.185,0.0125));
#4073=CARTESIAN_POINT('',(0.,0.,0.0125));
#4074=CARTESIAN_POINT('',(0.,0.185,0.0125));
#4075=CARTESIAN_POINT('',(0.,0.,-0.0125));
#4076=CARTESIAN_POINT('',(0.,0.185,-0.0125));
#4077=CARTESIAN_POINT('',(0.,0.,-0.0125));
#4078=CARTESIAN_POINT('',(0.,0.185,-0.0125));
#4079=CARTESIAN_POINT('',(0.,0.,-0.0125));
#4080=CARTESIAN_POINT('',(0.,0.185,-0.0125));
#4081=CARTESIAN_POINT('',(0.1175,0.185,-0.0175));
#4082=CARTESIAN_POINT('',(0.1175,0.185,-0.0175));
#4083=CARTESIAN_POINT('',(0.1175,0.185,-0.0175));
#4084=CARTESIAN_POINT('',(-0.1175,0.185,-0.0175));
#4085=CARTESIAN_POINT('',(-0.1175,0.185,-0.0175));
#4086=CARTESIAN_POINT('',(-0.1175,0.185,0.0175));
#4087=CARTESIAN_POINT('',(0.1175,0.185,0.0175));
#4088=CARTESIAN_POINT('',(0.1175,0.185,0.0175));
#4089=CARTESIAN_POINT('',(0.1175,0.185,-0.0175));
#4090=CARTESIAN_POINT('',(0.1175,0.185,0.0175));
#4091=CARTESIAN_POINT('',(-0.1175,0.185,0.0175));
#4092=CARTESIAN_POINT('',(-0.1175,0.18,0.0175));
#4093=CARTESIAN_POINT('',(0.1175,0.18,0.0175));
#4094=CARTESIAN_POINT('',(0.1175,0.18,0.0175));
#4095=CARTESIAN_POINT('',(0.1175,0.185,0.0175));
#4096=CARTESIAN_POINT('',(0.1175,0.18,0.0175));
#4097=CARTESIAN_POINT('',(-0.1175,0.18,0.0175));
#4098=CARTESIAN_POINT('',(-0.1175,0.18,-0.0175));
#4099=CARTESIAN_POINT('',(0.1175,0.18,-0.0175));
#4100=CARTESIAN_POINT('',(0.1175,0.18,-0.0175));
#4101=CARTESIAN_POINT('',(0.1175,0.18,0.0175));
#4102=CARTESIAN_POINT('',(0.1175,0.18,-0.0175));
#4103=CARTESIAN_POINT('',(-0.1175,0.18,-0.0175));
#4104=CARTESIAN_POINT('',(0.1175,0.18,-0.0175));
#4105=CARTESIAN_POINT('',(0.1175,0.,0.));
#4106=CARTESIAN_POINT('',(-0.1175,0.,0.));
#4107=CARTESIAN_POINT('',(0.105571796769725,0.335,0.1));
#4108=CARTESIAN_POINT('',(0.0875,0.323,0.1));
#4109=CARTESIAN_POINT('',(0.0055717967697245,0.335,0.1));
#4110=CARTESIAN_POINT('',(-0.0125,0.323,0.1));
#4111=CARTESIAN_POINT('',(-0.0944282032302755,0.335,0.1));
#4112=CARTESIAN_POINT('',(-0.1125,0.323,0.1));
#4113=CARTESIAN_POINT('',(0.0124999999999999,0.012,0.1));
#4114=CARTESIAN_POINT('',(0.0944282032302754,0.,0.1));
#4115=CARTESIAN_POINT('',(-0.0875000000000001,0.012,0.1));
#4116=CARTESIAN_POINT('',(-0.00557179676972436,0.,0.1));
#4117=CARTESIAN_POINT('',(-0.105571796769725,0.,0.1));
#4118=CARTESIAN_POINT('',(0.1125,0.0120000000000001,0.1));
#4119=CARTESIAN_POINT('',(0.,-0.13,0.));
#4120=CARTESIAN_POINT('',(0.05,0.09,0.3));
#4121=CARTESIAN_POINT('',(0.0499999999999999,0.0899999999999999,0.04));
#4122=CARTESIAN_POINT('',(0.05,0.09,0.04));
#4123=CARTESIAN_POINT('',(0.0551226741143414,0.0951226741143413,0.04));
#4124=CARTESIAN_POINT('',(0.13939976473519,0.17939976473519,0.212793642657054));
#4125=CARTESIAN_POINT('',(0.0599999999999999,0.1,0.05));
#4126=CARTESIAN_POINT('',(0.06,0.1,0.));
#4127=CARTESIAN_POINT('',(0.06,0.1,-0.05));
#4128=CARTESIAN_POINT('',(-0.0588969315062169,-0.0188969315062169,0.193774835419187));
#4129=CARTESIAN_POINT('',(0.0551226741143414,0.0951226741143414,-0.04));
#4130=CARTESIAN_POINT('',(0.05,0.09,-0.04));
#4131=CARTESIAN_POINT('',(0.05,0.09,-0.04));
#4132=CARTESIAN_POINT('',(0.05,0.09,0.3));
#4133=CARTESIAN_POINT('',(0.04,0.1,0.3));
#4134=CARTESIAN_POINT('',(-0.0426236234339193,0.182623623433919,0.219403532531768));
#4135=CARTESIAN_POINT('',(0.04,0.1,0.0500000000000001));
#4136=CARTESIAN_POINT('',(0.0448773258856587,0.0951226741143413,0.04));
#4137=CARTESIAN_POINT('',(0.0399999999999999,0.1,0.04));
#4138=CARTESIAN_POINT('',(0.04,0.1,-0.04));
#4139=CARTESIAN_POINT('',(0.0448773258856586,0.0951226741143414,-0.04));
#4140=CARTESIAN_POINT('',(0.155673072807488,-0.0156730728074875,0.187164945544474));
#4141=CARTESIAN_POINT('',(0.04,0.1,-0.05));
#4142=CARTESIAN_POINT('',(0.04,0.1,0.));
#4143=CARTESIAN_POINT('',(-0.06,0.1,0.3));
#4144=CARTESIAN_POINT('',(-0.06,0.1,0.));
#4145=CARTESIAN_POINT('',(-0.0599999999999999,0.1,0.05));
#4146=CARTESIAN_POINT('',(-0.06,0.1,-0.05));
#4147=CARTESIAN_POINT('',(-0.142623623433919,0.182623623433919,0.219403532531768));
#4148=CARTESIAN_POINT('',(-0.0551226741143413,0.0951226741143413,0.04));
#4149=CARTESIAN_POINT('',(-0.0600000000000001,0.1,0.04));
#4150=CARTESIAN_POINT('',(-0.05,0.09,0.04));
#4151=CARTESIAN_POINT('',(-0.05,0.09,0.3));
#4152=CARTESIAN_POINT('',(-0.05,0.09,-0.04));
#4153=CARTESIAN_POINT('',(-0.06,0.1,-0.04));
#4154=CARTESIAN_POINT('',(-0.0551226741143414,0.0951226741143414,-0.04));
#4155=CARTESIAN_POINT('',(0.0556730728074876,-0.0156730728074875,0.187164945544474));
#4156=CARTESIAN_POINT('',(-0.05,0.09,0.3));
#4157=CARTESIAN_POINT('',(-0.0500000000000001,0.0899999999999999,0.04));
#4158=CARTESIAN_POINT('',(-0.0448773258856586,0.0951226741143414,0.04));
#4159=CARTESIAN_POINT('',(0.03939976473519,0.17939976473519,0.212793642657054));
#4160=CARTESIAN_POINT('',(-0.0400000000000001,0.1,0.05));
#4161=CARTESIAN_POINT('',(-0.04,0.1,0.));
#4162=CARTESIAN_POINT('',(-0.04,0.1,-0.05));
#4163=CARTESIAN_POINT('',(-0.158896931506217,-0.018896931506217,0.193774835419187));
#4164=CARTESIAN_POINT('',(-0.0448773258856586,0.0951226741143414,-0.04));
#4165=CARTESIAN_POINT('',(-0.05,0.09,-0.04));
#4166=CARTESIAN_POINT('',(-0.0400000000000001,0.02,0.3));
#4167=CARTESIAN_POINT('',(-0.0400000000000001,0.02,0.3));
#4168=CARTESIAN_POINT('',(-0.0400000000000001,0.02,0.0500000000000001));
#4169=CARTESIAN_POINT('',(-0.04,0.02,0.033));
#4170=CARTESIAN_POINT('',(0.0426236234339194,-0.0626236234339193,0.219403532531768));
#4171=CARTESIAN_POINT('',(-0.0448773258856587,0.0248773258856586,0.04));
#4172=CARTESIAN_POINT('',(-0.0400000000000002,0.0200000000000001,0.04));
#4173=CARTESIAN_POINT('',(-0.0500000000000001,0.03,0.04));
#4174=CARTESIAN_POINT('',(-0.0500000000000001,0.03,0.3));
#4175=CARTESIAN_POINT('',(-0.0500000000000001,0.03,-0.0399999999999999));
#4176=CARTESIAN_POINT('',(-0.0400000000000001,0.02,-0.04));
#4177=CARTESIAN_POINT('',(-0.0448773258856586,0.0248773258856586,-0.04));
#4178=CARTESIAN_POINT('',(-0.155673072807488,0.135673072807487,0.187164945544474));
#4179=CARTESIAN_POINT('',(-0.04,0.0199999999999999,-0.05));
#4180=CARTESIAN_POINT('',(-0.0400000000000001,0.02,0.3));
#4181=CARTESIAN_POINT('',(-0.04,0.02,-0.033));
#4182=CARTESIAN_POINT('',(-0.0400000000000001,0.02,0.3));
#4183=CARTESIAN_POINT('',(-0.0500000000000001,0.03,0.3));
#4184=CARTESIAN_POINT('',(-0.0500000000000002,0.0299999999999999,0.04));
#4185=CARTESIAN_POINT('',(-0.0551226741143413,0.0248773258856587,0.04));
#4186=CARTESIAN_POINT('',(-0.139399764735189,-0.0593997647351912,0.212793642657053));
#4187=CARTESIAN_POINT('',(-0.0599999999999999,0.02,0.05));
#4188=CARTESIAN_POINT('',(-0.0599999999999999,0.02,0.3));
#4189=CARTESIAN_POINT('',(-0.0599999999999997,0.02,0.033));
#4190=CARTESIAN_POINT('',(-0.0599999999999999,0.02,0.3));
#4191=CARTESIAN_POINT('',(-0.0599999999999997,0.02,-0.033));
#4192=CARTESIAN_POINT('',(-0.0599999999999999,0.02,0.3));
#4193=CARTESIAN_POINT('',(-0.06,0.0199999999999999,-0.05));
#4194=CARTESIAN_POINT('',(0.0588969315062161,0.138896931506218,0.193774835419186));
#4195=CARTESIAN_POINT('',(-0.0551226741143414,0.0248773258856586,-0.04));
#4196=CARTESIAN_POINT('',(-0.0500000000000001,0.03,-0.04));
#4197=CARTESIAN_POINT('',(0.0599999999999999,0.02,0.3));
#4198=CARTESIAN_POINT('',(0.0599999999999999,0.02,0.3));
#4199=CARTESIAN_POINT('',(0.0599999999999999,0.02,0.05));
#4200=CARTESIAN_POINT('',(0.06,0.02,0.033));
#4201=CARTESIAN_POINT('',(0.142623623433919,-0.0626236234339193,0.219403532531768));
#4202=CARTESIAN_POINT('',(0.0551226741143413,0.0248773258856586,0.04));
#4203=CARTESIAN_POINT('',(0.0599999999999998,0.0200000000000001,0.04));
#4204=CARTESIAN_POINT('',(0.0499999999999999,0.03,0.04));
#4205=CARTESIAN_POINT('',(0.0499999999999999,0.03,0.3));
#4206=CARTESIAN_POINT('',(0.0499999999999999,0.03,-0.0399999999999999));
#4207=CARTESIAN_POINT('',(0.0599999999999999,0.02,-0.04));
#4208=CARTESIAN_POINT('',(0.0551226741143414,0.0248773258856586,-0.04));
#4209=CARTESIAN_POINT('',(-0.0556730728074877,0.135673072807487,0.187164945544474));
#4210=CARTESIAN_POINT('',(0.06,0.0199999999999999,-0.05));
#4211=CARTESIAN_POINT('',(0.0599999999999999,0.02,0.3));
#4212=CARTESIAN_POINT('',(0.06,0.02,-0.033));
#4213=CARTESIAN_POINT('',(0.0599999999999999,0.02,0.3));
#4214=CARTESIAN_POINT('',(0.0499999999999999,0.03,0.3));
#4215=CARTESIAN_POINT('',(0.0499999999999998,0.0299999999999999,0.04));
#4216=CARTESIAN_POINT('',(0.0448773258856587,0.0248773258856587,0.04));
#4217=CARTESIAN_POINT('',(-0.0393997647351895,-0.0593997647351912,0.212793642657053));
#4218=CARTESIAN_POINT('',(0.0400000000000001,0.02,0.05));
#4219=CARTESIAN_POINT('',(0.0400000000000001,0.02,0.3));
#4220=CARTESIAN_POINT('',(0.0400000000000002,0.02,0.033));
#4221=CARTESIAN_POINT('',(0.0400000000000001,0.02,0.3));
#4222=CARTESIAN_POINT('',(0.0400000000000002,0.02,-0.033));
#4223=CARTESIAN_POINT('',(0.0400000000000001,0.02,0.3));
#4224=CARTESIAN_POINT('',(0.04,0.0199999999999999,-0.05));
#4225=CARTESIAN_POINT('',(0.158896931506216,0.138896931506219,0.193774835419186));
#4226=CARTESIAN_POINT('',(0.0448773258856586,0.0248773258856586,-0.04));
#4227=CARTESIAN_POINT('',(0.0499999999999999,0.03,-0.04));
#4228=CARTESIAN_POINT('',(-0.15,0.1,0.05));
#4229=CARTESIAN_POINT('',(-0.0599999999999999,0.1,0.05));
#4230=CARTESIAN_POINT('',(-0.15,0.1,0.05));
#4231=CARTESIAN_POINT('',(-0.15,0.1,0.05));
#4232=CARTESIAN_POINT('',(-0.15,0.1,0.05));
#4233=CARTESIAN_POINT('',(-0.15,0.02,0.05));
#4234=CARTESIAN_POINT('',(-0.15,0.02,0.05));
#4235=CARTESIAN_POINT('',(-0.14012267,0.02,0.05));
#4236=CARTESIAN_POINT('',(-0.14012267,0.1,0.05));
#4237=CARTESIAN_POINT('',(-0.14012267,-1.73472347597681E-18,0.05));
#4238=CARTESIAN_POINT('',(-0.15,0.,0.05));
#4239=CARTESIAN_POINT('',(-0.12312267,0.,0.05));
#4240=CARTESIAN_POINT('',(-0.12312267,0.1,0.05));
#4241=CARTESIAN_POINT('',(-0.12312267,0.02,0.05));
#4242=CARTESIAN_POINT('',(-0.15,0.02,0.05));
#4243=CARTESIAN_POINT('',(-0.07687732,0.02,0.05));
#4244=CARTESIAN_POINT('',(-0.07687732,0.1,0.05));
#4245=CARTESIAN_POINT('',(-0.07687732,0.,0.05));
#4246=CARTESIAN_POINT('',(-0.15,0.,0.05));
#4247=CARTESIAN_POINT('',(-0.0599999999999999,0.,0.05));
#4248=CARTESIAN_POINT('',(-0.0599999999999999,0.1,0.05));
#4249=CARTESIAN_POINT('',(-0.15,0.1,0.05));
#4250=CARTESIAN_POINT('',(0.0599999999999999,0.1,0.05));
#4251=CARTESIAN_POINT('',(0.0599999999999995,0.100000000000001,0.05));
#4252=CARTESIAN_POINT('',(0.06,0.,0.05));
#4253=CARTESIAN_POINT('',(-0.15,0.,0.05));
#4254=CARTESIAN_POINT('',(0.0768773299999999,0.,0.05));
#4255=CARTESIAN_POINT('',(0.07687733,0.1,0.05));
#4256=CARTESIAN_POINT('',(0.07687733,0.02,0.05));
#4257=CARTESIAN_POINT('',(-0.15,0.02,0.05));
#4258=CARTESIAN_POINT('',(0.12312268,0.02,0.05));
#4259=CARTESIAN_POINT('',(0.12312268,0.0999999999999997,0.05));
#4260=CARTESIAN_POINT('',(0.12312268,0.,0.05));
#4261=CARTESIAN_POINT('',(-0.15,0.,0.05));
#4262=CARTESIAN_POINT('',(0.14012267,0.,0.05));
#4263=CARTESIAN_POINT('',(0.14012267,0.1,0.05));
#4264=CARTESIAN_POINT('',(0.14012267,0.02,0.05));
#4265=CARTESIAN_POINT('',(-0.15,0.02,0.05));
#4266=CARTESIAN_POINT('',(0.15,0.02,0.05));
#4267=CARTESIAN_POINT('',(0.15,0.1,0.05));
#4268=CARTESIAN_POINT('',(0.15,0.1,0.05));
#4269=CARTESIAN_POINT('',(-0.15,0.1,0.05));
#4270=CARTESIAN_POINT('',(-0.15,0.1,0.05));
#4271=CARTESIAN_POINT('',(0.0400000000000001,0.1,0.05));
#4272=CARTESIAN_POINT('',(-0.15,0.1,0.05));
#4273=CARTESIAN_POINT('',(-0.0400000000000001,0.1,0.05));
#4274=CARTESIAN_POINT('',(-0.0400000000000001,0.1,0.05));
#4275=CARTESIAN_POINT('',(-0.0400000000000001,0.,0.0500000000000001));
#4276=CARTESIAN_POINT('',(-0.15,0.,0.05));
#4277=CARTESIAN_POINT('',(-0.02312267,0.,0.05));
#4278=CARTESIAN_POINT('',(-0.02312267,0.1,0.05));
#4279=CARTESIAN_POINT('',(-0.02312267,0.02,0.05));
#4280=CARTESIAN_POINT('',(-0.15,0.02,0.05));
#4281=CARTESIAN_POINT('',(0.02312268,0.02,0.05));
#4282=CARTESIAN_POINT('',(0.02312268,0.1,0.05));
#4283=CARTESIAN_POINT('',(0.02312268,0.,0.05));
#4284=CARTESIAN_POINT('',(-0.15,0.,0.05));
#4285=CARTESIAN_POINT('',(0.04,0.,0.05));
#4286=CARTESIAN_POINT('',(0.0400000000000001,0.1,0.05));
#4287=CARTESIAN_POINT('',(0.15,0.1,-0.05));
#4288=CARTESIAN_POINT('',(-0.06,0.1,-0.05));
#4289=CARTESIAN_POINT('',(-0.0599999999999999,0.1,-0.05));
#4290=CARTESIAN_POINT('',(-0.0599999999999999,0.,-0.05));
#4291=CARTESIAN_POINT('',(0.15,0.,-0.05));
#4292=CARTESIAN_POINT('',(-0.07687732,0.,-0.05));
#4293=CARTESIAN_POINT('',(-0.07687732,0.1,-0.05));
#4294=CARTESIAN_POINT('',(-0.07687732,0.02,-0.05));
#4295=CARTESIAN_POINT('',(0.15,0.02,-0.05));
#4296=CARTESIAN_POINT('',(-0.12312267,0.02,-0.05));
#4297=CARTESIAN_POINT('',(-0.12312267,0.1,-0.05));
#4298=CARTESIAN_POINT('',(-0.12312267,0.,-0.05));
#4299=CARTESIAN_POINT('',(0.15,0.,-0.05));
#4300=CARTESIAN_POINT('',(-0.14012267,-1.73472347597681E-18,-0.05));
#4301=CARTESIAN_POINT('',(-0.14012267,0.1,-0.05));
#4302=CARTESIAN_POINT('',(-0.14012267,0.02,-0.05));
#4303=CARTESIAN_POINT('',(0.15,0.02,-0.05));
#4304=CARTESIAN_POINT('',(-0.15,0.02,-0.05));
#4305=CARTESIAN_POINT('',(-0.15,0.1,-0.05));
#4306=CARTESIAN_POINT('',(-0.15,0.1,-0.05));
#4307=CARTESIAN_POINT('',(0.15,0.1,-0.05));
#4308=CARTESIAN_POINT('',(0.15,0.1,-0.05));
#4309=CARTESIAN_POINT('',(-0.04,0.1,-0.05));
#4310=CARTESIAN_POINT('',(0.15,0.1,-0.05));
#4311=CARTESIAN_POINT('',(0.04,0.1,-0.05));
#4312=CARTESIAN_POINT('',(0.0400000000000001,0.1,-0.05));
#4313=CARTESIAN_POINT('',(0.0400000000000001,0.,-0.0499999999999998));
#4314=CARTESIAN_POINT('',(0.15,0.,-0.05));
#4315=CARTESIAN_POINT('',(0.02312268,0.,-0.05));
#4316=CARTESIAN_POINT('',(0.02312268,0.1,-0.05));
#4317=CARTESIAN_POINT('',(0.02312268,0.02,-0.05));
#4318=CARTESIAN_POINT('',(0.15,0.02,-0.05));
#4319=CARTESIAN_POINT('',(-0.02312267,0.02,-0.05));
#4320=CARTESIAN_POINT('',(-0.02312267,0.1,-0.05));
#4321=CARTESIAN_POINT('',(-0.02312267,0.,-0.05));
#4322=CARTESIAN_POINT('',(0.15,0.,-0.05));
#4323=CARTESIAN_POINT('',(-0.04,0.,-0.05));
#4324=CARTESIAN_POINT('',(-0.0400000000000001,0.0999999999999999,-0.05));
#4325=CARTESIAN_POINT('',(0.15,0.1,-0.05));
#4326=CARTESIAN_POINT('',(0.06,0.1,-0.05));
#4327=CARTESIAN_POINT('',(0.15,0.1,-0.05));
#4328=CARTESIAN_POINT('',(0.15,0.1,-0.05));
#4329=CARTESIAN_POINT('',(0.15,0.1,-0.05));
#4330=CARTESIAN_POINT('',(0.15,0.02,-0.05));
#4331=CARTESIAN_POINT('',(0.15,0.02,-0.05));
#4332=CARTESIAN_POINT('',(0.14012267,0.02,-0.05));
#4333=CARTESIAN_POINT('',(0.14012267,0.1,-0.05));
#4334=CARTESIAN_POINT('',(0.14012267,0.,-0.05));
#4335=CARTESIAN_POINT('',(0.15,0.,-0.05));
#4336=CARTESIAN_POINT('',(0.12312268,0.,-0.05));
#4337=CARTESIAN_POINT('',(0.12312268,0.1,-0.05));
#4338=CARTESIAN_POINT('',(0.12312268,0.02,-0.05));
#4339=CARTESIAN_POINT('',(0.15,0.02,-0.05));
#4340=CARTESIAN_POINT('',(0.07687733,0.02,-0.05));
#4341=CARTESIAN_POINT('',(0.07687733,0.1,-0.05));
#4342=CARTESIAN_POINT('',(0.07687733,0.,-0.05));
#4343=CARTESIAN_POINT('',(0.15,0.,-0.05));
#4344=CARTESIAN_POINT('',(0.06,0.,-0.05));
#4345=CARTESIAN_POINT('',(0.0599999999999996,0.0999999999999996,-0.05));
#4346=CARTESIAN_POINT('',(0.,0.,0.));
#4347=CARTESIAN_POINT('',(0.,0.,0.033));
#4348=CARTESIAN_POINT('',(-0.12312267,0.,0.033));
#4349=CARTESIAN_POINT('',(-0.14012267,0.,0.033));
#4350=CARTESIAN_POINT('',(-0.12312267,0.,0.));
#4351=CARTESIAN_POINT('',(-0.14012267,-1.73472347597681E-18,0.1));
#4352=CARTESIAN_POINT('',(0.,0.,0.));
#4353=CARTESIAN_POINT('',(0.,0.,-0.033));
#4354=CARTESIAN_POINT('',(-0.14012267,0.,-0.033));
#4355=CARTESIAN_POINT('',(-0.12312267,0.,-0.033));
#4356=CARTESIAN_POINT('',(-0.14012267,-1.73472347597681E-18,0.1));
#4357=CARTESIAN_POINT('',(-0.12312267,0.,0.));
#4358=CARTESIAN_POINT('',(0.,0.,0.));
#4359=CARTESIAN_POINT('',(0.,0.,0.033));
#4360=CARTESIAN_POINT('',(-0.0599999999999998,0.,0.033));
#4361=CARTESIAN_POINT('',(-0.07687732,0.,0.033));
#4362=CARTESIAN_POINT('',(-0.0599999999999999,0.,0.));
#4363=CARTESIAN_POINT('',(-0.07687732,0.,0.1));
#4364=CARTESIAN_POINT('',(0.,0.,0.));
#4365=CARTESIAN_POINT('',(0.,0.,-0.033));
#4366=CARTESIAN_POINT('',(-0.07687732,0.,-0.033));
#4367=CARTESIAN_POINT('',(-0.0599999999999998,0.,-0.033));
#4368=CARTESIAN_POINT('',(-0.07687732,0.,0.1));
#4369=CARTESIAN_POINT('',(-0.0599999999999999,0.,0.));
#4370=CARTESIAN_POINT('',(0.,0.,0.));
#4371=CARTESIAN_POINT('',(0.,0.,0.033));
#4372=CARTESIAN_POINT('',(0.14012267,0.,0.033));
#4373=CARTESIAN_POINT('',(0.12312268,0.,0.033));
#4374=CARTESIAN_POINT('',(0.14012267,0.,0.1));
#4375=CARTESIAN_POINT('',(0.12312268,0.,0.));
#4376=CARTESIAN_POINT('',(0.,0.,0.));
#4377=CARTESIAN_POINT('',(0.,0.,-0.033));
#4378=CARTESIAN_POINT('',(0.12312268,0.,-0.033));
#4379=CARTESIAN_POINT('',(0.14012267,0.,-0.033));
#4380=CARTESIAN_POINT('',(0.12312268,0.,0.));
#4381=CARTESIAN_POINT('',(0.14012267,0.,0.1));
#4382=CARTESIAN_POINT('',(0.,0.,0.));
#4383=CARTESIAN_POINT('',(0.,0.,0.033));
#4384=CARTESIAN_POINT('',(0.07687733,0.,0.033));
#4385=CARTESIAN_POINT('',(0.06,0.,0.033));
#4386=CARTESIAN_POINT('',(0.07687733,0.,0.1));
#4387=CARTESIAN_POINT('',(0.06,0.,0.));
#4388=CARTESIAN_POINT('',(0.,0.,0.));
#4389=CARTESIAN_POINT('',(0.,0.,-0.033));
#4390=CARTESIAN_POINT('',(0.06,0.,-0.033));
#4391=CARTESIAN_POINT('',(0.07687733,0.,-0.033));
#4392=CARTESIAN_POINT('',(0.06,0.,0.));
#4393=CARTESIAN_POINT('',(0.07687733,0.,0.1));
#4394=CARTESIAN_POINT('',(0.,0.,0.));
#4395=CARTESIAN_POINT('',(0.,0.,0.033));
#4396=CARTESIAN_POINT('',(0.0400000000000001,0.,0.033));
#4397=CARTESIAN_POINT('',(0.02312268,0.,0.033));
#4398=CARTESIAN_POINT('',(0.0400000000000001,0.,0.));
#4399=CARTESIAN_POINT('',(0.02312268,0.,0.1));
#4400=CARTESIAN_POINT('',(0.,0.,0.));
#4401=CARTESIAN_POINT('',(0.,0.,-0.033));
#4402=CARTESIAN_POINT('',(0.02312268,0.,-0.033));
#4403=CARTESIAN_POINT('',(0.0400000000000001,0.,-0.033));
#4404=CARTESIAN_POINT('',(0.02312268,0.,0.1));
#4405=CARTESIAN_POINT('',(0.0400000000000001,0.,0.));
#4406=CARTESIAN_POINT('',(0.,0.,0.));
#4407=CARTESIAN_POINT('',(0.,0.,0.033));
#4408=CARTESIAN_POINT('',(-0.02312267,0.,0.033));
#4409=CARTESIAN_POINT('',(-0.0400000000000001,0.,0.033));
#4410=CARTESIAN_POINT('',(-0.02312267,0.,0.1));
#4411=CARTESIAN_POINT('',(-0.0400000000000001,0.,0.));
#4412=CARTESIAN_POINT('',(0.,0.,0.));
#4413=CARTESIAN_POINT('',(0.,0.,-0.033));
#4414=CARTESIAN_POINT('',(-0.0400000000000001,0.,-0.033));
#4415=CARTESIAN_POINT('',(-0.02312267,0.,-0.033));
#4416=CARTESIAN_POINT('',(-0.0400000000000001,0.,0.));
#4417=CARTESIAN_POINT('',(-0.02312267,0.,0.1));
#4418=CARTESIAN_POINT('',(-0.0400000000000001,0.,0.3));
#4419=CARTESIAN_POINT('',(-0.0400000000000001,0.,0.033));
#4420=CARTESIAN_POINT('',(-0.0400000000000001,0.,0.3));
#4421=CARTESIAN_POINT('',(-0.0400000000000001,0.,-0.0329999999999999));
#4422=CARTESIAN_POINT('',(-0.0599999999999999,0.02,0.3));
#4423=CARTESIAN_POINT('',(-0.0599999999999999,0.02,0.033));
#4424=CARTESIAN_POINT('',(-0.0599999999999999,0.02,0.3));
#4425=CARTESIAN_POINT('',(-0.0599999999999999,0.02,-0.0329999999999999));
#4426=CARTESIAN_POINT('',(0.0600000000000001,-0.02,0.3));
#4427=CARTESIAN_POINT('',(0.0600000000000001,-0.02,0.033));
#4428=CARTESIAN_POINT('',(0.0600000000000001,-0.02,0.3));
#4429=CARTESIAN_POINT('',(0.0600000000000001,-0.02,-0.0329999999999999));
#4430=CARTESIAN_POINT('',(0.0400000000000001,0.02,0.3));
#4431=CARTESIAN_POINT('',(0.0400000000000001,0.02,0.033));
#4432=CARTESIAN_POINT('',(0.0400000000000001,0.02,0.3));
#4433=CARTESIAN_POINT('',(0.0400000000000001,0.02,-0.0329999999999999));
#4434=CARTESIAN_POINT('',(-0.14012267,-1.73472347597681E-18,0.1));
#4435=CARTESIAN_POINT('',(-0.14012267,0.02,0.1));
#4436=CARTESIAN_POINT('',(-0.14012267,0.02,0.033));
#4437=CARTESIAN_POINT('',(-0.14012267,-1.73472347597681E-18,0.033));
#4438=CARTESIAN_POINT('',(-0.14012267,-1.73472347597681E-18,0.1));
#4439=CARTESIAN_POINT('',(-0.14012267,-1.73472347597681E-18,-0.033));
#4440=CARTESIAN_POINT('',(-0.14012267,0.02,-0.033));
#4441=CARTESIAN_POINT('',(-0.14012267,0.02,0.1));
#4442=CARTESIAN_POINT('',(0.14012267,0.02,0.1));
#4443=CARTESIAN_POINT('',(0.14012267,0.02,0.033));
#4444=CARTESIAN_POINT('',(0.14012267,0.02,0.033));
#4445=CARTESIAN_POINT('',(0.14012267,0.02,0.1));
#4446=CARTESIAN_POINT('',(0.14012267,0.02,0.1));
#4447=CARTESIAN_POINT('',(0.14012267,0.02,0.1));
#4448=CARTESIAN_POINT('',(0.14012267,0.02,-0.033));
#4449=CARTESIAN_POINT('',(0.14012267,0.02,-0.033));
#4450=CARTESIAN_POINT('',(-0.07687732,0.,0.1));
#4451=CARTESIAN_POINT('',(-0.07687732,0.02,0.1));
#4452=CARTESIAN_POINT('',(-0.07687732,0.02,0.033));
#4453=CARTESIAN_POINT('',(-0.07687732,0.,0.033));
#4454=CARTESIAN_POINT('',(-0.07687732,0.,0.1));
#4455=CARTESIAN_POINT('',(-0.07687732,0.,-0.033));
#4456=CARTESIAN_POINT('',(-0.0768773199999998,0.02,-0.033));
#4457=CARTESIAN_POINT('',(-0.07687732,0.02,0.1));
#4458=CARTESIAN_POINT('',(-0.12312267,0.02,0.1));
#4459=CARTESIAN_POINT('',(-0.12312267,0.02,0.033));
#4460=CARTESIAN_POINT('',(-0.12312267,0.02,0.033));
#4461=CARTESIAN_POINT('',(-0.12312267,0.02,0.1));
#4462=CARTESIAN_POINT('',(-0.12312267,0.02,0.1));
#4463=CARTESIAN_POINT('',(-0.12312267,0.02,0.1));
#4464=CARTESIAN_POINT('',(-0.12312267,0.02,-0.033));
#4465=CARTESIAN_POINT('',(-0.12312267,0.02,-0.033));
#4466=CARTESIAN_POINT('',(-0.02312267,0.02,0.1));
#4467=CARTESIAN_POINT('',(-0.02312267,0.02,0.033));
#4468=CARTESIAN_POINT('',(-0.0231226699999999,0.02,0.033));
#4469=CARTESIAN_POINT('',(-0.02312267,0.02,0.1));
#4470=CARTESIAN_POINT('',(-0.02312267,0.02,0.1));
#4471=CARTESIAN_POINT('',(-0.02312267,0.02,0.1));
#4472=CARTESIAN_POINT('',(-0.02312267,0.02,-0.033));
#4473=CARTESIAN_POINT('',(-0.02312267,0.02,-0.033));
#4474=CARTESIAN_POINT('',(0.02312268,0.,0.1));
#4475=CARTESIAN_POINT('',(0.02312268,0.02,0.1));
#4476=CARTESIAN_POINT('',(0.02312268,0.02,0.033));
#4477=CARTESIAN_POINT('',(0.02312268,0.,0.033));
#4478=CARTESIAN_POINT('',(0.02312268,0.,0.1));
#4479=CARTESIAN_POINT('',(0.02312268,0.,-0.033));
#4480=CARTESIAN_POINT('',(0.0231226800000001,0.02,-0.033));
#4481=CARTESIAN_POINT('',(0.02312268,0.02,0.1));
#4482=CARTESIAN_POINT('',(0.12312268,-0.01,0.1));
#4483=CARTESIAN_POINT('',(0.12312268,0.02,0.1));
#4484=CARTESIAN_POINT('',(0.12312268,0.02,0.033));
#4485=CARTESIAN_POINT('',(0.12312268,-0.01,0.033));
#4486=CARTESIAN_POINT('',(0.12312268,-0.01,0.1));
#4487=CARTESIAN_POINT('',(0.12312268,-0.01,-0.033));
#4488=CARTESIAN_POINT('',(0.12312268,0.02,-0.033));
#4489=CARTESIAN_POINT('',(0.12312268,0.02,0.1));
#4490=CARTESIAN_POINT('',(0.07687733,0.02,0.1));
#4491=CARTESIAN_POINT('',(0.07687733,0.02,0.033));
#4492=CARTESIAN_POINT('',(0.0768773300000001,0.02,0.033));
#4493=CARTESIAN_POINT('',(0.07687733,0.02,0.1));
#4494=CARTESIAN_POINT('',(0.07687733,0.02,0.1));
#4495=CARTESIAN_POINT('',(0.07687733,0.02,0.1));
#4496=CARTESIAN_POINT('',(0.07687733,0.02,-0.033));
#4497=CARTESIAN_POINT('',(0.07687733,0.02,-0.033));
#4498=CARTESIAN_POINT('',(0.1125,0.1,-0.0125));
#4499=CARTESIAN_POINT('',(0.0875,0.1,-0.0125));
#4500=CARTESIAN_POINT('',(0.0875,0.1,-0.0125));
#4501=CARTESIAN_POINT('',(0.0875,0.02,-0.0125));
#4502=CARTESIAN_POINT('',(0.1125,0.02,-0.0125));
#4503=CARTESIAN_POINT('',(0.1125,0.02,-0.0125));
#4504=CARTESIAN_POINT('',(0.1125,0.1,-0.0125));
#4505=CARTESIAN_POINT('',(0.1125,0.1,-0.0125));
#4506=CARTESIAN_POINT('',(0.1125,0.1,-0.0125));
#4507=CARTESIAN_POINT('',(0.1125,0.1,0.0125));
#4508=CARTESIAN_POINT('',(0.1125,0.02,0.0125));
#4509=CARTESIAN_POINT('',(0.1125,0.02,0.0125));
#4510=CARTESIAN_POINT('',(0.1125,0.1,0.0125));
#4511=CARTESIAN_POINT('',(0.1125,0.1,0.0125));
#4512=CARTESIAN_POINT('',(0.1125,0.1,0.0125));
#4513=CARTESIAN_POINT('',(0.0875,0.1,0.0125));
#4514=CARTESIAN_POINT('',(0.0875,0.02,0.0125));
#4515=CARTESIAN_POINT('',(0.0875,0.02,0.0125));
#4516=CARTESIAN_POINT('',(0.0875,0.1,0.0125));
#4517=CARTESIAN_POINT('',(0.0875,0.1,0.0125));
#4518=CARTESIAN_POINT('',(0.0875,0.1,0.0125));
#4519=CARTESIAN_POINT('',(0.0125,0.1,-0.0125));
#4520=CARTESIAN_POINT('',(-0.0125,0.1,-0.0125));
#4521=CARTESIAN_POINT('',(-0.0125,0.1,-0.0125));
#4522=CARTESIAN_POINT('',(-0.0125,0.02,-0.0125));
#4523=CARTESIAN_POINT('',(0.0125,0.02,-0.0125));
#4524=CARTESIAN_POINT('',(0.0125,0.02,-0.0125));
#4525=CARTESIAN_POINT('',(0.0125,0.1,-0.0125));
#4526=CARTESIAN_POINT('',(0.0125,0.1,-0.0125));
#4527=CARTESIAN_POINT('',(0.0125,0.1,-0.0125));
#4528=CARTESIAN_POINT('',(0.0125,0.1,0.0125));
#4529=CARTESIAN_POINT('',(0.0125,0.02,0.0125));
#4530=CARTESIAN_POINT('',(0.0125,0.02,0.0125));
#4531=CARTESIAN_POINT('',(0.0125,0.1,0.0125));
#4532=CARTESIAN_POINT('',(0.0125,0.1,0.0125));
#4533=CARTESIAN_POINT('',(0.0125,0.1,0.0125));
#4534=CARTESIAN_POINT('',(-0.0125,0.1,0.0125));
#4535=CARTESIAN_POINT('',(-0.0125,0.02,0.0125));
#4536=CARTESIAN_POINT('',(-0.0125,0.02,0.0125));
#4537=CARTESIAN_POINT('',(-0.0125,0.1,0.0125));
#4538=CARTESIAN_POINT('',(-0.0125,0.1,0.0125));
#4539=CARTESIAN_POINT('',(-0.0125,0.1,0.0125));
#4540=CARTESIAN_POINT('',(-0.0875,0.1,-0.0125));
#4541=CARTESIAN_POINT('',(-0.1125,0.1,-0.0125));
#4542=CARTESIAN_POINT('',(-0.1125,0.1,-0.0125));
#4543=CARTESIAN_POINT('',(-0.1125,0.02,-0.0125));
#4544=CARTESIAN_POINT('',(-0.0875,0.02,-0.0125));
#4545=CARTESIAN_POINT('',(-0.0875,0.02,-0.0125));
#4546=CARTESIAN_POINT('',(-0.0875,0.1,-0.0125));
#4547=CARTESIAN_POINT('',(-0.0875,0.1,-0.0125));
#4548=CARTESIAN_POINT('',(-0.0875,0.1,-0.0125));
#4549=CARTESIAN_POINT('',(-0.0875,0.1,0.0125));
#4550=CARTESIAN_POINT('',(-0.0875,0.02,0.0125));
#4551=CARTESIAN_POINT('',(-0.0875,0.02,0.0125));
#4552=CARTESIAN_POINT('',(-0.0875,0.1,0.0125));
#4553=CARTESIAN_POINT('',(-0.0875,0.1,0.0125));
#4554=CARTESIAN_POINT('',(-0.0875,0.1,0.0125));
#4555=CARTESIAN_POINT('',(-0.1125,0.1,0.0125));
#4556=CARTESIAN_POINT('',(-0.1125,0.02,0.0125));
#4557=CARTESIAN_POINT('',(-0.1125,0.02,0.0125));
#4558=CARTESIAN_POINT('',(-0.1125,0.1,0.0125));
#4559=CARTESIAN_POINT('',(-0.1125,0.1,0.0125));
#4560=CARTESIAN_POINT('',(-0.1125,0.1,0.0125));
#4561=CARTESIAN_POINT('',(0.0875,0.1,-0.0125));
#4562=CARTESIAN_POINT('',(0.0875,0.02,-0.0125));
#4563=CARTESIAN_POINT('',(0.0875,0.1,-0.0125));
#4564=CARTESIAN_POINT('',(-0.0125,0.1,-0.0125));
#4565=CARTESIAN_POINT('',(-0.0125,0.02,-0.0125));
#4566=CARTESIAN_POINT('',(-0.0125,0.1,-0.0125));
#4567=CARTESIAN_POINT('',(-0.1125,0.1,-0.0125));
#4568=CARTESIAN_POINT('',(-0.1125,0.02,-0.0125));
#4569=CARTESIAN_POINT('',(-0.1125,0.1,-0.0125));
#4570=CARTESIAN_POINT('',(-0.142,0.,0.));
#4571=CARTESIAN_POINT('',(-0.142,0.06353121,0.));
#4572=CARTESIAN_POINT('',(-0.142,0.06353121,0.00338996));
#4573=CARTESIAN_POINT('',(-0.142,0.06353121,-0.00338996));
#4574=CARTESIAN_POINT('',(-0.142,0.,0.00338996));
#4575=CARTESIAN_POINT('',(-0.142,0.05646879,0.00338996));
#4576=CARTESIAN_POINT('',(-0.142,0.05646879,0.));
#4577=CARTESIAN_POINT('',(-0.142,0.05646879,-0.00338996));
#4578=CARTESIAN_POINT('',(-0.142,0.,-0.00338996));
#4579=CARTESIAN_POINT('',(-0.142,0.02,0.));
#4580=CARTESIAN_POINT('',(-0.142,0.02,0.037));
#4581=CARTESIAN_POINT('',(-0.142,0.02,-0.037));
#4582=CARTESIAN_POINT('',(-0.142,0.1,0.037));
#4583=CARTESIAN_POINT('',(-0.142,0.1,0.037));
#4584=CARTESIAN_POINT('',(-0.142,0.1,-0.037));
#4585=CARTESIAN_POINT('',(-0.142,0.1,-0.037));
#4586=CARTESIAN_POINT('',(-0.142,0.,-0.037));
#4587=CARTESIAN_POINT('',(-0.15,0.1,-0.05));
#4588=CARTESIAN_POINT('',(-0.15,0.02,-0.05));
#4589=CARTESIAN_POINT('',(-0.15,0.02,0.037));
#4590=CARTESIAN_POINT('',(-0.15,0.1,-0.05));
#4591=CARTESIAN_POINT('',(-0.15,0.1,0.037));
#4592=CARTESIAN_POINT('',(-0.15,0.1,0.037));
#4593=CARTESIAN_POINT('',(-0.15,0.1,-0.05));
#4594=CARTESIAN_POINT('',(-0.15,0.02,-0.05));
#4595=CARTESIAN_POINT('',(-0.15,0.02,-0.037));
#4596=CARTESIAN_POINT('',(-0.15,0.1,-0.037));
#4597=CARTESIAN_POINT('',(-0.15,0.1,-0.037));
#4598=CARTESIAN_POINT('',(-0.15,0.1,-0.05));
#4599=CARTESIAN_POINT('',(0.15,0.1,0.05));
#4600=CARTESIAN_POINT('',(0.15,0.02,0.05));
#4601=CARTESIAN_POINT('',(0.15,0.1,0.05));
#4602=CARTESIAN_POINT('',(-0.142,0.1,0.037));
#4603=CARTESIAN_POINT('',(-0.142,0.02,0.037));
#4604=CARTESIAN_POINT('',(-0.142,0.1,0.037));
#4605=CARTESIAN_POINT('',(-0.142,0.,-0.037));
#4606=CARTESIAN_POINT('',(-0.142,0.02,-0.037));
#4607=CARTESIAN_POINT('',(-0.142,0.1,-0.037));
#4608=CARTESIAN_POINT('',(0.,0.1,0.));
#4609=CARTESIAN_POINT('',(0.,0.1,0.));
#4610=CARTESIAN_POINT('',(0.,0.1,0.));
#4611=CARTESIAN_POINT('',(-0.129,0.06353121,-0.00338996));
#4612=CARTESIAN_POINT('',(-0.129,0.06353121,0.00338996));
#4613=CARTESIAN_POINT('',(-0.155,0.06353121,0.00338996));
#4614=CARTESIAN_POINT('',(-0.129,0.06353121,-0.00338996));
#4615=CARTESIAN_POINT('',(-0.155,0.06353121,-0.00338996));
#4616=CARTESIAN_POINT('',(-0.155,0.06353121,-0.00338996));
#4617=CARTESIAN_POINT('',(-0.129,0.06353121,0.00338996));
#4618=CARTESIAN_POINT('',(-0.129,0.05646879,0.00338996));
#4619=CARTESIAN_POINT('',(-0.155,0.05646879,0.00338996));
#4620=CARTESIAN_POINT('',(-0.155,0.06353121,0.00338996));
#4621=CARTESIAN_POINT('',(-0.129,0.05646879,0.00338996));
#4622=CARTESIAN_POINT('',(-0.129,0.05646879,-0.00338996));
#4623=CARTESIAN_POINT('',(-0.155,0.05646879,-0.00338996));
#4624=CARTESIAN_POINT('',(-0.155,0.05646879,0.00338996));
#4625=CARTESIAN_POINT('',(-0.129,0.05646879,-0.00338996));
#4626=CARTESIAN_POINT('',(-0.155,0.05646879,-0.00338996));
#4627=CARTESIAN_POINT('',(-0.155,0.,0.));
#4628=CARTESIAN_POINT('',(-0.14012267,0.02,0.1));
#4629=CARTESIAN_POINT('',(0.3,0.02,0.033));
#4630=CARTESIAN_POINT('',(0.3,0.02,-0.033));
#4631=CARTESIAN_POINT('',(0.3,0.02,-0.033));
#4632=CARTESIAN_POINT('',(0.3,0.02,0.033));
#4633=CARTESIAN_POINT('',(0.18636802,0.02,0.1));
#4634=CARTESIAN_POINT('',(0.3,0.02,0.033));
#4635=CARTESIAN_POINT('',(0.3,0.02,0.033));
#4636=CARTESIAN_POINT('',(0.3,0.02,-0.033));
#4637=CARTESIAN_POINT('',(0.3,0.02,-0.033));
#4638=CARTESIAN_POINT('',(0.02312268,0.02,0.1));
#4639=CARTESIAN_POINT('',(0.3,0.02,0.033));
#4640=CARTESIAN_POINT('',(0.3,0.02,0.033));
#4641=CARTESIAN_POINT('',(0.3,0.02,-0.033));
#4642=CARTESIAN_POINT('',(0.3,0.02,-0.033));
#4643=CARTESIAN_POINT('',(0.3,-0.01,-0.033));
#4644=CARTESIAN_POINT('',(0.3,0.02,0.033));
#4645=CARTESIAN_POINT('',(0.3,-0.01,-0.033));
#4646=CARTESIAN_POINT('',(0.3,0.02,0.033));
#4647=CARTESIAN_POINT('',(0.3,-0.01,-0.033));
#4648=CARTESIAN_POINT('',(0.3,0.02,0.033));
#4649=CARTESIAN_POINT('',(0.3,-0.01,-0.033));
#4650=CARTESIAN_POINT('',(0.3,0.02,0.033));
#4651=CARTESIAN_POINT('',(0.3,-0.01,-0.033));
#4652=CARTESIAN_POINT('',(0.3,0.02,0.033));
#4653=CARTESIAN_POINT('',(0.3,0.02,0.033));
#4654=CARTESIAN_POINT('',(0.3,-0.01,-0.033));
#4655=CARTESIAN_POINT('',(0.0448773258856586,0.1,-0.04));
#4656=CARTESIAN_POINT('',(0.0551226741143414,0.1,-0.04));
#4657=CARTESIAN_POINT('',(0.0448773258856586,0.1,-0.04));
#4658=CARTESIAN_POINT('',(0.04,0.1,-0.05));
#4659=CARTESIAN_POINT('',(0.0551226741143414,0.1,-0.04));
#4660=CARTESIAN_POINT('',(-0.06,0.1,-0.05));
#4661=CARTESIAN_POINT('',(-0.0551226741143414,0.1,-0.04));
#4662=CARTESIAN_POINT('',(-0.0551226741143414,0.1,-0.04));
#4663=CARTESIAN_POINT('',(-0.0448773258856586,0.1,-0.04));
#4664=CARTESIAN_POINT('',(-0.0448773258856586,0.1,-0.04));
#4665=CARTESIAN_POINT('',(-0.0400000000000001,0.1,0.05));
#4666=CARTESIAN_POINT('',(-0.0448773258856586,0.1,0.04));
#4667=CARTESIAN_POINT('',(-0.0551226741143413,0.1,0.04));
#4668=CARTESIAN_POINT('',(-0.0551226741143413,0.1,0.04));
#4669=CARTESIAN_POINT('',(-0.0448773258856586,0.1,0.04));
#4670=CARTESIAN_POINT('',(0.0599999999999999,0.1,0.05));
#4671=CARTESIAN_POINT('',(0.0551226741143414,0.1,0.04));
#4672=CARTESIAN_POINT('',(0.0551226741143414,0.1,0.04));
#4673=CARTESIAN_POINT('',(0.0448773258856587,0.1,0.04));
#4674=CARTESIAN_POINT('',(0.0448773258856587,0.1,0.04));
#4675=CARTESIAN_POINT('',(0.,0.,0.));
#4676=MECHANICAL_DESIGN_GEOMETRIC_PRESENTATION_REPRESENTATION('',(#2953,
#2954),#4677);
#4677=(
GEOMETRIC_REPRESENTATION_CONTEXT(3)
GLOBAL_UNCERTAINTY_ASSIGNED_CONTEXT((#4680))
GLOBAL_UNIT_ASSIGNED_CONTEXT((#4685,#4684,#4683))
REPRESENTATION_CONTEXT('TSW-103-05-T-S','TOP_LEVEL_ASSEMBLY_PART')
);
#4678=(
GEOMETRIC_REPRESENTATION_CONTEXT(3)
GLOBAL_UNCERTAINTY_ASSIGNED_CONTEXT((#4681))
GLOBAL_UNIT_ASSIGNED_CONTEXT((#4685,#4684,#4683))
REPRESENTATION_CONTEXT('T-1S6-21-TSW-1-05-3-S','COMPONENT_PART')
);
#4679=(
GEOMETRIC_REPRESENTATION_CONTEXT(3)
GLOBAL_UNCERTAINTY_ASSIGNED_CONTEXT((#4682))
GLOBAL_UNIT_ASSIGNED_CONTEXT((#4685,#4684,#4683))
REPRESENTATION_CONTEXT('TSW-103-05-T-S_body','COMPONENT_PART')
);
#4680=UNCERTAINTY_MEASURE_WITH_UNIT(LENGTH_MEASURE(0.000196850393700787),
#4685,'DISTANCE_ACCURACY_VALUE','Maximum Tolerance applied to model');
#4681=UNCERTAINTY_MEASURE_WITH_UNIT(LENGTH_MEASURE(0.000196850393700787),
#4685,'DISTANCE_ACCURACY_VALUE','Maximum Tolerance applied to model');
#4682=UNCERTAINTY_MEASURE_WITH_UNIT(LENGTH_MEASURE(0.000196850393700787),
#4685,'DISTANCE_ACCURACY_VALUE','Maximum Tolerance applied to model');
#4683=(
NAMED_UNIT(*)
SI_UNIT($,.STERADIAN.)
SOLID_ANGLE_UNIT()
);
#4684=(
NAMED_UNIT(*)
PLANE_ANGLE_UNIT()
SI_UNIT($,.RADIAN.)
);
#4685=(
CONVERSION_BASED_UNIT('INCH',#4687)
LENGTH_UNIT()
NAMED_UNIT(#4686)
);
#4686=DIMENSIONAL_EXPONENTS(1.,0.,0.,0.,0.,0.,0.);
#4687=LENGTH_MEASURE_WITH_UNIT(LENGTH_MEASURE(25.4),#4688);
#4688=(
LENGTH_UNIT()
NAMED_UNIT(*)
SI_UNIT(.MILLI.,.METRE.)
);
#4689=PRODUCT_DEFINITION_SHAPE('','',#4694);
#4690=PRODUCT_DEFINITION_SHAPE('','',#4695);
#4691=PRODUCT_DEFINITION_SHAPE(' ','NAUO PRDDFN',#21);
#4692=PRODUCT_DEFINITION_SHAPE('','',#4696);
#4693=PRODUCT_DEFINITION_SHAPE(' ','NAUO PRDDFN',#22);
#4694=PRODUCT_DEFINITION('','',#4700,#4697);
#4695=PRODUCT_DEFINITION('','',#4701,#4698);
#4696=PRODUCT_DEFINITION('','',#4702,#4699);
#4697=PRODUCT_DEFINITION_CONTEXT('',#4716,'design');
#4698=PRODUCT_DEFINITION_CONTEXT('',#4716,'design');
#4699=PRODUCT_DEFINITION_CONTEXT('',#4716,'design');
#4700=PRODUCT_DEFINITION_FORMATION_WITH_SPECIFIED_SOURCE('','',#4706,
 .NOT_KNOWN.);
#4701=PRODUCT_DEFINITION_FORMATION_WITH_SPECIFIED_SOURCE('','',#4707,
 .NOT_KNOWN.);
#4702=PRODUCT_DEFINITION_FORMATION_WITH_SPECIFIED_SOURCE('','',#4708,
 .NOT_KNOWN.);
#4703=PRODUCT_RELATED_PRODUCT_CATEGORY('','',(#4706));
#4704=PRODUCT_RELATED_PRODUCT_CATEGORY('','',(#4707));
#4705=PRODUCT_RELATED_PRODUCT_CATEGORY('','',(#4708));
#4706=PRODUCT('TSW-103-05-T-S','TSW-103-05-T-S','TSW-103-05-T-S',(#4712));
#4707=PRODUCT('T-1S6-21-TSW-1-05-3-S','T-1S6-21-TSW-1-05-3-S',
'T-1S6-21-TSW-1-05-3-S',(#4713));
#4708=PRODUCT('TSW-103-05-T-S_body','TSW-103-05-T-S_body',
'TSW-103-05-T-S_body',(#4714));
#4709=PRODUCT_CATEGORY('','');
#4710=PRODUCT_CATEGORY('','');
#4711=PRODUCT_CATEGORY('','');
#4712=PRODUCT_CONTEXT('',#4716,'mechanical');
#4713=PRODUCT_CONTEXT('',#4716,'mechanical');
#4714=PRODUCT_CONTEXT('',#4716,'mechanical');
#4715=APPLICATION_PROTOCOL_DEFINITION('international standard',
'automotive_design',2010,#4716);
#4716=APPLICATION_CONTEXT(
'core data for automotive mechanical design processes');
ENDSEC;
END-ISO-10303-21;
