ISO-10303-21;
HEADER;
FILE_DESCRIPTION (( 'STEP AP214' ),
    '1' );
FILE_NAME ('ADP7142ARDZ-R7.STEP',
    '2024-07-24T07:20:24',
    ( '' ),
    ( '' ),
    'SwSTEP 2.0',
    'SolidWorks 2022',
    '' );
FILE_SCHEMA (( 'AUTOMOTIVE_DESIGN' ));
ENDSEC;

DATA;
#1 = ORIENTED_EDGE ( 'NONE', *, *, #3455, .T. ) ;
#2 =( NAMED_UNIT ( * ) PLANE_ANGLE_UNIT ( ) SI_UNIT ( $, .RADIAN. ) );
#3 = DIRECTION ( 'NONE',  ( 0.000000000000000000, -0.000000000000000000, -1.000000000000000000 ) ) ;
#4 =( LENGTH_UNIT ( ) NAMED_UNIT ( * ) SI_UNIT ( .MILLI., .METRE. ) );
#5 = EDGE_CURVE ( 'NONE', #257, #421, #9141, .T. ) ;
#6 = SURFACE_SIDE_STYLE ('',( #808 ) ) ;
#7 = EDGE_CURVE ( 'NONE', #4496, #2012, #4304, .T. ) ;
#8 = PLANE ( 'NONE',  #627 ) ;
#9 = ORIENTED_EDGE ( 'NONE', *, *, #2534, .F. ) ;
#10 = STYLED_ITEM ( 'NONE', ( #1964 ), #1719 ) ;
#11 =( NAMED_UNIT ( * ) SI_UNIT ( $, .STERADIAN. ) SOLID_ANGLE_UNIT ( ) );
#12 = CARTESIAN_POINT ( 'NONE',  ( -1.439148849708500100, -2.332265751666333653, 1.743660209412067896 ) ) ;
#13 = ORIENTED_EDGE ( 'NONE', *, *, #8657, .F. ) ;
#14 = VERTEX_POINT ( 'NONE', #2393 ) ;
#15 =( NAMED_UNIT ( * ) PLANE_ANGLE_UNIT ( ) SI_UNIT ( $, .RADIAN. ) );
#16 = CARTESIAN_POINT ( 'NONE',  ( -2.295355339586480081, -0.6350000000000000089, 1.030000000000000027 ) ) ;
#17 = MECHANICAL_DESIGN_GEOMETRIC_PRESENTATION_REPRESENTATION (  '', ( #5034 ), #8569 ) ;
#18 = ORIENTED_EDGE ( 'NONE', *, *, #9180, .F. ) ;
#19 = FACE_OUTER_BOUND ( 'NONE', #739, .T. ) ;
#20 = LINE ( 'NONE', #9345, #8534 ) ;
#21 = PRESENTATION_LAYER_ASSIGNMENT (  '', '', ( #2876 ) ) ;
#22 = FILL_AREA_STYLE_COLOUR ( '', #8689 ) ;
#23 = FILL_AREA_STYLE ('',( #5203 ) ) ;
#24 = UNCERTAINTY_MEASURE_WITH_UNIT (LENGTH_MEASURE( 1.000000000000000082E-05 ), #1520, 'distance_accuracy_value', 'NONE');
#25 = DIRECTION ( 'NONE',  ( 0.000000000000000000, 1.000000000000000000, 0.000000000000000000 ) ) ;
#26 = AXIS2_PLACEMENT_3D ( 'NONE', #684, #631, #4417 ) ;
#27 = ORIENTED_EDGE ( 'NONE', *, *, #3848, .F. ) ;
#28 = COLOUR_RGB ( '',0.8313725490196077761, 0.8313725490196077761, 0.8313725490196077761 ) ;
#29 = LINE ( 'NONE', #3776, #3214 ) ;
#30 = STYLED_ITEM ( 'NONE', ( #8928 ), #2799 ) ;
#31 = ORIENTED_EDGE ( 'NONE', *, *, #3614, .T. ) ;
#32 = DIRECTION ( 'NONE',  ( 0.000000000000000000, 1.000000000000000000, 0.000000000000000000 ) ) ;
#33 = ORIENTED_EDGE ( 'NONE', *, *, #3170, .F. ) ;
#34 = LINE ( 'NONE', #6193, #5174 ) ;
#35 = FILL_AREA_STYLE ('',( #5660 ) ) ;
#36 =( GEOMETRIC_REPRESENTATION_CONTEXT ( 3 ) GLOBAL_UNCERTAINTY_ASSIGNED_CONTEXT ( ( #3771 ) ) GLOBAL_UNIT_ASSIGNED_CONTEXT ( ( #7564, #8947, #3651 ) ) REPRESENTATION_CONTEXT ( 'NONE', 'WORKASPACE' ) );
#37 = MECHANICAL_DESIGN_GEOMETRIC_PRESENTATION_REPRESENTATION (  '', ( #7771 ), #7283 ) ;
#38 = UNCERTAINTY_MEASURE_WITH_UNIT (LENGTH_MEASURE( 1.000000000000000082E-05 ), #4746, 'distance_accuracy_value', 'NONE');
#39 = AXIS2_PLACEMENT_3D ( 'NONE', #2232, #9818, #9117 ) ;
#40 = FILL_AREA_STYLE_COLOUR ( '', #8477 ) ;
#41 = MECHANICAL_DESIGN_GEOMETRIC_PRESENTATION_REPRESENTATION (  '', ( #8594 ), #6961 ) ;
#42 = FILL_AREA_STYLE ('',( #695 ) ) ;
#43 = FILL_AREA_STYLE ('',( #6890 ) ) ;
#44 = EDGE_CURVE ( 'NONE', #1521, #1909, #3146, .T. ) ;
#45 = ORIENTED_EDGE ( 'NONE', *, *, #6841, .T. ) ;
#46 = VECTOR ( 'NONE', #807, 1000.000000000000000 ) ;
#47 =( NAMED_UNIT ( * ) PLANE_ANGLE_UNIT ( ) SI_UNIT ( $, .RADIAN. ) );
#48 = COLOUR_RGB ( '',0.8313725490196077761, 0.8313725490196077761, 0.8313725490196077761 ) ;
#49 = SURFACE_SIDE_STYLE ('',( #8526 ) ) ;
#50 = CARTESIAN_POINT ( 'NONE',  ( 1.802292627064884689, 2.302292627064884911, 0.1800000000000011868 ) ) ;
#51 = STYLED_ITEM ( 'NONE', ( #439 ), #2070 ) ;
#52 = CARTESIAN_POINT ( 'NONE',  ( -1.928793852439659950, 2.160000000000000142, 0.7114753820237430526 ) ) ;
#53 =( LENGTH_UNIT ( ) NAMED_UNIT ( * ) SI_UNIT ( .MILLI., .METRE. ) );
#54 = UNCERTAINTY_MEASURE_WITH_UNIT (LENGTH_MEASURE( 1.000000000000000082E-05 ), #2448, 'distance_accuracy_value', 'NONE');
#55 = PRESENTATION_LAYER_ASSIGNMENT (  '', '', ( #4390 ) ) ;
#56 = PRESENTATION_LAYER_ASSIGNMENT (  '', '', ( #5229 ) ) ;
#57 =( NAMED_UNIT ( * ) SI_UNIT ( $, .STERADIAN. ) SOLID_ANGLE_UNIT ( ) );
#58 = EDGE_CURVE ( 'NONE', #5594, #9044, #5589, .T. ) ;
#59 = VERTEX_POINT ( 'NONE', #2299 ) ;
#60 = MECHANICAL_DESIGN_GEOMETRIC_PRESENTATION_REPRESENTATION (  '', ( #4236 ), #6823 ) ;
#61 = FILL_AREA_STYLE_COLOUR ( '', #6808 ) ;
#62 = CIRCLE ( 'NONE', #9561, 0.08000000000000007105 ) ;
#63 = SURFACE_STYLE_USAGE ( .BOTH. , #209 ) ;
#64 = VECTOR ( 'NONE', #4435, 1000.000000000000114 ) ;
#65 = SURFACE_STYLE_USAGE ( .BOTH. , #7059 ) ;
#66 = CARTESIAN_POINT ( 'NONE',  ( -1.044999999999999929, 1.145000000000000018, 0.1000000000000011019 ) ) ;
#67 = ORIENTED_EDGE ( 'NONE', *, *, #6099, .F. ) ;
#68 = FILL_AREA_STYLE ('',( #2205 ) ) ;
#69 =( BOUNDED_SURFACE ( )  B_SPLINE_SURFACE ( 3, 3, ( 
 ( #8977, #4310, #6549, #492 ),
 ( #8071, #9725, #2645, #8230 ),
 ( #1289, #1888, #7303, #402 ),
 ( #9617, #2683, #5346, #5201 ) ),
 .UNSPECIFIED., .F., .F., .T. ) 
 B_SPLINE_SURFACE_WITH_KNOTS ( ( 4, 4 ),
 ( 4, 4 ),
 ( 0.000000000000000000, 1.000000000000000000 ),
 ( 0.000000000000000000, 1.000000000000000000 ),
 .UNSPECIFIED. ) 
 GEOMETRIC_REPRESENTATION_ITEM ( )  RATIONAL_B_SPLINE_SURFACE ( (
 ( 1.000000000000000000, 0.3333333333333338699, 0.3333333333333338699, 1.000000000000000000),
 ( 0.9290532412555432273, 0.3096844137518482420, 0.3096844137518482420, 0.9290532412555432273),
 ( 0.9290532412555432273, 0.3096844137518482420, 0.3096844137518482420, 0.9290532412555432273),
 ( 1.000000000000000000, 0.3333333333333338699, 0.3333333333333338699, 1.000000000000000000) ) ) 
 REPRESENTATION_ITEM ( '' )  SURFACE ( )  );
#70 = ORIENTED_EDGE ( 'NONE', *, *, #7149, .F. ) ;
#71 = EDGE_CURVE ( 'NONE', #4881, #1430, #7065, .T. ) ;
#72 = ORIENTED_EDGE ( 'NONE', *, *, #5178, .T. ) ;
#73 =( NAMED_UNIT ( * ) SI_UNIT ( $, .STERADIAN. ) SOLID_ANGLE_UNIT ( ) );
#74 = DIRECTION ( 'NONE',  ( 0.08452546101100746889, 0.000000000000000000, -0.9964213197442519654 ) ) ;
#75 = CARTESIAN_POINT ( 'NONE',  ( -1.010926527647242779, 2.044916436039914132, 1.749999999999999778 ) ) ;
#76 = COLOUR_RGB ( '',0.8313725490196077761, 0.8313725490196077761, 0.8313725490196077761 ) ;
#77 = ORIENTED_EDGE ( 'NONE', *, *, #4116, .F. ) ;
#78 = CARTESIAN_POINT ( 'NONE',  ( -1.468615827805880292, 2.302292627064889796, 1.670000000000000151 ) ) ;
#79 = VECTOR ( 'NONE', #637, 1000.000000000000000 ) ;
#80 = SURFACE_STYLE_FILL_AREA ( #7586 ) ;
#81 = UNCERTAINTY_MEASURE_WITH_UNIT (LENGTH_MEASURE( 1.000000000000000082E-05 ), #4911, 'distance_accuracy_value', 'NONE');
#82 = CARTESIAN_POINT ( 'NONE',  ( 2.167034018033049847, -0.8900000000000001243, 0.05824665557634479962 ) ) ;
#83 = LINE ( 'NONE', #3115, #4092 ) ;
#84 = CIRCLE ( 'NONE', #1362, 0.2100000000000000755 ) ;
#85 = VERTEX_POINT ( 'NONE', #4809 ) ;
#86 = DIRECTION ( 'NONE',  ( 1.000000000000000000, 0.000000000000000000, -1.779203565104420086E-16 ) ) ;
#87 = ORIENTED_EDGE ( 'NONE', *, *, #5757, .F. ) ;
#88 = CARTESIAN_POINT ( 'NONE',  ( -1.368316686139116056, 2.044916436039913243, 1.749999999999999778 ) ) ;
#89 = CARTESIAN_POINT ( 'NONE',  ( 3.000000000000000444, -2.160000000000000142, 0.2105127985970459970 ) ) ;
#90 = LINE ( 'NONE', #7046, #9709 ) ;
#91 = VECTOR ( 'NONE', #1305, 1000.000000000000000 ) ;
#92 = CARTESIAN_POINT ( 'NONE',  ( 3.000000000000000444, 2.160000000000000142, 0.2105127985970459692 ) ) ;
#93 = CARTESIAN_POINT ( 'NONE',  ( 2.102415215385780023, 0.8900000000000000133, 1.030000000000000471 ) ) ;
#94 = VERTEX_POINT ( 'NONE', #4769 ) ;
#95 = DIRECTION ( 'NONE',  ( 0.000000000000000000, 1.000000000000000000, 0.000000000000000000 ) ) ;
#96 = CARTESIAN_POINT ( 'NONE',  ( -1.916733101748962165, 0.000000000000000000, 1.346513394221930504 ) ) ;
#97 = DIRECTION ( 'NONE',  ( 0.9975640502598241977, 0.000000000000000000, 0.06975647374412552448 ) ) ;
#98 = PRESENTATION_STYLE_ASSIGNMENT (( #6300 ) ) ;
#99 = CYLINDRICAL_SURFACE ( 'NONE', #1906, 0.1000000000000000194 ) ;
#100 = EDGE_CURVE ( 'NONE', #6174, #8867, #2798, .T. ) ;
#101 = SURFACE_SIDE_STYLE ('',( #7827 ) ) ;
#102 = CARTESIAN_POINT ( 'NONE',  ( 1.802292627064890018, -2.302292627064889796, 0.1799999999999999933 ) ) ;
#103 = EDGE_LOOP ( 'NONE', ( #1125, #1390, #9008, #6334 ) ) ;
#104 = FACE_OUTER_BOUND ( 'NONE', #8564, .T. ) ;
#105 =( LENGTH_UNIT ( ) NAMED_UNIT ( * ) SI_UNIT ( .MILLI., .METRE. ) );
#106 =( LENGTH_UNIT ( ) NAMED_UNIT ( * ) SI_UNIT ( .MILLI., .METRE. ) );
#107 = PRESENTATION_STYLE_ASSIGNMENT (( #1019 ) ) ;
#108 = LINE ( 'NONE', #7988, #2230 ) ;
#109 = ORIENTED_EDGE ( 'NONE', *, *, #5827, .T. ) ;
#110 = EDGE_CURVE ( 'NONE', #9946, #6091, #8595, .T. ) ;
#111 = EDGE_LOOP ( 'NONE', ( #6673, #9768, #4774, #7675 ) ) ;
#112 = CARTESIAN_POINT ( 'NONE',  ( 2.167034018033049847, -2.160000000000000142, 0.05824665557634479962 ) ) ;
#113 = ORIENTED_EDGE ( 'NONE', *, *, #1546, .F. ) ;
#114 = EDGE_LOOP ( 'NONE', ( #8450, #3056, #3264, #7031 ) ) ;
#115 =( LENGTH_UNIT ( ) NAMED_UNIT ( * ) SI_UNIT ( .MILLI., .METRE. ) );
#116 = FILL_AREA_STYLE_COLOUR ( '', #5226 ) ;
#117 = ORIENTED_EDGE ( 'NONE', *, *, #864, .F. ) ;
#118 = DIRECTION ( 'NONE',  ( 1.000000000000000000, -0.000000000000000000, -1.779203565104420086E-16 ) ) ;
#119 = DIRECTION ( 'NONE',  ( 0.000000000000000000, 0.000000000000000000, 1.000000000000000000 ) ) ;
#120 = PLANE ( 'NONE',  #6585 ) ;
#121 =( NAMED_UNIT ( * ) SI_UNIT ( $, .STERADIAN. ) SOLID_ANGLE_UNIT ( ) );
#122 = EDGE_CURVE ( 'NONE', #8897, #3140, #9288, .T. ) ;
#123 = EDGE_CURVE ( 'NONE', #6436, #2041, #1666, .T. ) ;
#124 = CARTESIAN_POINT ( 'NONE',  ( 0.2285000000000000642, -1.145000000000000018, 0.1000000000000009631 ) ) ;
#125 = CARTESIAN_POINT ( 'NONE',  ( -1.836467642440391623, -2.380543033929512831, 1.418148022072542425 ) ) ;
#126 = UNCERTAINTY_MEASURE_WITH_UNIT (LENGTH_MEASURE( 1.000000000000000082E-05 ), #4932, 'distance_accuracy_value', 'NONE');
#127 = ORIENTED_EDGE ( 'NONE', *, *, #9744, .T. ) ;
#128 = ORIENTED_EDGE ( 'NONE', *, *, #8570, .T. ) ;
#129 = FILL_AREA_STYLE_COLOUR ( '', #4035 ) ;
#130 = DIRECTION ( 'NONE',  ( 0.000000000000000000, 0.000000000000000000, -1.000000000000000000 ) ) ;
#131 = FILL_AREA_STYLE_COLOUR ( '', #656 ) ;
#132 = COLOUR_RGB ( '',0.2862745098039215508, 0.2862745098039215508, 0.2862745098039215508 ) ;
#133 = EDGE_CURVE ( 'NONE', #1111, #7423, #5374, .T. ) ;
#134 = UNCERTAINTY_MEASURE_WITH_UNIT (LENGTH_MEASURE( 1.000000000000000082E-05 ), #3939, 'distance_accuracy_value', 'NONE');
#135 = CARTESIAN_POINT ( 'NONE',  ( -1.833743087720911547, -2.436249167634576107, 0.2427961956862508264 ) ) ;
#136 = ORIENTED_EDGE ( 'NONE', *, *, #1664, .T. ) ;
#137 = CIRCLE ( 'NONE', #5805, 0.08000000000000004330 ) ;
#138 =( LENGTH_UNIT ( ) NAMED_UNIT ( * ) SI_UNIT ( .MILLI., .METRE. ) );
#139 = CARTESIAN_POINT ( 'NONE',  ( -1.802292627064890018, 0.000000000000000000, 0.1000000000000006717 ) ) ;
#140 = FILL_AREA_STYLE ('',( #3026 ) ) ;
#141 = SURFACE_STYLE_USAGE ( .BOTH. , #1597 ) ;
#142 = STYLED_ITEM ( 'NONE', ( #970 ), #8935 ) ;
#143 =( NAMED_UNIT ( * ) SI_UNIT ( $, .STERADIAN. ) SOLID_ANGLE_UNIT ( ) );
#144 = UNCERTAINTY_MEASURE_WITH_UNIT (LENGTH_MEASURE( 1.000000000000000082E-05 ), #2161, 'distance_accuracy_value', 'NONE');
#145 = CARTESIAN_POINT ( 'NONE',  ( 1.802292627064890018, 2.337529200819809194, 0.1081781100916017063 ) ) ;
#146 = CARTESIAN_POINT ( 'NONE',  ( 1.921192430278651608, -2.219552563675410095, 0.1364825651540217677 ) ) ;
#147 = DIRECTION ( 'NONE',  ( 0.000000000000000000, -1.000000000000000000, 0.000000000000000000 ) ) ;
#148 = MECHANICAL_DESIGN_GEOMETRIC_PRESENTATION_REPRESENTATION (  '', ( #9809 ), #1263 ) ;
#149 = DIRECTION ( 'NONE',  ( -0.000000000000000000, 0.000000000000000000, 1.000000000000000000 ) ) ;
#150 = ORIENTED_EDGE ( 'NONE', *, *, #4497, .T. ) ;
#151 = DIRECTION ( 'NONE',  ( 0.9975640502598241977, 0.000000000000000000, 0.06975647374412549673 ) ) ;
#152 =( NAMED_UNIT ( * ) SI_UNIT ( $, .STERADIAN. ) SOLID_ANGLE_UNIT ( ) );
#153 = VECTOR ( 'NONE', #8730, 1000.000000000000000 ) ;
#154 = SURFACE_STYLE_USAGE ( .BOTH. , #2338 ) ;
#155 = DIRECTION ( 'NONE',  ( 1.000000000000000000, 0.000000000000000000, 3.040008243693350015E-16 ) ) ;
#156 = DIRECTION ( 'NONE',  ( -0.08452546101100746889, 0.000000000000000000, -0.9964213197442519654 ) ) ;
#157 =( NAMED_UNIT ( * ) SI_UNIT ( $, .STERADIAN. ) SOLID_ANGLE_UNIT ( ) );
#158 = PLANE ( 'NONE',  #9715 ) ;
#159 = CARTESIAN_POINT ( 'NONE',  ( 2.376389666031580195, -0.8900000000000000133, 0.07473362777057840356 ) ) ;
#160 = STYLED_ITEM ( 'NONE', ( #5184 ), #9564 ) ;
#161 = SURFACE_STYLE_FILL_AREA ( #3807 ) ;
#162 = ORIENTED_EDGE ( 'NONE', *, *, #750, .T. ) ;
#163 = FACE_OUTER_BOUND ( 'NONE', #6773, .T. ) ;
#164 = AXIS2_PLACEMENT_3D ( 'NONE', #785, #5404, #7044 ) ;
#165 = CARTESIAN_POINT ( 'NONE',  ( 3.000000000000000000, 0.3799999999999998934, 0.2105127985970459970 ) ) ;
#166 = ORIENTED_EDGE ( 'NONE', *, *, #7882, .T. ) ;
#167 = ORIENTED_EDGE ( 'NONE', *, *, #2621, .F. ) ;
#168 = CARTESIAN_POINT ( 'NONE',  ( -2.151833221588800082, -0.8900000000000000133, 0.2374399716845529973 ) ) ;
#169 = ADVANCED_FACE ( 'NONE', ( #3864 ), #3971, .T. ) ;
#170 = PLANE ( 'NONE',  #8744 ) ;
#171 = CARTESIAN_POINT ( 'NONE',  ( 1.044999999999999929, -1.145000000000000018, 0.3000000000000009881 ) ) ;
#172 = VERTEX_POINT ( 'NONE', #2499 ) ;
#173 = PLANE ( 'NONE',  #5831 ) ;
#174 = SURFACE_STYLE_USAGE ( .BOTH. , #1619 ) ;
#175 = UNCERTAINTY_MEASURE_WITH_UNIT (LENGTH_MEASURE( 1.000000000000000082E-05 ), #6045, 'distance_accuracy_value', 'NONE');
#176 = FACE_BOUND ( 'NONE', #8235, .T. ) ;
#177 =( GEOMETRIC_REPRESENTATION_CONTEXT ( 3 ) GLOBAL_UNCERTAINTY_ASSIGNED_CONTEXT ( ( #54 ) ) GLOBAL_UNIT_ASSIGNED_CONTEXT ( ( #2448, #8692, #5533 ) ) REPRESENTATION_CONTEXT ( 'NONE', 'WORKASPACE' ) );
#178 = SURFACE_SIDE_STYLE ('',( #2268 ) ) ;
#179 = VERTEX_POINT ( 'NONE', #8810 ) ;
#180 = COLOUR_RGB ( '',0.8313725490196077761, 0.8313725490196077761, 0.8313725490196077761 ) ;
#181 = VECTOR ( 'NONE', #8380, 1000.000000000000227 ) ;
#182 = VERTEX_POINT ( 'NONE', #4971 ) ;
#183 = CARTESIAN_POINT ( 'NONE',  ( 2.311663692532073711, 0.3800000000000000044, 0.8377503468123129737 ) ) ;
#184 = EDGE_CURVE ( 'NONE', #3209, #8867, #213, .T. ) ;
#185 = SURFACE_SIDE_STYLE ('',( #5451 ) ) ;
#186 = CARTESIAN_POINT ( 'NONE',  ( 2.005945153285420446, 0.6350000000000000089, 0.8200000000000020606 ) ) ;
#187 = AXIS2_PLACEMENT_3D ( 'NONE', #4896, #5714, #4205 ) ;
#188 = CARTESIAN_POINT ( 'NONE',  ( -1.044999999999999929, -1.044999999999999929, 0.3000000000000009881 ) ) ;
#189 = CIRCLE ( 'NONE', #6004, 0.08000000000000005718 ) ;
#190 = ADVANCED_FACE ( 'NONE', ( #1070 ), #3306, .F. ) ;
#191 = ORIENTED_EDGE ( 'NONE', *, *, #9377, .T. ) ;
#192 =( LENGTH_UNIT ( ) NAMED_UNIT ( * ) SI_UNIT ( .MILLI., .METRE. ) );
#193 = PRESENTATION_STYLE_ASSIGNMENT (( #9316 ) ) ;
#194 = STYLED_ITEM ( 'NONE', ( #2507 ), #7954 ) ;
#195 = SURFACE_STYLE_USAGE ( .BOTH. , #7098 ) ;
#196 =( NAMED_UNIT ( * ) SI_UNIT ( $, .STERADIAN. ) SOLID_ANGLE_UNIT ( ) );
#197 = DIRECTION ( 'NONE',  ( 0.000000000000000000, -1.000000000000000000, 0.000000000000000000 ) ) ;
#198 = CIRCLE ( 'NONE', #3224, 0.2100000000000000200 ) ;
#199 = FILL_AREA_STYLE ('',( #9279 ) ) ;
#200 = PRESENTATION_LAYER_ASSIGNMENT (  '', '', ( #4720 ) ) ;
#201 = FILL_AREA_STYLE ('',( #2590 ) ) ;
#202 = AXIS2_PLACEMENT_3D ( 'NONE', #9631, #86, #1817 ) ;
#203 =( LENGTH_UNIT ( ) NAMED_UNIT ( * ) SI_UNIT ( .MILLI., .METRE. ) );
#204 = FILL_AREA_STYLE ('',( #3296 ) ) ;
#205 = ORIENTED_EDGE ( 'NONE', *, *, #6044, .T. ) ;
#206 = DIRECTION ( 'NONE',  ( -0.000000000000000000, 1.000000000000000000, -0.000000000000000000 ) ) ;
#207 = CARTESIAN_POINT ( 'NONE',  ( 2.458105539086119951, 0.3800000000000000044, 0.3536621499571240279 ) ) ;
#208 = STYLED_ITEM ( 'NONE', ( #4522 ), #1935 ) ;
#209 = SURFACE_SIDE_STYLE ('',( #3802 ) ) ;
#210 =( LENGTH_UNIT ( ) NAMED_UNIT ( * ) SI_UNIT ( .MILLI., .METRE. ) );
#211 = PLANE ( 'NONE',  #2975 ) ;
#212 = DIRECTION ( 'NONE',  ( 1.000000000000000000, 0.000000000000000000, 0.000000000000000000 ) ) ;
#213 = LINE ( 'NONE', #5630, #2990 ) ;
#214 = ORIENTED_EDGE ( 'NONE', *, *, #7329, .F. ) ;
#215 = CARTESIAN_POINT ( 'NONE',  ( 2.346432839248831836, -0.3800000000000000044, 0.04570186794230124416 ) ) ;
#216 = AXIS2_PLACEMENT_3D ( 'NONE', #7837, #6873, #7207 ) ;
#217 = CARTESIAN_POINT ( 'NONE',  ( 1.189405335455050228, -2.160000000000000142, 0.8200000000000009504 ) ) ;
#218 = COLOUR_RGB ( '',0.8313725490196077761, 0.8313725490196077761, 0.8313725490196077761 ) ;
#219 = ORIENTED_EDGE ( 'NONE', *, *, #2111, .F. ) ;
#220 = MECHANICAL_DESIGN_GEOMETRIC_PRESENTATION_REPRESENTATION (  '', ( #1970 ), #1654 ) ;
#221 = AXIS2_PLACEMENT_3D ( 'NONE', #8937, #5915, #452 ) ;
#222 = ORIENTED_EDGE ( 'NONE', *, *, #9036, .T. ) ;
#223 = FACE_OUTER_BOUND ( 'NONE', #2964, .T. ) ;
#224 = ORIENTED_EDGE ( 'NONE', *, *, #2632, .F. ) ;
#225 = SURFACE_STYLE_USAGE ( .BOTH. , #7078 ) ;
#226 = DIRECTION ( 'NONE',  ( 0.08452546101100746889, -0.000000000000000000, 0.9964213197442519654 ) ) ;
#227 = LINE ( 'NONE', #3059, #1941 ) ;
#228 = MECHANICAL_DESIGN_GEOMETRIC_PRESENTATION_REPRESENTATION (  '', ( #2280 ), #1502 ) ;
#229 = DIRECTION ( 'NONE',  ( 0.000000000000000000, -1.000000000000000000, 0.000000000000000000 ) ) ;
#230 = DIRECTION ( 'NONE',  ( 6.608470384673550038E-16, 0.000000000000000000, -1.000000000000000000 ) ) ;
#231 = EDGE_CURVE ( 'NONE', #5009, #811, #2047, .T. ) ;
#232 = SURFACE_STYLE_FILL_AREA ( #7038 ) ;
#233 = ORIENTED_EDGE ( 'NONE', *, *, #6389, .T. ) ;
#234 = STYLED_ITEM ( 'NONE', ( #8241 ), #6901 ) ;
#235 = ORIENTED_EDGE ( 'NONE', *, *, #3208, .T. ) ;
#236 = PRESENTATION_STYLE_ASSIGNMENT (( #7140 ) ) ;
#237 = PRESENTATION_STYLE_ASSIGNMENT (( #7907 ) ) ;
#238 = CARTESIAN_POINT ( 'NONE',  ( 1.802292627064879804, -2.302292627064889796, 1.669999999999999263 ) ) ;
#239 = SURFACE_STYLE_FILL_AREA ( #6286 ) ;
#240 = EDGE_CURVE ( 'NONE', #7804, #9111, #4077, .T. ) ;
#241 = AXIS2_PLACEMENT_3D ( 'NONE', #2501, #4925, #3351 ) ;
#242 = CARTESIAN_POINT ( 'NONE',  ( -1.845189659078864564, -2.345189659078863453, 0.1278493596512560171 ) ) ;
#243 = VERTEX_POINT ( 'NONE', #3349 ) ;
#244 =( NAMED_UNIT ( * ) PLANE_ANGLE_UNIT ( ) SI_UNIT ( $, .RADIAN. ) );
#245 = PRESENTATION_LAYER_ASSIGNMENT (  '', '', ( #8953 ) ) ;
#246 = CARTESIAN_POINT ( 'NONE',  ( 0.1284999999999999754, -1.500999999999999890, 0.3000000000000009881 ) ) ;
#247 = LINE ( 'NONE', #5511, #9822 ) ;
#248 = STYLED_ITEM ( 'NONE', ( #803 ), #5461 ) ;
#249 = ORIENTED_EDGE ( 'NONE', *, *, #1480, .F. ) ;
#250 = CARTESIAN_POINT ( 'NONE',  ( 1.189405335455050006, -1.905000000000000027, 1.030000000000000027 ) ) ;
#251 = PRESENTATION_STYLE_ASSIGNMENT (( #1007 ) ) ;
#252 = EDGE_CURVE ( 'NONE', #963, #8468, #5780, .T. ) ;
#253 = EDGE_CURVE ( 'NONE', #8816, #8897, #2545, .T. ) ;
#254 = PRESENTATION_LAYER_ASSIGNMENT (  '', '', ( #7491 ) ) ;
#255 = CARTESIAN_POINT ( 'NONE',  ( 2.102415215385780023, 0.3800000000000000044, 0.8200000000000009504 ) ) ;
#256 = PRESENTATION_LAYER_ASSIGNMENT (  '', '', ( #4777 ) ) ;
#257 = VERTEX_POINT ( 'NONE', #8035 ) ;
#258 = CARTESIAN_POINT ( 'NONE',  ( 0.2285000000000000364, -1.401000000000000023, 0.3000000000000009881 ) ) ;
#259 = LINE ( 'NONE', #8591, #4987 ) ;
#260 = DIRECTION ( 'NONE',  ( 0.1039620511844980000, 0.1039620511844980000, -0.9891328443778539814 ) ) ;
#261 = LINE ( 'NONE', #3302, #5388 ) ;
#262 = CARTESIAN_POINT ( 'NONE',  ( 1.189405335455050006, 0.8900000000000000133, 0.8200000000000009504 ) ) ;
#263 = DIRECTION ( 'NONE',  ( -0.000000000000000000, -1.000000000000000000, -0.000000000000000000 ) ) ;
#264 = DIRECTION ( 'NONE',  ( 1.000000000000000000, -0.000000000000000000, -2.846725704167069772E-16 ) ) ;
#265 = VERTEX_POINT ( 'NONE', #7989 ) ;
#266 = EDGE_CURVE ( 'NONE', #5435, #7332, #6364, .T. ) ;
#267 = CARTESIAN_POINT ( 'NONE',  ( -2.151833221588806300, -0.6350000000000000089, 0.2374399716845535524 ) ) ;
#268 = VERTEX_POINT ( 'NONE', #2657 ) ;
#269 = CARTESIAN_POINT ( 'NONE',  ( -0.1284999999999999754, 1.500999999999999890, 0.3000000000000009881 ) ) ;
#270 = ORIENTED_EDGE ( 'NONE', *, *, #1890, .F. ) ;
#271 = CARTESIAN_POINT ( 'NONE',  ( 2.110569391858569954, -0.3800000000000000044, 0.7238751734061580345 ) ) ;
#272 = ORIENTED_EDGE ( 'NONE', *, *, #8686, .T. ) ;
#273 = CARTESIAN_POINT ( 'NONE',  ( -1.845189659078864119, 2.345189659078864342, 0.1278493596512564612 ) ) ;
#274 = DIRECTION ( 'NONE',  ( 0.08452546101100746889, 0.000000000000000000, -0.9964213197442519654 ) ) ;
#275 = FILL_AREA_STYLE_COLOUR ( '', #6803 ) ;
#276 = MECHANICAL_DESIGN_GEOMETRIC_PRESENTATION_REPRESENTATION (  '', ( #4013 ), #5336 ) ;
#277 =( NAMED_UNIT ( * ) PLANE_ANGLE_UNIT ( ) SI_UNIT ( $, .RADIAN. ) );
#278 = ORIENTED_EDGE ( 'NONE', *, *, #8113, .T. ) ;
#279 = SURFACE_STYLE_FILL_AREA ( #6336 ) ;
#280 = SURFACE_SIDE_STYLE ('',( #437 ) ) ;
#281 = SURFACE_SIDE_STYLE ('',( #7190 ) ) ;
#282 = PRESENTATION_LAYER_ASSIGNMENT (  '', '', ( #6101 ) ) ;
#283 = VERTEX_POINT ( 'NONE', #1902 ) ;
#284 = DIRECTION ( 'NONE',  ( -0.000000000000000000, -0.000000000000000000, -1.000000000000000000 ) ) ;
#285 = LINE ( 'NONE', #3329, #9688 ) ;
#286 = VERTEX_POINT ( 'NONE', #8086 ) ;
#287 = FILL_AREA_STYLE_COLOUR ( '', #3429 ) ;
#288 = EDGE_CURVE ( 'NONE', #9732, #9551, #1165, .T. ) ;
#289 = SURFACE_SIDE_STYLE ('',( #2782 ) ) ;
#290 = VECTOR ( 'NONE', #7839, 1000.000000000000000 ) ;
#291 = CARTESIAN_POINT ( 'NONE',  ( -2.311663692532070158, 1.649999999999999911, 0.8377503468123129737 ) ) ;
#292 = LINE ( 'NONE', #8884, #7158 ) ;
#293 = DIRECTION ( 'NONE',  ( 0.000000000000000000, -1.000000000000000000, 0.000000000000000000 ) ) ;
#294 = FACE_OUTER_BOUND ( 'NONE', #6260, .T. ) ;
#295 = DIRECTION ( 'NONE',  ( -0.6691306063588580155, 0.000000000000000000, 0.7431448254773942441 ) ) ;
#296 = VECTOR ( 'NONE', #8162, 1000.000000000000000 ) ;
#297 = VERTEX_POINT ( 'NONE', #3448 ) ;
#298 = AXIS2_PLACEMENT_3D ( 'NONE', #8969, #1384, #675 ) ;
#299 = SURFACE_SIDE_STYLE ('',( #4223 ) ) ;
#300 = EDGE_CURVE ( 'NONE', #3721, #6929, #6561, .T. ) ;
#301 = SURFACE_SIDE_STYLE ('',( #8390 ) ) ;
#302 = DIRECTION ( 'NONE',  ( -1.000000000000000000, -0.000000000000000000, -0.000000000000000000 ) ) ;
#303 =( NAMED_UNIT ( * ) SI_UNIT ( $, .STERADIAN. ) SOLID_ANGLE_UNIT ( ) );
#304 = AXIS2_PLACEMENT_3D ( 'NONE', #728, #674, #3716 ) ;
#305 = DIRECTION ( 'NONE',  ( -0.9945218953682734009, 5.421010862427518226E-15, -0.1045284632676532210 ) ) ;
#306 = STYLED_ITEM ( 'NONE', ( #6014 ), #331 ) ;
#307 = CARTESIAN_POINT ( 'NONE',  ( 1.802292627064884689, -2.302292627064884911, 0.1800000000000011868 ) ) ;
#308 = CARTESIAN_POINT ( 'NONE',  ( 1.462500000000000133, 2.302292627064889796, 0.09999999999999997780 ) ) ;
#309 = ORIENTED_EDGE ( 'NONE', *, *, #3249, .F. ) ;
#310 = VECTOR ( 'NONE', #5874, 1000.000000000000000 ) ;
#311 = LINE ( 'NONE', #165, #570 ) ;
#312 = CARTESIAN_POINT ( 'NONE',  ( -2.361081698735099987, 0.3800000000000000044, 0.2551903184968640215 ) ) ;
#313 = ORIENTED_EDGE ( 'NONE', *, *, #9196, .F. ) ;
#314 = MECHANICAL_DESIGN_GEOMETRIC_PRESENTATION_REPRESENTATION (  '', ( #6433 ), #9647 ) ;
#315 = SURFACE_STYLE_USAGE ( .BOTH. , #9490 ) ;
#316 = VERTEX_POINT ( 'NONE', #5826 ) ;
#317 = ADVANCED_FACE ( 'NONE', ( #1302 ), #3555, .F. ) ;
#318 = EDGE_CURVE ( 'NONE', #3705, #9933, #6755, .T. ) ;
#319 = SURFACE_STYLE_FILL_AREA ( #9746 ) ;
#320 = SURFACE_STYLE_USAGE ( .BOTH. , #3935 ) ;
#321 = ORIENTED_EDGE ( 'NONE', *, *, #58, .T. ) ;
#322 = CARTESIAN_POINT ( 'NONE',  ( -1.845189659078864564, 2.345189659078864786, 0.1278493596512566832 ) ) ;
#323 = PLANE ( 'NONE',  #2544 ) ;
#324 = STYLED_ITEM ( 'NONE', ( #9517 ), #1049 ) ;
#325 = CARTESIAN_POINT ( 'NONE',  ( 0.2285000000000000364, -1.145000000000000018, 0.1000000000000010048 ) ) ;
#326 = LINE ( 'NONE', #5793, #8287 ) ;
#327 = ORIENTED_EDGE ( 'NONE', *, *, #4666, .T. ) ;
#328 = ORIENTED_EDGE ( 'NONE', *, *, #4888, .F. ) ;
#329 = CARTESIAN_POINT ( 'NONE',  ( -1.492920983025413095, -2.338417127732530076, 1.737113932095116331 ) ) ;
#330 = MECHANICAL_DESIGN_GEOMETRIC_PRESENTATION_REPRESENTATION (  '', ( #3350 ), #2863 ) ;
#331 = ADVANCED_FACE ( 'NONE', ( #650 ), #7465, .F. ) ;
#332 = MECHANICAL_DESIGN_GEOMETRIC_PRESENTATION_REPRESENTATION (  '', ( #8244 ), #9672 ) ;
#333 =( NAMED_UNIT ( * ) PLANE_ANGLE_UNIT ( ) SI_UNIT ( $, .RADIAN. ) );
#334 = VECTOR ( 'NONE', #4559, 1000.000000000000000 ) ;
#335 = COLOUR_RGB ( '',0.2862745098039215508, 0.2862745098039215508, 0.2862745098039215508 ) ;
#336 = VERTEX_POINT ( 'NONE', #3501 ) ;
#337 = CARTESIAN_POINT ( 'NONE',  ( 1.916878544047199595, -2.449872071855469624, 0.8175679999322644775 ) ) ;
#338 =( NAMED_UNIT ( * ) PLANE_ANGLE_UNIT ( ) SI_UNIT ( $, .RADIAN. ) );
#339 = ORIENTED_EDGE ( 'NONE', *, *, #4834, .T. ) ;
#340 = CARTESIAN_POINT ( 'NONE',  ( 1.189405335455050006, 0.3800000000000000044, 0.8200000000000009504 ) ) ;
#341 = FILL_AREA_STYLE_COLOUR ( '', #8295 ) ;
#342 = DIRECTION ( 'NONE',  ( 0.000000000000000000, 0.000000000000000000, -1.000000000000000000 ) ) ;
#343 =( GEOMETRIC_REPRESENTATION_CONTEXT ( 3 ) GLOBAL_UNCERTAINTY_ASSIGNED_CONTEXT ( ( #1275 ) ) GLOBAL_UNIT_ASSIGNED_CONTEXT ( ( #2120, #5939, #6582 ) ) REPRESENTATION_CONTEXT ( 'NONE', 'WORKASPACE' ) );
#344 = SURFACE_STYLE_FILL_AREA ( #7242 ) ;
#345 = MECHANICAL_DESIGN_GEOMETRIC_PRESENTATION_REPRESENTATION (  '', ( #7920 ), #2572 ) ;
#346 = AXIS2_PLACEMENT_3D ( 'NONE', #8919, #1879, #7958 ) ;
#347 = MECHANICAL_DESIGN_GEOMETRIC_PRESENTATION_REPRESENTATION (  '', ( #9209 ), #5528 ) ;
#348 = EDGE_CURVE ( 'NONE', #4025, #3843, #566, .T. ) ;
#349 = CARTESIAN_POINT ( 'NONE',  ( 1.916878544047198263, -2.449872071855470512, 1.032432000067769140 ) ) ;
#350 = CIRCLE ( 'NONE', #6001, 0.1000000000000000472 ) ;
#351 = AXIS2_PLACEMENT_3D ( 'NONE', #7366, #1179, #8100 ) ;
#352 = EDGE_LOOP ( 'NONE', ( #2568, #5839, #4149, #9874 ) ) ;
#353 = ORIENTED_EDGE ( 'NONE', *, *, #6176, .F. ) ;
#354 = CARTESIAN_POINT ( 'NONE',  ( 2.102415215385780023, -0.6350000000000000089, 1.030000000000000915 ) ) ;
#355 = PRESENTATION_STYLE_ASSIGNMENT (( #1212 ) ) ;
#356 = CARTESIAN_POINT ( 'NONE',  ( -1.801300639614446641, -2.338986644132701187, 0.1043914680145907325 ) ) ;
#357 = CARTESIAN_POINT ( 'NONE',  ( 0.2285000000000000364, 1.401000000000000023, 0.1000000000000009909 ) ) ;
#358 =( NAMED_UNIT ( * ) PLANE_ANGLE_UNIT ( ) SI_UNIT ( $, .RADIAN. ) );
#359 =( NAMED_UNIT ( * ) PLANE_ANGLE_UNIT ( ) SI_UNIT ( $, .RADIAN. ) );
#360 = VECTOR ( 'NONE', #2700, 1000.000000000000000 ) ;
#361 = VERTEX_POINT ( 'NONE', #1250 ) ;
#362 = PRESENTATION_LAYER_ASSIGNMENT (  '', '', ( #6022 ) ) ;
#363 = EDGE_CURVE ( 'NONE', #3944, #3892, #4322, .T. ) ;
#364 = DIRECTION ( 'NONE',  ( 0.3406351650717801549, 0.8440827718217340792, 0.4141158758490908198 ) ) ;
#365 =( LENGTH_UNIT ( ) NAMED_UNIT ( * ) SI_UNIT ( .MILLI., .METRE. ) );
#366 = ORIENTED_EDGE ( 'NONE', *, *, #1786, .T. ) ;
#367 = COLOUR_RGB ( '',0.2862745098039215508, 0.2862745098039215508, 0.2862745098039215508 ) ;
#368 = ORIENTED_EDGE ( 'NONE', *, *, #4834, .F. ) ;
#369 = FILL_AREA_STYLE_COLOUR ( '', #6495 ) ;
#370 = STYLED_ITEM ( 'NONE', ( #8197 ), #4104 ) ;
#371 = DIRECTION ( 'NONE',  ( 0.9975640502598241977, 0.000000000000000000, 0.06975647374412549673 ) ) ;
#372 = MECHANICAL_DESIGN_GEOMETRIC_PRESENTATION_REPRESENTATION (  '', ( #9714 ), #4219 ) ;
#373 = ORIENTED_EDGE ( 'NONE', *, *, #4620, .F. ) ;
#374 = LINE ( 'NONE', #1315, #5017 ) ;
#375 = CARTESIAN_POINT ( 'NONE',  ( -1.189405335455050006, 1.649999999999999911, 0.7114753820237430526 ) ) ;
#376 = PRESENTATION_LAYER_ASSIGNMENT (  '', '', ( #7452 ) ) ;
#377 = DIRECTION ( 'NONE',  ( -0.9964213197442519654, 0.000000000000000000, -0.08452546101100759379 ) ) ;
#378 = DIRECTION ( 'NONE',  ( 0.000000000000000000, 0.000000000000000000, 1.000000000000000000 ) ) ;
#379 = COLOUR_RGB ( '',0.8313725490196077761, 0.8313725490196077761, 0.8313725490196077761 ) ;
#380 = EDGE_CURVE ( 'NONE', #2164, #5445, #1360, .T. ) ;
#381 = EDGE_CURVE ( 'NONE', #9337, #7192, #3648, .T. ) ;
#382 = COLOUR_RGB ( '',0.2862745098039215508, 0.2862745098039215508, 0.2862745098039215508 ) ;
#383 = COLOUR_RGB ( '',0.8313725490196077761, 0.8313725490196077761, 0.8313725490196077761 ) ;
#384 = EDGE_LOOP ( 'NONE', ( #5428, #5914, #3147, #1874, #5845, #4419, #8324, #4461, #784, #2607, #2020, #136, #1120, #8961, #1088, #9558, #5047, #9948, #9151, #5665 ) ) ;
#385 = EDGE_LOOP ( 'NONE', ( #7345, #2918, #8102, #3945, #6676, #3888, #4406, #7874, #2852, #7480, #9491, #7772 ) ) ;
#386 = FILL_AREA_STYLE_COLOUR ( '', #6357 ) ;
#387 = LINE ( 'NONE', #6683, #1482 ) ;
#388 = DIRECTION ( 'NONE',  ( 0.5362129001746829271, 0.5362129001746829271, -0.6518830043593030199 ) ) ;
#389 = CARTESIAN_POINT ( 'NONE',  ( 1.834544767865779802, 2.256608784186041827, 1.786023975542868403 ) ) ;
#390 = VECTOR ( 'NONE', #206, 1000.000000000000000 ) ;
#391 = CARTESIAN_POINT ( 'NONE',  ( 2.353481300512969998, 0.8900000000000000133, 0.3447869765509680717 ) ) ;
#392 = UNCERTAINTY_MEASURE_WITH_UNIT (LENGTH_MEASURE( 1.000000000000000082E-05 ), #8772, 'distance_accuracy_value', 'NONE');
#393 = STYLED_ITEM ( 'NONE', ( #98 ), #6976 ) ;
#394 = ORIENTED_EDGE ( 'NONE', *, *, #5198, .F. ) ;
#395 = CARTESIAN_POINT ( 'NONE',  ( -1.189405335455050006, 1.905000000000000027, 1.030000000000000027 ) ) ;
#396 =( BOUNDED_SURFACE ( )  B_SPLINE_SURFACE ( 3, 3, ( 
 ( #6172, #719, #8600, #1670 ),
 ( #5477, #6262, #3047, #3760 ),
 ( #2995, #3869, #6117, #12 ),
 ( #8396, #8548, #3926, #919 ) ),
 .UNSPECIFIED., .F., .F., .T. ) 
 B_SPLINE_SURFACE_WITH_KNOTS ( ( 4, 4 ),
 ( 4, 4 ),
 ( 0.000000000000000000, 1.000000000000000000 ),
 ( 0.000000000000000000, 1.000000000000000000 ),
 .UNSPECIFIED. ) 
 GEOMETRIC_REPRESENTATION_ITEM ( )  RATIONAL_B_SPLINE_SURFACE ( (
 ( 1.000000000000000000, 0.3333333333333391990, 0.3333333333333391990, 1.000000000000000000),
 ( 0.9167487126792612795, 0.3055829042264258111, 0.3055829042264258111, 0.9167487126792612795),
 ( 0.9167487126792612795, 0.3055829042264258111, 0.3055829042264258111, 0.9167487126792612795),
 ( 1.000000000000000000, 0.3333333333333391990, 0.3333333333333391990, 1.000000000000000000) ) ) 
 REPRESENTATION_ITEM ( '' )  SURFACE ( )  );
#397 = MECHANICAL_DESIGN_GEOMETRIC_PRESENTATION_REPRESENTATION (  '', ( #7974 ), #4246 ) ;
#398 = PRESENTATION_STYLE_ASSIGNMENT (( #8278 ) ) ;
#399 = ORIENTED_EDGE ( 'NONE', *, *, #8964, .F. ) ;
#400 = CARTESIAN_POINT ( 'NONE',  ( 0.000000000000000000, 0.000000000000000000, 0.000000000000000000 ) ) ;
#401 = CARTESIAN_POINT ( 'NONE',  ( -2.311663692532074599, 1.905000000000000027, 0.8377503468123133068 ) ) ;
#402 = CARTESIAN_POINT ( 'NONE',  ( 1.801300639614445309, 2.338986644132699855, 0.1043914680145889978 ) ) ;
#403 = FILL_AREA_STYLE_COLOUR ( '', #5406 ) ;
#404 = PRESENTATION_LAYER_ASSIGNMENT (  '', '', ( #2630 ) ) ;
#405 = DIRECTION ( 'NONE',  ( 0.000000000000000000, 1.000000000000000000, 0.000000000000000000 ) ) ;
#406 = COLOUR_RGB ( '',0.8313725490196077761, 0.8313725490196077761, 0.8313725490196077761 ) ;
#407 = CARTESIAN_POINT ( 'NONE',  ( 1.778333972310204958, -2.327900865654993101, 0.1080958903910342328 ) ) ;
#408 = ORIENTED_EDGE ( 'NONE', *, *, #4337, .T. ) ;
#409 = FACE_OUTER_BOUND ( 'NONE', #7961, .T. ) ;
#410 =( NAMED_UNIT ( * ) SI_UNIT ( $, .STERADIAN. ) SOLID_ANGLE_UNIT ( ) );
#411 = PLANE ( 'NONE',  #5347 ) ;
#412 = FILL_AREA_STYLE_COLOUR ( '', #694 ) ;
#413 = ADVANCED_FACE ( 'NONE', ( #9881 ), #9174, .T. ) ;
#414 = CARTESIAN_POINT ( 'NONE',  ( -1.804822797260259959, -2.304822797260260181, 0.2040729613699560352 ) ) ;
#415 = CARTESIAN_POINT ( 'NONE',  ( -1.462500000000000133, -2.381854378694351571, 1.678362277061410168 ) ) ;
#416 = ORIENTED_EDGE ( 'NONE', *, *, #5, .F. ) ;
#417 = MECHANICAL_DESIGN_GEOMETRIC_PRESENTATION_REPRESENTATION (  '', ( #4777 ), #7830 ) ;
#418 = FILL_AREA_STYLE_COLOUR ( '', #3416 ) ;
#419 = CARTESIAN_POINT ( 'NONE',  ( 2.005945153285420446, 0.8900000000000000133, 0.8200000000000015055 ) ) ;
#420 = DIRECTION ( 'NONE',  ( -0.9975640502598241977, -0.000000000000000000, -0.06975647374412552448 ) ) ;
#421 = VERTEX_POINT ( 'NONE', #145 ) ;
#422 = SURFACE_STYLE_FILL_AREA ( #2702 ) ;
#423 = CYLINDRICAL_SURFACE ( 'NONE', #6617, 0.1050000000000000100 ) ;
#424 = SURFACE_SIDE_STYLE ('',( #9693 ) ) ;
#425 = ORIENTED_EDGE ( 'NONE', *, *, #5479, .F. ) ;
#426 = DIRECTION ( 'NONE',  ( -1.000000000000000000, 0.000000000000000000, 1.779203565104420086E-16 ) ) ;
#427 = ADVANCED_FACE ( 'NONE', ( #7826 ), #6248, .T. ) ;
#428 = CARTESIAN_POINT ( 'NONE',  ( -0.1285000000000000031, -1.500999999999999890, 0.1000000000000010048 ) ) ;
#429 = LINE ( 'NONE', #8106, #296 ) ;
#430 =( NAMED_UNIT ( * ) PLANE_ANGLE_UNIT ( ) SI_UNIT ( $, .RADIAN. ) );
#431 = VERTEX_POINT ( 'NONE', #2333 ) ;
#432 = EDGE_LOOP ( 'NONE', ( #4024, #6505, #1112, #8004 ) ) ;
#433 = FILL_AREA_STYLE ('',( #7337 ) ) ;
#434 = EDGE_CURVE ( 'NONE', #2142, #5467, #767, .T. ) ;
#435 = EDGE_CURVE ( 'NONE', #8438, #3479, #759, .T. ) ;
#436 = AXIS2_PLACEMENT_3D ( 'NONE', #4902, #7969, #6443 ) ;
#437 = SURFACE_STYLE_FILL_AREA ( #5040 ) ;
#438 = CARTESIAN_POINT ( 'NONE',  ( -1.492920983025413317, 2.338417127732530520, 1.737113932095117441 ) ) ;
#439 = PRESENTATION_STYLE_ASSIGNMENT (( #1928 ) ) ;
#440 = UNCERTAINTY_MEASURE_WITH_UNIT (LENGTH_MEASURE( 1.000000000000000082E-05 ), #7391, 'distance_accuracy_value', 'NONE');
#441 = EDGE_LOOP ( 'NONE', ( #3663, #8981, #8997, #8398 ) ) ;
#442 =( NAMED_UNIT ( * ) SI_UNIT ( $, .STERADIAN. ) SOLID_ANGLE_UNIT ( ) );
#443 = ORIENTED_EDGE ( 'NONE', *, *, #6162, .T. ) ;
#444 = FACE_OUTER_BOUND ( 'NONE', #1832, .T. ) ;
#445 =( LENGTH_UNIT ( ) NAMED_UNIT ( * ) SI_UNIT ( .MILLI., .METRE. ) );
#446 = EDGE_CURVE ( 'NONE', #594, #286, #9233, .T. ) ;
#447 = ADVANCED_FACE ( 'NONE', ( #1652 ), #2381, .T. ) ;
#448 = LINE ( 'NONE', #7198, #8448 ) ;
#449 = CARTESIAN_POINT ( 'NONE',  ( 2.005945153285420446, 0.8900000000000000133, 0.7150000000000019673 ) ) ;
#450 = UNCERTAINTY_MEASURE_WITH_UNIT (LENGTH_MEASURE( 1.000000000000000082E-05 ), #3770, 'distance_accuracy_value', 'NONE');
#451 = ORIENTED_EDGE ( 'NONE', *, *, #9854, .F. ) ;
#452 = DIRECTION ( 'NONE',  ( 0.9945218953682734009, 0.000000000000000000, 0.1045284632676535680 ) ) ;
#453 = DIRECTION ( 'NONE',  ( -0.3406351650717768798, 0.8440827718217361886, -0.4141158758490890990 ) ) ;
#454 = CARTESIAN_POINT ( 'NONE',  ( 1.801300639614435539, 2.338986644132700743, 1.745608531985411549 ) ) ;
#455 =( NAMED_UNIT ( * ) PLANE_ANGLE_UNIT ( ) SI_UNIT ( $, .RADIAN. ) );
#456 = ORIENTED_EDGE ( 'NONE', *, *, #8929, .F. ) ;
#457 =( GEOMETRIC_REPRESENTATION_CONTEXT ( 3 ) GLOBAL_UNCERTAINTY_ASSIGNED_CONTEXT ( ( #9129 ) ) GLOBAL_UNIT_ASSIGNED_CONTEXT ( ( #4124, #359, #3260 ) ) REPRESENTATION_CONTEXT ( 'NONE', 'WORKASPACE' ) );
#458 = SURFACE_STYLE_USAGE ( .BOTH. , #9781 ) ;
#459 = UNCERTAINTY_MEASURE_WITH_UNIT (LENGTH_MEASURE( 1.000000000000000082E-05 ), #5870, 'distance_accuracy_value', 'NONE');
#460 = PRESENTATION_LAYER_ASSIGNMENT (  '', '', ( #142 ) ) ;
#461 = SURFACE_STYLE_USAGE ( .BOTH. , #7469 ) ;
#462 = ORIENTED_EDGE ( 'NONE', *, *, #9363, .T. ) ;
#463 =( NAMED_UNIT ( * ) PLANE_ANGLE_UNIT ( ) SI_UNIT ( $, .RADIAN. ) );
#464 = VECTOR ( 'NONE', #2896, 1000.000000000000227 ) ;
#465 = PRESENTATION_LAYER_ASSIGNMENT (  '', '', ( #1240 ) ) ;
#466 =( NAMED_UNIT ( * ) PLANE_ANGLE_UNIT ( ) SI_UNIT ( $, .RADIAN. ) );
#467 = ORIENTED_EDGE ( 'NONE', *, *, #2797, .F. ) ;
#468 = CARTESIAN_POINT ( 'NONE',  ( -1.912619368012793863, 2.385428869305004973, 1.370653563399365726 ) ) ;
#469 = DIRECTION ( 'NONE',  ( 0.000000000000000000, 0.000000000000000000, 1.000000000000000000 ) ) ;
#470 = AXIS2_PLACEMENT_3D ( 'NONE', #7099, #958, #5615 ) ;
#471 = FILL_AREA_STYLE ('',( #1967 ) ) ;
#472 = EDGE_CURVE ( 'NONE', #5208, #4327, #2685, .T. ) ;
#473 = VECTOR ( 'NONE', #3500, 1000.000000000000000 ) ;
#474 = ORIENTED_EDGE ( 'NONE', *, *, #7352, .T. ) ;
#475 = CARTESIAN_POINT ( 'NONE',  ( -1.545114501387597317, -2.251347121037539978, 1.748362594679419457 ) ) ;
#476 = CARTESIAN_POINT ( 'NONE',  ( -1.189405335455050228, 0.8900000000000000133, 0.8200000000000009504 ) ) ;
#477 = ORIENTED_EDGE ( 'NONE', *, *, #6419, .T. ) ;
#478 = FACE_OUTER_BOUND ( 'NONE', #111, .T. ) ;
#479 =( GEOMETRIC_REPRESENTATION_CONTEXT ( 3 ) GLOBAL_UNCERTAINTY_ASSIGNED_CONTEXT ( ( #6003 ) ) GLOBAL_UNIT_ASSIGNED_CONTEXT ( ( #7500, #5142, #5251 ) ) REPRESENTATION_CONTEXT ( 'NONE', 'WORKASPACE' ) );
#480 =( NAMED_UNIT ( * ) PLANE_ANGLE_UNIT ( ) SI_UNIT ( $, .RADIAN. ) );
#481 = CARTESIAN_POINT ( 'NONE',  ( 0.2284999999999999809, 1.145000000000000018, 0.1000000000000003109 ) ) ;
#482 = UNCERTAINTY_MEASURE_WITH_UNIT (LENGTH_MEASURE( 1.000000000000000082E-05 ), #9154, 'distance_accuracy_value', 'NONE');
#483 = FILL_AREA_STYLE_COLOUR ( '', #218 ) ;
#484 = PRESENTATION_LAYER_ASSIGNMENT (  '', '', ( #4838 ) ) ;
#485 = ORIENTED_EDGE ( 'NONE', *, *, #6888, .T. ) ;
#486 = ADVANCED_FACE ( 'NONE', ( #7245 ), #7160, .T. ) ;
#487 = CARTESIAN_POINT ( 'NONE',  ( 1.870218527253805219, -2.449999403068538140, 0.8199943205765136689 ) ) ;
#488 = VERTEX_POINT ( 'NONE', #7976 ) ;
#489 = CARTESIAN_POINT ( 'NONE',  ( -2.458105539086119951, 1.905000000000000027, 0.3536621499571240279 ) ) ;
#490 = APPLICATION_PROTOCOL_DEFINITION ( 'draft international standard', 'automotive_design', 1998, #3227 ) ;
#491 =( LENGTH_UNIT ( ) NAMED_UNIT ( * ) SI_UNIT ( .MILLI., .METRE. ) );
#492 = CARTESIAN_POINT ( 'NONE',  ( 1.845189659078865008, 2.345189659078863897, 0.1278493596512560171 ) ) ;
#493 = LINE ( 'NONE', #6650, #5237 ) ;
#494 = VECTOR ( 'NONE', #1032, 1000.000000000000000 ) ;
#495 = DIRECTION ( 'NONE',  ( -0.000000000000000000, -0.000000000000000000, -1.000000000000000000 ) ) ;
#496 = MECHANICAL_DESIGN_GEOMETRIC_PRESENTATION_REPRESENTATION (  '', ( #3524 ), #6928 ) ;
#497 = PRESENTATION_LAYER_ASSIGNMENT (  '', '', ( #3195 ) ) ;
#498 = ADVANCED_FACE ( 'NONE', ( #294 ), #1108, .T. ) ;
#499 = CARTESIAN_POINT ( 'NONE',  ( 1.845189659078864119, -2.345189659078864786, 0.1278493596512560171 ) ) ;
#500 = ORIENTED_EDGE ( 'NONE', *, *, #6294, .T. ) ;
#501 = PRESENTATION_STYLE_ASSIGNMENT (( #3442 ) ) ;
#502 = STYLED_ITEM ( 'NONE', ( #2476 ), #7702 ) ;
#503 =( NAMED_UNIT ( * ) SI_UNIT ( $, .STERADIAN. ) SOLID_ANGLE_UNIT ( ) );
#504 = COLOUR_RGB ( '',0.2862745098039215508, 0.2862745098039215508, 0.2862745098039215508 ) ;
#505 = SURFACE_STYLE_USAGE ( .BOTH. , #7406 ) ;
#506 = PLANE ( 'NONE',  #8698 ) ;
#507 = FACE_OUTER_BOUND ( 'NONE', #4972, .T. ) ;
#508 = PRESENTATION_LAYER_ASSIGNMENT (  '', '', ( #9696 ) ) ;
#509 = LINE ( 'NONE', #2049, #8322 ) ;
#510 = ADVANCED_FACE ( 'NONE', ( #3640 ), #9018, .T. ) ;
#511 = COLOUR_RGB ( '',0.8313725490196077761, 0.8313725490196077761, 0.8313725490196077761 ) ;
#512 = CARTESIAN_POINT ( 'NONE',  ( 1.845189659078854350, -2.345189659078863009, 1.722150640348743655 ) ) ;
#513 = FILL_AREA_STYLE ('',( #4446 ) ) ;
#514 = COLOUR_RGB ( '',0.8313725490196077761, 0.8313725490196077761, 0.8313725490196077761 ) ;
#515 = LINE ( 'NONE', #3567, #4725 ) ;
#516 = COLOUR_RGB ( '',0.2862745098039215508, 0.2862745098039215508, 0.2862745098039215508 ) ;
#517 = VERTEX_POINT ( 'NONE', #3684 ) ;
#518 = CARTESIAN_POINT ( 'NONE',  ( -1.916803581098482478, 2.341325488525188181, 1.345813218002329448 ) ) ;
#519 =( NAMED_UNIT ( * ) PLANE_ANGLE_UNIT ( ) SI_UNIT ( $, .RADIAN. ) );
#520 = DIRECTION ( 'NONE',  ( 1.000000000000000000, 0.000000000000000000, 0.000000000000000000 ) ) ;
#521 = MECHANICAL_DESIGN_GEOMETRIC_PRESENTATION_REPRESENTATION (  '', ( #6954 ), #4202 ) ;
#522 = DIRECTION ( 'NONE',  ( 0.000000000000000000, 0.000000000000000000, 1.000000000000000000 ) ) ;
#523 = VERTEX_POINT ( 'NONE', #2732 ) ;
#524 = CARTESIAN_POINT ( 'NONE',  ( 3.000000000000000000, -2.160000000000000142, 0.2105127985970459970 ) ) ;
#525 = STYLED_ITEM ( 'NONE', ( #4627 ), #6354 ) ;
#526 = ORIENTED_EDGE ( 'NONE', *, *, #2961, .F. ) ;
#527 = VECTOR ( 'NONE', #1545, 1000.000000000000000 ) ;
#528 = MECHANICAL_DESIGN_GEOMETRIC_PRESENTATION_REPRESENTATION (  '', ( #4714 ), #8588 ) ;
#529 = VERTEX_POINT ( 'NONE', #6794 ) ;
#530 = CARTESIAN_POINT ( 'NONE',  ( -1.531162780289978764, -2.279456144886531810, 1.749257382240903436 ) ) ;
#531 = FILL_AREA_STYLE ('',( #1192 ) ) ;
#532 = CARTESIAN_POINT ( 'NONE',  ( -0.1285000000000000031, -1.401000000000000023, 0.3000000000000009881 ) ) ;
#533 = STYLED_ITEM ( 'NONE', ( #625 ), #2486 ) ;
#534 = DIRECTION ( 'NONE',  ( 1.000000000000000000, 0.000000000000000000, 0.000000000000000000 ) ) ;
#535 = COLOUR_RGB ( '',0.2862745098039215508, 0.2862745098039215508, 0.2862745098039215508 ) ;
#536 =( LENGTH_UNIT ( ) NAMED_UNIT ( * ) SI_UNIT ( .MILLI., .METRE. ) );
#537 = CARTESIAN_POINT ( 'NONE',  ( -1.524409163746801799, 2.442408178308093980, 1.625077686842618663 ) ) ;
#538 = VECTOR ( 'NONE', #7800, 1000.000000000000000 ) ;
#539 = ADVANCED_FACE ( 'NONE', ( #5910 ), #4430, .T. ) ;
#540 = CIRCLE ( 'NONE', #7445, 0.1050000000000000100 ) ;
#541 = LINE ( 'NONE', #628, #7142 ) ;
#542 = CIRCLE ( 'NONE', #9072, 0.1000000000000000194 ) ;
#543 = ORIENTED_EDGE ( 'NONE', *, *, #2932, .F. ) ;
#544 = COLOUR_RGB ( '',0.8313725490196077761, 0.8313725490196077761, 0.8313725490196077761 ) ;
#545 = ORIENTED_EDGE ( 'NONE', *, *, #7060, .T. ) ;
#546 = PLANE ( 'NONE',  #2886 ) ;
#547 = ORIENTED_EDGE ( 'NONE', *, *, #3143, .T. ) ;
#548 = VECTOR ( 'NONE', #8982, 1000.000000000000000 ) ;
#549 =( LENGTH_UNIT ( ) NAMED_UNIT ( * ) SI_UNIT ( .MILLI., .METRE. ) );
#550 = CARTESIAN_POINT ( 'NONE',  ( -3.000000000000000000, 1.649999999999999911, 0.7114753820237430526 ) ) ;
#551 = PLANE ( 'NONE',  #9359 ) ;
#552 = EDGE_CURVE ( 'NONE', #6881, #3008, #9773, .T. ) ;
#553 =( NAMED_UNIT ( * ) SI_UNIT ( $, .STERADIAN. ) SOLID_ANGLE_UNIT ( ) );
#554 = UNCERTAINTY_MEASURE_WITH_UNIT (LENGTH_MEASURE( 1.000000000000000082E-05 ), #6896, 'distance_accuracy_value', 'NONE');
#555 = MECHANICAL_DESIGN_GEOMETRIC_PRESENTATION_REPRESENTATION (  '', ( #3584 ), #2139 ) ;
#556 = CARTESIAN_POINT ( 'NONE',  ( 1.734609301031333706, -2.436249167634578772, 0.1612527056571505524 ) ) ;
#557 = ORIENTED_EDGE ( 'NONE', *, *, #992, .F. ) ;
#558 = VECTOR ( 'NONE', #1267, 1000.000000000000000 ) ;
#559 = PRESENTATION_STYLE_ASSIGNMENT (( #9123 ) ) ;
#560 = SURFACE_STYLE_FILL_AREA ( #2597 ) ;
#561 =( NAMED_UNIT ( * ) PLANE_ANGLE_UNIT ( ) SI_UNIT ( $, .RADIAN. ) );
#562 = EDGE_CURVE ( 'NONE', #4771, #1820, #2827, .T. ) ;
#563 = ADVANCED_FACE ( 'NONE', ( #6002 ), #9075, .F. ) ;
#564 = LINE ( 'NONE', #2746, #310 ) ;
#565 = SURFACE_STYLE_FILL_AREA ( #7407 ) ;
#566 = LINE ( 'NONE', #8342, #1558 ) ;
#567 = DIRECTION ( 'NONE',  ( 0.000000000000000000, 1.000000000000000000, 0.000000000000000000 ) ) ;
#568 = AXIS2_PLACEMENT_3D ( 'NONE', #1309, #2328, #8249 ) ;
#569 = PLANE ( 'NONE',  #3933 ) ;
#570 = VECTOR ( 'NONE', #5683, 1000.000000000000114 ) ;
#571 = CARTESIAN_POINT ( 'NONE',  ( 0.1285000000000000031, 1.401000000000000023, 0.1000000000000010048 ) ) ;
#572 = FILL_AREA_STYLE_COLOUR ( '', #8247 ) ;
#573 = CARTESIAN_POINT ( 'NONE',  ( 3.000000000000000444, -0.3799999999999999489, 1.129377263005733721E-18 ) ) ;
#574 = FILL_AREA_STYLE ('',( #3512 ) ) ;
#575 = VECTOR ( 'NONE', #1454, 1000.000000000000000 ) ;
#576 = ADVANCED_FACE ( 'NONE', ( #176, #8666 ), #4038, .T. ) ;
#577 = DIRECTION ( 'NONE',  ( -0.000000000000000000, -1.000000000000000000, -0.000000000000000000 ) ) ;
#578 = LINE ( 'NONE', #9841, #1008 ) ;
#579 = EDGE_LOOP ( 'NONE', ( #7923, #1281, #4306, #1497 ) ) ;
#580 = LINE ( 'NONE', #8202, #9878 ) ;
#581 =( NAMED_UNIT ( * ) PLANE_ANGLE_UNIT ( ) SI_UNIT ( $, .RADIAN. ) );
#582 = CIRCLE ( 'NONE', #2795, 0.1000000000000000056 ) ;
#583 = VERTEX_POINT ( 'NONE', #7799 ) ;
#584 = DIRECTION ( 'NONE',  ( 0.000000000000000000, 0.000000000000000000, 1.000000000000000000 ) ) ;
#585 = FILL_AREA_STYLE ('',( #671 ) ) ;
#586 = SURFACE_STYLE_FILL_AREA ( #5667 ) ;
#587 = CARTESIAN_POINT ( 'NONE',  ( 1.145000000000000018, 1.045000000000000151, 0.1000000000000010048 ) ) ;
#588 = SURFACE_STYLE_USAGE ( .BOTH. , #4458 ) ;
#589 = DIRECTION ( 'NONE',  ( 1.000000000000000000, 0.000000000000000000, 0.000000000000000000 ) ) ;
#590 = UNCERTAINTY_MEASURE_WITH_UNIT (LENGTH_MEASURE( 1.000000000000000082E-05 ), #3527, 'distance_accuracy_value', 'NONE');
#591 = CARTESIAN_POINT ( 'NONE',  ( 1.873719365689370919, -2.336567908382720216, 1.681109729972072087 ) ) ;
#592 = ORIENTED_EDGE ( 'NONE', *, *, #3862, .T. ) ;
#593 = VERTEX_POINT ( 'NONE', #3219 ) ;
#594 = VERTEX_POINT ( 'NONE', #124 ) ;
#595 = DIRECTION ( 'NONE',  ( 0.000000000000000000, 0.000000000000000000, 1.000000000000000000 ) ) ;
#596 = SURFACE_STYLE_USAGE ( .BOTH. , #3680 ) ;
#597 = CARTESIAN_POINT ( 'NONE',  ( 1.145000000000000018, -1.044999999999999929, 0.1000000000000010048 ) ) ;
#598 = CARTESIAN_POINT ( 'NONE',  ( 2.110569391858573063, 0.3800000000000000044, 0.7238751734061582566 ) ) ;
#599 = EDGE_CURVE ( 'NONE', #4131, #4870, #5465, .T. ) ;
#600 = ORIENTED_EDGE ( 'NONE', *, *, #3478, .T. ) ;
#601 = DIRECTION ( 'NONE',  ( 0.7413137835818656152, -0.07015517768342456606, 0.6674819288308456722 ) ) ;
#602 = DIRECTION ( 'NONE',  ( 1.000000000000000000, 0.000000000000000000, 0.000000000000000000 ) ) ;
#603 = FACE_OUTER_BOUND ( 'NONE', #3761, .T. ) ;
#604 = PRESENTATION_STYLE_ASSIGNMENT (( #9827 ) ) ;
#605 = DIRECTION ( 'NONE',  ( 0.000000000000000000, 1.000000000000000000, 0.000000000000000000 ) ) ;
#606 = DIRECTION ( 'NONE',  ( 0.000000000000000000, 0.000000000000000000, 1.000000000000000000 ) ) ;
#607 = DIRECTION ( 'NONE',  ( 0.08452546101100759379, 0.000000000000000000, 0.9964213197442519654 ) ) ;
#608 = MECHANICAL_DESIGN_GEOMETRIC_PRESENTATION_REPRESENTATION (  '', ( #7695 ), #5039 ) ;
#609 = CARTESIAN_POINT ( 'NONE',  ( 1.881854378694342245, 0.000000000000000000, 1.678362277061409058 ) ) ;
#610 = EDGE_CURVE ( 'NONE', #9357, #3267, #7036, .T. ) ;
#611 = PLANE ( 'NONE',  #1450 ) ;
#612 = FACE_OUTER_BOUND ( 'NONE', #4184, .T. ) ;
#613 = CARTESIAN_POINT ( 'NONE',  ( -0.1285000000000000031, 1.401000000000000023, 0.1000000000000010048 ) ) ;
#614 = DIRECTION ( 'NONE',  ( 1.000000000000000000, 0.000000000000000000, 0.000000000000000000 ) ) ;
#615 = CARTESIAN_POINT ( 'NONE',  ( -1.189405335455050006, 0.3800000000000000044, 0.7114753820237430526 ) ) ;
#616 = VERTEX_POINT ( 'NONE', #8503 ) ;
#617 = FACE_OUTER_BOUND ( 'NONE', #8323, .T. ) ;
#618 = DIRECTION ( 'NONE',  ( -3.040008243693350015E-16, 0.000000000000000000, 1.000000000000000000 ) ) ;
#619 = ORIENTED_EDGE ( 'NONE', *, *, #9867, .F. ) ;
#620 = EDGE_CURVE ( 'NONE', #2629, #3277, #3112, .T. ) ;
#621 = EDGE_CURVE ( 'NONE', #3901, #6868, #7369, .T. ) ;
#622 = ORIENTED_EDGE ( 'NONE', *, *, #8339, .F. ) ;
#623 = SURFACE_SIDE_STYLE ('',( #1379 ) ) ;
#624 = LINE ( 'NONE', #9803, #652 ) ;
#625 = PRESENTATION_STYLE_ASSIGNMENT (( #9710 ) ) ;
#626 = DIRECTION ( 'NONE',  ( -0.000000000000000000, -0.000000000000000000, -1.000000000000000000 ) ) ;
#627 = AXIS2_PLACEMENT_3D ( 'NONE', #4546, #8308, #3042 ) ;
#628 = CARTESIAN_POINT ( 'NONE',  ( 0.1284999999999999754, -1.501000000000000112, 0.1000000000000010048 ) ) ;
#629 = PRESENTATION_LAYER_ASSIGNMENT (  '', '', ( #6907 ) ) ;
#630 = EDGE_LOOP ( 'NONE', ( #5656, #2296, #6855, #3151 ) ) ;
#631 = DIRECTION ( 'NONE',  ( 0.7413137835818656152, 0.07015517768342456606, 0.6674819288308456722 ) ) ;
#632 = EDGE_CURVE ( 'NONE', #9381, #9933, #3274, .T. ) ;
#633 = ORIENTED_EDGE ( 'NONE', *, *, #3340, .T. ) ;
#634 = DIRECTION ( 'NONE',  ( 0.000000000000000000, 0.000000000000000000, 1.000000000000000000 ) ) ;
#635 = ORIENTED_EDGE ( 'NONE', *, *, #8625, .T. ) ;
#636 = CARTESIAN_POINT ( 'NONE',  ( 1.804822797260249967, -2.304822797260260181, 1.645927038630049966 ) ) ;
#637 = DIRECTION ( 'NONE',  ( 0.000000000000000000, 0.000000000000000000, 1.000000000000000000 ) ) ;
#638 = SURFACE_STYLE_FILL_AREA ( #5296 ) ;
#639 = DIRECTION ( 'NONE',  ( 0.7413137835818656152, 0.07015517768342456606, 0.6674819288308456722 ) ) ;
#640 = FILL_AREA_STYLE ('',( #9017 ) ) ;
#641 = UNCERTAINTY_MEASURE_WITH_UNIT (LENGTH_MEASURE( 1.000000000000000082E-05 ), #9870, 'distance_accuracy_value', 'NONE');
#642 =( GEOMETRIC_REPRESENTATION_CONTEXT ( 3 ) GLOBAL_UNCERTAINTY_ASSIGNED_CONTEXT ( ( #6706 ) ) GLOBAL_UNIT_ASSIGNED_CONTEXT ( ( #445, #5049, #3482 ) ) REPRESENTATION_CONTEXT ( 'NONE', 'WORKASPACE' ) );
#643 = CARTESIAN_POINT ( 'NONE',  ( -1.477617972942844249, 2.338417127732530965, 1.742655881788301775 ) ) ;
#644 = ORIENTED_EDGE ( 'NONE', *, *, #712, .T. ) ;
#645 = PRESENTATION_STYLE_ASSIGNMENT (( #4479 ) ) ;
#646 = CIRCLE ( 'NONE', #4333, 0.2100000000000000200 ) ;
#647 = COLOUR_RGB ( '',0.8313725490196077761, 0.8313725490196077761, 0.8313725490196077761 ) ;
#648 =( NAMED_UNIT ( * ) PLANE_ANGLE_UNIT ( ) SI_UNIT ( $, .RADIAN. ) );
#649 = STYLED_ITEM ( 'NONE', ( #9286 ), #8644 ) ;
#650 = FACE_OUTER_BOUND ( 'NONE', #3006, .T. ) ;
#651 = ADVANCED_FACE ( 'NONE', ( #7950 ), #1775, .F. ) ;
#652 = VECTOR ( 'NONE', #2908, 1000.000000000000000 ) ;
#653 = CARTESIAN_POINT ( 'NONE',  ( 1.949998806137078766, -2.370437054507609886, 0.8199886411530262764 ) ) ;
#654 = STYLED_ITEM ( 'NONE', ( #7926 ), #8098 ) ;
#655 = PRESENTATION_STYLE_ASSIGNMENT (( #461 ) ) ;
#656 = COLOUR_RGB ( '',0.2862745098039215508, 0.2862745098039215508, 0.2862745098039215508 ) ;
#657 = PLANE ( 'NONE',  #1181 ) ;
#658 = CARTESIAN_POINT ( 'NONE',  ( -1.468615827805880292, -2.302292627064889796, 1.669999999999999707 ) ) ;
#659 = FILL_AREA_STYLE_COLOUR ( '', #7618 ) ;
#660 = SURFACE_STYLE_FILL_AREA ( #7570 ) ;
#661 = CARTESIAN_POINT ( 'NONE',  ( -2.311663692532074599, 0.8900000000000000133, 0.8377503468123129737 ) ) ;
#662 = MECHANICAL_DESIGN_GEOMETRIC_PRESENTATION_REPRESENTATION (  '', ( #7419 ), #3204 ) ;
#663 = ADVANCED_FACE ( 'NONE', ( #9644 ), #7330, .F. ) ;
#664 = COLOUR_RGB ( '',0.8313725490196077761, 0.8313725490196077761, 0.8313725490196077761 ) ;
#665 = SURFACE_SIDE_STYLE ('',( #1559 ) ) ;
#666 = MECHANICAL_DESIGN_GEOMETRIC_PRESENTATION_REPRESENTATION (  '', ( #30 ), #6632 ) ;
#667 = VECTOR ( 'NONE', #5334, 1000.000000000000000 ) ;
#668 = ORIENTED_EDGE ( 'NONE', *, *, #7519, .F. ) ;
#669 =( LENGTH_UNIT ( ) NAMED_UNIT ( * ) SI_UNIT ( .MILLI., .METRE. ) );
#670 = CIRCLE ( 'NONE', #9347, 0.08000000000000045963 ) ;
#671 = FILL_AREA_STYLE_COLOUR ( '', #9208 ) ;
#672 =( GEOMETRIC_REPRESENTATION_CONTEXT ( 3 ) GLOBAL_UNCERTAINTY_ASSIGNED_CONTEXT ( ( #827 ) ) GLOBAL_UNIT_ASSIGNED_CONTEXT ( ( #9756, #1325, #4404 ) ) REPRESENTATION_CONTEXT ( 'NONE', 'WORKASPACE' ) );
#673 = CYLINDRICAL_SURFACE ( 'NONE', #6652, 0.2100000000000000477 ) ;
#674 = DIRECTION ( 'NONE',  ( 0.000000000000000000, 0.000000000000000000, 1.000000000000000000 ) ) ;
#675 = DIRECTION ( 'NONE',  ( 0.000000000000000000, 0.000000000000000000, -1.000000000000000000 ) ) ;
#676 = CIRCLE ( 'NONE', #2588, 0.1050000000000000655 ) ;
#677 = EDGE_CURVE ( 'NONE', #5077, #1182, #429, .T. ) ;
#678 = STYLED_ITEM ( 'NONE', ( #4449 ), #1785 ) ;
#679 = UNCERTAINTY_MEASURE_WITH_UNIT (LENGTH_MEASURE( 1.000000000000000082E-05 ), #6368, 'distance_accuracy_value', 'NONE');
#680 =( NAMED_UNIT ( * ) SI_UNIT ( $, .STERADIAN. ) SOLID_ANGLE_UNIT ( ) );
#681 = VECTOR ( 'NONE', #2023, 1000.000000000000000 ) ;
#682 = COLOUR_RGB ( '',0.8313725490196077761, 0.8313725490196077761, 0.8313725490196077761 ) ;
#683 = EDGE_LOOP ( 'NONE', ( #5035, #8222, #1677, #1863 ) ) ;
#684 = CARTESIAN_POINT ( 'NONE',  ( -1.468615827805880958, -2.302292627064887132, 1.669999999999998375 ) ) ;
#685 = ORIENTED_EDGE ( 'NONE', *, *, #9285, .T. ) ;
#686 = PRESENTATION_STYLE_ASSIGNMENT (( #3829 ) ) ;
#687 =( GEOMETRIC_REPRESENTATION_CONTEXT ( 3 ) GLOBAL_UNCERTAINTY_ASSIGNED_CONTEXT ( ( #2138 ) ) GLOBAL_UNIT_ASSIGNED_CONTEXT ( ( #106, #5424, #3095 ) ) REPRESENTATION_CONTEXT ( 'NONE', 'WORKASPACE' ) );
#688 = ORIENTED_EDGE ( 'NONE', *, *, #5380, .T. ) ;
#689 = FILL_AREA_STYLE_COLOUR ( '', #3538 ) ;
#690 = PRESENTATION_LAYER_ASSIGNMENT (  '', '', ( #6015 ) ) ;
#691 = PRESENTATION_STYLE_ASSIGNMENT (( #596 ) ) ;
#692 = SURFACE_SIDE_STYLE ('',( #6703 ) ) ;
#693 = AXIS2_PLACEMENT_3D ( 'NONE', #4414, #4510, #6639 ) ;
#694 = COLOUR_RGB ( '',0.8313725490196077761, 0.8313725490196077761, 0.8313725490196077761 ) ;
#695 = FILL_AREA_STYLE_COLOUR ( '', #4891 ) ;
#696 = ORIENTED_EDGE ( 'NONE', *, *, #9001, .F. ) ;
#697 = AXIS2_PLACEMENT_3D ( 'NONE', #8967, #2025, #9000 ) ;
#698 = CARTESIAN_POINT ( 'NONE',  ( -3.000000000000000000, 0.8900000000000001243, 0.2105127985970459970 ) ) ;
#699 = LINE ( 'NONE', #3645, #3661 ) ;
#700 = CYLINDRICAL_SURFACE ( 'NONE', #7919, 0.1000000000000000472 ) ;
#701 = ORIENTED_EDGE ( 'NONE', *, *, #8387, .T. ) ;
#702 =( NAMED_UNIT ( * ) SI_UNIT ( $, .STERADIAN. ) SOLID_ANGLE_UNIT ( ) );
#703 = MECHANICAL_DESIGN_GEOMETRIC_PRESENTATION_REPRESENTATION (  '', ( #5070 ), #7797 ) ;
#704 = MECHANICAL_DESIGN_GEOMETRIC_PRESENTATION_REPRESENTATION (  '', ( #9249 ), #9085 ) ;
#705 = DIRECTION ( 'NONE',  ( 0.000000000000000000, -0.000000000000000000, -1.000000000000000000 ) ) ;
#706 = VECTOR ( 'NONE', #5006, 1000.000000000000000 ) ;
#707 = SURFACE_STYLE_USAGE ( .BOTH. , #7017 ) ;
#708 = EDGE_LOOP ( 'NONE', ( #1779, #4975, #5097, #249 ) ) ;
#709 =( BOUNDED_SURFACE ( )  B_SPLINE_SURFACE ( 3, 3, ( 
 ( #5650, #4093, #5750, #8709 ),
 ( #2562, #5694, #4876, #8864 ),
 ( #8773, #8052, #5842, #3460 ),
 ( #9552, #1827, #1917, #7372 ) ),
 .UNSPECIFIED., .F., .F., .T. ) 
 B_SPLINE_SURFACE_WITH_KNOTS ( ( 4, 4 ),
 ( 4, 4 ),
 ( 0.000000000000000000, 1.000000000000000000 ),
 ( 0.000000000000000000, 1.000000000000000000 ),
 .UNSPECIFIED. ) 
 GEOMETRIC_REPRESENTATION_ITEM ( )  RATIONAL_B_SPLINE_SURFACE ( (
 ( 1.000000000000000000, 0.3333333333333268755, 0.3333333333333268755, 1.000000000000000000),
 ( 0.9290532412555467801, 0.3096844137518429130, 0.3096844137518429130, 0.9290532412555467801),
 ( 0.9290532412555467801, 0.3096844137518429130, 0.3096844137518429130, 0.9290532412555467801),
 ( 1.000000000000000000, 0.3333333333333268755, 0.3333333333333268755, 1.000000000000000000) ) ) 
 REPRESENTATION_ITEM ( '' )  SURFACE ( )  );
#710 = VECTOR ( 'NONE', #5020, 1000.000000000000000 ) ;
#711 = PRESENTATION_STYLE_ASSIGNMENT (( #9834 ) ) ;
#712 = EDGE_CURVE ( 'NONE', #8468, #6457, #7705, .T. ) ;
#713 = SURFACE_STYLE_USAGE ( .BOTH. , #7521 ) ;
#714 =( NAMED_UNIT ( * ) SI_UNIT ( $, .STERADIAN. ) SOLID_ANGLE_UNIT ( ) );
#715 = DIRECTION ( 'NONE',  ( -0.000000000000000000, -0.000000000000000000, -1.000000000000000000 ) ) ;
#716 = CARTESIAN_POINT ( 'NONE',  ( -1.189405335455050006, -0.3799999999999999489, 1.030000000000000027 ) ) ;
#717 = ORIENTED_EDGE ( 'NONE', *, *, #6418, .T. ) ;
#718 = CIRCLE ( 'NONE', #3101, 0.07999999999999968248 ) ;
#719 = CARTESIAN_POINT ( 'NONE',  ( -1.492920983025413761, -2.338417127732530520, 1.737113932095117219 ) ) ;
#720 = ORIENTED_EDGE ( 'NONE', *, *, #7151, .F. ) ;
#721 =( GEOMETRIC_REPRESENTATION_CONTEXT ( 3 ) GLOBAL_UNCERTAINTY_ASSIGNED_CONTEXT ( ( #9941 ) ) GLOBAL_UNIT_ASSIGNED_CONTEXT ( ( #6565, #2752, #5022 ) ) REPRESENTATION_CONTEXT ( 'NONE', 'WORKASPACE' ) );
#722 = EDGE_LOOP ( 'NONE', ( #7393, #5350, #947, #5538 ) ) ;
#723 = CYLINDRICAL_SURFACE ( 'NONE', #7319, 0.07999999999999998779 ) ;
#724 = ADVANCED_FACE ( 'NONE', ( #9555 ), #8825, .T. ) ;
#725 = CIRCLE ( 'NONE', #6366, 0.2100000000000000200 ) ;
#726 = DIRECTION ( 'NONE',  ( 0.000000000000000000, -1.000000000000000000, 0.000000000000000000 ) ) ;
#727 = PRESENTATION_STYLE_ASSIGNMENT (( #7645 ) ) ;
#728 = CARTESIAN_POINT ( 'NONE',  ( -1.044999999999999929, -1.044999999999999929, 0.1000000000000010048 ) ) ;
#729 = CARTESIAN_POINT ( 'NONE',  ( 0.1284999999999999754, -1.501000000000000112, 0.3000000000000009881 ) ) ;
#730 = FACE_OUTER_BOUND ( 'NONE', #9098, .T. ) ;
#731 = UNCERTAINTY_MEASURE_WITH_UNIT (LENGTH_MEASURE( 1.000000000000000082E-05 ), #1701, 'distance_accuracy_value', 'NONE');
#732 = FILL_AREA_STYLE ('',( #9943 ) ) ;
#733 = PRESENTATION_LAYER_ASSIGNMENT (  '', '', ( #6217 ) ) ;
#734 = EDGE_LOOP ( 'NONE', ( #2385, #6840, #983, #167 ) ) ;
#735 = LINE ( 'NONE', #5446, #7600 ) ;
#736 = ORIENTED_EDGE ( 'NONE', *, *, #9488, .F. ) ;
#737 = DIRECTION ( 'NONE',  ( 0.000000000000000000, 0.000000000000000000, 1.000000000000000000 ) ) ;
#738 = ADVANCED_FACE ( 'NONE', ( #7983 ), #4119, .F. ) ;
#739 = EDGE_LOOP ( 'NONE', ( #13, #6879, #8291, #7368 ) ) ;
#740 = EDGE_CURVE ( 'NONE', #8553, #1375, #9628, .T. ) ;
#741 = DIRECTION ( 'NONE',  ( -0.000000000000000000, 0.000000000000000000, -1.000000000000000000 ) ) ;
#742 = CYLINDRICAL_SURFACE ( 'NONE', #4083, 0.2100000000000000755 ) ;
#743 = DIRECTION ( 'NONE',  ( 0.6691306063588580155, 0.000000000000000000, -0.7431448254773942441 ) ) ;
#744 = UNCERTAINTY_MEASURE_WITH_UNIT (LENGTH_MEASURE( 1.000000000000000082E-05 ), #5940, 'distance_accuracy_value', 'NONE');
#745 = CARTESIAN_POINT ( 'NONE',  ( 2.346432839248830060, -1.649999999999999911, 0.04570186794230124416 ) ) ;
#746 = CARTESIAN_POINT ( 'NONE',  ( -1.531162780289979208, 2.279456144886533586, 1.749257382240903436 ) ) ;
#747 = CARTESIAN_POINT ( 'NONE',  ( -2.005945153285420446, 0.6350000000000000089, 0.8200000000000011724 ) ) ;
#748 = EDGE_CURVE ( 'NONE', #3878, #9633, #8037, .T. ) ;
#749 = VERTEX_POINT ( 'NONE', #4019 ) ;
#750 = EDGE_CURVE ( 'NONE', #1933, #3322, #5583, .T. ) ;
#751 = CARTESIAN_POINT ( 'NONE',  ( 1.801300639614446863, 2.338986644132700299, 0.1043914680145895529 ) ) ;
#752 = LINE ( 'NONE', #9825, #6591 ) ;
#753 = DIRECTION ( 'NONE',  ( 0.000000000000000000, 0.000000000000000000, 1.000000000000000000 ) ) ;
#754 = SURFACE_SIDE_STYLE ('',( #6897 ) ) ;
#755 =( LENGTH_UNIT ( ) NAMED_UNIT ( * ) SI_UNIT ( .MILLI., .METRE. ) );
#756 = SURFACE_STYLE_USAGE ( .BOTH. , #2887 ) ;
#757 = UNCERTAINTY_MEASURE_WITH_UNIT (LENGTH_MEASURE( 1.000000000000000082E-05 ), #210, 'distance_accuracy_value', 'NONE');
#758 = MECHANICAL_DESIGN_GEOMETRIC_PRESENTATION_REPRESENTATION (  '', ( #6712 ), #8009 ) ;
#759 = LINE ( 'NONE', #3960, #4827 ) ;
#760 = VERTEX_POINT ( 'NONE', #7834 ) ;
#761 = LINE ( 'NONE', #5167, #3685 ) ;
#762 =( LENGTH_UNIT ( ) NAMED_UNIT ( * ) SI_UNIT ( .MILLI., .METRE. ) );
#763 = CARTESIAN_POINT ( 'NONE',  ( -1.802292627064890018, 0.000000000000000000, 0.1800000000000009925 ) ) ;
#764 = LINE ( 'NONE', #7633, #9480 ) ;
#765 = FILL_AREA_STYLE_COLOUR ( '', #4988 ) ;
#766 = VERTEX_POINT ( 'NONE', #5530 ) ;
#767 = CIRCLE ( 'NONE', #8218, 0.08000000000000015432 ) ;
#768 =( BOUNDED_SURFACE ( )  B_SPLINE_SURFACE ( 3, 3, ( 
 ( #8337, #5212, #1402, #7610 ),
 ( #6150, #9777, #2043, #9875 ),
 ( #751, #5264, #4529, #8427 ),
 ( #9080, #5352, #5153, #7555 ) ),
 .UNSPECIFIED., .F., .F., .T. ) 
 B_SPLINE_SURFACE_WITH_KNOTS ( ( 4, 4 ),
 ( 4, 4 ),
 ( 0.000000000000000000, 1.000000000000000000 ),
 ( 0.000000000000000000, 1.000000000000000000 ),
 .UNSPECIFIED. ) 
 GEOMETRIC_REPRESENTATION_ITEM ( )  RATIONAL_B_SPLINE_SURFACE ( (
 ( 1.000000000000000000, 0.3333333333333313164, 0.3333333333333313164, 1.000000000000000000),
 ( 0.9290532412555482233, 0.3096844137518475204, 0.3096844137518475204, 0.9290532412555482233),
 ( 0.9290532412555482233, 0.3096844137518475204, 0.3096844137518475204, 0.9290532412555482233),
 ( 1.000000000000000000, 0.3333333333333313164, 0.3333333333333313164, 1.000000000000000000) ) ) 
 REPRESENTATION_ITEM ( '' )  SURFACE ( )  );
#769 = ORIENTED_EDGE ( 'NONE', *, *, #8387, .F. ) ;
#770 = VERTEX_POINT ( 'NONE', #7166 ) ;
#771 = ORIENTED_EDGE ( 'NONE', *, *, #1175, .F. ) ;
#772 = CARTESIAN_POINT ( 'NONE',  ( 2.102415215385780023, -0.6350000000000000089, 0.8200000000000019496 ) ) ;
#773 = VECTOR ( 'NONE', #5536, 1000.000000000000114 ) ;
#774 = CARTESIAN_POINT ( 'NONE',  ( -2.151833221588806300, -1.905000000000000027, 0.2374399716845535524 ) ) ;
#775 = CARTESIAN_POINT ( 'NONE',  ( 2.151833221588806744, -0.6350000000000000089, 0.2374399716845536912 ) ) ;
#776 = LINE ( 'NONE', #7879, #8373 ) ;
#777 = UNCERTAINTY_MEASURE_WITH_UNIT (LENGTH_MEASURE( 1.000000000000000082E-05 ), #2829, 'distance_accuracy_value', 'NONE');
#778 =( NAMED_UNIT ( * ) PLANE_ANGLE_UNIT ( ) SI_UNIT ( $, .RADIAN. ) );
#779 = EDGE_CURVE ( 'NONE', #1521, #268, #259, .T. ) ;
#780 =( GEOMETRIC_REPRESENTATION_CONTEXT ( 3 ) GLOBAL_UNCERTAINTY_ASSIGNED_CONTEXT ( ( #4581 ) ) GLOBAL_UNIT_ASSIGNED_CONTEXT ( ( #2001, #1298, #410 ) ) REPRESENTATION_CONTEXT ( 'NONE', 'WORKASPACE' ) );
#781 = ORIENTED_EDGE ( 'NONE', *, *, #184, .T. ) ;
#782 = ORIENTED_EDGE ( 'NONE', *, *, #6841, .F. ) ;
#783 = CARTESIAN_POINT ( 'NONE',  ( 0.2285000000000000364, -1.145000000000000018, 0.1000000000000010048 ) ) ;
#784 = ORIENTED_EDGE ( 'NONE', *, *, #9260, .T. ) ;
#785 = CARTESIAN_POINT ( 'NONE',  ( -2.102415215385780023, 0.8900000000000000133, 0.8200000000000009504 ) ) ;
#786 = MECHANICAL_DESIGN_GEOMETRIC_PRESENTATION_REPRESENTATION (  '', ( #2054 ), #7051 ) ;
#787 = LINE ( 'NONE', #3122, #9413 ) ;
#788 = DIRECTION ( 'NONE',  ( -0.08452546101100759379, 0.000000000000000000, 0.9964213197442519654 ) ) ;
#789 = FILL_AREA_STYLE_COLOUR ( '', #5703 ) ;
#790 = EDGE_CURVE ( 'NONE', #7866, #297, #4916, .T. ) ;
#791 = SURFACE_STYLE_FILL_AREA ( #1540 ) ;
#792 = DIRECTION ( 'NONE',  ( 0.000000000000000000, 0.000000000000000000, 1.000000000000000000 ) ) ;
#793 = EDGE_LOOP ( 'NONE', ( #9395, #9716, #9456, #1455 ) ) ;
#794 = VECTOR ( 'NONE', #2392, 1000.000000000000114 ) ;
#795 = LINE ( 'NONE', #6946, #2245 ) ;
#796 = ORIENTED_EDGE ( 'NONE', *, *, #7344, .F. ) ;
#797 = DIRECTION ( 'NONE',  ( 6.608470384673550038E-16, 0.000000000000000000, -1.000000000000000000 ) ) ;
#798 = MECHANICAL_DESIGN_GEOMETRIC_PRESENTATION_REPRESENTATION (  '', ( #966 ), #642 ) ;
#799 = CARTESIAN_POINT ( 'NONE',  ( 0.2285000000000000364, -1.145000000000000018, 0.3000000000000009881 ) ) ;
#800 = DIRECTION ( 'NONE',  ( -0.3038144402441598224, -0.4515562583455147716, 0.8389241511889656833 ) ) ;
#801 = EDGE_CURVE ( 'NONE', #9899, #4369, #1659, .T. ) ;
#802 = COLOUR_RGB ( '',0.8313725490196077761, 0.8313725490196077761, 0.8313725490196077761 ) ;
#803 = PRESENTATION_STYLE_ASSIGNMENT (( #3748 ) ) ;
#804 = FILL_AREA_STYLE_COLOUR ( '', #5698 ) ;
#805 = EDGE_LOOP ( 'NONE', ( #456, #2090, #5384, #881 ) ) ;
#806 = COLOUR_RGB ( '',0.8313725490196077761, 0.8313725490196077761, 0.8313725490196077761 ) ;
#807 = DIRECTION ( 'NONE',  ( -1.000000000000000000, -0.000000000000000000, 0.000000000000000000 ) ) ;
#808 = SURFACE_STYLE_FILL_AREA ( #8441 ) ;
#809 = DIRECTION ( 'NONE',  ( 1.000000000000000000, 0.000000000000000000, -2.846725704167069772E-16 ) ) ;
#810 =( LENGTH_UNIT ( ) NAMED_UNIT ( * ) SI_UNIT ( .MILLI., .METRE. ) );
#811 = VERTEX_POINT ( 'NONE', #9384 ) ;
#812 =( GEOMETRIC_REPRESENTATION_CONTEXT ( 3 ) GLOBAL_UNCERTAINTY_ASSIGNED_CONTEXT ( ( #9118 ) ) GLOBAL_UNIT_ASSIGNED_CONTEXT ( ( #9639, #7328, #5746 ) ) REPRESENTATION_CONTEXT ( 'NONE', 'WORKASPACE' ) );
#813 =( GEOMETRIC_REPRESENTATION_CONTEXT ( 3 ) GLOBAL_UNCERTAINTY_ASSIGNED_CONTEXT ( ( #8877 ) ) GLOBAL_UNIT_ASSIGNED_CONTEXT ( ( #6165, #9835, #1312 ) ) REPRESENTATION_CONTEXT ( 'NONE', 'WORKASPACE' ) );
#814 = CARTESIAN_POINT ( 'NONE',  ( -2.346432839248830060, -0.6350000000000000089, 0.04570186794230110539 ) ) ;
#815 = ORIENTED_EDGE ( 'NONE', *, *, #2350, .F. ) ;
#816 = ORIENTED_EDGE ( 'NONE', *, *, #5377, .T. ) ;
#817 = PRESENTATION_STYLE_ASSIGNMENT (( #2306 ) ) ;
#818 = DIRECTION ( 'NONE',  ( 0.9964213197442519654, 0.000000000000000000, 0.08452546101100746889 ) ) ;
#819 = SURFACE_STYLE_FILL_AREA ( #9399 ) ;
#820 = DIRECTION ( 'NONE',  ( -0.9945218953682735119, 0.000000000000000000, 0.1045284632676530545 ) ) ;
#821 = ORIENTED_EDGE ( 'NONE', *, *, #110, .T. ) ;
#822 = SURFACE_SIDE_STYLE ('',( #5436 ) ) ;
#823 = PRESENTATION_LAYER_ASSIGNMENT (  '', '', ( #9209 ) ) ;
#824 = SURFACE_STYLE_USAGE ( .BOTH. , #3273 ) ;
#825 = PRESENTATION_STYLE_ASSIGNMENT (( #7899 ) ) ;
#826 = LINE ( 'NONE', #5443, #7133 ) ;
#827 = UNCERTAINTY_MEASURE_WITH_UNIT (LENGTH_MEASURE( 1.000000000000000082E-05 ), #9756, 'distance_accuracy_value', 'NONE');
#828 = COLOUR_RGB ( '',0.8313725490196077761, 0.8313725490196077761, 0.8313725490196077761 ) ;
#829 = ORIENTED_EDGE ( 'NONE', *, *, #9354, .F. ) ;
#830 = DIRECTION ( 'NONE',  ( 1.000000000000000000, 0.000000000000000000, 0.000000000000000000 ) ) ;
#831 = ORIENTED_EDGE ( 'NONE', *, *, #4438, .F. ) ;
#832 =( NAMED_UNIT ( * ) PLANE_ANGLE_UNIT ( ) SI_UNIT ( $, .RADIAN. ) );
#833 = ORIENTED_EDGE ( 'NONE', *, *, #610, .T. ) ;
#834 = FACE_OUTER_BOUND ( 'NONE', #3119, .T. ) ;
#835 = EDGE_CURVE ( 'NONE', #94, #3892, #6400, .T. ) ;
#836 = DIRECTION ( 'NONE',  ( -0.1039620511844979861, -0.1039620511844979861, -0.9891328443778538704 ) ) ;
#837 = DIRECTION ( 'NONE',  ( -0.9975640502598241977, 0.000000000000000000, 0.06975647374412685675 ) ) ;
#838 = PRESENTATION_LAYER_ASSIGNMENT (  '', '', ( #8617 ) ) ;
#839 =( GEOMETRIC_REPRESENTATION_CONTEXT ( 3 ) GLOBAL_UNCERTAINTY_ASSIGNED_CONTEXT ( ( #6276 ) ) GLOBAL_UNIT_ASSIGNED_CONTEXT ( ( #4671, #3891, #6237 ) ) REPRESENTATION_CONTEXT ( 'NONE', 'WORKASPACE' ) );
#840 = UNCERTAINTY_MEASURE_WITH_UNIT (LENGTH_MEASURE( 1.000000000000000082E-05 ), #536, 'distance_accuracy_value', 'NONE');
#841 = VECTOR ( 'NONE', #5489, 1000.000000000000000 ) ;
#842 = CARTESIAN_POINT ( 'NONE',  ( -1.189405335455050006, 2.160000000000000142, 1.030000000000000027 ) ) ;
#843 = EDGE_LOOP ( 'NONE', ( #2186, #7309, #2271, #1078 ) ) ;
#844 = DIRECTION ( 'NONE',  ( 0.08452546101100746889, 0.000000000000000000, -0.9964213197442519654 ) ) ;
#845 = LINE ( 'NONE', #4685, #5051 ) ;
#846 = ADVANCED_FACE ( 'NONE', ( #8938 ), #4967, .F. ) ;
#847 = FACE_OUTER_BOUND ( 'NONE', #8449, .T. ) ;
#848 = DIRECTION ( 'NONE',  ( 0.1039620511844980000, 0.1039620511844980000, 0.9891328443778539814 ) ) ;
#849 = VECTOR ( 'NONE', #5852, 1000.000000000000000 ) ;
#850 = CYLINDRICAL_SURFACE ( 'NONE', #7641, 0.08000000000000007105 ) ;
#851 = LINE ( 'NONE', #2490, #6103 ) ;
#852 = UNCERTAINTY_MEASURE_WITH_UNIT (LENGTH_MEASURE( 1.000000000000000082E-05 ), #6560, 'distance_accuracy_value', 'NONE');
#853 = MANIFOLD_SOLID_BREP ( 'Imported3', #2515 ) ;
#854 = AXIS2_PLACEMENT_3D ( 'NONE', #2913, #6041, #4302 ) ;
#855 = CIRCLE ( 'NONE', #2438, 0.08000000000000059841 ) ;
#856 = VECTOR ( 'NONE', #1806, 1000.000000000000000 ) ;
#857 = CARTESIAN_POINT ( 'NONE',  ( -1.515147065190750819, -2.336618998355044940, 1.725286021574020667 ) ) ;
#858 = PLANE ( 'NONE',  #2104 ) ;
#859 = ORIENTED_EDGE ( 'NONE', *, *, #3862, .F. ) ;
#860 = PRESENTATION_LAYER_ASSIGNMENT (  '', '', ( #2280 ) ) ;
#861 = DIRECTION ( 'NONE',  ( 0.000000000000000000, -1.000000000000000000, -0.000000000000000000 ) ) ;
#862 = ADVANCED_FACE ( 'NONE', ( #7357 ), #6508, .T. ) ;
#863 = PRESENTATION_STYLE_ASSIGNMENT (( #5623 ) ) ;
#864 = EDGE_CURVE ( 'NONE', #3431, #8799, #9002, .T. ) ;
#865 = PRESENTATION_LAYER_ASSIGNMENT (  '', '', ( #5232 ) ) ;
#866 = FILL_AREA_STYLE ('',( #7774 ) ) ;
#867 = LINE ( 'NONE', #5470, #4216 ) ;
#868 = LINE ( 'NONE', #1755, #7094 ) ;
#869 = CARTESIAN_POINT ( 'NONE',  ( -3.000000000000000000, -1.649999999999999911, 0.2105127985970459970 ) ) ;
#870 = SURFACE_SIDE_STYLE ('',( #161 ) ) ;
#871 = VERTEX_POINT ( 'NONE', #8428 ) ;
#872 =( LENGTH_UNIT ( ) NAMED_UNIT ( * ) SI_UNIT ( .MILLI., .METRE. ) );
#873 = CIRCLE ( 'NONE', #2776, 0.1050000000000000655 ) ;
#874 = DIRECTION ( 'NONE',  ( 1.000000000000000000, 0.000000000000000000, -0.000000000000000000 ) ) ;
#875 = ORIENTED_EDGE ( 'NONE', *, *, #1959, .F. ) ;
#876 = ORIENTED_EDGE ( 'NONE', *, *, #1478, .T. ) ;
#877 = DIRECTION ( 'NONE',  ( 0.000000000000000000, -1.000000000000000000, 0.000000000000000000 ) ) ;
#878 = EDGE_CURVE ( 'NONE', #5715, #7364, #3601, .T. ) ;
#879 = SURFACE_STYLE_USAGE ( .BOTH. , #7942 ) ;
#880 = FILL_AREA_STYLE ('',( #1824 ) ) ;
#881 = ORIENTED_EDGE ( 'NONE', *, *, #7365, .F. ) ;
#882 =( LENGTH_UNIT ( ) NAMED_UNIT ( * ) SI_UNIT ( .MILLI., .METRE. ) );
#883 = PRESENTATION_STYLE_ASSIGNMENT (( #174 ) ) ;
#884 =( GEOMETRIC_REPRESENTATION_CONTEXT ( 3 ) GLOBAL_UNCERTAINTY_ASSIGNED_CONTEXT ( ( #6185 ) ) GLOBAL_UNIT_ASSIGNED_CONTEXT ( ( #3810, #9393, #4127 ) ) REPRESENTATION_CONTEXT ( 'NONE', 'WORKASPACE' ) );
#885 = CARTESIAN_POINT ( 'NONE',  ( 1.462500000000000133, -2.302292627064889796, 0.09999999999999997780 ) ) ;
#886 = UNCERTAINTY_MEASURE_WITH_UNIT (LENGTH_MEASURE( 1.000000000000000082E-05 ), #2963, 'distance_accuracy_value', 'NONE');
#887 = FILL_AREA_STYLE_COLOUR ( '', #9790 ) ;
#888 = PLANE ( 'NONE',  #6839 ) ;
#889 = VECTOR ( 'NONE', #95, 1000.000000000000000 ) ;
#890 = ORIENTED_EDGE ( 'NONE', *, *, #4249, .F. ) ;
#891 = AXIS2_PLACEMENT_3D ( 'NONE', #3505, #7320, #5112 ) ;
#892 = EDGE_LOOP ( 'NONE', ( #4090, #954, #3975, #2509 ) ) ;
#893 = DIRECTION ( 'NONE',  ( -1.000000000000000000, 0.000000000000000000, 2.846725704167069772E-16 ) ) ;
#894 = CARTESIAN_POINT ( 'NONE',  ( -1.189405335455050006, -0.3800000000000000044, 0.8200000000000009504 ) ) ;
#895 = SURFACE_STYLE_USAGE ( .BOTH. , #9213 ) ;
#896 = AXIS2_PLACEMENT_3D ( 'NONE', #2033, #5199, #3481 ) ;
#897 = VECTOR ( 'NONE', #7001, 1000.000000000000114 ) ;
#898 = CARTESIAN_POINT ( 'NONE',  ( -1.865091647517193474, -2.345189659078863453, 0.1442199397528927951 ) ) ;
#899 = DIRECTION ( 'NONE',  ( 0.000000000000000000, 1.000000000000000000, 0.000000000000000000 ) ) ;
#900 = VERTEX_POINT ( 'NONE', #4436 ) ;
#901 = SURFACE_SIDE_STYLE ('',( #7155 ) ) ;
#902 = FACE_OUTER_BOUND ( 'NONE', #708, .T. ) ;
#903 = SHAPE_REPRESENTATION_RELATIONSHIP ( 'NONE' , 'NONE' ,  #1040, #5959 ) ;
#904 = FILL_AREA_STYLE_COLOUR ( '', #8256 ) ;
#905 = CARTESIAN_POINT ( 'NONE',  ( 1.044999999999999929, 1.044999999999999929, 0.3000000000000009881 ) ) ;
#906 =( LENGTH_UNIT ( ) NAMED_UNIT ( * ) SI_UNIT ( .MILLI., .METRE. ) );
#907 = CARTESIAN_POINT ( 'NONE',  ( 0.1285000000000000031, 1.401000000000000023, 0.1000000000000010048 ) ) ;
#908 = SURFACE_STYLE_FILL_AREA ( #8583 ) ;
#909 = ADVANCED_FACE ( 'NONE', ( #2287 ), #2833, .F. ) ;
#910 = FILL_AREA_STYLE_COLOUR ( '', #8634 ) ;
#911 = SURFACE_SIDE_STYLE ('',( #2984 ) ) ;
#912 = ORIENTED_EDGE ( 'NONE', *, *, #7467, .T. ) ;
#913 =( LENGTH_UNIT ( ) NAMED_UNIT ( * ) SI_UNIT ( .MILLI., .METRE. ) );
#914 = PRESENTATION_STYLE_ASSIGNMENT (( #7721 ) ) ;
#915 = FILL_AREA_STYLE_COLOUR ( '', #6290 ) ;
#916 = DIRECTION ( 'NONE',  ( 0.000000000000000000, 0.000000000000000000, 1.000000000000000000 ) ) ;
#917 = EDGE_LOOP ( 'NONE', ( #4281, #1631, #7526, #7747 ) ) ;
#918 = EDGE_CURVE ( 'NONE', #5412, #3209, #699, .T. ) ;
#919 = CARTESIAN_POINT ( 'NONE',  ( -1.417831752426139680, -2.321499329462850536, 1.728754406394933385 ) ) ;
#920 = ORIENTED_EDGE ( 'NONE', *, *, #1577, .T. ) ;
#921 = EDGE_LOOP ( 'NONE', ( #1643, #9862, #6506, #222 ) ) ;
#922 =( NAMED_UNIT ( * ) PLANE_ANGLE_UNIT ( ) SI_UNIT ( $, .RADIAN. ) );
#923 = FILL_AREA_STYLE ('',( #116 ) ) ;
#924 = CARTESIAN_POINT ( 'NONE',  ( -1.368316686139116056, 2.024105962172759732, 1.749999999999999778 ) ) ;
#925 = ORIENTED_EDGE ( 'NONE', *, *, #8499, .T. ) ;
#926 = CARTESIAN_POINT ( 'NONE',  ( 2.346432839248830060, -0.3800000000000000044, 0.04570186794230124416 ) ) ;
#927 =( NAMED_UNIT ( * ) SI_UNIT ( $, .STERADIAN. ) SOLID_ANGLE_UNIT ( ) );
#928 = AXIS2_PLACEMENT_3D ( 'NONE', #4387, #899, #792 ) ;
#929 = DIRECTION ( 'NONE',  ( -3.040008243693350015E-16, 0.000000000000000000, -1.000000000000000000 ) ) ;
#930 = CARTESIAN_POINT ( 'NONE',  ( -2.295355339586480081, 2.160000000000000142, 1.030000000000000027 ) ) ;
#931 = LINE ( 'NONE', #5175, #8784 ) ;
#932 = UNCERTAINTY_MEASURE_WITH_UNIT (LENGTH_MEASURE( 1.000000000000000082E-05 ), #3917, 'distance_accuracy_value', 'NONE');
#933 = EDGE_CURVE ( 'NONE', #1327, #4496, #752, .T. ) ;
#934 = FACE_OUTER_BOUND ( 'NONE', #7709, .T. ) ;
#935 = ADVANCED_FACE ( 'NONE', ( #5414 ), #3792, .T. ) ;
#936 = VERTEX_POINT ( 'NONE', #2238 ) ;
#937 = AXIS2_PLACEMENT_3D ( 'NONE', #9820, #4312, #6748 ) ;
#938 = ORIENTED_EDGE ( 'NONE', *, *, #3701, .F. ) ;
#939 = PLANE ( 'NONE',  #9041 ) ;
#940 = CARTESIAN_POINT ( 'NONE',  ( -0.9750000000000010880, -2.450000000000003286, 1.030000000000000249 ) ) ;
#941 = FILL_AREA_STYLE ('',( #131 ) ) ;
#942 = FACE_OUTER_BOUND ( 'NONE', #9798, .T. ) ;
#943 = EDGE_CURVE ( 'NONE', #8067, #616, #3024, .T. ) ;
#944 = CARTESIAN_POINT ( 'NONE',  ( -1.825287670640535209, -2.345189659078863897, 0.1114787795496205575 ) ) ;
#945 = PLANE ( 'NONE',  #8092 ) ;
#947 = ORIENTED_EDGE ( 'NONE', *, *, #9310, .T. ) ;
#946 = MECHANICAL_DESIGN_GEOMETRIC_PRESENTATION_REPRESENTATION (  '', ( #5310 ), #6584 ) ;
#948 = COLOUR_RGB ( '',0.8313725490196077761, 0.8313725490196077761, 0.8313725490196077761 ) ;
#949 = DIRECTION ( 'NONE',  ( 1.000000000000000000, 0.000000000000000000, 3.040008243693350015E-16 ) ) ;
#950 = DIRECTION ( 'NONE',  ( -0.9945218953682735119, 0.000000000000000000, -0.1045284632676530545 ) ) ;
#951 = CYLINDRICAL_SURFACE ( 'NONE', #1272, 0.07999999999999998779 ) ;
#952 =( LENGTH_UNIT ( ) NAMED_UNIT ( * ) SI_UNIT ( .MILLI., .METRE. ) );
#953 = SURFACE_SIDE_STYLE ('',( #8635 ) ) ;
#954 = ORIENTED_EDGE ( 'NONE', *, *, #3785, .T. ) ;
#955 = PRESENTATION_STYLE_ASSIGNMENT (( #3905 ) ) ;
#956 = CIRCLE ( 'NONE', #3326, 0.1000000000000000472 ) ;
#957 =( NAMED_UNIT ( * ) SI_UNIT ( $, .STERADIAN. ) SOLID_ANGLE_UNIT ( ) );
#958 = DIRECTION ( 'NONE',  ( 0.9964213197442519654, 0.000000000000000000, -0.08452546101100746889 ) ) ;
#959 =( LENGTH_UNIT ( ) NAMED_UNIT ( * ) SI_UNIT ( .MILLI., .METRE. ) );
#960 = DIRECTION ( 'NONE',  ( -0.000000000000000000, 1.000000000000000000, -0.000000000000000000 ) ) ;
#961 = VECTOR ( 'NONE', #1406, 1000.000000000000000 ) ;
#962 = DIRECTION ( 'NONE',  ( -1.000000000000000000, 0.000000000000000000, 1.779203565104420086E-16 ) ) ;
#963 = VERTEX_POINT ( 'NONE', #3903 ) ;
#964 = CARTESIAN_POINT ( 'NONE',  ( -1.144999999999999796, 1.044999999999999929, 0.1000000000000007827 ) ) ;
#965 = CARTESIAN_POINT ( 'NONE',  ( 6.938893903907229610E-17, 1.145000000000000018, 0.1000000000000010048 ) ) ;
#966 = STYLED_ITEM ( 'NONE', ( #1103 ), #1048 ) ;
#967 =( NAMED_UNIT ( * ) PLANE_ANGLE_UNIT ( ) SI_UNIT ( $, .RADIAN. ) );
#968 = EDGE_CURVE ( 'NONE', #297, #182, #1899, .T. ) ;
#969 = CARTESIAN_POINT ( 'NONE',  ( 2.353481300512978436, -0.8900000000000000133, 0.3447869765509686824 ) ) ;
#970 = PRESENTATION_STYLE_ASSIGNMENT (( #3769 ) ) ;
#971 = CARTESIAN_POINT ( 'NONE',  ( 2.346432839248831836, -0.8900000000000001243, 0.04570186794230132743 ) ) ;
#972 = CARTESIAN_POINT ( 'NONE',  ( -1.949872071855469180, -2.416878544047198929, 0.8175679999321925351 ) ) ;
#973 = ORIENTED_EDGE ( 'NONE', *, *, #6852, .T. ) ;
#974 = AXIS2_PLACEMENT_3D ( 'NONE', #1584, #7810, #7143 ) ;
#975 = DIRECTION ( 'NONE',  ( 6.608470384673550038E-16, 0.000000000000000000, -1.000000000000000000 ) ) ;
#976 = ORIENTED_EDGE ( 'NONE', *, *, #2425, .F. ) ;
#977 = STYLED_ITEM ( 'NONE', ( #7486 ), #8415 ) ;
#978 = ORIENTED_EDGE ( 'NONE', *, *, #8658, .T. ) ;
#979 = SURFACE_SIDE_STYLE ('',( #3976 ) ) ;
#980 = DIRECTION ( 'NONE',  ( 0.000000000000000000, 1.000000000000000000, 0.000000000000000000 ) ) ;
#981 = PRESENTATION_STYLE_ASSIGNMENT (( #8706 ) ) ;
#982 = LINE ( 'NONE', #271, #2754 ) ;
#983 = ORIENTED_EDGE ( 'NONE', *, *, #2675, .F. ) ;
#984 = EDGE_CURVE ( 'NONE', #4206, #7332, #3288, .T. ) ;
#985 = VECTOR ( 'NONE', #3764, 1000.000000000000227 ) ;
#986 = STYLED_ITEM ( 'NONE', ( #5367 ), #8011 ) ;
#987 = VERTEX_POINT ( 'NONE', #7007 ) ;
#988 = VERTEX_POINT ( 'NONE', #2529 ) ;
#989 = FILL_AREA_STYLE ('',( #7905 ) ) ;
#990 = CARTESIAN_POINT ( 'NONE',  ( 2.295355339586480081, 0.6350000000000000089, 1.030000000000000027 ) ) ;
#991 = MECHANICAL_DESIGN_GEOMETRIC_PRESENTATION_REPRESENTATION (  '', ( #4027 ), #8571 ) ;
#992 = EDGE_CURVE ( 'NONE', #9704, #8793, #9468, .T. ) ;
#993 = EDGE_CURVE ( 'NONE', #4659, #2554, #8633, .T. ) ;
#994 = LINE ( 'NONE', #4047, #1988 ) ;
#995 = DIRECTION ( 'NONE',  ( -0.08452546101100759379, 0.000000000000000000, 0.9964213197442519654 ) ) ;
#996 = MECHANICAL_DESIGN_GEOMETRIC_PRESENTATION_REPRESENTATION (  '', ( #5691 ), #1627 ) ;
#997 = AXIS2_PLACEMENT_3D ( 'NONE', #2322, #1536, #5343 ) ;
#998 = CARTESIAN_POINT ( 'NONE',  ( 0.1285000000000000031, 1.401000000000000023, 0.3000000000000009881 ) ) ;
#999 = ORIENTED_EDGE ( 'NONE', *, *, #3428, .T. ) ;
#1000 = FACE_OUTER_BOUND ( 'NONE', #3441, .T. ) ;
#1001 = VECTOR ( 'NONE', #1365, 1000.000000000000000 ) ;
#1002 = PLANE ( 'NONE',  #3702 ) ;
#1003 = FILL_AREA_STYLE_COLOUR ( '', #4672 ) ;
#1004 = CARTESIAN_POINT ( 'NONE',  ( 0.000000000000000000, 0.000000000000000000, 0.000000000000000000 ) ) ;
#1005 = ADVANCED_FACE ( 'NONE', ( #847 ), #4840, .F. ) ;
#1006 = COLOUR_RGB ( '',0.8313725490196077761, 0.8313725490196077761, 0.8313725490196077761 ) ;
#1007 = SURFACE_STYLE_USAGE ( .BOTH. , #2647 ) ;
#1008 = VECTOR ( 'NONE', #3619, 1000.000000000000000 ) ;
#1009 =( GEOMETRIC_REPRESENTATION_CONTEXT ( 3 ) GLOBAL_UNCERTAINTY_ASSIGNED_CONTEXT ( ( #7506 ) ) GLOBAL_UNIT_ASSIGNED_CONTEXT ( ( #4, #1556, #714 ) ) REPRESENTATION_CONTEXT ( 'NONE', 'WORKASPACE' ) );
#1010 = SURFACE_SIDE_STYLE ('',( #7161 ) ) ;
#1011 = AXIS2_PLACEMENT_3D ( 'NONE', #9051, #9467, #3523 ) ;
#1012 = CIRCLE ( 'NONE', #7127, 0.1000000000000000472 ) ;
#1013 = DIRECTION ( 'NONE',  ( -1.779203565104420086E-16, 0.000000000000000000, -1.000000000000000000 ) ) ;
#1014 = ORIENTED_EDGE ( 'NONE', *, *, #7562, .F. ) ;
#1015 = DIRECTION ( 'NONE',  ( -1.000000000000000000, -0.000000000000000000, -0.000000000000000000 ) ) ;
#1016 = MECHANICAL_DESIGN_GEOMETRIC_PRESENTATION_REPRESENTATION (  '', ( #51 ), #8286 ) ;
#1017 = CIRCLE ( 'NONE', #5381, 0.1050000000000000655 ) ;
#1018 = SURFACE_STYLE_FILL_AREA ( #4857 ) ;
#1019 = SURFACE_STYLE_USAGE ( .BOTH. , #5676 ) ;
#1020 = DIRECTION ( 'NONE',  ( -0.000000000000000000, -0.000000000000000000, -1.000000000000000000 ) ) ;
#1021 = VECTOR ( 'NONE', #2753, 1000.000000000000000 ) ;
#1022 = DIRECTION ( 'NONE',  ( 0.9975640502598241977, 0.000000000000000000, -0.06975647374412552448 ) ) ;
#1023 = ORIENTED_EDGE ( 'NONE', *, *, #8113, .F. ) ;
#1024 = VECTOR ( 'NONE', #3262, 1000.000000000000000 ) ;
#1025 = VERTEX_POINT ( 'NONE', #3845 ) ;
#1026 = PRESENTATION_LAYER_ASSIGNMENT (  '', '', ( #4402 ) ) ;
#1027 =( NAMED_UNIT ( * ) SI_UNIT ( $, .STERADIAN. ) SOLID_ANGLE_UNIT ( ) );
#1028 = ORIENTED_EDGE ( 'NONE', *, *, #5147, .T. ) ;
#1029 = FACE_OUTER_BOUND ( 'NONE', #8041, .T. ) ;
#1030 = CARTESIAN_POINT ( 'NONE',  ( 2.450781109342988096, -1.649999999999999911, 0.2489179246798426948 ) ) ;
#1031 = ORIENTED_EDGE ( 'NONE', *, *, #3787, .F. ) ;
#1032 = DIRECTION ( 'NONE',  ( 0.000000000000000000, -1.000000000000000000, 0.000000000000000000 ) ) ;
#1033 =( LENGTH_UNIT ( ) NAMED_UNIT ( * ) SI_UNIT ( .MILLI., .METRE. ) );
#1034 = PRESENTATION_LAYER_ASSIGNMENT (  '', '', ( #5400 ) ) ;
#1035 =( GEOMETRIC_REPRESENTATION_CONTEXT ( 3 ) GLOBAL_UNCERTAINTY_ASSIGNED_CONTEXT ( ( #8411 ) ) GLOBAL_UNIT_ASSIGNED_CONTEXT ( ( #3290, #9426, #4843 ) ) REPRESENTATION_CONTEXT ( 'NONE', 'WORKASPACE' ) );
#1036 = UNCERTAINTY_MEASURE_WITH_UNIT (LENGTH_MEASURE( 1.000000000000000082E-05 ), #8941, 'distance_accuracy_value', 'NONE');
#1037 = EDGE_CURVE ( 'NONE', #8204, #8828, #247, .T. ) ;
#1038 = MECHANICAL_DESIGN_GEOMETRIC_PRESENTATION_REPRESENTATION (  '', ( #6680 ), #6998 ) ;
#1039 = ORIENTED_EDGE ( 'NONE', *, *, #1841, .F. ) ;
#1040 = SHAPE_REPRESENTATION ( 'body', ( #7071 ), #1428 ) ;
#1041 = VECTOR ( 'NONE', #7318, 1000.000000000000000 ) ;
#1042 =( NAMED_UNIT ( * ) PLANE_ANGLE_UNIT ( ) SI_UNIT ( $, .RADIAN. ) );
#1043 = MANIFOLD_SOLID_BREP ( 'Imported2', #3475 ) ;
#1044 = CARTESIAN_POINT ( 'NONE',  ( 1.845189659078855238, 2.345189659078863897, 1.722150640348745210 ) ) ;
#1045 = CARTESIAN_POINT ( 'NONE',  ( -0.2285000000000000364, -1.145000000000000018, 0.3000000000000009881 ) ) ;
#1046 = VECTOR ( 'NONE', #7285, 1000.000000000000000 ) ;
#1047 = VERTEX_POINT ( 'NONE', #8681 ) ;
#1048 = ADVANCED_FACE ( 'NONE', ( #7917 ), #951, .T. ) ;
#1049 = ADVANCED_FACE ( 'NONE', ( #6647 ), #4209, .T. ) ;
#1050 =( NAMED_UNIT ( * ) SI_UNIT ( $, .STERADIAN. ) SOLID_ANGLE_UNIT ( ) );
#1051 = ORIENTED_EDGE ( 'NONE', *, *, #5815, .T. ) ;
#1052 = FACE_OUTER_BOUND ( 'NONE', #6789, .T. ) ;
#1053 = CARTESIAN_POINT ( 'NONE',  ( -1.492920983025413095, 2.338417127732530520, 1.737113932095117219 ) ) ;
#1054 = CIRCLE ( 'NONE', #3430, 0.1000000000000000472 ) ;
#1055 = DIRECTION ( 'NONE',  ( -0.000000000000000000, -1.000000000000000000, -0.000000000000000000 ) ) ;
#1056 = CARTESIAN_POINT ( 'NONE',  ( -2.353481300512971774, -2.160000000000000142, 0.3447869765509685713 ) ) ;
#1057 = DIRECTION ( 'NONE',  ( -0.1039620511844980000, -0.1039620511844980000, -0.9891328443778539814 ) ) ;
#1058 = CARTESIAN_POINT ( 'NONE',  ( 1.189405335455050006, -0.8900000000000000133, 0.8200000000000009504 ) ) ;
#1059 = EDGE_CURVE ( 'NONE', #5605, #523, #1599, .T. ) ;
#1060 = CARTESIAN_POINT ( 'NONE',  ( 1.949999403068538362, -2.370218527253804996, 1.030005679423484644 ) ) ;
#1061 = ADVANCED_FACE ( 'NONE', ( #2641 ), #1936, .T. ) ;
#1062 =( NAMED_UNIT ( * ) PLANE_ANGLE_UNIT ( ) SI_UNIT ( $, .RADIAN. ) );
#1063 = VERTEX_POINT ( 'NONE', #6700 ) ;
#1064 = LINE ( 'NONE', #2000, #2914 ) ;
#1065 = DIRECTION ( 'NONE',  ( -0.9975640502598241977, 0.000000000000000000, -0.06975647374412552448 ) ) ;
#1066 = FACE_OUTER_BOUND ( 'NONE', #2664, .T. ) ;
#1067 = CARTESIAN_POINT ( 'NONE',  ( 1.843428520399605253, 2.421364504079361435, 1.643195086812336836 ) ) ;
#1068 = DIRECTION ( 'NONE',  ( -0.000000000000000000, -1.000000000000000000, -0.000000000000000000 ) ) ;
#1069 = LINE ( 'NONE', #1665, #3005 ) ;
#1070 = FACE_OUTER_BOUND ( 'NONE', #4191, .T. ) ;
#1071 = VERTEX_POINT ( 'NONE', #9866 ) ;
#1072 = CARTESIAN_POINT ( 'NONE',  ( 1.044999999999999929, -1.044999999999999929, 0.1000000000000010048 ) ) ;
#1073 = DIRECTION ( 'NONE',  ( -0.3406351650717799884, -0.8440827718217339681, -0.4141158758490909864 ) ) ;
#1074 = ADVANCED_FACE ( 'NONE', ( #9949 ), #5950, .T. ) ;
#1075 = LINE ( 'NONE', #6990, #1951 ) ;
#1076 = ORIENTED_EDGE ( 'NONE', *, *, #9127, .F. ) ;
#1077 = COLOUR_RGB ( '',0.7921568627450980005, 0.8196078431372548767, 0.9333333333333333481 ) ;
#1078 = ORIENTED_EDGE ( 'NONE', *, *, #3303, .F. ) ;
#1079 = CARTESIAN_POINT ( 'NONE',  ( -1.145000000000000018, -1.045000000000000151, 0.1000000000000010048 ) ) ;
#1080 = CARTESIAN_POINT ( 'NONE',  ( 2.311663692532073267, -0.6350000000000000089, 0.8377503468123131958 ) ) ;
#1081 = CARTESIAN_POINT ( 'NONE',  ( -1.468615827805880292, -2.336667168252045901, 1.742238431033436008 ) ) ;
#1082 = VERTEX_POINT ( 'NONE', #8224 ) ;
#1083 = CARTESIAN_POINT ( 'NONE',  ( -1.876672648650953956, 2.338986644132701187, 0.1663894696302028742 ) ) ;
#1084 = PLANE ( 'NONE',  #7568 ) ;
#1085 = CARTESIAN_POINT ( 'NONE',  ( -1.949999403068538584, -2.370218527253806329, 1.030005679423485088 ) ) ;
#1086 =( NAMED_UNIT ( * ) PLANE_ANGLE_UNIT ( ) SI_UNIT ( $, .RADIAN. ) );
#1087 = DIRECTION ( 'NONE',  ( 0.000000000000000000, 1.000000000000000000, 0.000000000000000000 ) ) ;
#1088 = ORIENTED_EDGE ( 'NONE', *, *, #1463, .T. ) ;
#1089 = ORIENTED_EDGE ( 'NONE', *, *, #4760, .T. ) ;
#1090 = FACE_OUTER_BOUND ( 'NONE', #7273, .T. ) ;
#1091 = PRESENTATION_STYLE_ASSIGNMENT (( #3226 ) ) ;
#1092 = DIRECTION ( 'NONE',  ( -0.9975640502598241977, 0.000000000000000000, -0.06975647374412552448 ) ) ;
#1093 = PRESENTATION_STYLE_ASSIGNMENT (( #7189 ) ) ;
#1094 = ADVANCED_FACE ( 'NONE', ( #2966 ), #2133, .T. ) ;
#1095 = UNCERTAINTY_MEASURE_WITH_UNIT (LENGTH_MEASURE( 1.000000000000000082E-05 ), #4730, 'distance_accuracy_value', 'NONE');
#1096 = AXIS2_PLACEMENT_3D ( 'NONE', #5441, #3884, #7853 ) ;
#1097 = ORIENTED_EDGE ( 'NONE', *, *, #100, .F. ) ;
#1098 = DIRECTION ( 'NONE',  ( 0.000000000000000000, 0.000000000000000000, 1.000000000000000000 ) ) ;
#1099 =( BOUNDED_SURFACE ( )  B_SPLINE_SURFACE ( 3, 3, ( 
 ( #2149, #6552, #7560, #4534 ),
 ( #9882, #2939, #2981, #6102 ),
 ( #4753, #1703, #8803, #4012 ),
 ( #7055, #3294, #146, #7101 ) ),
 .UNSPECIFIED., .F., .F., .T. ) 
 B_SPLINE_SURFACE_WITH_KNOTS ( ( 4, 4 ),
 ( 4, 4 ),
 ( 0.000000000000000000, 1.000000000000000000 ),
 ( 0.000000000000000000, 1.000000000000000000 ),
 .UNSPECIFIED. ) 
 GEOMETRIC_REPRESENTATION_ITEM ( )  RATIONAL_B_SPLINE_SURFACE ( (
 ( 1.000000000000000000, 0.3333333333333300952, 0.3333333333333300952, 1.000000000000000000),
 ( 0.9290532412555478903, 0.3096844137518462992, 0.3096844137518462992, 0.9290532412555478903),
 ( 0.9290532412555478903, 0.3096844137518462992, 0.3096844137518462992, 0.9290532412555478903),
 ( 1.000000000000000000, 0.3333333333333300952, 0.3333333333333300952, 1.000000000000000000) ) ) 
 REPRESENTATION_ITEM ( '' )  SURFACE ( )  );
#1100 = DIRECTION ( 'NONE',  ( -0.000000000000000000, 1.000000000000000000, 0.000000000000000000 ) ) ;
#1101 = ORIENTED_EDGE ( 'NONE', *, *, #3439, .F. ) ;
#1102 = DIRECTION ( 'NONE',  ( 0.000000000000000000, -0.000000000000000000, 1.000000000000000000 ) ) ;
#1103 = PRESENTATION_STYLE_ASSIGNMENT (( #2679 ) ) ;
#1104 = MECHANICAL_DESIGN_GEOMETRIC_PRESENTATION_REPRESENTATION (  '', ( #4478 ), #5806 ) ;
#1105 = DIRECTION ( 'NONE',  ( 0.000000000000000000, -1.000000000000000000, 0.000000000000000000 ) ) ;
#1106 =( NAMED_UNIT ( * ) SI_UNIT ( $, .STERADIAN. ) SOLID_ANGLE_UNIT ( ) );
#1107 = EDGE_CURVE ( 'NONE', #3267, #6468, #2228, .T. ) ;
#1108 = CYLINDRICAL_SURFACE ( 'NONE', #8026, 0.2100000000000000200 ) ;
#1109 = PRODUCT ( 'body', 'body', '', ( #5865 ) ) ;
#1110 = DIRECTION ( 'NONE',  ( -0.1039620511844980000, 0.1039620511844980000, 0.9891328443778539814 ) ) ;
#1111 = VERTEX_POINT ( 'NONE', #2176 ) ;
#1112 = ORIENTED_EDGE ( 'NONE', *, *, #3986, .F. ) ;
#1113 = COLOUR_RGB ( '',0.2862745098039215508, 0.2862745098039215508, 0.2862745098039215508 ) ;
#1114 = DIRECTION ( 'NONE',  ( 0.1039620511844980000, -0.1039620511844980000, 0.9891328443778539814 ) ) ;
#1115 = CARTESIAN_POINT ( 'NONE',  ( 1.845189659078854794, -2.345189659078863897, 1.722150640348744322 ) ) ;
#1116 = PRESENTATION_STYLE_ASSIGNMENT (( #5872 ) ) ;
#1117 = EDGE_CURVE ( 'NONE', #9353, #361, #646, .T. ) ;
#1118 = AXIS2_PLACEMENT_3D ( 'NONE', #3572, #577, #5030 ) ;
#1119 = DIRECTION ( 'NONE',  ( -0.9945218953682734009, 0.000000000000000000, -0.1045284632676535680 ) ) ;
#1120 = ORIENTED_EDGE ( 'NONE', *, *, #5316, .T. ) ;
#1121 = LINE ( 'NONE', #2396, #5392 ) ;
#1122 = VECTOR ( 'NONE', #3029, 1000.000000000000000 ) ;
#1123 = SURFACE_SIDE_STYLE ('',( #4082 ) ) ;
#1124 = FILL_AREA_STYLE ('',( #8853 ) ) ;
#1125 = ORIENTED_EDGE ( 'NONE', *, *, #8213, .T. ) ;
#1126 = SURFACE_STYLE_USAGE ( .BOTH. , #8042 ) ;
#1127 = ORIENTED_EDGE ( 'NONE', *, *, #9504, .T. ) ;
#1128 = PRESENTATION_STYLE_ASSIGNMENT (( #9338 ) ) ;
#1129 = DIRECTION ( 'NONE',  ( 0.000000000000000000, -1.000000000000000000, 0.000000000000000000 ) ) ;
#1130 = VECTOR ( 'NONE', #9482, 1000.000000000000000 ) ;
#1131 = LINE ( 'NONE', #7471, #3711 ) ;
#1132 = ORIENTED_EDGE ( 'NONE', *, *, #9435, .F. ) ;
#1133 = CARTESIAN_POINT ( 'NONE',  ( -2.102415215385780023, 0.8900000000000000133, 0.8200000000000019496 ) ) ;
#1134 = CARTESIAN_POINT ( 'NONE',  ( 2.005945153285420446, -0.8900000000000000133, 0.8200000000000016165 ) ) ;
#1135 = EDGE_CURVE ( 'NONE', #6980, #6743, #3728, .T. ) ;
#1136 = CYLINDRICAL_SURFACE ( 'NONE', #3060, 0.2100000000000000200 ) ;
#1137 = AXIS2_PLACEMENT_3D ( 'NONE', #8797, #5812, #1844 ) ;
#1138 = PRESENTATION_STYLE_ASSIGNMENT (( #8053 ) ) ;
#1139 =( GEOMETRIC_REPRESENTATION_CONTEXT ( 3 ) GLOBAL_UNCERTAINTY_ASSIGNED_CONTEXT ( ( #4951 ) ) GLOBAL_UNIT_ASSIGNED_CONTEXT ( ( #7688, #9298, #2957 ) ) REPRESENTATION_CONTEXT ( 'NONE', 'WORKASPACE' ) );
#1140 = ORIENTED_EDGE ( 'NONE', *, *, #984, .F. ) ;
#1141 = ORIENTED_EDGE ( 'NONE', *, *, #6012, .F. ) ;
#1142 = LINE ( 'NONE', #3466, #4089 ) ;
#1143 = FILL_AREA_STYLE ('',( #9651 ) ) ;
#1144 = SURFACE_STYLE_FILL_AREA ( #531 ) ;
#1145 = LINE ( 'NONE', #4950, #8238 ) ;
#1146 = MECHANICAL_DESIGN_GEOMETRIC_PRESENTATION_REPRESENTATION (  '', ( #3195 ), #177 ) ;
#1147 = LINE ( 'NONE', #1198, #5220 ) ;
#1148 = VECTOR ( 'NONE', #426, 1000.000000000000000 ) ;
#1149 = ORIENTED_EDGE ( 'NONE', *, *, #7562, .T. ) ;
#1150 = CARTESIAN_POINT ( 'NONE',  ( -1.468615827805880292, -2.302292627064889796, 1.670000000000000151 ) ) ;
#1151 = CARTESIAN_POINT ( 'NONE',  ( -2.346432839248831836, -0.8900000000000001243, 0.04570186794230108457 ) ) ;
#1152 = EDGE_CURVE ( 'NONE', #4477, #3721, #7243, .T. ) ;
#1153 = ORIENTED_EDGE ( 'NONE', *, *, #4993, .T. ) ;
#1154 = PRESENTATION_STYLE_ASSIGNMENT (( #7395 ) ) ;
#1155 =( NAMED_UNIT ( * ) SI_UNIT ( $, .STERADIAN. ) SOLID_ANGLE_UNIT ( ) );
#1156 = PRESENTATION_LAYER_ASSIGNMENT (  '', '', ( #5034 ) ) ;
#1157 = VECTOR ( 'NONE', #7484, 1000.000000000000000 ) ;
#1158 = LINE ( 'NONE', #7973, #706 ) ;
#1159 =( NAMED_UNIT ( * ) SI_UNIT ( $, .STERADIAN. ) SOLID_ANGLE_UNIT ( ) );
#1160 = EDGE_CURVE ( 'NONE', #3008, #9046, #3839, .T. ) ;
#1161 = VERTEX_POINT ( 'NONE', #1634 ) ;
#1162 = CARTESIAN_POINT ( 'NONE',  ( -3.000000000000000000, 1.649999999999999911, 0.000000000000000000 ) ) ;
#1163 = CARTESIAN_POINT ( 'NONE',  ( 2.311663692532073711, -2.160000000000000142, 0.8377503468123129737 ) ) ;
#1164 = FACE_OUTER_BOUND ( 'NONE', #9650, .T. ) ;
#1165 = LINE ( 'NONE', #4232, #8858 ) ;
#1166 = STYLED_ITEM ( 'NONE', ( #655 ), #6189 ) ;
#1167 = EDGE_LOOP ( 'NONE', ( #8661, #2259, #592, #328 ) ) ;
#1168 = LINE ( 'NONE', #1954, #1041 ) ;
#1169 = PRESENTATION_LAYER_ASSIGNMENT (  '', '', ( #4714 ) ) ;
#1170 = DIRECTION ( 'NONE',  ( 0.5362129001746853696, -0.5362129001746772650, 0.6518830043593055734 ) ) ;
#1171 = AXIS2_PLACEMENT_3D ( 'NONE', #4037, #929, #4719 ) ;
#1172 = VERTEX_POINT ( 'NONE', #4733 ) ;
#1173 = EDGE_CURVE ( 'NONE', #8655, #4494, #2233, .T. ) ;
#1174 = AXIS2_PLACEMENT_3D ( 'NONE', #5955, #6140, #6000 ) ;
#1175 = EDGE_CURVE ( 'NONE', #7334, #5176, #8514, .T. ) ;
#1176 = MECHANICAL_DESIGN_GEOMETRIC_PRESENTATION_REPRESENTATION (  '', ( #3709 ), #6167 ) ;
#1177 = DIRECTION ( 'NONE',  ( -0.3406351650717792667, 0.8440827718217323028, -0.4141158758490950387 ) ) ;
#1178 =( GEOMETRIC_REPRESENTATION_CONTEXT ( 3 ) GLOBAL_UNCERTAINTY_ASSIGNED_CONTEXT ( ( #5111 ) ) GLOBAL_UNIT_ASSIGNED_CONTEXT ( ( #9597, #5926, #2663 ) ) REPRESENTATION_CONTEXT ( 'NONE', 'WORKASPACE' ) );
#1179 = DIRECTION ( 'NONE',  ( 0.06975647374412553836, 0.000000000000000000, -0.9975640502598243087 ) ) ;
#1180 = FILL_AREA_STYLE_COLOUR ( '', #4218 ) ;
#1181 = AXIS2_PLACEMENT_3D ( 'NONE', #2297, #3698, #7566 ) ;
#1182 = VERTEX_POINT ( 'NONE', #4624 ) ;
#1183 = CARTESIAN_POINT ( 'NONE',  ( -1.836467642440389625, 2.380543033929502172, 1.418148022072553527 ) ) ;
#1184 = PLANE ( 'NONE',  #2526 ) ;
#1185 = PRESENTATION_STYLE_ASSIGNMENT (( #8000 ) ) ;
#1186 = MECHANICAL_DESIGN_GEOMETRIC_PRESENTATION_REPRESENTATION (  '', ( #208 ), #6653 ) ;
#1187 = ORIENTED_EDGE ( 'NONE', *, *, #9049, .F. ) ;
#1188 = VECTOR ( 'NONE', #9873, 999.9999999999998863 ) ;
#1189 = ORIENTED_EDGE ( 'NONE', *, *, #2188, .F. ) ;
#1190 = EDGE_CURVE ( 'NONE', #8793, #3451, #6284, .T. ) ;
#1191 = VERTEX_POINT ( 'NONE', #1732 ) ;
#1192 = FILL_AREA_STYLE_COLOUR ( '', #9362 ) ;
#1193 = FACE_OUTER_BOUND ( 'NONE', #6318, .T. ) ;
#1194 = PRODUCT_DEFINITION_SHAPE ( 'NONE', 'NONE',  #1747 ) ;
#1195 = VECTOR ( 'NONE', #1206, 1000.000000000000000 ) ;
#1196 = PRESENTATION_STYLE_ASSIGNMENT (( #2573 ) ) ;
#1197 = CARTESIAN_POINT ( 'NONE',  ( -1.422915748835865024, 2.426464941424823607, 1.698835676516951443 ) ) ;
#1198 = CARTESIAN_POINT ( 'NONE',  ( 2.102415215385780023, 0.3800000000000000044, 0.8200000000000019496 ) ) ;
#1199 = PRODUCT_DEFINITION_CONTEXT ( 'detailed design', #3550, 'design' ) ;
#1200 = ORIENTED_EDGE ( 'NONE', *, *, #4622, .F. ) ;
#1201 = VECTOR ( 'NONE', #6878, 1000.000000000000000 ) ;
#1202 = CARTESIAN_POINT ( 'NONE',  ( 1.189405335455050006, 0.6350000000000000089, 0.8200000000000009504 ) ) ;
#1203 = VERTEX_POINT ( 'NONE', #88 ) ;
#1204 =( LENGTH_UNIT ( ) NAMED_UNIT ( * ) SI_UNIT ( .MILLI., .METRE. ) );
#1205 = FILL_AREA_STYLE_COLOUR ( '', #6274 ) ;
#1206 = DIRECTION ( 'NONE',  ( 0.000000000000000000, 0.000000000000000000, 1.000000000000000000 ) ) ;
#1207 = VECTOR ( 'NONE', #9398, 1000.000000000000000 ) ;
#1208 = COLOUR_RGB ( '',0.8313725490196077761, 0.8313725490196077761, 0.8313725490196077761 ) ;
#1209 = CARTESIAN_POINT ( 'NONE',  ( 1.833743087720909548, -2.436249167634578772, 0.2427961956862537685 ) ) ;
#1210 = ORIENTED_EDGE ( 'NONE', *, *, #4166, .T. ) ;
#1211 = SURFACE_SIDE_STYLE ('',( #8237 ) ) ;
#1212 = SURFACE_STYLE_USAGE ( .BOTH. , #5729 ) ;
#1213 = SURFACE_STYLE_USAGE ( .BOTH. , #6557 ) ;
#1214 = LINE ( 'NONE', #5824, #473 ) ;
#1215 = DIRECTION ( 'NONE',  ( 1.000000000000000000, -0.000000000000000000, -1.779203565104420086E-16 ) ) ;
#1216 = EDGE_CURVE ( 'NONE', #1921, #7893, #1918, .T. ) ;
#1217 = ORIENTED_EDGE ( 'NONE', *, *, #2906, .F. ) ;
#1218 = CIRCLE ( 'NONE', #6851, 0.07999999999999998779 ) ;
#1219 = SURFACE_SIDE_STYLE ('',( #2098 ) ) ;
#1220 = VERTEX_POINT ( 'NONE', #8626 ) ;
#1221 = DIRECTION ( 'NONE',  ( -0.000000000000000000, -1.000000000000000000, -0.000000000000000000 ) ) ;
#1222 = CARTESIAN_POINT ( 'NONE',  ( -1.928793852439659950, 1.649999999999999911, 0.7114753820237430526 ) ) ;
#1223 = DIRECTION ( 'NONE',  ( 0.000000000000000000, -1.000000000000000000, 0.000000000000000000 ) ) ;
#1224 = ORIENTED_EDGE ( 'NONE', *, *, #2961, .T. ) ;
#1225 = SURFACE_STYLE_FILL_AREA ( #8955 ) ;
#1226 = SURFACE_STYLE_USAGE ( .BOTH. , #8157 ) ;
#1227 = SURFACE_STYLE_FILL_AREA ( #6527 ) ;
#1228 = EDGE_CURVE ( 'NONE', #8816, #4803, #2323, .T. ) ;
#1229 = ORIENTED_EDGE ( 'NONE', *, *, #8022, .T. ) ;
#1230 = ORIENTED_EDGE ( 'NONE', *, *, #4115, .T. ) ;
#1231 = ORIENTED_EDGE ( 'NONE', *, *, #2256, .T. ) ;
#1232 = CARTESIAN_POINT ( 'NONE',  ( 2.458105539086119951, 0.6350000000000000089, 0.3536621499571240279 ) ) ;
#1233 = DIRECTION ( 'NONE',  ( 1.000000000000000000, -0.000000000000000000, -2.846725704167069772E-16 ) ) ;
#1234 = EDGE_CURVE ( 'NONE', #3870, #179, #9360, .T. ) ;
#1235 = VERTEX_POINT ( 'NONE', #3279 ) ;
#1236 =( NAMED_UNIT ( * ) PLANE_ANGLE_UNIT ( ) SI_UNIT ( $, .RADIAN. ) );
#1237 = ORIENTED_EDGE ( 'NONE', *, *, #4533, .T. ) ;
#1238 = DIRECTION ( 'NONE',  ( -0.08452546101099935039, 0.000000000000000000, -0.9964213197442525205 ) ) ;
#1239 = LINE ( 'NONE', #5670, #6675 ) ;
#1240 = STYLED_ITEM ( 'NONE', ( #7054 ), #447 ) ;
#1241 = EDGE_CURVE ( 'NONE', #9476, #8729, #3894, .T. ) ;
#1242 = UNCERTAINTY_MEASURE_WITH_UNIT (LENGTH_MEASURE( 1.000000000000000082E-05 ), #3160, 'distance_accuracy_value', 'NONE');
#1243 = PRESENTATION_STYLE_ASSIGNMENT (( #5057 ) ) ;
#1245 = ORIENTED_EDGE ( 'NONE', *, *, #6663, .T. ) ;
#1244 = MECHANICAL_DESIGN_GEOMETRIC_PRESENTATION_REPRESENTATION (  '', ( #3148 ), #1728 ) ;
#1246 =( NAMED_UNIT ( * ) PLANE_ANGLE_UNIT ( ) SI_UNIT ( $, .RADIAN. ) );
#1247 = CARTESIAN_POINT ( 'NONE',  ( -1.845189659078863009, -2.345189659078865230, 0.1278493596512568775 ) ) ;
#1248 = CARTESIAN_POINT ( 'NONE',  ( 1.845189659078855460, 2.345189659078863453, 1.722150640348745432 ) ) ;
#1249 = CARTESIAN_POINT ( 'NONE',  ( -3.000000000000000000, 0.3800000000000000044, 0.7114753820237430526 ) ) ;
#1250 = CARTESIAN_POINT ( 'NONE',  ( 2.311663692532073711, -0.8900000000000000133, 0.8377503468123129737 ) ) ;
#1251 = MECHANICAL_DESIGN_GEOMETRIC_PRESENTATION_REPRESENTATION (  '', ( #6092 ), #8535 ) ;
#1252 = CARTESIAN_POINT ( 'NONE',  ( -2.361081698735099987, 0.6350000000000000089, 0.2551903184968640215 ) ) ;
#1253 = UNCERTAINTY_MEASURE_WITH_UNIT (LENGTH_MEASURE( 1.000000000000000082E-05 ), #2005, 'distance_accuracy_value', 'NONE');
#1254 = VECTOR ( 'NONE', #1020, 1000.000000000000000 ) ;
#1255 = CARTESIAN_POINT ( 'NONE',  ( 0.2284999999999999809, 0.000000000000000000, 0.1000000000000003109 ) ) ;
#1256 = EDGE_CURVE ( 'NONE', #488, #2398, #4504, .T. ) ;
#1257 = STYLED_ITEM ( 'NONE', ( #6329 ), #9724 ) ;
#1258 = PLANE ( 'NONE',  #351 ) ;
#1259 = ORIENTED_EDGE ( 'NONE', *, *, #1413, .F. ) ;
#1260 = CARTESIAN_POINT ( 'NONE',  ( -1.880153323855736192, 2.380751382880728517, 1.418532311308655425 ) ) ;
#1261 =( LENGTH_UNIT ( ) NAMED_UNIT ( * ) SI_UNIT ( .MILLI., .METRE. ) );
#1262 = DIRECTION ( 'NONE',  ( -0.000000000000000000, -0.000000000000000000, -1.000000000000000000 ) ) ;
#1263 =( GEOMETRIC_REPRESENTATION_CONTEXT ( 3 ) GLOBAL_UNCERTAINTY_ASSIGNED_CONTEXT ( ( #8431 ) ) GLOBAL_UNIT_ASSIGNED_CONTEXT ( ( #3797, #648, #4481 ) ) REPRESENTATION_CONTEXT ( 'NONE', 'WORKASPACE' ) );
#1264 = VERTEX_POINT ( 'NONE', #8471 ) ;
#1265 = AXIS2_PLACEMENT_3D ( 'NONE', #5158, #8243, #4321 ) ;
#1266 = ORIENTED_EDGE ( 'NONE', *, *, #7342, .T. ) ;
#1267 = DIRECTION ( 'NONE',  ( -0.000000000000000000, -1.000000000000000000, -0.000000000000000000 ) ) ;
#1268 = DIRECTION ( 'NONE',  ( 0.000000000000000000, 0.000000000000000000, -1.000000000000000000 ) ) ;
#1269 = EDGE_CURVE ( 'NONE', #9044, #760, #7084, .T. ) ;
#1270 = LINE ( 'NONE', #9653, #681 ) ;
#1271 = DIRECTION ( 'NONE',  ( 0.000000000000000000, 0.000000000000000000, -1.000000000000000000 ) ) ;
#1272 = AXIS2_PLACEMENT_3D ( 'NONE', #3434, #4267, #8975 ) ;
#1273 = DIRECTION ( 'NONE',  ( 0.000000000000000000, 0.000000000000000000, -1.000000000000000000 ) ) ;
#1274 =( NAMED_UNIT ( * ) PLANE_ANGLE_UNIT ( ) SI_UNIT ( $, .RADIAN. ) );
#1275 = UNCERTAINTY_MEASURE_WITH_UNIT (LENGTH_MEASURE( 1.000000000000000082E-05 ), #2120, 'distance_accuracy_value', 'NONE');
#1276 = CARTESIAN_POINT ( 'NONE',  ( 1.928793852439659950, 2.160000000000000142, 0.8200000000000009504 ) ) ;
#1277 = ORIENTED_EDGE ( 'NONE', *, *, #7520, .T. ) ;
#1278 = DIRECTION ( 'NONE',  ( 1.000000000000000000, -0.000000000000000000, -2.846725704167069772E-16 ) ) ;
#1279 = SURFACE_SIDE_STYLE ('',( #2031 ) ) ;
#1280 = EDGE_CURVE ( 'NONE', #4659, #7793, #34, .T. ) ;
#1281 = ORIENTED_EDGE ( 'NONE', *, *, #3088, .F. ) ;
#1282 = ADVANCED_FACE ( 'NONE', ( #2366 ), #7934, .T. ) ;
#1283 = SURFACE_SIDE_STYLE ('',( #4265 ) ) ;
#1284 = AXIS2_PLACEMENT_3D ( 'NONE', #7111, #6312, #7876 ) ;
#1285 = FILL_AREA_STYLE ('',( #3782 ) ) ;
#1286 = CONTEXT_DEPENDENT_SHAPE_REPRESENTATION ( #4081, #5880 ) ;
#1287 = FILL_AREA_STYLE ('',( #6084 ) ) ;
#1288 = FILL_AREA_STYLE ('',( #4578 ) ) ;
#1289 = CARTESIAN_POINT ( 'NONE',  ( 1.876672648650955733, 2.338986644132700299, 0.1663894696302034570 ) ) ;
#1290 = SURFACE_STYLE_FILL_AREA ( #640 ) ;
#1291 = VECTOR ( 'NONE', #4610, 1000.000000000000000 ) ;
#1292 = DIRECTION ( 'NONE',  ( 0.000000000000000000, 0.000000000000000000, 1.000000000000000000 ) ) ;
#1293 =( NAMED_UNIT ( * ) SI_UNIT ( $, .STERADIAN. ) SOLID_ANGLE_UNIT ( ) );
#1294 = VERTEX_POINT ( 'NONE', #3425 ) ;
#1295 = ADVANCED_FACE ( 'NONE', ( #1193 ), #6432, .T. ) ;
#1296 = AXIS2_PLACEMENT_3D ( 'NONE', #2044, #2792, #2884 ) ;
#1297 = CARTESIAN_POINT ( 'NONE',  ( -2.376389666031580195, 2.160000000000000142, 0.07473362777057840356 ) ) ;
#1298 =( NAMED_UNIT ( * ) PLANE_ANGLE_UNIT ( ) SI_UNIT ( $, .RADIAN. ) );
#1299 = CARTESIAN_POINT ( 'NONE',  ( -1.825287670640535875, -2.345189659078865230, 0.1114787795496209460 ) ) ;
#1300 = DIRECTION ( 'NONE',  ( 0.000000000000000000, 0.000000000000000000, 1.000000000000000000 ) ) ;
#1301 =( LENGTH_UNIT ( ) NAMED_UNIT ( * ) SI_UNIT ( .MILLI., .METRE. ) );
#1302 = FACE_OUTER_BOUND ( 'NONE', #8851, .T. ) ;
#1303 = COLOUR_RGB ( '',0.8313725490196077761, 0.8313725490196077761, 0.8313725490196077761 ) ;
#1304 = STYLED_ITEM ( 'NONE', ( #7531 ), #7844 ) ;
#1305 = DIRECTION ( 'NONE',  ( -0.000000000000000000, -1.000000000000000000, 0.000000000000000000 ) ) ;
#1306 = COLOUR_RGB ( '',0.8313725490196077761, 0.8313725490196077761, 0.8313725490196077761 ) ;
#1307 = CARTESIAN_POINT ( 'NONE',  ( 1.876672648650944852, -2.338986644132699855, 1.683610530369796354 ) ) ;
#1308 =( NAMED_UNIT ( * ) PLANE_ANGLE_UNIT ( ) SI_UNIT ( $, .RADIAN. ) );
#1309 = CARTESIAN_POINT ( 'NONE',  ( -2.102415215385780023, -0.3800000000000000044, 0.8200000000000009504 ) ) ;
#1310 =( LENGTH_UNIT ( ) NAMED_UNIT ( * ) SI_UNIT ( .MILLI., .METRE. ) );
#1311 = PRESENTATION_LAYER_ASSIGNMENT (  '', '', ( #678 ) ) ;
#1312 =( NAMED_UNIT ( * ) SI_UNIT ( $, .STERADIAN. ) SOLID_ANGLE_UNIT ( ) );
#1313 = SURFACE_STYLE_USAGE ( .BOTH. , #424 ) ;
#1314 = CARTESIAN_POINT ( 'NONE',  ( -1.916803581098482478, 2.344400359577547999, 1.343020005889903778 ) ) ;
#1315 = CARTESIAN_POINT ( 'NONE',  ( 2.376389666031580195, 1.649999999999999911, 0.07473362777057840356 ) ) ;
#1316 = MECHANICAL_DESIGN_GEOMETRIC_PRESENTATION_REPRESENTATION (  '', ( #7307 ), #6479 ) ;
#1317 = PRESENTATION_STYLE_ASSIGNMENT (( #8051 ) ) ;
#1318 = ORIENTED_EDGE ( 'NONE', *, *, #6097, .F. ) ;
#1319 = MECHANICAL_DESIGN_GEOMETRIC_PRESENTATION_REPRESENTATION (  '', ( #9699 ), #8115 ) ;
#1320 = PRODUCT_DEFINITION ( 'UNKNOWN', '', #1541, #1199 ) ;
#1321 = COLOUR_RGB ( '',0.8313725490196077761, 0.8313725490196077761, 0.8313725490196077761 ) ;
#1322 = ORIENTED_EDGE ( 'NONE', *, *, #5974, .F. ) ;
#1323 = VECTOR ( 'NONE', #371, 1000.000000000000227 ) ;
#1324 = EDGE_LOOP ( 'NONE', ( #8377, #912, #4651, #8972 ) ) ;
#1325 =( NAMED_UNIT ( * ) PLANE_ANGLE_UNIT ( ) SI_UNIT ( $, .RADIAN. ) );
#1326 = CARTESIAN_POINT ( 'NONE',  ( 1.949872071855470068, 2.416878544047198041, 0.8175679999322644775 ) ) ;
#1327 = VERTEX_POINT ( 'NONE', #4256 ) ;
#1328 = SURFACE_STYLE_FILL_AREA ( #9902 ) ;
#1329 = CARTESIAN_POINT ( 'NONE',  ( 1.802292627064890018, 2.302292627064889796, 0.1799999999999999933 ) ) ;
#1330 = FILL_AREA_STYLE_COLOUR ( '', #4905 ) ;
#1331 = CARTESIAN_POINT ( 'NONE',  ( -3.000000000000000000, 0.6350000000000000089, 1.965116437629976787E-16 ) ) ;
#1332 = CARTESIAN_POINT ( 'NONE',  ( 2.005945153285420446, 1.905000000000000027, 0.7150000000000019673 ) ) ;
#1333 = AXIS2_PLACEMENT_3D ( 'NONE', #4824, #1087, #9407 ) ;
#1334 =( NAMED_UNIT ( * ) PLANE_ANGLE_UNIT ( ) SI_UNIT ( $, .RADIAN. ) );
#1335 = VECTOR ( 'NONE', #9786, 1000.000000000000000 ) ;
#1336 = EDGE_CURVE ( 'NONE', #5594, #8861, #2548, .T. ) ;
#1337 = LINE ( 'NONE', #8463, #7644 ) ;
#1338 = EDGE_LOOP ( 'NONE', ( #9753, #3725, #5570, #3261, #3395, #3872, #1724, #3866, #5481, #4447, #925, #8835 ) ) ;
#1339 = PLANE ( 'NONE',  #9526 ) ;
#1340 = MECHANICAL_DESIGN_GEOMETRIC_PRESENTATION_REPRESENTATION (  '', ( #1816 ), #8792 ) ;
#1341 = ORIENTED_EDGE ( 'NONE', *, *, #2371, .F. ) ;
#1342 = EDGE_LOOP ( 'NONE', ( #9138, #2765, #8064, #7298 ) ) ;
#1343 = AXIS2_PLACEMENT_3D ( 'NONE', #4587, #601, #2934 ) ;
#1344 = PRESENTATION_STYLE_ASSIGNMENT (( #4521 ) ) ;
#1345 =( NAMED_UNIT ( * ) SI_UNIT ( $, .STERADIAN. ) SOLID_ANGLE_UNIT ( ) );
#1346 = DIRECTION ( 'NONE',  ( -0.06975647374412553836, 0.000000000000000000, 0.9975640502598243087 ) ) ;
#1347 =( GEOMETRIC_REPRESENTATION_CONTEXT ( 3 ) GLOBAL_UNCERTAINTY_ASSIGNED_CONTEXT ( ( #3670 ) ) GLOBAL_UNIT_ASSIGNED_CONTEXT ( ( #906, #6351, #957 ) ) REPRESENTATION_CONTEXT ( 'NONE', 'WORKASPACE' ) );
#1348 = UNCERTAINTY_MEASURE_WITH_UNIT (LENGTH_MEASURE( 1.000000000000000082E-05 ), #3458, 'distance_accuracy_value', 'NONE');
#1349 = EDGE_CURVE ( 'NONE', #9793, #1767, #1145, .T. ) ;
#1350 = AXIS2_PLACEMENT_3D ( 'NONE', #8627, #3996, #7088 ) ;
#1351 = ORIENTED_EDGE ( 'NONE', *, *, #933, .F. ) ;
#1352 = PRESENTATION_LAYER_ASSIGNMENT (  '', '', ( #5894 ) ) ;
#1353 = LINE ( 'NONE', #1297, #7464 ) ;
#1354 = DIRECTION ( 'NONE',  ( -0.9975640502598241977, 0.000000000000000000, 0.06975647374412685675 ) ) ;
#1355 = SHAPE_REPRESENTATION ( 'ADP7142ARDZ-R7', ( #436, #8488, #9610 ), #8667 ) ;
#1356 = VECTOR ( 'NONE', #567, 1000.000000000000000 ) ;
#1357 = FILL_AREA_STYLE ('',( #8481 ) ) ;
#1358 = CARTESIAN_POINT ( 'NONE',  ( 1.145000000000000240, 1.044999999999999929, 0.3000000000000009881 ) ) ;
#1359 = FILL_AREA_STYLE ('',( #8430 ) ) ;
#1360 = LINE ( 'NONE', #4442, #3489 ) ;
#1361 = ADVANCED_FACE ( 'NONE', ( #478 ), #8872, .T. ) ;
#1362 = AXIS2_PLACEMENT_3D ( 'NONE', #7413, #2286, #5413 ) ;
#1363 =( NAMED_UNIT ( * ) PLANE_ANGLE_UNIT ( ) SI_UNIT ( $, .RADIAN. ) );
#1364 = CIRCLE ( 'NONE', #9895, 0.08000000000000020983 ) ;
#1365 = DIRECTION ( 'NONE',  ( 0.000000000000000000, -0.000000000000000000, -1.000000000000000000 ) ) ;
#1366 = DIRECTION ( 'NONE',  ( 0.000000000000000000, -1.000000000000000000, -0.000000000000000000 ) ) ;
#1367 = LINE ( 'NONE', #4388, #889 ) ;
#1368 = EDGE_LOOP ( 'NONE', ( #462, #2715, #7862, #8108 ) ) ;
#1369 = LINE ( 'NONE', #2102, #7952 ) ;
#1370 = PRESENTATION_LAYER_ASSIGNMENT (  '', '', ( #9587 ) ) ;
#1371 = CARTESIAN_POINT ( 'NONE',  ( -1.912619368012793641, 2.388084850755743282, 1.343049942313205181 ) ) ;
#1372 = AXIS2_PLACEMENT_3D ( 'NONE', #6356, #1110, #2439 ) ;
#1373 =( LENGTH_UNIT ( ) NAMED_UNIT ( * ) SI_UNIT ( .MILLI., .METRE. ) );
#1374 = SURFACE_STYLE_USAGE ( .BOTH. , #5977 ) ;
#1375 = VERTEX_POINT ( 'NONE', #6633 ) ;
#1376 = EDGE_CURVE ( 'NONE', #1191, #6468, #2956, .T. ) ;
#1377 = SURFACE_SIDE_STYLE ('',( #7373 ) ) ;
#1378 = ORIENTED_EDGE ( 'NONE', *, *, #4888, .T. ) ;
#1379 = SURFACE_STYLE_FILL_AREA ( #5235 ) ;
#1380 = CARTESIAN_POINT ( 'NONE',  ( 2.102415215385780023, -2.160000000000000142, 0.8200000000000009504 ) ) ;
#1381 = DIRECTION ( 'NONE',  ( 0.000000000000000000, 1.000000000000000000, 0.000000000000000000 ) ) ;
#1382 = LINE ( 'NONE', #4503, #2874 ) ;
#1383 =( NAMED_UNIT ( * ) PLANE_ANGLE_UNIT ( ) SI_UNIT ( $, .RADIAN. ) );
#1384 = DIRECTION ( 'NONE',  ( 0.000000000000000000, -1.000000000000000000, 0.000000000000000000 ) ) ;
#1385 = DIRECTION ( 'NONE',  ( 0.9945218953682734009, 0.000000000000000000, 0.1045284632676535680 ) ) ;
#1386 = UNCERTAINTY_MEASURE_WITH_UNIT (LENGTH_MEASURE( 1.000000000000000082E-05 ), #3750, 'distance_accuracy_value', 'NONE');
#1387 = DIRECTION ( 'NONE',  ( 0.000000000000000000, 1.000000000000000000, 0.000000000000000000 ) ) ;
#1388 = ORIENTED_EDGE ( 'NONE', *, *, #3787, .T. ) ;
#1389 = DIRECTION ( 'NONE',  ( 0.000000000000000000, 1.000000000000000000, 0.000000000000000000 ) ) ;
#1390 = ORIENTED_EDGE ( 'NONE', *, *, #3492, .F. ) ;
#1391 = DIRECTION ( 'NONE',  ( 0.7413137835818656152, 0.07015517768342456606, 0.6674819288308456722 ) ) ;
#1392 = ORIENTED_EDGE ( 'NONE', *, *, #8069, .F. ) ;
#1393 = SURFACE_SIDE_STYLE ('',( #8418 ) ) ;
#1394 = EDGE_CURVE ( 'NONE', #3578, #1777, #5502, .T. ) ;
#1395 = DIRECTION ( 'NONE',  ( -0.9945218953682731788, 0.000000000000000000, 0.1045284632676538733 ) ) ;
#1396 = CARTESIAN_POINT ( 'NONE',  ( -1.928793852439659950, 1.649999999999999911, 1.030000000000000027 ) ) ;
#1397 = FACE_OUTER_BOUND ( 'NONE', #9334, .T. ) ;
#1398 = PLANE ( 'NONE',  #1174 ) ;
#1399 = DIRECTION ( 'NONE',  ( 0.000000000000000000, 0.000000000000000000, -1.000000000000000000 ) ) ;
#1400 = CARTESIAN_POINT ( 'NONE',  ( 1.825287670640534543, -2.345189659078864786, 0.1114787795496187950 ) ) ;
#1401 = ORIENTED_EDGE ( 'NONE', *, *, #2745, .T. ) ;
#1402 = CARTESIAN_POINT ( 'NONE',  ( 1.845189659078864786, 2.345189659078863453, 0.1278493596512551567 ) ) ;
#1403 = EDGE_CURVE ( 'NONE', #6065, #8161, #2087, .T. ) ;
#1404 = SURFACE_SIDE_STYLE ('',( #9876 ) ) ;
#1405 = LINE ( 'NONE', #1448, #5843 ) ;
#1406 = DIRECTION ( 'NONE',  ( -1.000000000000000000, -0.000000000000000000, -0.000000000000000000 ) ) ;
#1407 = DIRECTION ( 'NONE',  ( 0.9975640502598241977, -0.000000000000000000, 0.06975647374412552448 ) ) ;
#1408 = DIRECTION ( 'NONE',  ( 0.5362129001746797075, -0.5362129001746850365, -0.6518830043593037971 ) ) ;
#1409 = CLOSED_SHELL ( 'NONE', ( #317, #7087, #6447, #8011, #8038, #2743, #190, #2477, #9564, #2128, #5083, #1525, #1414, #5883 ) ) ;
#1410 = CARTESIAN_POINT ( 'NONE',  ( 1.845189659078854572, -2.345189659078863453, 1.722150640348744099 ) ) ;
#1411 =( BOUNDED_CURVE ( )  B_SPLINE_CURVE ( 3, ( #6448, #349, #1748, #1060 ),
 .UNSPECIFIED., .F., .T. ) 
 B_SPLINE_CURVE_WITH_KNOTS ( ( 4, 4 ),
 ( 5.500522448471019565, 7.065848165888217736 ),
 .UNSPECIFIED. ) 
 CURVE ( )  GEOMETRIC_REPRESENTATION_ITEM ( )  RATIONAL_B_SPLINE_CURVE ( ( 1.000000000000000000, 0.8060255240148320732, 0.8060255240148320732, 1.000000000000000000 ) ) 
 REPRESENTATION_ITEM ( '' )  );
#1412 = SURFACE_STYLE_FILL_AREA ( #5223 ) ;
#1413 = EDGE_CURVE ( 'NONE', #749, #1182, #1382, .T. ) ;
#1414 = ADVANCED_FACE ( 'NONE', ( #7584 ), #2812, .F. ) ;
#1415 = SURFACE_STYLE_USAGE ( .BOTH. , #4598 ) ;
#1416 = DIRECTION ( 'NONE',  ( 0.08452546101100746889, 0.000000000000000000, -0.9964213197442519654 ) ) ;
#1417 = FILL_AREA_STYLE_COLOUR ( '', #7246 ) ;
#1418 = VECTOR ( 'NONE', #1015, 1000.000000000000000 ) ;
#1419 = PRESENTATION_STYLE_ASSIGNMENT (( #1374 ) ) ;
#1420 = FACE_OUTER_BOUND ( 'NONE', #6375, .T. ) ;
#1421 = CIRCLE ( 'NONE', #3488, 0.1000000000000000194 ) ;
#1422 = ORIENTED_EDGE ( 'NONE', *, *, #3729, .F. ) ;
#1423 = SURFACE_SIDE_STYLE ('',( #5283 ) ) ;
#1424 = CARTESIAN_POINT ( 'NONE',  ( 2.295355339586480081, 1.905000000000000027, 1.030000000000000027 ) ) ;
#1425 = FILL_AREA_STYLE_COLOUR ( '', #1765 ) ;
#1426 =( LENGTH_UNIT ( ) NAMED_UNIT ( * ) SI_UNIT ( .MILLI., .METRE. ) );
#1427 = CYLINDRICAL_SURFACE ( 'NONE', #4532, 0.1050000000000000655 ) ;
#1428 =( GEOMETRIC_REPRESENTATION_CONTEXT ( 3 ) GLOBAL_UNCERTAINTY_ASSIGNED_CONTEXT ( ( #6540 ) ) GLOBAL_UNIT_ASSIGNED_CONTEXT ( ( #1373, #4450, #8349 ) ) REPRESENTATION_CONTEXT ( 'NONE', 'WORKASPACE' ) );
#1429 = UNCERTAINTY_MEASURE_WITH_UNIT (LENGTH_MEASURE( 1.000000000000000082E-05 ), #8402, 'distance_accuracy_value', 'NONE');
#1430 = VERTEX_POINT ( 'NONE', #8999 ) ;
#1431 = PRESENTATION_STYLE_ASSIGNMENT (( #8363 ) ) ;
#1432 = VERTEX_POINT ( 'NONE', #5238 ) ;
#1433 = CARTESIAN_POINT ( 'NONE',  ( -2.450781109342988540, 2.160000000000000142, 0.2489179246798423339 ) ) ;
#1435 = EDGE_LOOP ( 'NONE', ( #5456, #150, #1790, #4709 ) ) ;
#1434 = MECHANICAL_DESIGN_GEOMETRIC_PRESENTATION_REPRESENTATION (  '', ( #5162 ), #2540 ) ;
#1436 = CARTESIAN_POINT ( 'NONE',  ( 2.102415215385780023, -0.8900000000000000133, 0.8200000000000009504 ) ) ;
#1437 = FILL_AREA_STYLE ('',( #9014 ) ) ;
#1438 = PRESENTATION_STYLE_ASSIGNMENT (( #7657 ) ) ;
#1439 = SURFACE_STYLE_USAGE ( .BOTH. , #8372 ) ;
#1440 = CARTESIAN_POINT ( 'NONE',  ( 0.2284999999999999809, 1.145000000000000018, 0.1000000000000010048 ) ) ;
#1441 = UNCERTAINTY_MEASURE_WITH_UNIT (LENGTH_MEASURE( 1.000000000000000082E-05 ), #8875, 'distance_accuracy_value', 'NONE');
#1442 = EDGE_CURVE ( 'NONE', #3491, #7843, #2069, .T. ) ;
#1443 = CARTESIAN_POINT ( 'NONE',  ( -1.010926527647243001, 2.086456994625200512, 1.749999999999999778 ) ) ;
#1444 = CARTESIAN_POINT ( 'NONE',  ( -1.446119965521904582, 2.332084914963574285, 1.740755605868809841 ) ) ;
#1445 = ORIENTED_EDGE ( 'NONE', *, *, #7191, .F. ) ;
#1446 = CARTESIAN_POINT ( 'NONE',  ( -3.000000000000000000, -1.905000000000000027, 0.2105127985970459970 ) ) ;
#1447 = CIRCLE ( 'NONE', #9831, 0.07999999999999998779 ) ;
#1448 = CARTESIAN_POINT ( 'NONE',  ( 3.000000000000000000, 1.905000000000000027, 0.2105127985970459970 ) ) ;
#1449 = DIRECTION ( 'NONE',  ( 0.1039620511844980000, -0.1039620511844980000, 0.9891328443778539814 ) ) ;
#1450 = AXIS2_PLACEMENT_3D ( 'NONE', #3654, #6021, #9091 ) ;
#1451 = CIRCLE ( 'NONE', #1284, 0.07999999999999952982 ) ;
#1452 = UNCERTAINTY_MEASURE_WITH_UNIT (LENGTH_MEASURE( 1.000000000000000082E-05 ), #3798, 'distance_accuracy_value', 'NONE');
#1453 = EDGE_CURVE ( 'NONE', #4042, #3991, #8317, .T. ) ;
#1454 = DIRECTION ( 'NONE',  ( 0.000000000000000000, -1.000000000000000000, -0.000000000000000000 ) ) ;
#1455 = ORIENTED_EDGE ( 'NONE', *, *, #3143, .F. ) ;
#1456 =( GEOMETRIC_REPRESENTATION_CONTEXT ( 3 ) GLOBAL_UNCERTAINTY_ASSIGNED_CONTEXT ( ( #2575 ) ) GLOBAL_UNIT_ASSIGNED_CONTEXT ( ( #4625, #8567, #9361 ) ) REPRESENTATION_CONTEXT ( 'NONE', 'WORKASPACE' ) );
#1457 = DIRECTION ( 'NONE',  ( -0.000000000000000000, 1.000000000000000000, -0.000000000000000000 ) ) ;
#1458 = CARTESIAN_POINT ( 'NONE',  ( 2.311663692532071934, -1.649999999999999911, 0.8377503468123118635 ) ) ;
#1459 = DIRECTION ( 'NONE',  ( 0.000000000000000000, -1.000000000000000000, -0.000000000000000000 ) ) ;
#1460 = DIRECTION ( 'NONE',  ( 0.000000000000000000, 1.000000000000000000, 0.000000000000000000 ) ) ;
#1461 = MECHANICAL_DESIGN_GEOMETRIC_PRESENTATION_REPRESENTATION (  '', ( #1618 ), #9842 ) ;
#1462 = ORIENTED_EDGE ( 'NONE', *, *, #4475, .F. ) ;
#1463 = EDGE_CURVE ( 'NONE', #6261, #9899, #4512, .T. ) ;
#1464 = DIRECTION ( 'NONE',  ( 0.000000000000000000, 0.000000000000000000, 1.000000000000000000 ) ) ;
#1465 = EDGE_CURVE ( 'NONE', #2714, #987, #7533, .T. ) ;
#1466 = EDGE_LOOP ( 'NONE', ( #9445, #9615, #8364, #2029 ) ) ;
#1467 =( GEOMETRIC_REPRESENTATION_CONTEXT ( 3 ) GLOBAL_UNCERTAINTY_ASSIGNED_CONTEXT ( ( #886 ) ) GLOBAL_UNIT_ASSIGNED_CONTEXT ( ( #2963, #7650, #3450 ) ) REPRESENTATION_CONTEXT ( 'NONE', 'WORKASPACE' ) );
#1468 = VERTEX_POINT ( 'NONE', #3627 ) ;
#1469 = SURFACE_SIDE_STYLE ('',( #2114 ) ) ;
#1470 = AXIS2_PLACEMENT_3D ( 'NONE', #16, #9102, #3053 ) ;
#1471 =( LENGTH_UNIT ( ) NAMED_UNIT ( * ) SI_UNIT ( .MILLI., .METRE. ) );
#1472 = COLOUR_RGB ( '',0.8313725490196077761, 0.8313725490196077761, 0.8313725490196077761 ) ;
#1473 = CARTESIAN_POINT ( 'NONE',  ( 2.110569391858571286, 2.160000000000000142, 0.7238751734061578125 ) ) ;
#1474 = CARTESIAN_POINT ( 'NONE',  ( 2.110569391858569954, 0.8900000000000000133, 0.7238751734061580345 ) ) ;
#1475 = MECHANICAL_DESIGN_GEOMETRIC_PRESENTATION_REPRESENTATION (  '', ( #4720 ), #6013 ) ;
#1476 = UNCERTAINTY_MEASURE_WITH_UNIT (LENGTH_MEASURE( 1.000000000000000082E-05 ), #6200, 'distance_accuracy_value', 'NONE');
#1477 = CARTESIAN_POINT ( 'NONE',  ( -1.836467642440391623, -2.416800500238968308, 1.345812921566374110 ) ) ;
#1478 = EDGE_CURVE ( 'NONE', #3451, #6174, #624, .T. ) ;
#1479 = CARTESIAN_POINT ( 'NONE',  ( -2.005945153285420446, -0.8900000000000000133, 0.7150000000000019673 ) ) ;
#1480 = EDGE_CURVE ( 'NONE', #594, #2080, #6830, .T. ) ;
#1481 = MECHANICAL_DESIGN_GEOMETRIC_PRESENTATION_REPRESENTATION (  '', ( #8617 ), #3384 ) ;
#1482 = VECTOR ( 'NONE', #584, 1000.000000000000000 ) ;
#1483 = ORIENTED_EDGE ( 'NONE', *, *, #9808, .T. ) ;
#1484 = ORIENTED_EDGE ( 'NONE', *, *, #1349, .T. ) ;
#1485 = CARTESIAN_POINT ( 'NONE',  ( 1.802292627064880026, -2.302292627064889796, 1.670000000000000151 ) ) ;
#1486 = ORIENTED_EDGE ( 'NONE', *, *, #6958, .F. ) ;
#1487 = CARTESIAN_POINT ( 'NONE',  ( -1.815360702644579938, -2.315360702644579938, 1.545665566219460052 ) ) ;
#1488 = STYLED_ITEM ( 'NONE', ( #4033 ), #3999 ) ;
#1489 =( NAMED_UNIT ( * ) PLANE_ANGLE_UNIT ( ) SI_UNIT ( $, .RADIAN. ) );
#1490 = CARTESIAN_POINT ( 'NONE',  ( -0.1285000000000000031, -1.401000000000000023, 0.1000000000000010048 ) ) ;
#1491 = STYLED_ITEM ( 'NONE', ( #107 ), #2506 ) ;
#1492 = MECHANICAL_DESIGN_GEOMETRIC_PRESENTATION_REPRESENTATION (  '', ( #1649 ), #5711 ) ;
#1493 = VECTOR ( 'NONE', #9765, 1000.000000000000000 ) ;
#1494 = PRESENTATION_LAYER_ASSIGNMENT (  '', '', ( #6972 ) ) ;
#1495 = PRESENTATION_LAYER_ASSIGNMENT (  '', '', ( #4567 ) ) ;
#1496 = CARTESIAN_POINT ( 'NONE',  ( -1.513228997242768159, 2.309373549556428706, 1.745392322350550085 ) ) ;
#1497 = ORIENTED_EDGE ( 'NONE', *, *, #4973, .F. ) ;
#1498 = LINE ( 'NONE', #1446, #3577 ) ;
#1499 =( LENGTH_UNIT ( ) NAMED_UNIT ( * ) SI_UNIT ( .MILLI., .METRE. ) );
#1500 = CARTESIAN_POINT ( 'NONE',  ( -3.000000000000000444, -0.3799999999999998934, 1.310077625086651109E-16 ) ) ;
#1501 = SURFACE_STYLE_USAGE ( .BOTH. , #5356 ) ;
#1502 =( GEOMETRIC_REPRESENTATION_CONTEXT ( 3 ) GLOBAL_UNCERTAINTY_ASSIGNED_CONTEXT ( ( #7535 ) ) GLOBAL_UNIT_ASSIGNED_CONTEXT ( ( #8547, #9136, #11 ) ) REPRESENTATION_CONTEXT ( 'NONE', 'WORKASPACE' ) );
#1503 = AXIS2_PLACEMENT_3D ( 'NONE', #1845, #1105, #3537 ) ;
#1504 = FILL_AREA_STYLE ('',( #9231 ) ) ;
#1505 = CARTESIAN_POINT ( 'NONE',  ( 0.2285000000000000364, -1.145000000000000018, 0.1000000000000010048 ) ) ;
#1506 = SURFACE_STYLE_USAGE ( .BOTH. , #9883 ) ;
#1507 = COLOUR_RGB ( '',0.8313725490196077761, 0.8313725490196077761, 0.8313725490196077761 ) ;
#1508 = PLANE ( 'NONE',  #5705 ) ;
#1509 = ORIENTED_EDGE ( 'NONE', *, *, #5398, .F. ) ;
#1510 = PRODUCT_DEFINITION_SHAPE ( 'NONE', 'NONE',  #9970 ) ;
#1511 = SURFACE_STYLE_USAGE ( .BOTH. , #3752 ) ;
#1512 =( LENGTH_UNIT ( ) NAMED_UNIT ( * ) SI_UNIT ( .MILLI., .METRE. ) );
#1513 = LINE ( 'NONE', #7677, #8592 ) ;
#1514 = EDGE_CURVE ( 'NONE', #3265, #7066, #5331, .T. ) ;
#1515 = FACE_OUTER_BOUND ( 'NONE', #6082, .T. ) ;
#1516 = SURFACE_STYLE_USAGE ( .BOTH. , #6965 ) ;
#1517 = DIRECTION ( 'NONE',  ( 0.000000000000000000, 0.000000000000000000, 1.000000000000000000 ) ) ;
#1518 = AXIS2_PLACEMENT_3D ( 'NONE', #5555, #25, #3065 ) ;
#1519 = FILL_AREA_STYLE ('',( #9190 ) ) ;
#1520 =( LENGTH_UNIT ( ) NAMED_UNIT ( * ) SI_UNIT ( .MILLI., .METRE. ) );
#1521 = VERTEX_POINT ( 'NONE', #8662 ) ;
#1522 = VERTEX_POINT ( 'NONE', #3156 ) ;
#1523 = FACE_OUTER_BOUND ( 'NONE', #2319, .T. ) ;
#1524 = DIRECTION ( 'NONE',  ( 1.000000000000000000, 0.000000000000000000, 6.608470384673550038E-16 ) ) ;
#1525 = ADVANCED_FACE ( 'NONE', ( #7850 ), #173, .F. ) ;
#1526 = FILL_AREA_STYLE ('',( #1425 ) ) ;
#1527 = DIRECTION ( 'NONE',  ( 0.000000000000000000, -0.000000000000000000, 1.000000000000000000 ) ) ;
#1528 = CARTESIAN_POINT ( 'NONE',  ( -1.912619368012799193, -2.364902454218223316, 1.389299753847270003 ) ) ;
#1529 = UNCERTAINTY_MEASURE_WITH_UNIT (LENGTH_MEASURE( 1.000000000000000082E-05 ), #1471, 'distance_accuracy_value', 'NONE');
#1530 = LINE ( 'NONE', #8619, #1201 ) ;
#1531 = VERTEX_POINT ( 'NONE', #4716 ) ;
#1532 = LINE ( 'NONE', #9945, #4702 ) ;
#1533 = ORIENTED_EDGE ( 'NONE', *, *, #8788, .F. ) ;
#1534 =( NAMED_UNIT ( * ) SI_UNIT ( $, .STERADIAN. ) SOLID_ANGLE_UNIT ( ) );
#1535 = EDGE_LOOP ( 'NONE', ( #4605, #6234, #2724, #8506 ) ) ;
#1536 = DIRECTION ( 'NONE',  ( 0.000000000000000000, 1.000000000000000000, 0.000000000000000000 ) ) ;
#1537 = DIRECTION ( 'NONE',  ( 0.000000000000000000, -1.626303258728256967E-14, -1.000000000000000000 ) ) ;
#1538 = EDGE_CURVE ( 'NONE', #6929, #9633, #1447, .T. ) ;
#1539 =( NAMED_UNIT ( * ) PLANE_ANGLE_UNIT ( ) SI_UNIT ( $, .RADIAN. ) );
#1540 = FILL_AREA_STYLE ('',( #2281 ) ) ;
#1541 = PRODUCT_DEFINITION_FORMATION_WITH_SPECIFIED_SOURCE ( 'ANY', '', #2347, .NOT_KNOWN. ) ;
#1542 = SURFACE_STYLE_FILL_AREA ( #42 ) ;
#1543 = VERTEX_POINT ( 'NONE', #9296 ) ;
#1544 = DIRECTION ( 'NONE',  ( 0.000000000000000000, 0.000000000000000000, -1.000000000000000000 ) ) ;
#1545 = DIRECTION ( 'NONE',  ( -6.640089860198299873E-17, -1.000000000000000000, -0.000000000000000000 ) ) ;
#1546 = EDGE_CURVE ( 'NONE', #7682, #9551, #3215, .T. ) ;
#1547 = ORIENTED_EDGE ( 'NONE', *, *, #9285, .F. ) ;
#1548 = PRESENTATION_STYLE_ASSIGNMENT (( #8482 ) ) ;
#1549 = UNCERTAINTY_MEASURE_WITH_UNIT (LENGTH_MEASURE( 1.000000000000000082E-05 ), #9758, 'distance_accuracy_value', 'NONE');
#1550 = FACE_OUTER_BOUND ( 'NONE', #4179, .T. ) ;
#1551 =( NAMED_UNIT ( * ) SI_UNIT ( $, .STERADIAN. ) SOLID_ANGLE_UNIT ( ) );
#1552 = ORIENTED_EDGE ( 'NONE', *, *, #3116, .T. ) ;
#1553 = FILL_AREA_STYLE_COLOUR ( '', #9557 ) ;
#1554 =( NAMED_UNIT ( * ) PLANE_ANGLE_UNIT ( ) SI_UNIT ( $, .RADIAN. ) );
#1555 = CARTESIAN_POINT ( 'NONE',  ( 2.458105539086119951, -0.3800000000000000044, 0.3536621499571240279 ) ) ;
#1556 =( NAMED_UNIT ( * ) PLANE_ANGLE_UNIT ( ) SI_UNIT ( $, .RADIAN. ) );
#1557 =( NAMED_UNIT ( * ) PLANE_ANGLE_UNIT ( ) SI_UNIT ( $, .RADIAN. ) );
#1558 = VECTOR ( 'NONE', #5216, 1000.000000000000000 ) ;
#1559 = SURFACE_STYLE_FILL_AREA ( #5430 ) ;
#1560 = PLANE ( 'NONE',  #8467 ) ;
#1561 = EDGE_LOOP ( 'NONE', ( #6620, #5935, #2247, #219 ) ) ;
#1562 = EDGE_CURVE ( 'NONE', #7666, #7066, #4781, .T. ) ;
#1563 = ORIENTED_EDGE ( 'NONE', *, *, #9744, .F. ) ;
#1564 = CARTESIAN_POINT ( 'NONE',  ( 1.497079004158460234E-33, 1.145000000000000018, 0.3000000000000009881 ) ) ;
#1565 =( GEOMETRIC_REPRESENTATION_CONTEXT ( 3 ) GLOBAL_UNCERTAINTY_ASSIGNED_CONTEXT ( ( #5911 ) ) GLOBAL_UNIT_ASSIGNED_CONTEXT ( ( #7278, #4187, #8775 ) ) REPRESENTATION_CONTEXT ( 'NONE', 'WORKASPACE' ) );
#1566 = DIRECTION ( 'NONE',  ( -0.000000000000000000, -0.000000000000000000, -1.000000000000000000 ) ) ;
#1567 = ORIENTED_EDGE ( 'NONE', *, *, #6399, .T. ) ;
#1568 =( LENGTH_UNIT ( ) NAMED_UNIT ( * ) SI_UNIT ( .MILLI., .METRE. ) );
#1569 = DIRECTION ( 'NONE',  ( -1.000000000000000000, -0.000000000000000000, -0.000000000000000000 ) ) ;
#1570 = DIRECTION ( 'NONE',  ( 0.000000000000000000, -1.000000000000000000, -0.000000000000000000 ) ) ;
#1571 = UNCERTAINTY_MEASURE_WITH_UNIT (LENGTH_MEASURE( 1.000000000000000082E-05 ), #8021, 'distance_accuracy_value', 'NONE');
#1572 =( NAMED_UNIT ( * ) PLANE_ANGLE_UNIT ( ) SI_UNIT ( $, .RADIAN. ) );
#1573 = FILL_AREA_STYLE_COLOUR ( '', #379 ) ;
#1574 = COLOUR_RGB ( '',0.8313725490196077761, 0.8313725490196077761, 0.8313725490196077761 ) ;
#1575 = DIRECTION ( 'NONE',  ( 0.000000000000000000, 0.000000000000000000, 1.000000000000000000 ) ) ;
#1576 = VERTEX_POINT ( 'NONE', #9342 ) ;
#1577 = EDGE_CURVE ( 'NONE', #1933, #6694, #8501, .T. ) ;
#1578 = SURFACE_STYLE_FILL_AREA ( #1124 ) ;
#1579 = CIRCLE ( 'NONE', #3486, 0.1000000000000000056 ) ;
#1580 = ORIENTED_EDGE ( 'NONE', *, *, #2566, .F. ) ;
#1581 = SURFACE_SIDE_STYLE ('',( #3120 ) ) ;
#1582 = VERTEX_POINT ( 'NONE', #5487 ) ;
#1583 = SURFACE_STYLE_FILL_AREA ( #9071 ) ;
#1584 = CARTESIAN_POINT ( 'NONE',  ( 1.044999999999999929, 1.044999999999999929, 0.1000000000000010048 ) ) ;
#1585 = VECTOR ( 'NONE', #9791, 1000.000000000000000 ) ;
#1586 = PRESENTATION_STYLE_ASSIGNMENT (( #895 ) ) ;
#1587 = COLOUR_RGB ( '',0.8313725490196077761, 0.8313725490196077761, 0.8313725490196077761 ) ;
#1588 = EDGE_CURVE ( 'NONE', #6868, #4125, #3819, .T. ) ;
#1589 = DIRECTION ( 'NONE',  ( 0.000000000000000000, 0.000000000000000000, -1.000000000000000000 ) ) ;
#1590 = COLOUR_RGB ( '',0.2862745098039215508, 0.2862745098039215508, 0.2862745098039215508 ) ;
#1591 = EDGE_CURVE ( 'NONE', #8717, #3779, #3981, .T. ) ;
#1592 = PLANE ( 'NONE',  #9234 ) ;
#1593 = ORIENTED_EDGE ( 'NONE', *, *, #1190, .F. ) ;
#1594 =( NAMED_UNIT ( * ) SI_UNIT ( $, .STERADIAN. ) SOLID_ANGLE_UNIT ( ) );
#1595 = DIRECTION ( 'NONE',  ( 0.08452546101100089082, 0.000000000000000000, -0.9964213197442524095 ) ) ;
#1596 = VERTEX_POINT ( 'NONE', #9938 ) ;
#1597 = SURFACE_SIDE_STYLE ('',( #9472 ) ) ;
#1598 = DIRECTION ( 'NONE',  ( 0.000000000000000000, -0.000000000000000000, 1.000000000000000000 ) ) ;
#1599 = CIRCLE ( 'NONE', #1137, 0.1050000000000000100 ) ;
#1600 = FILL_AREA_STYLE ('',( #7013 ) ) ;
#1601 = AXIS2_PLACEMENT_3D ( 'NONE', #8406, #9451, #4137 ) ;
#1602 = FILL_AREA_STYLE_COLOUR ( '', #7991 ) ;
#1603 = CARTESIAN_POINT ( 'NONE',  ( 1.822058643589066884, -2.219552563675405654, 1.795060924875080843 ) ) ;
#1604 = VERTEX_POINT ( 'NONE', #7735 ) ;
#1605 = CARTESIAN_POINT ( 'NONE',  ( -2.110569391858568622, -0.8900000000000000133, 0.7238751734061575904 ) ) ;
#1606 = CARTESIAN_POINT ( 'NONE',  ( -1.845189659078864564, -2.345189659078863453, 0.1278493596512560726 ) ) ;
#1607 = PRESENTATION_STYLE_ASSIGNMENT (( #65 ) ) ;
#1608 = CARTESIAN_POINT ( 'NONE',  ( -2.167034018033049847, 2.160000000000000142, 0.05824665557634479962 ) ) ;
#1609 = CARTESIAN_POINT ( 'NONE',  ( -1.870218527253805219, -2.449999403068539472, 0.8199943205765131138 ) ) ;
#1610 = VECTOR ( 'NONE', #5389, 1000.000000000000000 ) ;
#1611 = ORIENTED_EDGE ( 'NONE', *, *, #1228, .F. ) ;
#1612 = ORIENTED_EDGE ( 'NONE', *, *, #3208, .F. ) ;
#1613 = FILL_AREA_STYLE_COLOUR ( '', #8148 ) ;
#1614 = FACE_OUTER_BOUND ( 'NONE', #5906, .T. ) ;
#1615 = CARTESIAN_POINT ( 'NONE',  ( -2.151833221588803635, -0.8900000000000000133, 0.2374399716845533859 ) ) ;
#1616 = VECTOR ( 'NONE', #3583, 1000.000000000000000 ) ;
#1617 = ORIENTED_EDGE ( 'NONE', *, *, #6843, .T. ) ;
#1618 = STYLED_ITEM ( 'NONE', ( #4674 ), #7694 ) ;
#1619 = SURFACE_SIDE_STYLE ('',( #3315 ) ) ;
#1620 = PRESENTATION_STYLE_ASSIGNMENT (( #8968 ) ) ;
#1621 = FILL_AREA_STYLE_COLOUR ( '', #514 ) ;
#1622 = SURFACE_SIDE_STYLE ('',( #8558 ) ) ;
#1623 = FACE_OUTER_BOUND ( 'NONE', #2172, .T. ) ;
#1624 = UNCERTAINTY_MEASURE_WITH_UNIT (LENGTH_MEASURE( 1.000000000000000082E-05 ), #5402, 'distance_accuracy_value', 'NONE');
#1625 =( GEOMETRIC_REPRESENTATION_CONTEXT ( 3 ) GLOBAL_UNCERTAINTY_ASSIGNED_CONTEXT ( ( #8333 ) ) GLOBAL_UNIT_ASSIGNED_CONTEXT ( ( #6621, #8253, #2105 ) ) REPRESENTATION_CONTEXT ( 'NONE', 'WORKASPACE' ) );
#1626 = LINE ( 'NONE', #9302, #2145 ) ;
#1627 =( GEOMETRIC_REPRESENTATION_CONTEXT ( 3 ) GLOBAL_UNCERTAINTY_ASSIGNED_CONTEXT ( ( #3883 ) ) GLOBAL_UNIT_ASSIGNED_CONTEXT ( ( #7234, #3589, #442 ) ) REPRESENTATION_CONTEXT ( 'NONE', 'WORKASPACE' ) );
#1628 = ORIENTED_EDGE ( 'NONE', *, *, #6780, .F. ) ;
#1629 = STYLED_ITEM ( 'NONE', ( #4609 ), #7815 ) ;
#1630 =( GEOMETRIC_REPRESENTATION_CONTEXT ( 3 ) GLOBAL_UNCERTAINTY_ASSIGNED_CONTEXT ( ( #1624 ) ) GLOBAL_UNIT_ASSIGNED_CONTEXT ( ( #5402, #832, #1534 ) ) REPRESENTATION_CONTEXT ( 'NONE', 'WORKASPACE' ) );
#1631 = ORIENTED_EDGE ( 'NONE', *, *, #7519, .T. ) ;
#1632 = CARTESIAN_POINT ( 'NONE',  ( -3.000000000000000000, 1.905000000000000027, 0.2105127985970459970 ) ) ;
#1633 = AXIS2_PLACEMENT_3D ( 'NONE', #7534, #2958, #6076 ) ;
#1634 = CARTESIAN_POINT ( 'NONE',  ( 1.949999403068537918, 2.370218527253803664, 0.8199943205765112264 ) ) ;
#1635 = CARTESIAN_POINT ( 'NONE',  ( 2.376389666031580195, -1.905000000000000027, 0.07473362777057840356 ) ) ;
#1636 = EDGE_CURVE ( 'NONE', #488, #297, #3937, .T. ) ;
#1637 = MECHANICAL_DESIGN_GEOMETRIC_PRESENTATION_REPRESENTATION (  '', ( #6022 ), #6953 ) ;
#1638 = VECTOR ( 'NONE', #9492, 1000.000000000000000 ) ;
#1639 = UNCERTAINTY_MEASURE_WITH_UNIT (LENGTH_MEASURE( 1.000000000000000082E-05 ), #8566, 'distance_accuracy_value', 'NONE');
#1640 = VECTOR ( 'NONE', #8309, 1000.000000000000000 ) ;
#1641 = CARTESIAN_POINT ( 'NONE',  ( -1.876672648650955511, -2.338986644132700299, 0.1663894696302022358 ) ) ;
#1642 = MECHANICAL_DESIGN_GEOMETRIC_PRESENTATION_REPRESENTATION (  '', ( #9544 ), #2267 ) ;
#1643 = ORIENTED_EDGE ( 'NONE', *, *, #8883, .F. ) ;
#1644 =( GEOMETRIC_REPRESENTATION_CONTEXT ( 3 ) GLOBAL_UNCERTAINTY_ASSIGNED_CONTEXT ( ( #5287 ) ) GLOBAL_UNIT_ASSIGNED_CONTEXT ( ( #5026, #4183, #3456 ) ) REPRESENTATION_CONTEXT ( 'NONE', 'WORKASPACE' ) );
#1645 = CIRCLE ( 'NONE', #7135, 0.07999999999999962697 ) ;
#1646 =( NAMED_UNIT ( * ) SI_UNIT ( $, .STERADIAN. ) SOLID_ANGLE_UNIT ( ) );
#1647 =( NAMED_UNIT ( * ) PLANE_ANGLE_UNIT ( ) SI_UNIT ( $, .RADIAN. ) );
#1648 = EDGE_CURVE ( 'NONE', #7192, #7785, #2239, .T. ) ;
#1649 = STYLED_ITEM ( 'NONE', ( #8723 ), #1996 ) ;
#1650 = FACE_OUTER_BOUND ( 'NONE', #1435, .T. ) ;
#1651 = UNCERTAINTY_MEASURE_WITH_UNIT (LENGTH_MEASURE( 1.000000000000000082E-05 ), #7405, 'distance_accuracy_value', 'NONE');
#1652 = FACE_OUTER_BOUND ( 'NONE', #9211, .T. ) ;
#1653 = COLOUR_RGB ( '',0.2862745098039215508, 0.2862745098039215508, 0.2862745098039215508 ) ;
#1654 =( GEOMETRIC_REPRESENTATION_CONTEXT ( 3 ) GLOBAL_UNCERTAINTY_ASSIGNED_CONTEXT ( ( #6380 ) ) GLOBAL_UNIT_ASSIGNED_CONTEXT ( ( #5267, #9083, #702 ) ) REPRESENTATION_CONTEXT ( 'NONE', 'WORKASPACE' ) );
#1655 = CARTESIAN_POINT ( 'NONE',  ( -0.1285000000000000031, -1.401000000000000023, 0.1000000000000010048 ) ) ;
#1656 = PRESENTATION_STYLE_ASSIGNMENT (( #707 ) ) ;
#1657 = ORIENTED_EDGE ( 'NONE', *, *, #5706, .F. ) ;
#1658 = FILL_AREA_STYLE ('',( #61 ) ) ;
#1659 = LINE ( 'NONE', #965, #5143 ) ;
#1660 = VECTOR ( 'NONE', #1238, 1000.000000000000227 ) ;
#1661 = AXIS2_PLACEMENT_3D ( 'NONE', #4455, #2811, #7485 ) ;
#1662 = FILL_AREA_STYLE ('',( #6216 ) ) ;
#1663 = ADVANCED_FACE ( 'NONE', ( #19 ), #2354, .T. ) ;
#1664 = EDGE_CURVE ( 'NONE', #5151, #8832, #9599, .T. ) ;
#1665 = CARTESIAN_POINT ( 'NONE',  ( -1.189405335455050006, 0.6350000000000000089, 1.030000000000000027 ) ) ;
#1666 = LINE ( 'NONE', #9188, #6410 ) ;
#1667 = ORIENTED_EDGE ( 'NONE', *, *, #5504, .T. ) ;
#1668 = DIRECTION ( 'NONE',  ( 0.000000000000000000, 0.000000000000000000, 1.000000000000000000 ) ) ;
#1669 =( GEOMETRIC_REPRESENTATION_CONTEXT ( 3 ) GLOBAL_UNCERTAINTY_ASSIGNED_CONTEXT ( ( #1683 ) ) GLOBAL_UNIT_ASSIGNED_CONTEXT ( ( #7515, #6710, #5268 ) ) REPRESENTATION_CONTEXT ( 'NONE', 'WORKASPACE' ) );
#1670 = CARTESIAN_POINT ( 'NONE',  ( -1.492920983025413095, -2.338417127732530965, 1.737113932095116331 ) ) ;
#1671 = VECTOR ( 'NONE', #1849, 1000.000000000000000 ) ;
#1672 = ORIENTED_EDGE ( 'NONE', *, *, #2632, .T. ) ;
#1673 = ORIENTED_EDGE ( 'NONE', *, *, #9683, .T. ) ;
#1674 = LINE ( 'NONE', #4816, #1676 ) ;
#1675 = FILL_AREA_STYLE ('',( #4817 ) ) ;
#1676 = VECTOR ( 'NONE', #8498, 1000.000000000000000 ) ;
#1677 = ORIENTED_EDGE ( 'NONE', *, *, #9128, .T. ) ;
#1678 = CARTESIAN_POINT ( 'NONE',  ( -2.110569391858569954, -0.3800000000000000044, 0.7238751734061580345 ) ) ;
#1679 = COLOUR_RGB ( '',0.8313725490196077761, 0.8313725490196077761, 0.8313725490196077761 ) ;
#1680 = EDGE_CURVE ( 'NONE', #2674, #7636, #5646, .T. ) ;
#1681 = SURFACE_STYLE_FILL_AREA ( #5550 ) ;
#1682 = FILL_AREA_STYLE_COLOUR ( '', #5853 ) ;
#1683 = UNCERTAINTY_MEASURE_WITH_UNIT (LENGTH_MEASURE( 1.000000000000000082E-05 ), #7515, 'distance_accuracy_value', 'NONE');
#1684 = CARTESIAN_POINT ( 'NONE',  ( -1.880153323855740854, -2.380751382880738731, 1.418532311308642990 ) ) ;
#1685 = PRESENTATION_STYLE_ASSIGNMENT (( #7743 ) ) ;
#1686 = VECTOR ( 'NONE', #3356, 1000.000000000000000 ) ;
#1687 = ORIENTED_EDGE ( 'NONE', *, *, #2083, .F. ) ;
#1688 = ORIENTED_EDGE ( 'NONE', *, *, #9682, .T. ) ;
#1689 = DIRECTION ( 'NONE',  ( 0.000000000000000000, 0.000000000000000000, 1.000000000000000000 ) ) ;
#1690 = DIRECTION ( 'NONE',  ( -0.000000000000000000, -0.000000000000000000, -1.000000000000000000 ) ) ;
#1691 = CARTESIAN_POINT ( 'NONE',  ( -1.870000000000000107, -2.370000000000000107, 0.5125000000000010658 ) ) ;
#1692 =( GEOMETRIC_REPRESENTATION_CONTEXT ( 3 ) GLOBAL_UNCERTAINTY_ASSIGNED_CONTEXT ( ( #8460 ) ) GLOBAL_UNIT_ASSIGNED_CONTEXT ( ( #1204, #8223, #6646 ) ) REPRESENTATION_CONTEXT ( 'NONE', 'WORKASPACE' ) );
#1693 = STYLED_ITEM ( 'NONE', ( #3077 ), #5707 ) ;
#1694 = LINE ( 'NONE', #3328, #8640 ) ;
#1695 = FACE_OUTER_BOUND ( 'NONE', #1717, .T. ) ;
#1696 = ORIENTED_EDGE ( 'NONE', *, *, #2643, .T. ) ;
#1697 = PRESENTATION_STYLE_ASSIGNMENT (( #7196 ) ) ;
#1698 =( NAMED_UNIT ( * ) PLANE_ANGLE_UNIT ( ) SI_UNIT ( $, .RADIAN. ) );
#1699 = PRESENTATION_STYLE_ASSIGNMENT (( #6943 ) ) ;
#1700 =( NAMED_UNIT ( * ) PLANE_ANGLE_UNIT ( ) SI_UNIT ( $, .RADIAN. ) );
#1701 =( LENGTH_UNIT ( ) NAMED_UNIT ( * ) SI_UNIT ( .MILLI., .METRE. ) );
#1702 = SURFACE_STYLE_FILL_AREA ( #7767 ) ;
#1703 = CARTESIAN_POINT ( 'NONE',  ( 1.834544767865788018, -2.256608784186041827, 0.06397602445712993746 ) ) ;
#1704 = FACE_OUTER_BOUND ( 'NONE', #1998, .T. ) ;
#1705 = EDGE_CURVE ( 'NONE', #7264, #5077, #6376, .T. ) ;
#1706 = ORIENTED_EDGE ( 'NONE', *, *, #6664, .F. ) ;
#1707 =( LENGTH_UNIT ( ) NAMED_UNIT ( * ) SI_UNIT ( .MILLI., .METRE. ) );
#1708 = CARTESIAN_POINT ( 'NONE',  ( 1.804822797260249967, 2.304822797260260181, 1.645927038630049966 ) ) ;
#1709 = FACE_OUTER_BOUND ( 'NONE', #4787, .T. ) ;
#1710 = DIRECTION ( 'NONE',  ( -0.08452546101100746889, 0.000000000000000000, -0.9964213197442519654 ) ) ;
#1711 = CARTESIAN_POINT ( 'NONE',  ( 1.189405335455050006, -0.3799999999999999489, 0.8200000000000009504 ) ) ;
#1712 =( NAMED_UNIT ( * ) SI_UNIT ( $, .STERADIAN. ) SOLID_ANGLE_UNIT ( ) );
#1713 = DIRECTION ( 'NONE',  ( 0.1039620511844980000, -0.1039620511844980000, 0.9891328443778539814 ) ) ;
#1714 = CARTESIAN_POINT ( 'NONE',  ( 2.005945153285420446, 1.905000000000000027, 0.8200000000000020606 ) ) ;
#1715 = PRESENTATION_STYLE_ASSIGNMENT (( #9246 ) ) ;
#1716 = CARTESIAN_POINT ( 'NONE',  ( 1.802292627064879582, -2.302292627064889796, 1.669999999999999263 ) ) ;
#1717 = EDGE_LOOP ( 'NONE', ( #7327, #1860, #5727, #9253 ) ) ;
#1718 = EDGE_CURVE ( 'NONE', #5673, #7693, #4136, .T. ) ;
#1719 = ADVANCED_FACE ( 'NONE', ( #9497 ), #5624, .T. ) ;
#1720 = ORIENTED_EDGE ( 'NONE', *, *, #4954, .F. ) ;
#1721 =( NAMED_UNIT ( * ) SI_UNIT ( $, .STERADIAN. ) SOLID_ANGLE_UNIT ( ) );
#1722 =( NAMED_UNIT ( * ) PLANE_ANGLE_UNIT ( ) SI_UNIT ( $, .RADIAN. ) );
#1723 = LINE ( 'NONE', #4819, #9388 ) ;
#1724 = ORIENTED_EDGE ( 'NONE', *, *, #2140, .T. ) ;
#1725 = FACE_OUTER_BOUND ( 'NONE', #2803, .T. ) ;
#1726 = UNCERTAINTY_MEASURE_WITH_UNIT (LENGTH_MEASURE( 1.000000000000000082E-05 ), #7324, 'distance_accuracy_value', 'NONE');
#1727 = ORIENTED_EDGE ( 'NONE', *, *, #5147, .F. ) ;
#1728 =( GEOMETRIC_REPRESENTATION_CONTEXT ( 3 ) GLOBAL_UNCERTAINTY_ASSIGNED_CONTEXT ( ( #1242 ) ) GLOBAL_UNIT_ASSIGNED_CONTEXT ( ( #3160, #9256, #6379 ) ) REPRESENTATION_CONTEXT ( 'NONE', 'WORKASPACE' ) );
#1729 = CLOSED_SHELL ( 'NONE', ( #7205, #8839, #8699, #6189, #3650, #1663, #4856, #4298, #7911, #9119, #6637, #5619, #6282, #8415, #5110, #9248, #6306, #7282, #1282, #6814, #8149, #8164, #2799, #7316, #7392, #8099, #4366, #4126, #1094, #3998, #1061, #3999, #6512, #3929, #1719, #5638, #4440, #8511, #3250, #8798, #2019, #5005, #2365, #6976, #3542, #1048, #1074, #2633, #9475, #7549, #3730, #1882, #2294, #576, #6292, #5707, #1872, #8935, #4628, #7478, #9181, #3402, #5166, #8833, #846, #331, #8226, #651, #3427, #1935, #9838, #8749, #8459, #2506, #9489, #9553, #909, #8894 ) ) ;
#1730 = VERTEX_POINT ( 'NONE', #8346 ) ;
#1731 =( BOUNDED_CURVE ( )  B_SPLINE_CURVE ( 3, ( #6123, #9197, #9448, #6470 ),
 .UNSPECIFIED., .F., .F. ) 
 B_SPLINE_CURVE_WITH_KNOTS ( ( 4, 4 ),
 ( 5.500522448470954728, 7.065848165888152899 ),
 .UNSPECIFIED. ) 
 CURVE ( )  GEOMETRIC_REPRESENTATION_ITEM ( )  RATIONAL_B_SPLINE_CURVE ( ( 1.000000000000000000, 0.8060255240148320732, 0.8060255240148320732, 1.000000000000000000 ) ) 
 REPRESENTATION_ITEM ( '' )  );
#1732 = CARTESIAN_POINT ( 'NONE',  ( 3.000000000000000444, -0.3799999999999999489, 0.2105127985970459692 ) ) ;
#1733 = CARTESIAN_POINT ( 'NONE',  ( 1.802292627064890018, -2.337529200819810082, 0.1081781100916017480 ) ) ;
#1734 = DIRECTION ( 'NONE',  ( 0.000000000000000000, 1.000000000000000000, -0.000000000000000000 ) ) ;
#1735 = MECHANICAL_DESIGN_GEOMETRIC_PRESENTATION_REPRESENTATION (  '', ( #7376 ), #3483 ) ;
#1736 = CARTESIAN_POINT ( 'NONE',  ( -2.361081698735099987, 1.649999999999999911, 0.2551903184968640215 ) ) ;
#1737 = LINE ( 'NONE', #4836, #4530 ) ;
#1738 = ORIENTED_EDGE ( 'NONE', *, *, #8165, .F. ) ;
#1739 = STYLED_ITEM ( 'NONE', ( #9299 ), #9614 ) ;
#1740 = MECHANICAL_DESIGN_GEOMETRIC_PRESENTATION_REPRESENTATION (  '', ( #306 ), #2037 ) ;
#1741 = SURFACE_SIDE_STYLE ('',( #4796 ) ) ;
#1742 = DIRECTION ( 'NONE',  ( -0.000000000000000000, -1.000000000000000000, -0.000000000000000000 ) ) ;
#1743 = DIRECTION ( 'NONE',  ( 0.000000000000000000, 1.000000000000000000, 0.000000000000000000 ) ) ;
#1744 = SURFACE_STYLE_FILL_AREA ( #7052 ) ;
#1745 = MECHANICAL_DESIGN_GEOMETRIC_PRESENTATION_REPRESENTATION (  '', ( #6907 ), #6596 ) ;
#1746 = SURFACE_STYLE_FILL_AREA ( #9474 ) ;
#1747 = PRODUCT_DEFINITION ( 'UNKNOWN', '', #3780, #8742 ) ;
#1748 = CARTESIAN_POINT ( 'NONE',  ( 1.949872071855468514, -2.416878544047198041, 1.032432000067768918 ) ) ;
#1749 = VECTOR ( 'NONE', #2217, 1000.000000000000000 ) ;
#1750 = EDGE_LOOP ( 'NONE', ( #7421, #2916, #9053, #6429, #2726, #2504 ) ) ;
#1751 = PLANE ( 'NONE',  #9872 ) ;
#1752 = DIRECTION ( 'NONE',  ( 0.000000000000000000, 0.000000000000000000, -1.000000000000000000 ) ) ;
#1753 = COLOUR_RGB ( '',0.8313725490196077761, 0.8313725490196077761, 0.8313725490196077761 ) ;
#1754 = SURFACE_SIDE_STYLE ('',( #5531 ) ) ;
#1755 = CARTESIAN_POINT ( 'NONE',  ( -3.000000000000000000, -0.8900000000000000133, 0.000000000000000000 ) ) ;
#1756 = FILL_AREA_STYLE_COLOUR ( '', #8003 ) ;
#1757 = LINE ( 'NONE', #5677, #1254 ) ;
#1758 = PRESENTATION_STYLE_ASSIGNMENT (( #5018 ) ) ;
#1759 = ADVANCED_FACE ( 'NONE', ( #6023 ), #2198, .T. ) ;
#1760 = ORIENTED_EDGE ( 'NONE', *, *, #621, .T. ) ;
#1761 = DIRECTION ( 'NONE',  ( 0.9945218953682732899, 0.000000000000000000, 0.1045284632676540398 ) ) ;
#1762 = DIRECTION ( 'NONE',  ( 0.3406351650717829860, -0.8440827718217319697, -0.4141158758490929848 ) ) ;
#1763 = DIRECTION ( 'NONE',  ( -1.000000000000000000, 0.000000000000000000, 1.779203565104420086E-16 ) ) ;
#1764 = ORIENTED_EDGE ( 'NONE', *, *, #8348, .F. ) ;
#1765 = COLOUR_RGB ( '',0.8313725490196077761, 0.8313725490196077761, 0.8313725490196077761 ) ;
#1766 = LINE ( 'NONE', #3052, #4250 ) ;
#1767 = VERTEX_POINT ( 'NONE', #5170 ) ;
#1768 =( NAMED_UNIT ( * ) PLANE_ANGLE_UNIT ( ) SI_UNIT ( $, .RADIAN. ) );
#1769 = CYLINDRICAL_SURFACE ( 'NONE', #5857, 0.1050000000000000655 ) ;
#1770 = CARTESIAN_POINT ( 'NONE',  ( -1.778333972310207844, 2.327900865654993989, 0.1080958903910350932 ) ) ;
#1771 = VECTOR ( 'NONE', #4185, 999.9999999999998863 ) ;
#1772 = PRESENTATION_STYLE_ASSIGNMENT (( #2560 ) ) ;
#1773 = EDGE_CURVE ( 'NONE', #6046, #1025, #5227, .T. ) ;
#1774 = EDGE_CURVE ( 'NONE', #517, #8161, #2056, .T. ) ;
#1775 = PLANE ( 'NONE',  #7211 ) ;
#1776 =( LENGTH_UNIT ( ) NAMED_UNIT ( * ) SI_UNIT ( .MILLI., .METRE. ) );
#1777 = VERTEX_POINT ( 'NONE', #5973 ) ;
#1778 = COLOUR_RGB ( '',0.2862745098039215508, 0.2862745098039215508, 0.2862745098039215508 ) ;
#1779 = ORIENTED_EDGE ( 'NONE', *, *, #446, .T. ) ;
#1780 =( LENGTH_UNIT ( ) NAMED_UNIT ( * ) SI_UNIT ( .MILLI., .METRE. ) );
#1781 =( GEOMETRIC_REPRESENTATION_CONTEXT ( 3 ) GLOBAL_UNCERTAINTY_ASSIGNED_CONTEXT ( ( #6208 ) ) GLOBAL_UNIT_ASSIGNED_CONTEXT ( ( #3968, #8895, #3347 ) ) REPRESENTATION_CONTEXT ( 'NONE', 'WORKASPACE' ) );
#1782 = CARTESIAN_POINT ( 'NONE',  ( 1.845189659078855460, 2.345189659078863453, 1.722150640348745654 ) ) ;
#1783 = SURFACE_SIDE_STYLE ('',( #2519 ) ) ;
#1784 =( LENGTH_UNIT ( ) NAMED_UNIT ( * ) SI_UNIT ( .MILLI., .METRE. ) );
#1785 = ADVANCED_FACE ( 'NONE', ( #8156 ), #2757, .T. ) ;
#1786 = EDGE_CURVE ( 'NONE', #8867, #5699, #6311, .T. ) ;
#1787 = COLOUR_RGB ( '',0.8313725490196077761, 0.8313725490196077761, 0.8313725490196077761 ) ;
#1788 = PRESENTATION_LAYER_ASSIGNMENT (  '', '', ( #1304 ) ) ;
#1789 = PRESENTATION_LAYER_ASSIGNMENT (  '', '', ( #9043 ) ) ;
#1790 = ORIENTED_EDGE ( 'NONE', *, *, #2729, .F. ) ;
#1791 = DIRECTION ( 'NONE',  ( -0.000000000000000000, -1.000000000000000000, -0.000000000000000000 ) ) ;
#1792 = DIRECTION ( 'NONE',  ( -1.000000000000000000, 0.000000000000000000, 0.000000000000000000 ) ) ;
#1793 = VERTEX_POINT ( 'NONE', #4765 ) ;
#1794 = DIRECTION ( 'NONE',  ( 0.000000000000000000, 1.000000000000000000, 0.000000000000000000 ) ) ;
#1795 = LINE ( 'NONE', #8267, #1616 ) ;
#1796 = CARTESIAN_POINT ( 'NONE',  ( -1.870000000000000107, 2.370000000000000107, 0.5125000000000010658 ) ) ;
#1797 = AXIS2_PLACEMENT_3D ( 'NONE', #5847, #5177, #4340 ) ;
#1798 = LINE ( 'NONE', #4428, #3738 ) ;
#1799 = DIRECTION ( 'NONE',  ( 0.000000000000000000, 0.000000000000000000, -1.000000000000000000 ) ) ;
#1800 = CARTESIAN_POINT ( 'NONE',  ( 2.102415215385780023, -1.649999999999999911, 1.030000000000000471 ) ) ;
#1801 = STYLED_ITEM ( 'NONE', ( #9433 ), #6282 ) ;
#1802 = COLOUR_RGB ( '',0.8313725490196077761, 0.8313725490196077761, 0.8313725490196077761 ) ;
#1803 = MECHANICAL_DESIGN_GEOMETRIC_PRESENTATION_REPRESENTATION (  '', ( #2424 ), #9224 ) ;
#1804 = CARTESIAN_POINT ( 'NONE',  ( -0.1285000000000000309, -1.501000000000000112, 0.1000000000000010048 ) ) ;
#1805 = ORIENTED_EDGE ( 'NONE', *, *, #2860, .F. ) ;
#1806 = DIRECTION ( 'NONE',  ( 0.000000000000000000, -1.000000000000000000, 0.000000000000000000 ) ) ;
#1807 = DIRECTION ( 'NONE',  ( 0.000000000000000000, 1.000000000000000000, 0.000000000000000000 ) ) ;
#1808 = CARTESIAN_POINT ( 'NONE',  ( -1.845189659078863675, -2.345189659078863897, 0.1278493596512556008 ) ) ;
#1809 = COLOUR_RGB ( '',0.8313725490196077761, 0.8313725490196077761, 0.8313725490196077761 ) ;
#1810 = PRESENTATION_STYLE_ASSIGNMENT (( #5585 ) ) ;
#1811 = SURFACE_SIDE_STYLE ('',( #9479 ) ) ;
#1812 = COLOUR_RGB ( '',0.8313725490196077761, 0.8313725490196077761, 0.8313725490196077761 ) ;
#1813 = DIRECTION ( 'NONE',  ( 0.9975640502598241977, -0.000000000000000000, 0.06975647374412552448 ) ) ;
#1814 = SURFACE_SIDE_STYLE ('',( #1859 ) ) ;
#1815 = EDGE_LOOP ( 'NONE', ( #9244, #2766, #5508, #6532 ) ) ;
#1816 = STYLED_ITEM ( 'NONE', ( #3203 ), #6877 ) ;
#1817 = DIRECTION ( 'NONE',  ( 0.000000000000000000, 0.000000000000000000, -1.000000000000000000 ) ) ;
#1818 = VERTEX_POINT ( 'NONE', #7021 ) ;
#1819 =( GEOMETRIC_REPRESENTATION_CONTEXT ( 3 ) GLOBAL_UNCERTAINTY_ASSIGNED_CONTEXT ( ( #4039 ) ) GLOBAL_UNIT_ASSIGNED_CONTEXT ( ( #6895, #2143, #6800 ) ) REPRESENTATION_CONTEXT ( 'NONE', 'WORKASPACE' ) );
#1820 = VERTEX_POINT ( 'NONE', #3142 ) ;
#1821 = PRESENTATION_STYLE_ASSIGNMENT (( #8766 ) ) ;
#1822 = ADVANCED_FACE ( 'NONE', ( #3755 ), #4645, .T. ) ;
#1823 = CARTESIAN_POINT ( 'NONE',  ( -1.010926527647242779, 2.003375877454627751, 1.749999999999999778 ) ) ;
#1824 = FILL_AREA_STYLE_COLOUR ( '', #8119 ) ;
#1825 = EDGE_LOOP ( 'NONE', ( #7540, #5859, #8796, #3129 ) ) ;
#1826 =( LENGTH_UNIT ( ) NAMED_UNIT ( * ) SI_UNIT ( .MILLI., .METRE. ) );
#1827 = CARTESIAN_POINT ( 'NONE',  ( -1.822058643589077320, 2.219552563675407875, 0.05493907512492005735 ) ) ;
#1828 =( GEOMETRIC_REPRESENTATION_CONTEXT ( 3 ) GLOBAL_UNCERTAINTY_ASSIGNED_CONTEXT ( ( #3062 ) ) GLOBAL_UNIT_ASSIGNED_CONTEXT ( ( #7159, #5516, #143 ) ) REPRESENTATION_CONTEXT ( 'NONE', 'WORKASPACE' ) );
#1829 = SURFACE_STYLE_USAGE ( .BOTH. , #4939 ) ;
#1830 = ORIENTED_EDGE ( 'NONE', *, *, #9452, .T. ) ;
#1831 = PRESENTATION_LAYER_ASSIGNMENT (  '', '', ( #3419 ) ) ;
#1832 = EDGE_LOOP ( 'NONE', ( #3308, #7422, #5486, #5979 ) ) ;
#1833 = CARTESIAN_POINT ( 'NONE',  ( -0.1285000000000000309, -1.501000000000000112, 0.3000000000000009881 ) ) ;
#1834 = EDGE_CURVE ( 'NONE', #4466, #5194, #867, .T. ) ;
#1835 = VECTOR ( 'NONE', #3989, 1000.000000000000000 ) ;
#1836 = FACE_OUTER_BOUND ( 'NONE', #921, .T. ) ;
#1837 = DIRECTION ( 'NONE',  ( 0.000000000000000000, 1.000000000000000000, 0.000000000000000000 ) ) ;
#1838 = CARTESIAN_POINT ( 'NONE',  ( 1.387778780781450113E-16, 1.500999999999999890, 0.3000000000000009881 ) ) ;
#1839 = VERTEX_POINT ( 'NONE', #9925 ) ;
#1840 = LINE ( 'NONE', #7962, #4952 ) ;
#1841 = EDGE_CURVE ( 'NONE', #6827, #2998, #3707, .T. ) ;
#1842 = ORIENTED_EDGE ( 'NONE', *, *, #8348, .T. ) ;
#1843 = PRESENTATION_STYLE_ASSIGNMENT (( #5717 ) ) ;
#1844 = DIRECTION ( 'NONE',  ( 0.000000000000000000, 0.000000000000000000, 1.000000000000000000 ) ) ;
#1845 = CARTESIAN_POINT ( 'NONE',  ( 2.005945153285420446, -1.905000000000000027, 0.7150000000000019673 ) ) ;
#1846 = DIRECTION ( 'NONE',  ( 0.08452546101100746889, 0.000000000000000000, -0.9964213197442519654 ) ) ;
#1847 = DIRECTION ( 'NONE',  ( 0.000000000000000000, 0.000000000000000000, -1.000000000000000000 ) ) ;
#1848 = CYLINDRICAL_SURFACE ( 'NONE', #6143, 0.1000000000000000056 ) ;
#1849 = DIRECTION ( 'NONE',  ( 1.000000000000000000, 0.000000000000000000, 3.040008243693350015E-16 ) ) ;
#1850 = CARTESIAN_POINT ( 'NONE',  ( -1.189405335455050006, 0.8900000000000000133, 1.030000000000000027 ) ) ;
#1851 = FACE_OUTER_BOUND ( 'NONE', #9527, .T. ) ;
#1852 = ORIENTED_EDGE ( 'NONE', *, *, #1945, .F. ) ;
#1853 = EDGE_CURVE ( 'NONE', #9306, #9810, #1513, .T. ) ;
#1854 = LINE ( 'NONE', #4966, #548 ) ;
#1855 = CYLINDRICAL_SURFACE ( 'NONE', #2282, 0.08000000000000005718 ) ;
#1856 = DIRECTION ( 'NONE',  ( -0.000000000000000000, -0.000000000000000000, -1.000000000000000000 ) ) ;
#1857 = DIRECTION ( 'NONE',  ( 0.000000000000000000, 0.000000000000000000, 1.000000000000000000 ) ) ;
#1858 = SURFACE_STYLE_FILL_AREA ( #4379 ) ;
#1859 = SURFACE_STYLE_FILL_AREA ( #8754 ) ;
#1860 = ORIENTED_EDGE ( 'NONE', *, *, #4276, .F. ) ;
#1861 = ORIENTED_EDGE ( 'NONE', *, *, #8376, .T. ) ;
#1862 = FILL_AREA_STYLE_COLOUR ( '', #2300 ) ;
#1863 = ORIENTED_EDGE ( 'NONE', *, *, #6477, .F. ) ;
#1864 = LINE ( 'NONE', #4133, #8078 ) ;
#1865 = SURFACE_STYLE_FILL_AREA ( #9340 ) ;
#1866 = EDGE_LOOP ( 'NONE', ( #619, #8326, #3519, #2414 ) ) ;
#1867 = CARTESIAN_POINT ( 'NONE',  ( 6.938893903907229610E-17, -1.145000000000000018, 0.1000000000000010048 ) ) ;
#1868 = DIRECTION ( 'NONE',  ( 1.000000000000000000, 0.000000000000000000, -0.000000000000000000 ) ) ;
#1869 = SURFACE_STYLE_FILL_AREA ( #4290 ) ;
#1870 = SURFACE_STYLE_FILL_AREA ( #7223 ) ;
#1871 = CARTESIAN_POINT ( 'NONE',  ( -3.000000000000000000, -1.905000000000000027, 0.000000000000000000 ) ) ;
#1872 = ADVANCED_FACE ( 'NONE', ( #7776 ), #5532, .T. ) ;
#1873 = ORIENTED_EDGE ( 'NONE', *, *, #2141, .T. ) ;
#1874 = ORIENTED_EDGE ( 'NONE', *, *, #9335, .T. ) ;
#1875 = DIRECTION ( 'NONE',  ( 0.000000000000000000, 1.000000000000000000, 0.000000000000000000 ) ) ;
#1876 = DIRECTION ( 'NONE',  ( -1.000000000000000000, -0.000000000000000000, 2.846725704167069772E-16 ) ) ;
#1877 = DIRECTION ( 'NONE',  ( 0.3406351650717788226, 0.8440827718217310816, 0.4141158758490980363 ) ) ;
#1878 = FILL_AREA_STYLE_COLOUR ( '', #806 ) ;
#1879 = DIRECTION ( 'NONE',  ( 0.000000000000000000, 1.000000000000000000, 0.000000000000000000 ) ) ;
#1880 =( LENGTH_UNIT ( ) NAMED_UNIT ( * ) SI_UNIT ( .MILLI., .METRE. ) );
#1881 = UNCERTAINTY_MEASURE_WITH_UNIT (LENGTH_MEASURE( 1.000000000000000082E-05 ), #7371, 'distance_accuracy_value', 'NONE');
#1882 = ADVANCED_FACE ( 'NONE', ( #1709 ), #69, .T. ) ;
#1883 = EDGE_LOOP ( 'NONE', ( #2951, #796, #4860, #113 ) ) ;
#1884 = PRESENTATION_STYLE_ASSIGNMENT (( #3432 ) ) ;
#1885 = VERTEX_POINT ( 'NONE', #7545 ) ;
#1886 = FILL_AREA_STYLE ('',( #7348 ) ) ;
#1887 = CARTESIAN_POINT ( 'NONE',  ( -1.870218527253805219, 2.449999403068539028, 1.030005679423489973 ) ) ;
#1888 = CARTESIAN_POINT ( 'NONE',  ( 1.909916776902299329, 2.256608784186039607, 0.1259740260727444661 ) ) ;
#1889 = DIRECTION ( 'NONE',  ( 0.000000000000000000, 1.000000000000000000, -0.000000000000000000 ) ) ;
#1890 = EDGE_CURVE ( 'NONE', #8468, #1921, #4376, .T. ) ;
#1891 = ADVANCED_FACE ( 'NONE', ( #4425 ), #1398, .F. ) ;
#1892 = DIRECTION ( 'NONE',  ( 0.000000000000000000, 0.000000000000000000, -1.000000000000000000 ) ) ;
#1893 = ORIENTED_EDGE ( 'NONE', *, *, #943, .T. ) ;
#1894 = VERTEX_POINT ( 'NONE', #6845 ) ;
#1895 = AXIS2_PLACEMENT_3D ( 'NONE', #8848, #1900, #7463 ) ;
#1896 = CARTESIAN_POINT ( 'NONE',  ( 2.005945153285420446, -1.649999999999999911, 0.7150000000000019673 ) ) ;
#1897 = SURFACE_STYLE_USAGE ( .BOTH. , #8140 ) ;
#1898 = DIRECTION ( 'NONE',  ( 0.000000000000000000, 0.000000000000000000, 1.000000000000000000 ) ) ;
#1899 = CIRCLE ( 'NONE', #3171, 0.2100000000000000200 ) ;
#1900 = DIRECTION ( 'NONE',  ( -0.000000000000000000, -1.000000000000000000, -0.000000000000000000 ) ) ;
#1901 = SURFACE_STYLE_USAGE ( .BOTH. , #4279 ) ;
#1902 = CARTESIAN_POINT ( 'NONE',  ( -1.873719365689379579, 2.336567908382721548, 0.1688902700279261149 ) ) ;
#1903 = ORIENTED_EDGE ( 'NONE', *, *, #3600, .F. ) ;
#1904 = EDGE_CURVE ( 'NONE', #6694, #5467, #7614, .T. ) ;
#1905 = CYLINDRICAL_SURFACE ( 'NONE', #5408, 0.2100000000000000755 ) ;
#1906 = AXIS2_PLACEMENT_3D ( 'NONE', #907, #8582, #8531 ) ;
#1907 = CARTESIAN_POINT ( 'NONE',  ( -3.000000000000000444, 1.649999999999999689, 1.120584445495009345E-17 ) ) ;
#1908 = CARTESIAN_POINT ( 'NONE',  ( 0.1285000000000000031, -1.401000000000000023, 0.1000000000000010048 ) ) ;
#1909 = VERTEX_POINT ( 'NONE', #2179 ) ;
#1910 = ORIENTED_EDGE ( 'NONE', *, *, #5807, .T. ) ;
#1911 = CARTESIAN_POINT ( 'NONE',  ( 2.110569391858573063, 0.6350000000000000089, 0.7238751734061582566 ) ) ;
#1912 = PRESENTATION_LAYER_ASSIGNMENT (  '', '', ( #2375 ) ) ;
#1913 = CARTESIAN_POINT ( 'NONE',  ( -3.000000000000000000, -2.160000000000000142, 0.000000000000000000 ) ) ;
#1914 = ORIENTED_EDGE ( 'NONE', *, *, #8994, .T. ) ;
#1915 =( NAMED_UNIT ( * ) SI_UNIT ( $, .STERADIAN. ) SOLID_ANGLE_UNIT ( ) );
#1916 = CARTESIAN_POINT ( 'NONE',  ( 0.2285000000000000364, -1.401000000000000023, 0.3000000000000009881 ) ) ;
#1917 = CARTESIAN_POINT ( 'NONE',  ( -1.921192430278652719, 2.219552563675409207, 0.1364825651540238216 ) ) ;
#1918 = CIRCLE ( 'NONE', #7565, 0.07999999999999998779 ) ;
#1919 = FILL_AREA_STYLE_COLOUR ( '', #3893 ) ;
#1920 = VERTEX_POINT ( 'NONE', #9214 ) ;
#1921 = VERTEX_POINT ( 'NONE', #6746 ) ;
#1922 = PRESENTATION_STYLE_ASSIGNMENT (( #8782 ) ) ;
#1923 = AXIS2_PLACEMENT_3D ( 'NONE', #636, #2926, #9156 ) ;
#1924 = CARTESIAN_POINT ( 'NONE',  ( -2.102415215385780023, -2.160000000000000142, 1.030000000000000027 ) ) ;
#1925 = SURFACE_STYLE_FILL_AREA ( #5088 ) ;
#1926 = CIRCLE ( 'NONE', #8075, 0.1000000000000000472 ) ;
#1927 = CARTESIAN_POINT ( 'NONE',  ( -1.492920983025413761, 2.338417127732530520, 1.737113932095117441 ) ) ;
#1928 = SURFACE_STYLE_USAGE ( .BOTH. , #281 ) ;
#1929 = MECHANICAL_DESIGN_GEOMETRIC_PRESENTATION_REPRESENTATION (  '', ( #8089 ), #3368 ) ;
#1930 = VERTEX_POINT ( 'NONE', #598 ) ;
#1931 = COLOUR_RGB ( '',0.2862745098039215508, 0.2862745098039215508, 0.2862745098039215508 ) ;
#1932 = FILL_AREA_STYLE ('',( #4263 ) ) ;
#1933 = VERTEX_POINT ( 'NONE', #7658 ) ;
#1934 = CARTESIAN_POINT ( 'NONE',  ( 0.2284999999999999809, -1.145000000000000018, 0.1000000000000003109 ) ) ;
#1935 = ADVANCED_FACE ( 'NONE', ( #2873 ), #5405, .F. ) ;
#1936 = CYLINDRICAL_SURFACE ( 'NONE', #9172, 0.08000000000000005718 ) ;
#1937 =( GEOMETRIC_REPRESENTATION_CONTEXT ( 3 ) GLOBAL_UNCERTAINTY_ASSIGNED_CONTEXT ( ( #482 ) ) GLOBAL_UNIT_ASSIGNED_CONTEXT ( ( #9154, #4575, #4518 ) ) REPRESENTATION_CONTEXT ( 'NONE', 'WORKASPACE' ) );
#1938 = PRESENTATION_STYLE_ASSIGNMENT (( #2684 ) ) ;
#1939 =( NAMED_UNIT ( * ) PLANE_ANGLE_UNIT ( ) SI_UNIT ( $, .RADIAN. ) );
#1940 = VECTOR ( 'NONE', #9220, 1000.000000000000000 ) ;
#1941 = VECTOR ( 'NONE', #1570, 1000.000000000000000 ) ;
#1942 = ORIENTED_EDGE ( 'NONE', *, *, #2387, .T. ) ;
#1943 = AXIS2_PLACEMENT_3D ( 'NONE', #1232, #8112, #2022 ) ;
#1944 = SURFACE_STYLE_FILL_AREA ( #5776 ) ;
#1945 = EDGE_CURVE ( 'NONE', #2223, #770, #8674, .T. ) ;
#1946 = SURFACE_STYLE_USAGE ( .BOTH. , #5916 ) ;
#1947 =( NAMED_UNIT ( * ) PLANE_ANGLE_UNIT ( ) SI_UNIT ( $, .RADIAN. ) );
#1948 = CARTESIAN_POINT ( 'NONE',  ( 1.865091647517184592, 2.345189659078863453, 1.705780060247108931 ) ) ;
#1949 = FACE_OUTER_BOUND ( 'NONE', #352, .T. ) ;
#1950 = FILL_AREA_STYLE_COLOUR ( '', #8046 ) ;
#1951 = VECTOR ( 'NONE', #2362, 1000.000000000000000 ) ;
#1952 = ORIENTED_EDGE ( 'NONE', *, *, #4194, .F. ) ;
#1953 = AXIS2_PLACEMENT_3D ( 'NONE', #8171, #9759, #7383 ) ;
#1954 = CARTESIAN_POINT ( 'NONE',  ( -1.145000000000000018, 1.044999999999999929, 0.1000000000000010048 ) ) ;
#1955 = PRESENTATION_LAYER_ASSIGNMENT (  '', '', ( #8109 ) ) ;
#1956 = DIRECTION ( 'NONE',  ( -0.000000000000000000, 1.000000000000000000, -0.000000000000000000 ) ) ;
#1957 = ORIENTED_EDGE ( 'NONE', *, *, #4350, .T. ) ;
#1958 = CARTESIAN_POINT ( 'NONE',  ( 0.1285000000000000031, 1.401000000000000023, 0.3000000000000009881 ) ) ;
#1959 = EDGE_CURVE ( 'NONE', #3322, #2830, #2479, .T. ) ;
#1960 = VECTOR ( 'NONE', #3655, 1000.000000000000227 ) ;
#1961 = DIRECTION ( 'NONE',  ( 0.000000000000000000, 0.000000000000000000, -1.000000000000000000 ) ) ;
#1962 = FILL_AREA_STYLE_COLOUR ( '', #1812 ) ;
#1963 = EDGE_LOOP ( 'NONE', ( #3433, #685, #2068, #6989, #4305, #3021 ) ) ;
#1964 = PRESENTATION_STYLE_ASSIGNMENT (( #6472 ) ) ;
#1965 =( NAMED_UNIT ( * ) PLANE_ANGLE_UNIT ( ) SI_UNIT ( $, .RADIAN. ) );
#1966 = AXIS2_PLACEMENT_3D ( 'NONE', #6487, #4148, #9563 ) ;
#1967 = FILL_AREA_STYLE_COLOUR ( '', #1574 ) ;
#1968 = CARTESIAN_POINT ( 'NONE',  ( -0.9750000000000010880, 2.450000000000003286, 1.030000000000000249 ) ) ;
#1969 =( GEOMETRIC_REPRESENTATION_CONTEXT ( 3 ) GLOBAL_UNCERTAINTY_ASSIGNED_CONTEXT ( ( #5440 ) ) GLOBAL_UNIT_ASSIGNED_CONTEXT ( ( #2815, #1334, #5987 ) ) REPRESENTATION_CONTEXT ( 'NONE', 'WORKASPACE' ) );
#1970 = STYLED_ITEM ( 'NONE', ( #604 ), #4366 ) ;
#1971 =( GEOMETRIC_REPRESENTATION_CONTEXT ( 3 ) GLOBAL_UNCERTAINTY_ASSIGNED_CONTEXT ( ( #459 ) ) GLOBAL_UNIT_ASSIGNED_CONTEXT ( ( #5870, #2790, #2739 ) ) REPRESENTATION_CONTEXT ( 'NONE', 'WORKASPACE' ) );
#1972 = ORIENTED_EDGE ( 'NONE', *, *, #7591, .F. ) ;
#1973 = ORIENTED_EDGE ( 'NONE', *, *, #9108, .T. ) ;
#1974 = SURFACE_STYLE_USAGE ( .BOTH. , #8914 ) ;
#1975 = CARTESIAN_POINT ( 'NONE',  ( -1.044999999999999929, 1.145000000000000018, 0.3000000000000010991 ) ) ;
#1976 = EDGE_CURVE ( 'NONE', #8204, #4025, #90, .T. ) ;
#1977 = PLANE ( 'NONE',  #1953 ) ;
#1978 = VECTOR ( 'NONE', #6678, 1000.000000000000000 ) ;
#1979 = DIRECTION ( 'NONE',  ( -0.000000000000000000, 1.000000000000000000, -0.000000000000000000 ) ) ;
#1980 = DIRECTION ( 'NONE',  ( 0.000000000000000000, 0.000000000000000000, 1.000000000000000000 ) ) ;
#1981 = MECHANICAL_DESIGN_GEOMETRIC_PRESENTATION_REPRESENTATION (  '', ( #5728 ), #1035 ) ;
#1982 = FACE_OUTER_BOUND ( 'NONE', #6223, .T. ) ;
#1983 = CARTESIAN_POINT ( 'NONE',  ( -1.468615827805880292, -2.302292627064889796, 1.670000000000000151 ) ) ;
#1984 = UNCERTAINTY_MEASURE_WITH_UNIT (LENGTH_MEASURE( 1.000000000000000082E-05 ), #1512, 'distance_accuracy_value', 'NONE');
#1985 = PLANE ( 'NONE',  #693 ) ;
#1986 = ORIENTED_EDGE ( 'NONE', *, *, #7910, .T. ) ;
#1987 = CARTESIAN_POINT ( 'NONE',  ( 1.928793852439659950, 1.649999999999999911, 0.7114753820237430526 ) ) ;
#1988 = VECTOR ( 'NONE', #7145, 999.9999999999998863 ) ;
#1989 = ORIENTED_EDGE ( 'NONE', *, *, #8876, .T. ) ;
#1990 = SURFACE_STYLE_USAGE ( .BOTH. , #8932 ) ;
#1991 = SURFACE_STYLE_FILL_AREA ( #1886 ) ;
#1992 =( NAMED_UNIT ( * ) SI_UNIT ( $, .STERADIAN. ) SOLID_ANGLE_UNIT ( ) );
#1993 =( NAMED_UNIT ( * ) SI_UNIT ( $, .STERADIAN. ) SOLID_ANGLE_UNIT ( ) );
#1994 = PRESENTATION_LAYER_ASSIGNMENT (  '', '', ( #6680 ) ) ;
#1995 = STYLED_ITEM ( 'NONE', ( #7933 ), #5295 ) ;
#1996 = ADVANCED_FACE ( 'NONE', ( #3230 ), #6385, .F. ) ;
#1997 = STYLED_ITEM ( 'NONE', ( #5164 ), #7549 ) ;
#1998 = EDGE_LOOP ( 'NONE', ( #3100, #7731, #3588, #3965 ) ) ;
#1999 = AXIS2_PLACEMENT_3D ( 'NONE', #102, #2295, #1408 ) ;
#2000 = CARTESIAN_POINT ( 'NONE',  ( -1.189405335455050006, -1.649999999999999911, 0.8200000000000009504 ) ) ;
#2001 =( LENGTH_UNIT ( ) NAMED_UNIT ( * ) SI_UNIT ( .MILLI., .METRE. ) );
#2002 = FILL_AREA_STYLE_COLOUR ( '', #335 ) ;
#2003 = FACE_OUTER_BOUND ( 'NONE', #9265, .T. ) ;
#2004 =( LENGTH_UNIT ( ) NAMED_UNIT ( * ) SI_UNIT ( .MILLI., .METRE. ) );
#2005 =( LENGTH_UNIT ( ) NAMED_UNIT ( * ) SI_UNIT ( .MILLI., .METRE. ) );
#2006 =( NAMED_UNIT ( * ) PLANE_ANGLE_UNIT ( ) SI_UNIT ( $, .RADIAN. ) );
#2007 = EDGE_CURVE ( 'NONE', #7706, #4477, #3563, .T. ) ;
#2008 = FILL_AREA_STYLE ('',( #8150 ) ) ;
#2009 = LINE ( 'NONE', #9090, #2258 ) ;
#2010 = DIRECTION ( 'NONE',  ( -0.000000000000000000, -0.000000000000000000, -1.000000000000000000 ) ) ;
#2011 = SURFACE_STYLE_FILL_AREA ( #7325 ) ;
#2012 = VERTEX_POINT ( 'NONE', #2421 ) ;
#2013 = DIRECTION ( 'NONE',  ( -0.9975640502598241977, -0.000000000000000000, -0.06975647374412552448 ) ) ;
#2014 = DIRECTION ( 'NONE',  ( 1.000000000000000000, 0.000000000000000000, 0.000000000000000000 ) ) ;
#2015 = DIRECTION ( 'NONE',  ( 1.682156097916899890E-16, 0.000000000000000000, 1.000000000000000000 ) ) ;
#2016 = DIRECTION ( 'NONE',  ( 0.9975640502598241977, -0.000000000000000000, 0.06975647374412552448 ) ) ;
#2017 = EDGE_CURVE ( 'NONE', #1839, #2164, #9717, .T. ) ;
#2018 = SURFACE_STYLE_USAGE ( .BOTH. , #5279 ) ;
#2019 = ADVANCED_FACE ( 'NONE', ( #942 ), #8628, .T. ) ;
#2020 = ORIENTED_EDGE ( 'NONE', *, *, #7248, .T. ) ;
#2021 = CARTESIAN_POINT ( 'NONE',  ( 1.145000000000000018, -1.044999999999999929, 0.3000000000000009881 ) ) ;
#2022 = DIRECTION ( 'NONE',  ( 0.000000000000000000, 0.000000000000000000, -1.000000000000000000 ) ) ;
#2023 = DIRECTION ( 'NONE',  ( 1.000000000000000000, -0.000000000000000000, -1.779203565104420086E-16 ) ) ;
#2024 = DIRECTION ( 'NONE',  ( 0.000000000000000000, 0.000000000000000000, -1.000000000000000000 ) ) ;
#2025 = DIRECTION ( 'NONE',  ( 0.000000000000000000, 1.000000000000000000, 0.000000000000000000 ) ) ;
#2026 = CARTESIAN_POINT ( 'NONE',  ( -1.396995845612811316, 2.442408178308092204, 1.671220125194963435 ) ) ;
#2027 = DIRECTION ( 'NONE',  ( 0.000000000000000000, -1.000000000000000000, 0.000000000000000000 ) ) ;
#2028 = ADVANCED_FACE ( 'NONE', ( #9415 ), #8970, .F. ) ;
#2029 = ORIENTED_EDGE ( 'NONE', *, *, #3928, .T. ) ;
#2030 = DIRECTION ( 'NONE',  ( 0.000000000000000000, -1.000000000000000000, 0.000000000000000000 ) ) ;
#2031 = SURFACE_STYLE_FILL_AREA ( #1932 ) ;
#2032 = ORIENTED_EDGE ( 'NONE', *, *, #1705, .F. ) ;
#2033 = CARTESIAN_POINT ( 'NONE',  ( 2.102415215385780023, 0.6350000000000000089, 0.8200000000000009504 ) ) ;
#2034 = ORIENTED_EDGE ( 'NONE', *, *, #3300, .F. ) ;
#2035 = SURFACE_STYLE_USAGE ( .BOTH. , #9664 ) ;
#2036 = LINE ( 'NONE', #4424, #5519 ) ;
#2037 =( GEOMETRIC_REPRESENTATION_CONTEXT ( 3 ) GLOBAL_UNCERTAINTY_ASSIGNED_CONTEXT ( ( #5312 ) ) GLOBAL_UNIT_ASSIGNED_CONTEXT ( ( #9738, #455, #2794 ) ) REPRESENTATION_CONTEXT ( 'NONE', 'WORKASPACE' ) );
#2038 =( NAMED_UNIT ( * ) SI_UNIT ( $, .STERADIAN. ) SOLID_ANGLE_UNIT ( ) );
#2039 = SURFACE_STYLE_FILL_AREA ( #9673 ) ;
#2041 = VERTEX_POINT ( 'NONE', #9611 ) ;
#2040 = STYLED_ITEM ( 'NONE', ( #7548 ), #510 ) ;
#2042 = VECTOR ( 'NONE', #3043, 1000.000000000000000 ) ;
#2043 = CARTESIAN_POINT ( 'NONE',  ( 1.847535415049513352, 2.388693427578349127, 0.1655633456324111519 ) ) ;
#2044 = CARTESIAN_POINT ( 'NONE',  ( -2.005945153285420446, 1.905000000000000027, 0.7150000000000019673 ) ) ;
#2045 = CARTESIAN_POINT ( 'NONE',  ( 2.005945153285420446, -0.6350000000000000089, 0.8200000000000020606 ) ) ;
#2046 = COLOUR_RGB ( '',0.8313725490196077761, 0.8313725490196077761, 0.8313725490196077761 ) ;
#2047 = CIRCLE ( 'NONE', #6893, 0.2100000000000000477 ) ;
#2048 = LINE ( 'NONE', #9030, #7808 ) ;
#2049 = CARTESIAN_POINT ( 'NONE',  ( 1.949999999999999956, 2.370000000000000107, 1.750000000000000000 ) ) ;
#2050 = CARTESIAN_POINT ( 'NONE',  ( 1.834544767865778025, -2.256608784186037830, 1.786023975542870401 ) ) ;
#2051 = SURFACE_SIDE_STYLE ('',( #3899 ) ) ;
#2052 =( NAMED_UNIT ( * ) SI_UNIT ( $, .STERADIAN. ) SOLID_ANGLE_UNIT ( ) );
#2053 = VECTOR ( 'NONE', #9840, 999.9999999999998863 ) ;
#2054 = STYLED_ITEM ( 'NONE', ( #251 ), #498 ) ;
#2055 = PLANE ( 'NONE',  #4552 ) ;
#2056 = LINE ( 'NONE', #2158, #7432 ) ;
#2057 = EDGE_CURVE ( 'NONE', #1604, #7423, #9509, .T. ) ;
#2058 = CARTESIAN_POINT ( 'NONE',  ( 1.802292627064880026, -2.381854378694352459, 1.678362277061411056 ) ) ;
#2059 = SURFACE_SIDE_STYLE ('',( #3618 ) ) ;
#2060 = VECTOR ( 'NONE', #705, 1000.000000000000000 ) ;
#2061 = FILL_AREA_STYLE_COLOUR ( '', #3389 ) ;
#2062 = VERTEX_POINT ( 'NONE', #481 ) ;
#2063 = DIRECTION ( 'NONE',  ( 0.000000000000000000, 0.000000000000000000, -1.000000000000000000 ) ) ;
#2064 = AXIS2_PLACEMENT_3D ( 'NONE', #2883, #5964, #7707 ) ;
#2065 = COLOUR_RGB ( '',0.8313725490196077761, 0.8313725490196077761, 0.8313725490196077761 ) ;
#2066 = VERTEX_POINT ( 'NONE', #8215 ) ;
#2067 = PRESENTATION_STYLE_ASSIGNMENT (( #9606 ) ) ;
#2068 = ORIENTED_EDGE ( 'NONE', *, *, #3039, .F. ) ;
#2069 = LINE ( 'NONE', #5181, #6927 ) ;
#2070 = ADVANCED_FACE ( 'NONE', ( #2574 ), #5704, .T. ) ;
#2071 = COLOUR_RGB ( '',0.8313725490196077761, 0.8313725490196077761, 0.8313725490196077761 ) ;
#2072 = SURFACE_STYLE_USAGE ( .BOTH. , #953 ) ;
#2073 = CARTESIAN_POINT ( 'NONE',  ( 3.000000000000000000, 0.6350000000000000089, 0.2105127985970459970 ) ) ;
#2074 = UNCERTAINTY_MEASURE_WITH_UNIT (LENGTH_MEASURE( 1.000000000000000082E-05 ), #2460, 'distance_accuracy_value', 'NONE');
#2075 = VECTOR ( 'NONE', #5984, 1000.000000000000000 ) ;
#2076 = DIRECTION ( 'NONE',  ( -0.08452546101100746889, 0.000000000000000000, -0.9964213197442519654 ) ) ;
#2077 = ORIENTED_EDGE ( 'NONE', *, *, #4886, .T. ) ;
#2078 = FACE_OUTER_BOUND ( 'NONE', #1338, .T. ) ;
#2079 =( GEOMETRIC_REPRESENTATION_CONTEXT ( 3 ) GLOBAL_UNCERTAINTY_ASSIGNED_CONTEXT ( ( #1639 ) ) GLOBAL_UNIT_ASSIGNED_CONTEXT ( ( #8566, #2478, #6339 ) ) REPRESENTATION_CONTEXT ( 'NONE', 'WORKASPACE' ) );
#2080 = VERTEX_POINT ( 'NONE', #3472 ) ;
#2081 = ORIENTED_EDGE ( 'NONE', *, *, #6146, .F. ) ;
#2082 = AXIS2_PLACEMENT_3D ( 'NONE', #8307, #5321, #9038 ) ;
#2083 = EDGE_CURVE ( 'NONE', #6178, #6869, #4258, .T. ) ;
#2084 = EDGE_CURVE ( 'NONE', #1930, #8414, #1147, .T. ) ;
#2085 = SURFACE_SIDE_STYLE ('',( #3836 ) ) ;
#2086 =( NAMED_UNIT ( * ) PLANE_ANGLE_UNIT ( ) SI_UNIT ( $, .RADIAN. ) );
#2087 = CIRCLE ( 'NONE', #4341, 0.2100000000000000477 ) ;
#2088 = PRESENTATION_LAYER_ASSIGNMENT (  '', '', ( #5832 ) ) ;
#2089 =( NAMED_UNIT ( * ) PLANE_ANGLE_UNIT ( ) SI_UNIT ( $, .RADIAN. ) );
#2090 = ORIENTED_EDGE ( 'NONE', *, *, #2668, .F. ) ;
#2091 = CARTESIAN_POINT ( 'NONE',  ( -1.189405335455050006, -0.8900000000000000133, 1.030000000000000027 ) ) ;
#2092 =( NAMED_UNIT ( * ) SI_UNIT ( $, .STERADIAN. ) SOLID_ANGLE_UNIT ( ) );
#2093 = EDGE_CURVE ( 'NONE', #1894, #3491, #8118, .T. ) ;
#2094 = CARTESIAN_POINT ( 'NONE',  ( -1.870218527253805219, 2.449999403068539472, 0.8199943205765131138 ) ) ;
#2095 = VECTOR ( 'NONE', #6937, 1000.000000000000114 ) ;
#2096 = DIRECTION ( 'NONE',  ( 0.000000000000000000, -0.000000000000000000, -1.000000000000000000 ) ) ;
#2097 =( NAMED_UNIT ( * ) SI_UNIT ( $, .STERADIAN. ) SOLID_ANGLE_UNIT ( ) );
#2098 = SURFACE_STYLE_FILL_AREA ( #2008 ) ;
#2099 =( GEOMETRIC_REPRESENTATION_CONTEXT ( 3 ) GLOBAL_UNCERTAINTY_ASSIGNED_CONTEXT ( ( #9905 ) ) GLOBAL_UNIT_ASSIGNED_CONTEXT ( ( #6430, #9506, #2571 ) ) REPRESENTATION_CONTEXT ( 'NONE', 'WORKASPACE' ) );
#2100 = FILL_AREA_STYLE ('',( #4385 ) ) ;
#2101 = VECTOR ( 'NONE', #9940, 1000.000000000000114 ) ;
#2102 = CARTESIAN_POINT ( 'NONE',  ( 1.189405335455050006, -2.160000000000000142, 0.8200000000000009504 ) ) ;
#2103 = CARTESIAN_POINT ( 'NONE',  ( -1.189405335455050006, -1.905000000000000027, 1.030000000000000027 ) ) ;
#2104 = AXIS2_PLACEMENT_3D ( 'NONE', #3963, #7056, #4537 ) ;
#2105 =( NAMED_UNIT ( * ) SI_UNIT ( $, .STERADIAN. ) SOLID_ANGLE_UNIT ( ) );
#2106 = FACE_OUTER_BOUND ( 'NONE', #4260, .T. ) ;
#2107 = CARTESIAN_POINT ( 'NONE',  ( 1.870218527253804996, -2.449999403068540360, 1.030005679423489973 ) ) ;
#2108 = CARTESIAN_POINT ( 'NONE',  ( -1.044999999999999929, -1.145000000000000018, 0.1000000000000010048 ) ) ;
#2109 = ORIENTED_EDGE ( 'NONE', *, *, #2547, .F. ) ;
#2110 = STYLED_ITEM ( 'NONE', ( #6499 ), #1882 ) ;
#2111 = EDGE_CURVE ( 'NONE', #4054, #963, #4729, .T. ) ;
#2112 = STYLED_ITEM ( 'NONE', ( #6455 ), #4259 ) ;
#2113 = EDGE_LOOP ( 'NONE', ( #4338, #3084, #4016, #3049, #8926, #5276, #4929, #6992, #2661, #3936, #474, #9397, #9189, #9802, #5023, #2474, #2678, #8818, #9568, #4586 ) ) ;
#2114 = SURFACE_STYLE_FILL_AREA ( #5385 ) ;
#2115 = SURFACE_SIDE_STYLE ('',( #3468 ) ) ;
#2117 = ORIENTED_EDGE ( 'NONE', *, *, #6756, .T. ) ;
#2116 = PRESENTATION_LAYER_ASSIGNMENT (  '', '', ( #9382 ) ) ;
#2118 = CARTESIAN_POINT ( 'NONE',  ( 3.000000000000000000, -0.6350000000000000089, 0.2105127985970459970 ) ) ;
#2119 = VECTOR ( 'NONE', #1734, 1000.000000000000000 ) ;
#2120 =( LENGTH_UNIT ( ) NAMED_UNIT ( * ) SI_UNIT ( .MILLI., .METRE. ) );
#2121 = FACE_OUTER_BOUND ( 'NONE', #2113, .T. ) ;
#2122 = CARTESIAN_POINT ( 'NONE',  ( -2.311663692532074599, 0.6350000000000000089, 0.8377503468123133068 ) ) ;
#2123 = STYLED_ITEM ( 'NONE', ( #9257 ), #6576 ) ;
#2124 = MECHANICAL_DESIGN_GEOMETRIC_PRESENTATION_REPRESENTATION (  '', ( #7299 ), #6020 ) ;
#2125 = LINE ( 'NONE', #7490, #5061 ) ;
#2126 = MECHANICAL_DESIGN_GEOMETRIC_PRESENTATION_REPRESENTATION (  '', ( #4900 ), #6016 ) ;
#2127 = ORIENTED_EDGE ( 'NONE', *, *, #8499, .F. ) ;
#2128 = ADVANCED_FACE ( 'NONE', ( #730 ), #1427, .F. ) ;
#2129 = SURFACE_SIDE_STYLE ('',( #5338 ) ) ;
#2130 = ORIENTED_EDGE ( 'NONE', *, *, #7015, .T. ) ;
#2131 = ORIENTED_EDGE ( 'NONE', *, *, #231, .T. ) ;
#2132 = CIRCLE ( 'NONE', #7146, 0.1000000000000000056 ) ;
#2133 = CYLINDRICAL_SURFACE ( 'NONE', #1923, 0.08000000000000005718 ) ;
#2134 = CARTESIAN_POINT ( 'NONE',  ( 2.353481300512973995, -0.3800000000000000044, 0.3447869765509687934 ) ) ;
#2135 = PRESENTATION_STYLE_ASSIGNMENT (( #8978 ) ) ;
#2136 = FILL_AREA_STYLE_COLOUR ( '', #3321 ) ;
#2137 = PRESENTATION_LAYER_ASSIGNMENT (  '', '', ( #234 ) ) ;
#2138 = UNCERTAINTY_MEASURE_WITH_UNIT (LENGTH_MEASURE( 1.000000000000000082E-05 ), #106, 'distance_accuracy_value', 'NONE');
#2139 =( GEOMETRIC_REPRESENTATION_CONTEXT ( 3 ) GLOBAL_UNCERTAINTY_ASSIGNED_CONTEXT ( ( #8618 ) ) GLOBAL_UNIT_ASSIGNED_CONTEXT ( ( #2927, #1489, #2178 ) ) REPRESENTATION_CONTEXT ( 'NONE', 'WORKASPACE' ) );
#2140 = EDGE_CURVE ( 'NONE', #5009, #6436, #3001, .T. ) ;
#2141 = EDGE_CURVE ( 'NONE', #2971, #2223, #5042, .T. ) ;
#2142 = VERTEX_POINT ( 'NONE', #9903 ) ;
#2143 =( NAMED_UNIT ( * ) PLANE_ANGLE_UNIT ( ) SI_UNIT ( $, .RADIAN. ) );
#2144 =( NAMED_UNIT ( * ) PLANE_ANGLE_UNIT ( ) SI_UNIT ( $, .RADIAN. ) );
#2145 = VECTOR ( 'NONE', #2359, 1000.000000000000000 ) ;
#2146 = SURFACE_STYLE_USAGE ( .BOTH. , #5155 ) ;
#2147 =( NAMED_UNIT ( * ) PLANE_ANGLE_UNIT ( ) SI_UNIT ( $, .RADIAN. ) );
#2148 =( NAMED_UNIT ( * ) PLANE_ANGLE_UNIT ( ) SI_UNIT ( $, .RADIAN. ) );
#2149 = CARTESIAN_POINT ( 'NONE',  ( 1.845189659078864119, -2.345189659078864342, 0.1278493596512558506 ) ) ;
#2150 = CIRCLE ( 'NONE', #568, 0.2100000000000000200 ) ;
#2151 = DIRECTION ( 'NONE',  ( -0.000000000000000000, -0.000000000000000000, -1.000000000000000000 ) ) ;
#2152 =( GEOMETRIC_REPRESENTATION_CONTEXT ( 3 ) GLOBAL_UNCERTAINTY_ASSIGNED_CONTEXT ( ( #4665 ) ) GLOBAL_UNIT_ASSIGNED_CONTEXT ( ( #6063, #3033, #7715 ) ) REPRESENTATION_CONTEXT ( 'NONE', 'WORKASPACE' ) );
#2153 = CARTESIAN_POINT ( 'NONE',  ( -2.167034018033049847, -0.3799999999999998934, 0.05824665557634479962 ) ) ;
#2154 = DIRECTION ( 'NONE',  ( 0.000000000000000000, 0.000000000000000000, 1.000000000000000000 ) ) ;
#2155 = DIRECTION ( 'NONE',  ( 0.000000000000000000, 0.000000000000000000, -1.000000000000000000 ) ) ;
#2156 = CARTESIAN_POINT ( 'NONE',  ( -1.189405335455050006, -2.160000000000000142, 1.030000000000000027 ) ) ;
#2157 = PRESENTATION_LAYER_ASSIGNMENT (  '', '', ( #5752 ) ) ;
#2158 = CARTESIAN_POINT ( 'NONE',  ( 2.102415215385780023, -2.160000000000000142, 0.8200000000000019496 ) ) ;
#2159 = CARTESIAN_POINT ( 'NONE',  ( -1.044999999999999929, -1.044999999999999929, 0.3000000000000009881 ) ) ;
#2160 = PRESENTATION_LAYER_ASSIGNMENT (  '', '', ( #1693 ) ) ;
#2161 =( LENGTH_UNIT ( ) NAMED_UNIT ( * ) SI_UNIT ( .MILLI., .METRE. ) );
#2162 = CARTESIAN_POINT ( 'NONE',  ( -5.551115123125779744E-16, 2.450000000000000178, 0.8200000000000009504 ) ) ;
#2163 = DIRECTION ( 'NONE',  ( 1.000000000000000000, 0.000000000000000000, 3.040008243693350015E-16 ) ) ;
#2164 = VERTEX_POINT ( 'NONE', #3629 ) ;
#2165 = LINE ( 'NONE', #6181, #7115 ) ;
#2166 = SURFACE_STYLE_USAGE ( .BOTH. , #6035 ) ;
#2167 = SURFACE_SIDE_STYLE ('',( #1328 ) ) ;
#2168 =( NAMED_UNIT ( * ) SI_UNIT ( $, .STERADIAN. ) SOLID_ANGLE_UNIT ( ) );
#2169 = EDGE_CURVE ( 'NONE', #283, #316, #189, .T. ) ;
#2170 = UNCERTAINTY_MEASURE_WITH_UNIT (LENGTH_MEASURE( 1.000000000000000082E-05 ), #669, 'distance_accuracy_value', 'NONE');
#2171 = CARTESIAN_POINT ( 'NONE',  ( 1.189405335455050228, -0.8900000000000000133, 0.8200000000000009504 ) ) ;
#2172 = EDGE_LOOP ( 'NONE', ( #4144, #1101, #7122, #8486 ) ) ;
#2173 = VERTEX_POINT ( 'NONE', #6737 ) ;
#2174 = CARTESIAN_POINT ( 'NONE',  ( 1.189405335455050006, 1.649999999999999911, 0.8200000000000009504 ) ) ;
#2175 = VERTEX_POINT ( 'NONE', #9057 ) ;
#2176 = CARTESIAN_POINT ( 'NONE',  ( -0.1284999999999999754, 1.500999999999999890, 0.1000000000000010186 ) ) ;
#2177 = APPLICATION_PROTOCOL_DEFINITION ( 'draft international standard', 'automotive_design', 1998, #4274 ) ;
#2178 =( NAMED_UNIT ( * ) SI_UNIT ( $, .STERADIAN. ) SOLID_ANGLE_UNIT ( ) );
#2179 = CARTESIAN_POINT ( 'NONE',  ( -3.000000000000000444, 0.3799999999999999489, 0.2105127985970459692 ) ) ;
#2180 = EDGE_CURVE ( 'NONE', #182, #2398, #5241, .T. ) ;
#2181 = DIRECTION ( 'NONE',  ( 0.9975640502598241977, 0.000000000000000000, -0.06975647374412549673 ) ) ;
#2182 = CARTESIAN_POINT ( 'NONE',  ( -1.545114501387599759, 2.251347121037541310, 1.748362594679418125 ) ) ;
#2183 = ORIENTED_EDGE ( 'NONE', *, *, #1256, .T. ) ;
#2184 =( NAMED_UNIT ( * ) PLANE_ANGLE_UNIT ( ) SI_UNIT ( $, .RADIAN. ) );
#2185 = CYLINDRICAL_SURFACE ( 'NONE', #1296, 0.1050000000000000655 ) ;
#2186 = ORIENTED_EDGE ( 'NONE', *, *, #2199, .T. ) ;
#2187 = FILL_AREA_STYLE_COLOUR ( '', #8931 ) ;
#2188 = EDGE_CURVE ( 'NONE', #8799, #431, #3048, .T. ) ;
#2189 = DIRECTION ( 'NONE',  ( 0.000000000000000000, 0.000000000000000000, 1.000000000000000000 ) ) ;
#2190 = EDGE_CURVE ( 'NONE', #1543, #1047, #9145, .T. ) ;
#2191 =( NAMED_UNIT ( * ) SI_UNIT ( $, .STERADIAN. ) SOLID_ANGLE_UNIT ( ) );
#2192 = PRESENTATION_STYLE_ASSIGNMENT (( #8385 ) ) ;
#2193 = DIRECTION ( 'NONE',  ( -0.1039620511844975281, 0.1039620511844862732, -0.9891328443778550916 ) ) ;
#2194 = PRESENTATION_LAYER_ASSIGNMENT (  '', '', ( #6571 ) ) ;
#2195 =( NAMED_UNIT ( * ) PLANE_ANGLE_UNIT ( ) SI_UNIT ( $, .RADIAN. ) );
#2196 = ORIENTED_EDGE ( 'NONE', *, *, #9536, .T. ) ;
#2197 = DIRECTION ( 'NONE',  ( 1.000000000000000000, 0.000000000000000000, 3.040008243693350015E-16 ) ) ;
#2198 = CYLINDRICAL_SURFACE ( 'NONE', #6638, 0.1000000000000000472 ) ;
#2199 = EDGE_CURVE ( 'NONE', #9010, #3578, #8410, .T. ) ;
#2200 = CARTESIAN_POINT ( 'NONE',  ( -1.189405335455050006, 0.8900000000000000133, 1.030000000000000027 ) ) ;
#2201 = EDGE_CURVE ( 'NONE', #4596, #517, #227, .T. ) ;
#2202 = COLOUR_RGB ( '',0.8313725490196077761, 0.8313725490196077761, 0.8313725490196077761 ) ;
#2203 =( NAMED_UNIT ( * ) PLANE_ANGLE_UNIT ( ) SI_UNIT ( $, .RADIAN. ) );
#2204 = EDGE_LOOP ( 'NONE', ( #5760, #5327, #2701, #9662, #7822 ) ) ;
#2205 = FILL_AREA_STYLE_COLOUR ( '', #1679 ) ;
#2206 = EDGE_LOOP ( 'NONE', ( #5019, #6725, #1696, #6136 ) ) ;
#2207 = PRESENTATION_LAYER_ASSIGNMENT (  '', '', ( #5653 ) ) ;
#2208 = CIRCLE ( 'NONE', #2843, 0.1000000000000000056 ) ;
#2209 = VECTOR ( 'NONE', #8298, 1000.000000000000000 ) ;
#2210 = ORIENTED_EDGE ( 'NONE', *, *, #4579, .T. ) ;
#2211 = FILL_AREA_STYLE ('',( #7732 ) ) ;
#2212 =( LENGTH_UNIT ( ) NAMED_UNIT ( * ) SI_UNIT ( .MILLI., .METRE. ) );
#2213 =( LENGTH_UNIT ( ) NAMED_UNIT ( * ) SI_UNIT ( .MILLI., .METRE. ) );
#2214 = DIRECTION ( 'NONE',  ( -0.000000000000000000, -1.000000000000000000, -0.000000000000000000 ) ) ;
#2215 =( NAMED_UNIT ( * ) SI_UNIT ( $, .STERADIAN. ) SOLID_ANGLE_UNIT ( ) );
#2216 = LINE ( 'NONE', #2073, #8925 ) ;
#2217 = DIRECTION ( 'NONE',  ( -0.000000000000000000, 1.000000000000000000, -0.000000000000000000 ) ) ;
#2218 = CARTESIAN_POINT ( 'NONE',  ( 6.938893903907229610E-17, 1.145000000000000018, 0.1000000000000010048 ) ) ;
#2219 = VECTOR ( 'NONE', #7156, 1000.000000000000000 ) ;
#2220 = CARTESIAN_POINT ( 'NONE',  ( -1.880153323855741077, -2.417183022854117347, 1.345849727352366854 ) ) ;
#2221 = UNCERTAINTY_MEASURE_WITH_UNIT (LENGTH_MEASURE( 1.000000000000000082E-05 ), #7530, 'distance_accuracy_value', 'NONE');
#2222 = AXIS2_PLACEMENT_3D ( 'NONE', #7616, #6754, #3744 ) ;
#2223 = VERTEX_POINT ( 'NONE', #4782 ) ;
#2224 = CARTESIAN_POINT ( 'NONE',  ( -2.005945153285420446, 1.905000000000000027, 0.8200000000000011724 ) ) ;
#2225 = EDGE_LOOP ( 'NONE', ( #8351, #3382, #2748, #70 ) ) ;
#2227 = ORIENTED_EDGE ( 'NONE', *, *, #4886, .F. ) ;
#2226 = STYLED_ITEM ( 'NONE', ( #1699 ), #1043 ) ;
#2228 = LINE ( 'NONE', #6791, #6287 ) ;
#2229 = FACE_OUTER_BOUND ( 'NONE', #722, .T. ) ;
#2230 = VECTOR ( 'NONE', #4768, 1000.000000000000114 ) ;
#2231 = DIRECTION ( 'NONE',  ( 0.08452546101100759379, 0.000000000000000000, 0.9964213197442519654 ) ) ;
#2232 = CARTESIAN_POINT ( 'NONE',  ( 1.802292627064879804, -2.302292627064889796, 1.669999999999999263 ) ) ;
#2233 = CIRCLE ( 'NONE', #7736, 0.1050000000000000100 ) ;
#2234 = LINE ( 'NONE', #7662, #7996 ) ;
#2235 = ADVANCED_FACE ( 'NONE', ( #1725 ), #2408, .T. ) ;
#2236 = EDGE_LOOP ( 'NONE', ( #3856, #4293, #8500, #1230, #9922, #6079 ) ) ;
#2237 =( LENGTH_UNIT ( ) NAMED_UNIT ( * ) SI_UNIT ( .MILLI., .METRE. ) );
#2238 = CARTESIAN_POINT ( 'NONE',  ( -3.000000000000000444, 0.8900000000000001243, 1.310077625086651109E-16 ) ) ;
#2239 = CIRCLE ( 'NONE', #7912, 0.2100000000000000755 ) ;
#2240 =( NAMED_UNIT ( * ) PLANE_ANGLE_UNIT ( ) SI_UNIT ( $, .RADIAN. ) );
#2241 = SURFACE_STYLE_FILL_AREA ( #8382 ) ;
#2242 = CARTESIAN_POINT ( 'NONE',  ( -0.2285000000000000364, 0.000000000000000000, 0.3000000000000009881 ) ) ;
#2243 = UNCERTAINTY_MEASURE_WITH_UNIT (LENGTH_MEASURE( 1.000000000000000082E-05 ), #5742, 'distance_accuracy_value', 'NONE');
#2244 =( NAMED_UNIT ( * ) SI_UNIT ( $, .STERADIAN. ) SOLID_ANGLE_UNIT ( ) );
#2245 = VECTOR ( 'NONE', #1743, 1000.000000000000000 ) ;
#2246 = ADVANCED_FACE ( 'NONE', ( #7796 ), #2355, .T. ) ;
#2247 = ORIENTED_EDGE ( 'NONE', *, *, #5996, .T. ) ;
#2248 = SURFACE_STYLE_USAGE ( .BOTH. , #8490 ) ;
#2249 = DIRECTION ( 'NONE',  ( -0.000000000000000000, -0.000000000000000000, -1.000000000000000000 ) ) ;
#2250 = CARTESIAN_POINT ( 'NONE',  ( -1.949999999999999956, -2.302292627064889796, 1.750000000000000000 ) ) ;
#2251 = ORIENTED_EDGE ( 'NONE', *, *, #7511, .F. ) ;
#2252 = AXIS2_PLACEMENT_3D ( 'NONE', #5904, #2030, #6695 ) ;
#2253 = COLOUR_RGB ( '',0.8313725490196077761, 0.8313725490196077761, 0.8313725490196077761 ) ;
#2254 = ORIENTED_EDGE ( 'NONE', *, *, #3530, .F. ) ;
#2255 = EDGE_LOOP ( 'NONE', ( #4029, #77, #4673, #1973 ) ) ;
#2256 = EDGE_CURVE ( 'NONE', #2830, #6694, #3983, .T. ) ;
#2257 = EDGE_CURVE ( 'NONE', #5341, #1930, #676, .T. ) ;
#2258 = VECTOR ( 'NONE', #7362, 1000.000000000000000 ) ;
#2259 = ORIENTED_EDGE ( 'NONE', *, *, #7352, .F. ) ;
#2260 =( NAMED_UNIT ( * ) SI_UNIT ( $, .STERADIAN. ) SOLID_ANGLE_UNIT ( ) );
#2261 = LINE ( 'NONE', #3876, #4050 ) ;
#2262 = DIRECTION ( 'NONE',  ( 6.608470384673550038E-16, 0.000000000000000000, -1.000000000000000000 ) ) ;
#2263 = CARTESIAN_POINT ( 'NONE',  ( -2.346432839248831836, 2.160000000000000142, 0.04570186794230123722 ) ) ;
#2264 = SURFACE_SIDE_STYLE ('',( #9763 ) ) ;
#2265 = VECTOR ( 'NONE', #9601, 1000.000000000000000 ) ;
#2266 = UNCERTAINTY_MEASURE_WITH_UNIT (LENGTH_MEASURE( 1.000000000000000082E-05 ), #2853, 'distance_accuracy_value', 'NONE');
#2267 =( GEOMETRIC_REPRESENTATION_CONTEXT ( 3 ) GLOBAL_UNCERTAINTY_ASSIGNED_CONTEXT ( ( #9058 ) ) GLOBAL_UNIT_ASSIGNED_CONTEXT ( ( #3598, #2089, #1293 ) ) REPRESENTATION_CONTEXT ( 'NONE', 'WORKASPACE' ) );
#2268 = SURFACE_STYLE_FILL_AREA ( #732 ) ;
#2269 = ORIENTED_EDGE ( 'NONE', *, *, #2199, .F. ) ;
#2270 = EDGE_CURVE ( 'NONE', #5449, #6604, #8824, .T. ) ;
#2271 = ORIENTED_EDGE ( 'NONE', *, *, #2084, .F. ) ;
#2272 = DIRECTION ( 'NONE',  ( 0.1039620511844862732, -0.1039620511844975281, 0.9891328443778550916 ) ) ;
#2273 = ORIENTED_EDGE ( 'NONE', *, *, #6044, .F. ) ;
#2274 =( NAMED_UNIT ( * ) PLANE_ANGLE_UNIT ( ) SI_UNIT ( $, .RADIAN. ) );
#2275 = AXIS2_PLACEMENT_3D ( 'NONE', #5855, #8923, #5092 ) ;
#2276 = CARTESIAN_POINT ( 'NONE',  ( 2.450781109342989872, -0.6350000000000000089, 0.2489179246798422229 ) ) ;
#2277 = CIRCLE ( 'NONE', #9548, 0.08000000000000001554 ) ;
#2278 = SURFACE_STYLE_FILL_AREA ( #1437 ) ;
#2279 = COLOUR_RGB ( '',0.2862745098039215508, 0.2862745098039215508, 0.2862745098039215508 ) ;
#2280 = STYLED_ITEM ( 'NONE', ( #3149 ), #6768 ) ;
#2281 = FILL_AREA_STYLE_COLOUR ( '', #8167 ) ;
#2282 = AXIS2_PLACEMENT_3D ( 'NONE', #6153, #1449, #2834 ) ;
#2283 = CIRCLE ( 'NONE', #7957, 0.08000000000000001554 ) ;
#2284 = CARTESIAN_POINT ( 'NONE',  ( -1.468615827805880292, -2.381854378694351571, 1.678362277061410168 ) ) ;
#2285 = ORIENTED_EDGE ( 'NONE', *, *, #5884, .T. ) ;
#2286 = DIRECTION ( 'NONE',  ( -0.000000000000000000, -1.000000000000000000, -0.000000000000000000 ) ) ;
#2287 = FACE_OUTER_BOUND ( 'NONE', #6883, .T. ) ;
#2288 = FILL_AREA_STYLE ('',( #2187 ) ) ;
#2289 = COLOUR_RGB ( '',0.8313725490196077761, 0.8313725490196077761, 0.8313725490196077761 ) ;
#2290 = CARTESIAN_POINT ( 'NONE',  ( -2.005945153285420446, -0.6350000000000000089, 0.7150000000000019673 ) ) ;
#2291 = COLOUR_RGB ( '',0.8313725490196077761, 0.8313725490196077761, 0.8313725490196077761 ) ;
#2292 = LINE ( 'NONE', #4637, #1122 ) ;
#2293 = FILL_AREA_STYLE_COLOUR ( '', #4633 ) ;
#2294 = ADVANCED_FACE ( 'NONE', ( #8909 ), #709, .T. ) ;
#2295 = DIRECTION ( 'NONE',  ( -0.3406351650717839852, -0.8440827718217289721, 0.4141158758490979808 ) ) ;
#2296 = ORIENTED_EDGE ( 'NONE', *, *, #9954, .T. ) ;
#2297 = CARTESIAN_POINT ( 'NONE',  ( 0.2285000000000000364, -1.401000000000000023, 0.1000000000000010048 ) ) ;
#2298 = LINE ( 'NONE', #9836, #46 ) ;
#2299 = CARTESIAN_POINT ( 'NONE',  ( -1.845189659078863897, 2.345189659078863897, 0.1278493596512566000 ) ) ;
#2300 = COLOUR_RGB ( '',0.2862745098039215508, 0.2862745098039215508, 0.2862745098039215508 ) ;
#2301 = EDGE_CURVE ( 'NONE', #1071, #1235, #5031, .T. ) ;
#2302 = EDGE_LOOP ( 'NONE', ( #9245, #3800, #8096, #7840 ) ) ;
#2303 = SURFACE_SIDE_STYLE ('',( #8495 ) ) ;
#2304 = ORIENTED_EDGE ( 'NONE', *, *, #6418, .F. ) ;
#2305 = ORIENTED_EDGE ( 'NONE', *, *, #599, .F. ) ;
#2306 = SURFACE_STYLE_USAGE ( .BOTH. , #979 ) ;
#2307 = CIRCLE ( 'NONE', #891, 0.08000000000000005718 ) ;
#2308 = SURFACE_STYLE_USAGE ( .BOTH. , #2115 ) ;
#2309 = ORIENTED_EDGE ( 'NONE', *, *, #562, .T. ) ;
#2310 = FILL_AREA_STYLE ('',( #9254 ) ) ;
#2311 = FILL_AREA_STYLE_COLOUR ( '', #9003 ) ;
#2312 = PRESENTATION_STYLE_ASSIGNMENT (( #6378 ) ) ;
#2313 = EDGE_CURVE ( 'NONE', #6091, #3451, #4140, .T. ) ;
#2314 = ADVANCED_FACE ( 'NONE', ( #8160 ), #1136, .T. ) ;
#2315 = DIRECTION ( 'NONE',  ( -1.000000000000000000, 0.000000000000000000, 1.779203565104420086E-16 ) ) ;
#2316 = UNCERTAINTY_MEASURE_WITH_UNIT (LENGTH_MEASURE( 1.000000000000000082E-05 ), #762, 'distance_accuracy_value', 'NONE');
#2317 = ORIENTED_EDGE ( 'NONE', *, *, #2411, .F. ) ;
#2318 = DIRECTION ( 'NONE',  ( 0.000000000000000000, 1.000000000000000000, 0.000000000000000000 ) ) ;
#2319 = EDGE_LOOP ( 'NONE', ( #9612, #7509, #1738, #9380 ) ) ;
#2320 = CYLINDRICAL_SURFACE ( 'NONE', #7276, 0.1050000000000000655 ) ;
#2321 = ORIENTED_EDGE ( 'NONE', *, *, #5073, .T. ) ;
#2322 = CARTESIAN_POINT ( 'NONE',  ( -2.458105539086119951, 0.6350000000000000089, 0.3536621499571240279 ) ) ;
#2323 = LINE ( 'NONE', #7699, #3186 ) ;
#2324 = UNCERTAINTY_MEASURE_WITH_UNIT (LENGTH_MEASURE( 1.000000000000000082E-05 ), #7755, 'distance_accuracy_value', 'NONE');
#2325 =( NAMED_UNIT ( * ) SI_UNIT ( $, .STERADIAN. ) SOLID_ANGLE_UNIT ( ) );
#2326 = DIRECTION ( 'NONE',  ( -0.9945218953682730678, -1.084202172485503330E-14, -0.1045284632676558995 ) ) ;
#2327 = ORIENTED_EDGE ( 'NONE', *, *, #3860, .T. ) ;
#2328 = DIRECTION ( 'NONE',  ( -0.000000000000000000, -1.000000000000000000, -0.000000000000000000 ) ) ;
#2329 = DIRECTION ( 'NONE',  ( 0.000000000000000000, 0.000000000000000000, -1.000000000000000000 ) ) ;
#2330 = DIRECTION ( 'NONE',  ( 0.000000000000000000, -0.000000000000000000, 1.000000000000000000 ) ) ;
#2331 =( NAMED_UNIT ( * ) PLANE_ANGLE_UNIT ( ) SI_UNIT ( $, .RADIAN. ) );
#2332 = UNCERTAINTY_MEASURE_WITH_UNIT (LENGTH_MEASURE( 1.000000000000000082E-05 ), #9460, 'distance_accuracy_value', 'NONE');
#2333 = CARTESIAN_POINT ( 'NONE',  ( 1.802292627064886243, -2.381854378694349350, 0.1716377229385885328 ) ) ;
#2334 = CARTESIAN_POINT ( 'NONE',  ( -1.189405335455050006, 0.6350000000000000089, 0.8200000000000009504 ) ) ;
#2335 = FILL_AREA_STYLE ('',( #804 ) ) ;
#2336 = ORIENTED_EDGE ( 'NONE', *, *, #3354, .F. ) ;
#2337 = DIRECTION ( 'NONE',  ( -0.000000000000000000, 1.000000000000000000, -0.000000000000000000 ) ) ;
#2338 = SURFACE_SIDE_STYLE ('',( #4697 ) ) ;
#2339 = SURFACE_STYLE_FILL_AREA ( #8691 ) ;
#2340 = SURFACE_STYLE_FILL_AREA ( #3804 ) ;
#2341 = DIRECTION ( 'NONE',  ( 0.000000000000000000, -1.000000000000000000, 0.000000000000000000 ) ) ;
#2342 = SURFACE_SIDE_STYLE ('',( #3259 ) ) ;
#2343 = DIRECTION ( 'NONE',  ( -1.000000000000000000, 0.000000000000000000, 1.779203565104420086E-16 ) ) ;
#2344 = ORIENTED_EDGE ( 'NONE', *, *, #599, .T. ) ;
#2345 = VECTOR ( 'NONE', #8711, 1000.000000000000000 ) ;
#2346 = ORIENTED_EDGE ( 'NONE', *, *, #7, .F. ) ;
#2347 = PRODUCT ( 'ADP7142ARDZ-R7', 'ADP7142ARDZ-R7', '', ( #2870 ) ) ;
#2348 = ORIENTED_EDGE ( 'NONE', *, *, #4533, .F. ) ;
#2349 = CARTESIAN_POINT ( 'NONE',  ( -3.000000000000000000, -0.3800000000000000044, 0.000000000000000000 ) ) ;
#2350 = EDGE_CURVE ( 'NONE', #3676, #8362, #3573, .T. ) ;
#2351 = CARTESIAN_POINT ( 'NONE',  ( -2.005945153285420446, 0.8900000000000000133, 0.8200000000000011724 ) ) ;
#2352 = ORIENTED_EDGE ( 'NONE', *, *, #6401, .T. ) ;
#2353 = CARTESIAN_POINT ( 'NONE',  ( 1.044999999999999929, -1.145000000000000018, 0.1000000000000010048 ) ) ;
#2354 =( BOUNDED_SURFACE ( )  B_SPLINE_SURFACE ( 3, 3, ( 
 ( #9450, #4871, #322, #273 ),
 ( #2559, #7945, #5078, #8905 ),
 ( #1083, #5789, #4935, #7129 ),
 ( #7182, #8050, #2705, #1770 ) ),
 .UNSPECIFIED., .F., .F., .T. ) 
 B_SPLINE_SURFACE_WITH_KNOTS ( ( 4, 4 ),
 ( 4, 4 ),
 ( 0.000000000000000000, 1.000000000000000000 ),
 ( 0.000000000000000000, 1.000000000000000000 ),
 .UNSPECIFIED. ) 
 GEOMETRIC_REPRESENTATION_ITEM ( )  RATIONAL_B_SPLINE_SURFACE ( (
 ( 1.000000000000000000, 0.3333333333333387549, 0.3333333333333387549, 1.000000000000000000),
 ( 0.9290532412555485564, 0.3096844137518545703, 0.3096844137518545703, 0.9290532412555485564),
 ( 0.9290532412555485564, 0.3096844137518545703, 0.3096844137518545703, 0.9290532412555485564),
 ( 1.000000000000000000, 0.3333333333333387549, 0.3333333333333387549, 1.000000000000000000) ) ) 
 REPRESENTATION_ITEM ( '' )  SURFACE ( )  );
#2355 = PLANE ( 'NONE',  #1171 ) ;
#2356 = UNCERTAINTY_MEASURE_WITH_UNIT (LENGTH_MEASURE( 1.000000000000000082E-05 ), #872, 'distance_accuracy_value', 'NONE');
#2357 = FILL_AREA_STYLE_COLOUR ( '', #5299 ) ;
#2358 = CARTESIAN_POINT ( 'NONE',  ( -1.468615827805880292, 2.302292627064889796, 1.670000000000000151 ) ) ;
#2359 = DIRECTION ( 'NONE',  ( 0.000000000000000000, -1.000000000000000000, -0.000000000000000000 ) ) ;
#2360 = CIRCLE ( 'NONE', #5480, 0.08000000000000070943 ) ;
#2361 = ORIENTED_EDGE ( 'NONE', *, *, #9001, .T. ) ;
#2362 = DIRECTION ( 'NONE',  ( -1.000000000000000000, -0.000000000000000000, -0.000000000000000000 ) ) ;
#2363 = ORIENTED_EDGE ( 'NONE', *, *, #7, .T. ) ;
#2364 = LINE ( 'NONE', #783, #8572 ) ;
#2365 = ADVANCED_FACE ( 'NONE', ( #7525 ), #9040, .T. ) ;
#2366 = FACE_OUTER_BOUND ( 'NONE', #7268, .T. ) ;
#2367 = MECHANICAL_DESIGN_GEOMETRIC_PRESENTATION_REPRESENTATION (  '', ( #1739 ), #6258 ) ;
#2368 =( LENGTH_UNIT ( ) NAMED_UNIT ( * ) SI_UNIT ( .MILLI., .METRE. ) );
#2369 = PRESENTATION_LAYER_ASSIGNMENT (  '', '', ( #2849 ) ) ;
#2370 = PRESENTATION_STYLE_ASSIGNMENT (( #4919 ) ) ;
#2371 = EDGE_CURVE ( 'NONE', #1468, #85, #5118, .T. ) ;
#2372 = ORIENTED_EDGE ( 'NONE', *, *, #5397, .T. ) ;
#2373 = EDGE_CURVE ( 'NONE', #2164, #5673, #6722, .T. ) ;
#2374 = CARTESIAN_POINT ( 'NONE',  ( 2.102415215385780023, 1.649999999999999911, 0.8200000000000019496 ) ) ;
#2375 = STYLED_ITEM ( 'NONE', ( #9330 ), #9475 ) ;
#2376 = CARTESIAN_POINT ( 'NONE',  ( 2.110569391858569954, -1.649999999999999911, 0.7238751734061580345 ) ) ;
#2377 =( LENGTH_UNIT ( ) NAMED_UNIT ( * ) SI_UNIT ( .MILLI., .METRE. ) );
#2378 = FACE_OUTER_BOUND ( 'NONE', #7347, .T. ) ;
#2379 = COLOUR_RGB ( '',0.2862745098039215508, 0.2862745098039215508, 0.2862745098039215508 ) ;
#2380 = FILL_AREA_STYLE_COLOUR ( '', #2697 ) ;
#2381 = PLANE ( 'NONE',  #8696 ) ;
#2382 = PRESENTATION_STYLE_ASSIGNMENT (( #3137 ) ) ;
#2383 = CARTESIAN_POINT ( 'NONE',  ( 1.928793852439659950, 0.8900000000000000133, 1.030000000000000027 ) ) ;
#2384 = FILL_AREA_STYLE ('',( #7674 ) ) ;
#2385 = ORIENTED_EDGE ( 'NONE', *, *, #677, .F. ) ;
#2386 = VECTOR ( 'NONE', #4789, 1000.000000000000000 ) ;
#2387 = EDGE_CURVE ( 'NONE', #7788, #4327, #4396, .T. ) ;
#2388 = SURFACE_STYLE_USAGE ( .BOTH. , #3253 ) ;
#2389 = CIRCLE ( 'NONE', #2082, 0.07999999999999998779 ) ;
#2390 = FILL_AREA_STYLE ('',( #9328 ) ) ;
#2391 =( NAMED_UNIT ( * ) SI_UNIT ( $, .STERADIAN. ) SOLID_ANGLE_UNIT ( ) );
#2392 = DIRECTION ( 'NONE',  ( -0.9975640502598241977, -0.000000000000000000, -0.06975647374412552448 ) ) ;
#2393 = CARTESIAN_POINT ( 'NONE',  ( -1.845189659078864564, -2.345189659078863897, 0.1278493596512566555 ) ) ;
#2394 = ORIENTED_EDGE ( 'NONE', *, *, #1453, .T. ) ;
#2395 =( GEOMETRIC_REPRESENTATION_CONTEXT ( 3 ) GLOBAL_UNCERTAINTY_ASSIGNED_CONTEXT ( ( #3949 ) ) GLOBAL_UNIT_ASSIGNED_CONTEXT ( ( #882, #8611, #7032 ) ) REPRESENTATION_CONTEXT ( 'NONE', 'WORKASPACE' ) );
#2396 = CARTESIAN_POINT ( 'NONE',  ( -1.870437054507610108, 2.449998806137078322, 1.030011358846979697 ) ) ;
#2397 = CARTESIAN_POINT ( 'NONE',  ( -1.145000000000000018, 1.044999999999999929, 0.3000000000000009881 ) ) ;
#2398 = VERTEX_POINT ( 'NONE', #661 ) ;
#2399 = ORIENTED_EDGE ( 'NONE', *, *, #5763, .F. ) ;
#2400 =( LENGTH_UNIT ( ) NAMED_UNIT ( * ) SI_UNIT ( .MILLI., .METRE. ) );
#2401 = CYLINDRICAL_SURFACE ( 'NONE', #8435, 0.07999999999999998779 ) ;
#2402 = LINE ( 'NONE', #5643, #6771 ) ;
#2403 = EDGE_LOOP ( 'NONE', ( #5686, #2931, #9267, #8274 ) ) ;
#2404 = DIRECTION ( 'NONE',  ( 1.000000000000000000, 0.000000000000000000, -2.846725704167069772E-16 ) ) ;
#2405 = CIRCLE ( 'NONE', #8090, 0.07999999999999947431 ) ;
#2406 = LINE ( 'NONE', #7221, #7878 ) ;
#2407 =( GEOMETRIC_REPRESENTATION_CONTEXT ( 3 ) GLOBAL_UNCERTAINTY_ASSIGNED_CONTEXT ( ( #3125 ) ) GLOBAL_UNIT_ASSIGNED_CONTEXT ( ( #4052, #338, #1050 ) ) REPRESENTATION_CONTEXT ( 'NONE', 'WORKASPACE' ) );
#2408 = CYLINDRICAL_SURFACE ( 'NONE', #8584, 0.2100000000000000477 ) ;
#2409 = FILL_AREA_STYLE_COLOUR ( '', #1809 ) ;
#2410 = UNCERTAINTY_MEASURE_WITH_UNIT (LENGTH_MEASURE( 1.000000000000000082E-05 ), #755, 'distance_accuracy_value', 'NONE');
#2411 = EDGE_CURVE ( 'NONE', #4129, #6772, #578, .T. ) ;
#2412 =( LENGTH_UNIT ( ) NAMED_UNIT ( * ) SI_UNIT ( .MILLI., .METRE. ) );
#2413 = PRESENTATION_LAYER_ASSIGNMENT (  '', '', ( #7758 ) ) ;
#2414 = ORIENTED_EDGE ( 'NONE', *, *, #3729, .T. ) ;
#2415 = CIRCLE ( 'NONE', #1797, 0.08000000000000005718 ) ;
#2416 = ORIENTED_EDGE ( 'NONE', *, *, #1413, .T. ) ;
#2417 = FACE_OUTER_BOUND ( 'NONE', #4928, .T. ) ;
#2418 = VECTOR ( 'NONE', #9642, 1000.000000000000000 ) ;
#2419 = DIRECTION ( 'NONE',  ( -1.000000000000000000, -0.000000000000000000, 2.846725704167069772E-16 ) ) ;
#2420 =( NAMED_UNIT ( * ) SI_UNIT ( $, .STERADIAN. ) SOLID_ANGLE_UNIT ( ) );
#2421 = CARTESIAN_POINT ( 'NONE',  ( -2.450781109342988096, -2.160000000000000142, 0.2489179246798427503 ) ) ;
#2422 = PRESENTATION_LAYER_ASSIGNMENT (  '', '', ( #5206 ) ) ;
#2423 = VECTOR ( 'NONE', #5849, 1000.000000000000000 ) ;
#2424 = STYLED_ITEM ( 'NONE', ( #7638 ), #3157 ) ;
#2425 = EDGE_CURVE ( 'NONE', #94, #7866, #9792, .T. ) ;
#2426 = LINE ( 'NONE', #9463, #6373 ) ;
#2427 = COLOUR_RGB ( '',0.8313725490196077761, 0.8313725490196077761, 0.8313725490196077761 ) ;
#2428 = ORIENTED_EDGE ( 'NONE', *, *, #7077, .T. ) ;
#2429 = CARTESIAN_POINT ( 'NONE',  ( -1.881854378694351348, 0.000000000000000000, 0.1716377229385889214 ) ) ;
#2430 = STYLED_ITEM ( 'NONE', ( #4071 ), #3467 ) ;
#2431 = SURFACE_SIDE_STYLE ('',( #2487 ) ) ;
#2432 = LINE ( 'NONE', #7821, #5524 ) ;
#2433 = AXIS2_PLACEMENT_3D ( 'NONE', #7752, #4890, #995 ) ;
#2434 = CARTESIAN_POINT ( 'NONE',  ( -1.837171350119500168, 2.337171350119500168, 1.338151117160520043 ) ) ;
#2435 = CARTESIAN_POINT ( 'NONE',  ( 1.145000000000000018, 1.145000000000000018, 0.1000000000000010048 ) ) ;
#2436 = MECHANICAL_DESIGN_GEOMETRIC_PRESENTATION_REPRESENTATION (  '', ( #2123 ), #3718 ) ;
#2437 = EDGE_CURVE ( 'NONE', #6743, #4042, #9093, .T. ) ;
#2438 = AXIS2_PLACEMENT_3D ( 'NONE', #4968, #453, #4171 ) ;
#2439 = DIRECTION ( 'NONE',  ( -0.9945218953682734009, 5.421010862427518226E-15, -0.1045284632676532210 ) ) ;
#2440 =( GEOMETRIC_REPRESENTATION_CONTEXT ( 3 ) GLOBAL_UNCERTAINTY_ASSIGNED_CONTEXT ( ( #744 ) ) GLOBAL_UNIT_ASSIGNED_CONTEXT ( ( #5940, #9056, #9761 ) ) REPRESENTATION_CONTEXT ( 'NONE', 'WORKASPACE' ) );
#2441 = PRESENTATION_STYLE_ASSIGNMENT (( #4067 ) ) ;
#2442 = ORIENTED_EDGE ( 'NONE', *, *, #1718, .F. ) ;
#2443 = AXIS2_PLACEMENT_3D ( 'NONE', #4495, #3867, #9930 ) ;
#2444 = CYLINDRICAL_SURFACE ( 'NONE', #221, 0.08000000000000005718 ) ;
#2445 = CARTESIAN_POINT ( 'NONE',  ( -1.468615827805880292, 2.302292627064889796, 1.670000000000000373 ) ) ;
#2446 = COLOUR_RGB ( '',0.2862745098039215508, 0.2862745098039215508, 0.2862745098039215508 ) ;
#2447 = DIRECTION ( 'NONE',  ( -3.040008243693350015E-16, 0.000000000000000000, 1.000000000000000000 ) ) ;
#2448 =( LENGTH_UNIT ( ) NAMED_UNIT ( * ) SI_UNIT ( .MILLI., .METRE. ) );
#2449 = LINE ( 'NONE', #7929, #9150 ) ;
#2450 = CARTESIAN_POINT ( 'NONE',  ( -3.000000000000000444, -1.649999999999999689, 1.310077625086651109E-16 ) ) ;
#2451 = VERTEX_POINT ( 'NONE', #2950 ) ;
#2452 = VERTEX_POINT ( 'NONE', #5285 ) ;
#2453 = LINE ( 'NONE', #2500, #1024 ) ;
#2454 = CARTESIAN_POINT ( 'NONE',  ( 2.151833221588803635, -1.649999999999999911, 0.2374399716845534414 ) ) ;
#2455 = STYLED_ITEM ( 'NONE', ( #1685 ), #5005 ) ;
#2456 = ORIENTED_EDGE ( 'NONE', *, *, #9364, .T. ) ;
#2457 = ORIENTED_EDGE ( 'NONE', *, *, #552, .T. ) ;
#2458 = CARTESIAN_POINT ( 'NONE',  ( 2.450781109342988096, 2.160000000000000142, 0.2489179246798426948 ) ) ;
#2459 = LINE ( 'NONE', #168, #4382 ) ;
#2460 =( LENGTH_UNIT ( ) NAMED_UNIT ( * ) SI_UNIT ( .MILLI., .METRE. ) );
#2461 = PLANE ( 'NONE',  #7292 ) ;
#2462 = VECTOR ( 'NONE', #4775, 1000.000000000000000 ) ;
#2463 = ORIENTED_EDGE ( 'NONE', *, *, #7869, .F. ) ;
#2464 = DIRECTION ( 'NONE',  ( -0.000000000000000000, -1.000000000000000000, 0.000000000000000000 ) ) ;
#2465 = FILL_AREA_STYLE ('',( #7220 ) ) ;
#2466 = CIRCLE ( 'NONE', #1518, 0.1050000000000000100 ) ;
#2467 =( LENGTH_UNIT ( ) NAMED_UNIT ( * ) SI_UNIT ( .MILLI., .METRE. ) );
#2468 = UNCERTAINTY_MEASURE_WITH_UNIT (LENGTH_MEASURE( 1.000000000000000082E-05 ), #365, 'distance_accuracy_value', 'NONE');
#2469 = DIRECTION ( 'NONE',  ( 1.000000000000000000, 0.000000000000000000, 0.000000000000000000 ) ) ;
#2470 = DIRECTION ( 'NONE',  ( -0.000000000000000000, 1.000000000000000000, 0.000000000000000000 ) ) ;
#2471 = MECHANICAL_DESIGN_GEOMETRIC_PRESENTATION_REPRESENTATION (  '', ( #6523 ), #721 ) ;
#2472 = ORIENTED_EDGE ( 'NONE', *, *, #6097, .T. ) ;
#2473 = CIRCLE ( 'NONE', #3749, 0.2100000000000000755 ) ;
#2474 = ORIENTED_EDGE ( 'NONE', *, *, #8319, .T. ) ;
#2475 = PLANE ( 'NONE',  #7764 ) ;
#2476 = PRESENTATION_STYLE_ASSIGNMENT (( #7809 ) ) ;
#2477 = ADVANCED_FACE ( 'NONE', ( #9855 ), #673, .T. ) ;
#2478 =( NAMED_UNIT ( * ) PLANE_ANGLE_UNIT ( ) SI_UNIT ( $, .RADIAN. ) );
#2479 = LINE ( 'NONE', #7090, #5561 ) ;
#2480 = PRESENTATION_LAYER_ASSIGNMENT (  '', '', ( #3105 ) ) ;
#2481 = VECTOR ( 'NONE', #2482, 999.9999999999998863 ) ;
#2482 = DIRECTION ( 'NONE',  ( 0.08452546101100746889, -0.000000000000000000, 0.9964213197442519654 ) ) ;
#2483 =( BOUNDED_SURFACE ( )  B_SPLINE_SURFACE ( 3, 3, ( 
 ( #1248, #8847, #8143, #5157 ),
 ( #1948, #5062, #4277, #6558 ),
 ( #4320, #1067, #7206, #454 ),
 ( #8084, #7314, #8808, #9735 ) ),
 .UNSPECIFIED., .F., .F., .T. ) 
 B_SPLINE_SURFACE_WITH_KNOTS ( ( 4, 4 ),
 ( 4, 4 ),
 ( 0.000000000000000000, 1.000000000000000000 ),
 ( 0.000000000000000000, 1.000000000000000000 ),
 .UNSPECIFIED. ) 
 GEOMETRIC_REPRESENTATION_ITEM ( )  RATIONAL_B_SPLINE_SURFACE ( (
 ( 1.000000000000000000, 0.3333333333333277637, 0.3333333333333277637, 1.000000000000000000),
 ( 0.9290532412555461139, 0.3096844137518435236, 0.3096844137518435236, 0.9290532412555461139),
 ( 0.9290532412555461139, 0.3096844137518435236, 0.3096844137518435236, 0.9290532412555461139),
 ( 1.000000000000000000, 0.3333333333333277637, 0.3333333333333277637, 1.000000000000000000) ) ) 
 REPRESENTATION_ITEM ( '' )  SURFACE ( )  );
#2484 = LINE ( 'NONE', #5611, #8264 ) ;
#2485 = ORIENTED_EDGE ( 'NONE', *, *, #253, .F. ) ;
#2486 = ADVANCED_FACE ( 'NONE', ( #5183 ), #6832, .F. ) ;
#2487 = SURFACE_STYLE_FILL_AREA ( #8578 ) ;
#2488 = SURFACE_STYLE_USAGE ( .BOTH. , #3083 ) ;
#2489 = CARTESIAN_POINT ( 'NONE',  ( 1.928793852439659950, 0.8900000000000000133, 0.8200000000000009504 ) ) ;
#2490 = CARTESIAN_POINT ( 'NONE',  ( 6.938893903907229610E-17, -1.500999999999999890, 0.1000000000000010048 ) ) ;
#2491 = CARTESIAN_POINT ( 'NONE',  ( 1.949999999999999956, 1.145000000000000018, 0.1000000000000000056 ) ) ;
#2492 = LINE ( 'NONE', #5726, #9424 ) ;
#2493 = EDGE_CURVE ( 'NONE', #766, #179, #2216, .T. ) ;
#2494 = ADVANCED_FACE ( 'NONE', ( #5130 ), #8268, .T. ) ;
#2495 = CARTESIAN_POINT ( 'NONE',  ( 0.1285000000000000031, -1.401000000000000023, 0.1000000000000010048 ) ) ;
#2496 =( LENGTH_UNIT ( ) NAMED_UNIT ( * ) SI_UNIT ( .MILLI., .METRE. ) );
#2497 = DIRECTION ( 'NONE',  ( 0.000000000000000000, -0.000000000000000000, 1.000000000000000000 ) ) ;
#2498 = LINE ( 'NONE', #8753, #9817 ) ;
#2499 = CARTESIAN_POINT ( 'NONE',  ( 1.145000000000000018, -1.044999999999999929, 0.1000000000000009076 ) ) ;
#2500 = CARTESIAN_POINT ( 'NONE',  ( -1.189405335455050006, -2.160000000000000142, 0.7114753820237430526 ) ) ;
#2501 = CARTESIAN_POINT ( 'NONE',  ( -2.102415215385780023, 1.649999999999999911, 0.8200000000000009504 ) ) ;
#2502 = VERTEX_POINT ( 'NONE', #7928 ) ;
#2503 = EDGE_LOOP ( 'NONE', ( #9843, #4573, #3166, #5819, #2428, #8546, #7781, #2669, #6280, #7577, #1986, #7259 ) ) ;
#2504 = ORIENTED_EDGE ( 'NONE', *, *, #252, .T. ) ;
#2505 = EDGE_CURVE ( 'NONE', #7216, #4003, #7456, .T. ) ;
#2506 = ADVANCED_FACE ( 'NONE', ( #3969 ), #158, .F. ) ;
#2507 = PRESENTATION_STYLE_ASSIGNMENT (( #879 ) ) ;
#2508 =( NAMED_UNIT ( * ) SI_UNIT ( $, .STERADIAN. ) SOLID_ANGLE_UNIT ( ) );
#2509 = ORIENTED_EDGE ( 'NONE', *, *, #5565, .T. ) ;
#2510 = FACE_OUTER_BOUND ( 'NONE', #843, .T. ) ;
#2511 = DIRECTION ( 'NONE',  ( 0.000000000000000000, -1.000000000000000000, -0.000000000000000000 ) ) ;
#2512 = DIRECTION ( 'NONE',  ( 0.9975640502598241977, 0.000000000000000000, -0.06975647374412552448 ) ) ;
#2513 = UNCERTAINTY_MEASURE_WITH_UNIT (LENGTH_MEASURE( 1.000000000000000082E-05 ), #2885, 'distance_accuracy_value', 'NONE');
#2514 = ORIENTED_EDGE ( 'NONE', *, *, #2745, .F. ) ;
#2515 = CLOSED_SHELL ( 'NONE', ( #4104, #5119, #2070, #5461, #2920, #9258, #4778, #5997, #7702, #510, #7670, #2969, #2314, #935 ) ) ;
#2516 = ORIENTED_EDGE ( 'NONE', *, *, #1280, .T. ) ;
#2517 = SURFACE_SIDE_STYLE ('',( #279 ) ) ;
#2518 = SURFACE_SIDE_STYLE ('',( #1925 ) ) ;
#2519 = SURFACE_STYLE_FILL_AREA ( #5090 ) ;
#2520 = DIRECTION ( 'NONE',  ( -1.000000000000000000, -0.000000000000000000, 2.846725704167069772E-16 ) ) ;
#2521 = MECHANICAL_DESIGN_GEOMETRIC_PRESENTATION_REPRESENTATION (  '', ( #2837 ), #6739 ) ;
#2522 = PRESENTATION_LAYER_ASSIGNMENT (  '', '', ( #9641 ) ) ;
#2523 = DIRECTION ( 'NONE',  ( 0.000000000000000000, 1.000000000000000000, -0.000000000000000000 ) ) ;
#2524 = SURFACE_STYLE_FILL_AREA ( #5569 ) ;
#2525 = ORIENTED_EDGE ( 'NONE', *, *, #5397, .F. ) ;
#2526 = AXIS2_PLACEMENT_3D ( 'NONE', #428, #8254, #5929 ) ;
#2527 = MECHANICAL_DESIGN_GEOMETRIC_PRESENTATION_REPRESENTATION (  '', ( #7880 ), #7714 ) ;
#2528 = LINE ( 'NONE', #8965, #2423 ) ;
#2529 = CARTESIAN_POINT ( 'NONE',  ( -1.144999999999999796, -1.044999999999999929, 0.1000000000000007827 ) ) ;
#2530 = CARTESIAN_POINT ( 'NONE',  ( -0.2285000000000000364, 1.145000000000000018, 0.1000000000000010048 ) ) ;
#2531 = PRESENTATION_STYLE_ASSIGNMENT (( #141 ) ) ;
#2532 =( LENGTH_UNIT ( ) NAMED_UNIT ( * ) SI_UNIT ( .MILLI., .METRE. ) );
#2533 = PRESENTATION_LAYER_ASSIGNMENT (  '', '', ( #7719 ) ) ;
#2534 = EDGE_CURVE ( 'NONE', #2998, #3831, #261, .T. ) ;
#2535 = VECTOR ( 'NONE', #3200, 999.9999999999998863 ) ;
#2536 = FILL_AREA_STYLE ('',( #6504 ) ) ;
#2537 = ORIENTED_EDGE ( 'NONE', *, *, #5058, .T. ) ;
#2538 = CARTESIAN_POINT ( 'NONE',  ( -0.2285000000000000364, 1.401000000000000023, 0.1000000000000006994 ) ) ;
#2539 = CARTESIAN_POINT ( 'NONE',  ( -1.189405335455050228, 0.6350000000000000089, 0.8200000000000009504 ) ) ;
#2540 =( GEOMETRIC_REPRESENTATION_CONTEXT ( 3 ) GLOBAL_UNCERTAINTY_ASSIGNED_CONTEXT ( ( #38 ) ) GLOBAL_UNIT_ASSIGNED_CONTEXT ( ( #4746, #8525, #6297 ) ) REPRESENTATION_CONTEXT ( 'NONE', 'WORKASPACE' ) );
#2541 = CARTESIAN_POINT ( 'NONE',  ( 1.189405335455050006, -1.905000000000000027, 0.8200000000000009504 ) ) ;
#2542 = DIRECTION ( 'NONE',  ( 0.000000000000000000, -1.000000000000000000, 0.000000000000000000 ) ) ;
#2543 = DIRECTION ( 'NONE',  ( -0.9945218953682734009, -5.421010862427518226E-15, 0.1045284632676532210 ) ) ;
#2544 = AXIS2_PLACEMENT_3D ( 'NONE', #8663, #4874, #274 ) ;
#2545 = LINE ( 'NONE', #4922, #5303 ) ;
#2546 = ORIENTED_EDGE ( 'NONE', *, *, #4166, .F. ) ;
#2547 = EDGE_CURVE ( 'NONE', #3737, #2819, #8648, .T. ) ;
#2548 = CIRCLE ( 'NONE', #9343, 0.1050000000000000655 ) ;
#2549 = DIRECTION ( 'NONE',  ( 0.5362129001746844814, -0.5362129001746763768, 0.6518830043593071277 ) ) ;
#2550 = CARTESIAN_POINT ( 'NONE',  ( 2.361081698735099987, 2.160000000000000142, 0.2551903184968640215 ) ) ;
#2551 = ORIENTED_EDGE ( 'NONE', *, *, #5072, .T. ) ;
#2552 = AXIS2_PLACEMENT_3D ( 'NONE', #5426, #2947, #9186 ) ;
#2553 = DIRECTION ( 'NONE',  ( -0.6691306063588580155, 0.000000000000000000, 0.7431448254773942441 ) ) ;
#2554 = VERTEX_POINT ( 'NONE', #969 ) ;
#2555 = CARTESIAN_POINT ( 'NONE',  ( -1.870218527253805219, -2.449999403068539028, 1.030005679423489973 ) ) ;
#2556 = FACE_BOUND ( 'NONE', #5745, .T. ) ;
#2557 = SURFACE_STYLE_FILL_AREA ( #880 ) ;
#2558 = VERTEX_POINT ( 'NONE', #1711 ) ;
#2559 = CARTESIAN_POINT ( 'NONE',  ( -1.865091647517192586, 2.345189659078864342, 0.1442199397528928784 ) ) ;
#2560 = SURFACE_STYLE_USAGE ( .BOTH. , #5549 ) ;
#2561 = LINE ( 'NONE', #885, #4826 ) ;
#2562 = CARTESIAN_POINT ( 'NONE',  ( -1.825287670640534543, 2.345189659078863897, 0.1114787795496204742 ) ) ;
#2563 = CIRCLE ( 'NONE', #9669, 0.2100000000000000477 ) ;
#2564 =( LENGTH_UNIT ( ) NAMED_UNIT ( * ) SI_UNIT ( .MILLI., .METRE. ) );
#2565 = MECHANICAL_DESIGN_GEOMETRIC_PRESENTATION_REPRESENTATION (  '', ( #9201 ), #1456 ) ;
#2566 = EDGE_CURVE ( 'NONE', #9793, #8904, #9730, .T. ) ;
#2567 = ADVANCED_FACE ( 'NONE', ( #6405 ), #211, .F. ) ;
#2568 = ORIENTED_EDGE ( 'NONE', *, *, #8948, .F. ) ;
#2569 = STYLED_ITEM ( 'NONE', ( #5266 ), #8164 ) ;
#2570 = ORIENTED_EDGE ( 'NONE', *, *, #1591, .T. ) ;
#2571 =( NAMED_UNIT ( * ) SI_UNIT ( $, .STERADIAN. ) SOLID_ANGLE_UNIT ( ) );
#2572 =( GEOMETRIC_REPRESENTATION_CONTEXT ( 3 ) GLOBAL_UNCERTAINTY_ASSIGNED_CONTEXT ( ( #8971 ) ) GLOBAL_UNIT_ASSIGNED_CONTEXT ( ( #1780, #1042, #4405 ) ) REPRESENTATION_CONTEXT ( 'NONE', 'WORKASPACE' ) );
#2573 = SURFACE_STYLE_USAGE ( .BOTH. , #280 ) ;
#2574 = FACE_OUTER_BOUND ( 'NONE', #8702, .T. ) ;
#2575 = UNCERTAINTY_MEASURE_WITH_UNIT (LENGTH_MEASURE( 1.000000000000000082E-05 ), #4625, 'distance_accuracy_value', 'NONE');
#2576 = MECHANICAL_DESIGN_GEOMETRIC_PRESENTATION_REPRESENTATION (  '', ( #3218 ), #8898 ) ;
#2577 = ORIENTED_EDGE ( 'NONE', *, *, #1216, .F. ) ;
#2578 = CARTESIAN_POINT ( 'NONE',  ( 2.450781109342989872, 1.905000000000000027, 0.2489179246798422229 ) ) ;
#2579 = STYLED_ITEM ( 'NONE', ( #1607 ), #1822 ) ;
#2580 = ORIENTED_EDGE ( 'NONE', *, *, #5637, .F. ) ;
#2581 = DIRECTION ( 'NONE',  ( -1.000000000000000000, 0.000000000000000000, 3.040008243693350015E-16 ) ) ;
#2582 = STYLED_ITEM ( 'NONE', ( #1656 ), #6210 ) ;
#2583 = ORIENTED_EDGE ( 'NONE', *, *, #8080, .F. ) ;
#2584 = VECTOR ( 'NONE', #8365, 1000.000000000000000 ) ;
#2585 = LINE ( 'NONE', #4311, #7805 ) ;
#2586 =( NAMED_UNIT ( * ) SI_UNIT ( $, .STERADIAN. ) SOLID_ANGLE_UNIT ( ) );
#2587 = DIRECTION ( 'NONE',  ( 0.000000000000000000, 1.000000000000000000, 0.000000000000000000 ) ) ;
#2588 = AXIS2_PLACEMENT_3D ( 'NONE', #7131, #4614, #3514 ) ;
#2589 = STYLED_ITEM ( 'NONE', ( #9771 ), #1891 ) ;
#2590 = FILL_AREA_STYLE_COLOUR ( '', #6831 ) ;
#2591 =( GEOMETRIC_REPRESENTATION_CONTEXT ( 3 ) GLOBAL_UNCERTAINTY_ASSIGNED_CONTEXT ( ( #9146 ) ) GLOBAL_UNIT_ASSIGNED_CONTEXT ( ( #6955, #2195, #57 ) ) REPRESENTATION_CONTEXT ( 'NONE', 'WORKASPACE' ) );
#2592 = DIRECTION ( 'NONE',  ( -0.000000000000000000, -1.000000000000000000, -0.000000000000000000 ) ) ;
#2593 = PRESENTATION_LAYER_ASSIGNMENT (  '', '', ( #1488 ) ) ;
#2594 = COLOUR_RGB ( '',0.8313725490196077761, 0.8313725490196077761, 0.8313725490196077761 ) ;
#2595 =( LENGTH_UNIT ( ) NAMED_UNIT ( * ) SI_UNIT ( .MILLI., .METRE. ) );
#2596 = ORIENTED_EDGE ( 'NONE', *, *, #44, .F. ) ;
#2597 = FILL_AREA_STYLE ('',( #7458 ) ) ;
#2598 = PRESENTATION_LAYER_ASSIGNMENT (  '', '', ( #6171 ) ) ;
#2599 = DIRECTION ( 'NONE',  ( 0.000000000000000000, 1.000000000000000000, 0.000000000000000000 ) ) ;
#2600 = AXIS2_PLACEMENT_3D ( 'NONE', #5652, #8712, #2469 ) ;
#2601 = EDGE_CURVE ( 'NONE', #8527, #4097, #5455, .T. ) ;
#2602 = MECHANICAL_DESIGN_GEOMETRIC_PRESENTATION_REPRESENTATION (  '', ( #4565 ), #6493 ) ;
#2603 = DIRECTION ( 'NONE',  ( -0.000000000000000000, -0.000000000000000000, -1.000000000000000000 ) ) ;
#2604 =( NAMED_UNIT ( * ) SI_UNIT ( $, .STERADIAN. ) SOLID_ANGLE_UNIT ( ) );
#2605 = VECTOR ( 'NONE', #5024, 1000.000000000000000 ) ;
#2606 = DIRECTION ( 'NONE',  ( 0.000000000000000000, -1.000000000000000000, -0.000000000000000000 ) ) ;
#2607 = ORIENTED_EDGE ( 'NONE', *, *, #5587, .T. ) ;
#2608 = FILL_AREA_STYLE ('',( #5633 ) ) ;
#2609 = LINE ( 'NONE', #6412, #8946 ) ;
#2610 = COLOUR_RGB ( '',0.2862745098039215508, 0.2862745098039215508, 0.2862745098039215508 ) ;
#2611 = PRESENTATION_STYLE_ASSIGNMENT (( #7263 ) ) ;
#2612 = ORIENTED_EDGE ( 'NONE', *, *, #4579, .F. ) ;
#2613 = STYLED_ITEM ( 'NONE', ( #2972 ), #3730 ) ;
#2614 = FACE_OUTER_BOUND ( 'NONE', #9412, .T. ) ;
#2615 = ORIENTED_EDGE ( 'NONE', *, *, #3662, .T. ) ;
#2616 = DIRECTION ( 'NONE',  ( 1.000000000000000000, 0.000000000000000000, 0.000000000000000000 ) ) ;
#2617 = FILL_AREA_STYLE_COLOUR ( '', #7761 ) ;
#2618 = FACE_OUTER_BOUND ( 'NONE', #5495, .T. ) ;
#2619 = ORIENTED_EDGE ( 'NONE', *, *, #5045, .F. ) ;
#2620 = FILL_AREA_STYLE ('',( #3314 ) ) ;
#2621 = EDGE_CURVE ( 'NONE', #1182, #4670, #5790, .T. ) ;
#2622 = CARTESIAN_POINT ( 'NONE',  ( -1.950000000000003286, 0.000000000000000000, 1.030000000000000471 ) ) ;
#2623 = CIRCLE ( 'NONE', #8300, 0.2100000000000000200 ) ;
#2624 = DIRECTION ( 'NONE',  ( 1.000000000000000000, -3.399335654088050097E-16, 0.000000000000000000 ) ) ;
#2625 =( NAMED_UNIT ( * ) SI_UNIT ( $, .STERADIAN. ) SOLID_ANGLE_UNIT ( ) );
#2626 = AXIS2_PLACEMENT_3D ( 'NONE', #7877, #4021, #8752 ) ;
#2627 = ORIENTED_EDGE ( 'NONE', *, *, #6110, .T. ) ;
#2628 = STYLED_ITEM ( 'NONE', ( #2904 ), #7316 ) ;
#2629 = VERTEX_POINT ( 'NONE', #842 ) ;
#2630 = STYLED_ITEM ( 'NONE', ( #4985 ), #5083 ) ;
#2631 = CARTESIAN_POINT ( 'NONE',  ( 1.825287670640526771, 2.345189659078863897, 1.738521220450381044 ) ) ;
#2632 = EDGE_CURVE ( 'NONE', #6869, #1294, #6397, .T. ) ;
#2633 = ADVANCED_FACE ( 'NONE', ( #8989 ), #8519, .T. ) ;
#2634 = CARTESIAN_POINT ( 'NONE',  ( -1.510733299727570866, 2.388653398255180527, 1.703623250799390032 ) ) ;
#2635 = CARTESIAN_POINT ( 'NONE',  ( 1.949998806137079432, 2.370437054507610775, 1.030011358846969927 ) ) ;
#2636 = PRESENTATION_LAYER_ASSIGNMENT (  '', '', ( #5093 ) ) ;
#2637 = STYLED_ITEM ( 'NONE', ( #6221 ), #5119 ) ;
#2638 = ORIENTED_EDGE ( 'NONE', *, *, #1175, .T. ) ;
#2639 = ORIENTED_EDGE ( 'NONE', *, *, #2851, .T. ) ;
#2640 = SURFACE_SIDE_STYLE ('',( #8679 ) ) ;
#2641 = FACE_OUTER_BOUND ( 'NONE', #5044, .T. ) ;
#2642 = PRESENTATION_LAYER_ASSIGNMENT (  '', '', ( #4098 ) ) ;
#2643 = EDGE_CURVE ( 'NONE', #1894, #1264, #7002, .T. ) ;
#2644 = SURFACE_SIDE_STYLE ('',( #8130 ) ) ;
#2645 = CARTESIAN_POINT ( 'NONE',  ( 1.842843903108216663, 2.301685890579378224, 0.09013537367009971657 ) ) ;
#2646 = DIRECTION ( 'NONE',  ( 0.000000000000000000, 0.000000000000000000, -1.000000000000000000 ) ) ;
#2647 = SURFACE_SIDE_STYLE ('',( #1746 ) ) ;
#2648 = CARTESIAN_POINT ( 'NONE',  ( -2.102415215385780023, -1.905000000000000027, 0.8200000000000019496 ) ) ;
#2649 =( NAMED_UNIT ( * ) SI_UNIT ( $, .STERADIAN. ) SOLID_ANGLE_UNIT ( ) );
#2650 = CARTESIAN_POINT ( 'NONE',  ( 1.802292627064880026, 0.000000000000000000, 1.670000000000000151 ) ) ;
#2651 = ORIENTED_EDGE ( 'NONE', *, *, #9427, .F. ) ;
#2652 = ORIENTED_EDGE ( 'NONE', *, *, #3593, .T. ) ;
#2653 = PRESENTATION_STYLE_ASSIGNMENT (( #1946 ) ) ;
#2654 = CARTESIAN_POINT ( 'NONE',  ( 1.778333972310196964, -2.327900865654993101, 1.741904109608966023 ) ) ;
#2655 = CARTESIAN_POINT ( 'NONE',  ( -1.877467758999780356, -2.327900865654993989, 0.1896393804201357280 ) ) ;
#2656 = CARTESIAN_POINT ( 'NONE',  ( 2.005945153285420446, 1.649999999999999911, 0.8200000000000016165 ) ) ;
#2657 = CARTESIAN_POINT ( 'NONE',  ( -2.450781109342988540, 0.8900000000000001243, 0.2489179246798423339 ) ) ;
#2658 = ORIENTED_EDGE ( 'NONE', *, *, #1059, .F. ) ;
#2659 = DIRECTION ( 'NONE',  ( -0.08452546101099935039, 0.000000000000000000, -0.9964213197442525205 ) ) ;
#2660 = ORIENTED_EDGE ( 'NONE', *, *, #8883, .T. ) ;
#2661 = ORIENTED_EDGE ( 'NONE', *, *, #3300, .T. ) ;
#2662 = FILL_AREA_STYLE ('',( #9596 ) ) ;
#2663 =( NAMED_UNIT ( * ) SI_UNIT ( $, .STERADIAN. ) SOLID_ANGLE_UNIT ( ) );
#2664 = EDGE_LOOP ( 'NONE', ( #5421, #8258, #6222, #1989, #4330 ) ) ;
#2665 = CARTESIAN_POINT ( 'NONE',  ( 3.000000000000000000, -2.160000000000000142, 0.000000000000000000 ) ) ;
#2666 = DIRECTION ( 'NONE',  ( -1.000000000000000000, 0.000000000000000000, 0.000000000000000000 ) ) ;
#2667 = ORIENTED_EDGE ( 'NONE', *, *, #9536, .F. ) ;
#2668 = EDGE_CURVE ( 'NONE', #9721, #7806, #4741, .T. ) ;
#2669 = ORIENTED_EDGE ( 'NONE', *, *, #4307, .T. ) ;
#2670 = DIRECTION ( 'NONE',  ( -0.5362129001746787083, 0.5362129001746787083, -0.6518830043593100143 ) ) ;
#2671 = PRESENTATION_STYLE_ASSIGNMENT (( #4197 ) ) ;
#2672 = SURFACE_STYLE_FILL_AREA ( #7291 ) ;
#2673 = UNCERTAINTY_MEASURE_WITH_UNIT (LENGTH_MEASURE( 1.000000000000000082E-05 ), #4686, 'distance_accuracy_value', 'NONE');
#2674 = VERTEX_POINT ( 'NONE', #93 ) ;
#2675 = EDGE_CURVE ( 'NONE', #4670, #3944, #3128, .T. ) ;
#2676 = SURFACE_SIDE_STYLE ('',( #6590 ) ) ;
#2677 = FACE_OUTER_BOUND ( 'NONE', #1535, .T. ) ;
#2678 = ORIENTED_EDGE ( 'NONE', *, *, #2566, .T. ) ;
#2679 = SURFACE_STYLE_USAGE ( .BOTH. , #289 ) ;
#2680 = AXIS2_PLACEMENT_3D ( 'NONE', #3363, #377, #4247 ) ;
#2681 = AXIS2_PLACEMENT_3D ( 'NONE', #9440, #8145, #5679 ) ;
#2682 = DIRECTION ( 'NONE',  ( -0.1039620511844980000, -0.1039620511844980000, -0.9891328443778539814 ) ) ;
#2683 = CARTESIAN_POINT ( 'NONE',  ( 1.921192430278652052, 2.219552563675406986, 0.1364825651540228502 ) ) ;
#2684 = SURFACE_STYLE_USAGE ( .BOTH. , #5721 ) ;
#2685 = LINE ( 'NONE', #9523, #5311 ) ;
#2686 = EDGE_CURVE ( 'NONE', #3626, #3870, #3020, .T. ) ;
#2687 =( NAMED_UNIT ( * ) PLANE_ANGLE_UNIT ( ) SI_UNIT ( $, .RADIAN. ) );
#2688 = VECTOR ( 'NONE', #2694, 1000.000000000000000 ) ;
#2689 = SURFACE_STYLE_USAGE ( .BOTH. , #8184 ) ;
#2690 = ORIENTED_EDGE ( 'NONE', *, *, #2270, .F. ) ;
#2691 = DIRECTION ( 'NONE',  ( -0.9945218953682731788, 1.626303258728255073E-14, 0.1045284632676552472 ) ) ;
#2692 = CARTESIAN_POINT ( 'NONE',  ( -1.834544767865787573, -2.256608784186042715, 0.06397602445713107544 ) ) ;
#2693 = STYLED_ITEM ( 'NONE', ( #9168 ), #5959 ) ;
#2694 = DIRECTION ( 'NONE',  ( -1.000000000000000000, -0.000000000000000000, 2.846725704167069772E-16 ) ) ;
#2695 = ORIENTED_EDGE ( 'NONE', *, *, #6649, .F. ) ;
#2696 = PRESENTATION_STYLE_ASSIGNMENT (( #458 ) ) ;
#2697 = COLOUR_RGB ( '',0.8313725490196077761, 0.8313725490196077761, 0.8313725490196077761 ) ;
#2698 = PRESENTATION_STYLE_ASSIGNMENT (( #4282 ) ) ;
#2699 = ADVANCED_FACE ( 'NONE', ( #5507 ), #8574, .T. ) ;
#2700 = DIRECTION ( 'NONE',  ( -0.000000000000000000, -1.000000000000000000, -0.000000000000000000 ) ) ;
#2701 = ORIENTED_EDGE ( 'NONE', *, *, #8023, .F. ) ;
#2702 = FILL_AREA_STYLE ('',( #369 ) ) ;
#2703 = FILL_AREA_STYLE_COLOUR ( '', #3073 ) ;
#2704 = VERTEX_POINT ( 'NONE', #1151 ) ;
#2705 = CARTESIAN_POINT ( 'NONE',  ( -1.734609301031339257, 2.436249167634574331, 0.1612527056571481376 ) ) ;
#2706 = CARTESIAN_POINT ( 'NONE',  ( 1.387778780781450113E-16, 0.000000000000000000, 0.3000000000000009881 ) ) ;
#2707 = CARTESIAN_POINT ( 'NONE',  ( -0.2285000000000000364, -1.500999999999999890, 0.3000000000000009881 ) ) ;
#2708 = DIRECTION ( 'NONE',  ( -0.000000000000000000, -1.000000000000000000, 0.000000000000000000 ) ) ;
#2709 =( REPRESENTATION_RELATIONSHIP ('NONE','NONE', #1355, #1040 ) REPRESENTATION_RELATIONSHIP_WITH_TRANSFORMATION ( #8976 )SHAPE_REPRESENTATION_RELATIONSHIP( ) );
#2710 = DIRECTION ( 'NONE',  ( -0.9945218953682734009, 0.000000000000000000, -0.1045284632676532210 ) ) ;
#2711 = LINE ( 'NONE', #524, #4070 ) ;
#2712 = SURFACE_STYLE_FILL_AREA ( #8257 ) ;
#2713 = COLOUR_RGB ( '',0.2862745098039215508, 0.2862745098039215508, 0.2862745098039215508 ) ;
#2714 = VERTEX_POINT ( 'NONE', #7095 ) ;
#2715 = ORIENTED_EDGE ( 'NONE', *, *, #4498, .T. ) ;
#2716 = CARTESIAN_POINT ( 'NONE',  ( 0.2285000000000000364, 0.000000000000000000, 0.1000000000000009631 ) ) ;
#2717 = CARTESIAN_POINT ( 'NONE',  ( -2.450781109342989872, 1.649999999999999911, 0.2489179246798429723 ) ) ;
#2718 = FILL_AREA_STYLE_COLOUR ( '', #6607 ) ;
#2719 = VECTOR ( 'NONE', #3096, 1000.000000000000000 ) ;
#2720 = SURFACE_SIDE_STYLE ('',( #2672 ) ) ;
#2721 = EDGE_CURVE ( 'NONE', #4164, #8799, #4036, .T. ) ;
#2722 = CARTESIAN_POINT ( 'NONE',  ( 3.000000000000000444, -0.8900000000000001243, 0.2105127985970459970 ) ) ;
#2723 = COLOUR_RGB ( '',0.8313725490196077761, 0.8313725490196077761, 0.8313725490196077761 ) ;
#2724 = ORIENTED_EDGE ( 'NONE', *, *, #2547, .T. ) ;
#2725 = SURFACE_SIDE_STYLE ('',( #9720 ) ) ;
#2726 = ORIENTED_EDGE ( 'NONE', *, *, #2111, .T. ) ;
#2727 = FILL_AREA_STYLE ('',( #9663 ) ) ;
#2728 = DIRECTION ( 'NONE',  ( 0.08452546101100746889, -0.000000000000000000, 0.9964213197442519654 ) ) ;
#2729 = EDGE_CURVE ( 'NONE', #1432, #1604, #6154, .T. ) ;
#2730 = PRESENTATION_LAYER_ASSIGNMENT (  '', '', ( #6461 ) ) ;
#2731 = CARTESIAN_POINT ( 'NONE',  ( -1.145000000000000018, -1.044999999999999929, 0.3000000000000009881 ) ) ;
#2732 = CARTESIAN_POINT ( 'NONE',  ( -2.353481300512975771, -1.649999999999999911, 0.3447869765509684603 ) ) ;
#2733 = PRESENTATION_LAYER_ASSIGNMENT (  '', '', ( #3218 ) ) ;
#2734 = MECHANICAL_DESIGN_GEOMETRIC_PRESENTATION_REPRESENTATION (  '', ( #4878 ), #5541 ) ;
#2735 = AXIS2_PLACEMENT_3D ( 'NONE', #8761, #4974, #4128 ) ;
#2736 = CIRCLE ( 'NONE', #3695, 0.1050000000000000655 ) ;
#2737 = EDGE_LOOP ( 'NONE', ( #1805, #9627, #5234, #321 ) ) ;
#2738 = COLOUR_RGB ( '',0.8313725490196077761, 0.8313725490196077761, 0.8313725490196077761 ) ;
#2739 =( NAMED_UNIT ( * ) SI_UNIT ( $, .STERADIAN. ) SOLID_ANGLE_UNIT ( ) );
#2740 = SURFACE_STYLE_USAGE ( .BOTH. , #1211 ) ;
#2741 =( BOUNDED_SURFACE ( )  B_SPLINE_SURFACE ( 3, 3, ( 
 ( #8010, #3375, #1927, #438 ),
 ( #4102, #5803, #2634, #6539 ),
 ( #8117, #1197, #3471, #6583 ),
 ( #7431, #2026, #537, #2859 ) ),
 .UNSPECIFIED., .F., .F., .T. ) 
 B_SPLINE_SURFACE_WITH_KNOTS ( ( 4, 4 ),
 ( 4, 4 ),
 ( 0.000000000000000000, 1.000000000000000000 ),
 ( 0.000000000000000000, 1.000000000000000000 ),
 .UNSPECIFIED. ) 
 GEOMETRIC_REPRESENTATION_ITEM ( )  RATIONAL_B_SPLINE_SURFACE ( (
 ( 1.000000000000000000, 0.3333333333333221016, 0.3333333333333221016, 1.000000000000000000),
 ( 0.9167487126792553953, 0.3055829042264081585, 0.3055829042264081585, 0.9167487126792553953),
 ( 0.9167487126792553953, 0.3055829042264081585, 0.3055829042264081585, 0.9167487126792553953),
 ( 1.000000000000000000, 0.3333333333333221016, 0.3333333333333221016, 1.000000000000000000) ) ) 
 REPRESENTATION_ITEM ( '' )  SURFACE ( )  );
#2742 = AXIS2_PLACEMENT_3D ( 'NONE', #9750, #5889, #2015 ) ;
#2743 = ADVANCED_FACE ( 'NONE', ( #1695 ), #945, .F. ) ;
#2744 = CARTESIAN_POINT ( 'NONE',  ( 3.000000000000000444, -1.649999999999999689, 1.129377263005733721E-18 ) ) ;
#2745 = EDGE_CURVE ( 'NONE', #749, #7264, #2484, .T. ) ;
#2746 = CARTESIAN_POINT ( 'NONE',  ( 2.353481300512978436, -1.905000000000000027, 0.3447869765509687379 ) ) ;
#2747 = DIRECTION ( 'NONE',  ( -0.000000000000000000, -1.000000000000000000, -0.000000000000000000 ) ) ;
#2748 = ORIENTED_EDGE ( 'NONE', *, *, #9427, .T. ) ;
#2749 = AXIS2_PLACEMENT_3D ( 'NONE', #532, #5937, #3580 ) ;
#2750 = AXIS2_PLACEMENT_3D ( 'NONE', #7336, #2768, #1268 ) ;
#2751 = STYLED_ITEM ( 'NONE', ( #9005 ), #6447 ) ;
#2752 =( NAMED_UNIT ( * ) PLANE_ANGLE_UNIT ( ) SI_UNIT ( $, .RADIAN. ) );
#2753 = DIRECTION ( 'NONE',  ( 1.000000000000000000, 0.000000000000000000, 0.000000000000000000 ) ) ;
#2754 = VECTOR ( 'NONE', #7998, 1000.000000000000227 ) ;
#2755 =( GEOMETRIC_REPRESENTATION_CONTEXT ( 3 ) GLOBAL_UNCERTAINTY_ASSIGNED_CONTEXT ( ( #1726 ) ) GLOBAL_UNIT_ASSIGNED_CONTEXT ( ( #7324, #4389, #2052 ) ) REPRESENTATION_CONTEXT ( 'NONE', 'WORKASPACE' ) );
#2756 = EDGE_LOOP ( 'NONE', ( #8049, #5122, #205, #875 ) ) ;
#2757 = PLANE ( 'NONE',  #7606 ) ;
#2758 = EDGE_CURVE ( 'NONE', #1885, #9165, #1737, .T. ) ;
#2759 = LINE ( 'NONE', #5117, #8369 ) ;
#2760 =( LENGTH_UNIT ( ) NAMED_UNIT ( * ) SI_UNIT ( .MILLI., .METRE. ) );
#2761 = MECHANICAL_DESIGN_GEOMETRIC_PRESENTATION_REPRESENTATION (  '', ( #7452 ), #3069 ) ;
#2762 = PRESENTATION_LAYER_ASSIGNMENT (  '', '', ( #2751 ) ) ;
#2763 = AXIS2_PLACEMENT_3D ( 'NONE', #2495, #5626, #4698 ) ;
#2764 = PRESENTATION_LAYER_ASSIGNMENT (  '', '', ( #6817 ) ) ;
#2765 = ORIENTED_EDGE ( 'NONE', *, *, #7981, .T. ) ;
#2766 = ORIENTED_EDGE ( 'NONE', *, *, #4412, .F. ) ;
#2767 =( NAMED_UNIT ( * ) PLANE_ANGLE_UNIT ( ) SI_UNIT ( $, .RADIAN. ) );
#2768 = DIRECTION ( 'NONE',  ( 0.000000000000000000, -1.000000000000000000, 0.000000000000000000 ) ) ;
#2769 = DIRECTION ( 'NONE',  ( 0.000000000000000000, 0.000000000000000000, 1.000000000000000000 ) ) ;
#2770 = PRESENTATION_STYLE_ASSIGNMENT (( #4110 ) ) ;
#2771 =( GEOMETRIC_REPRESENTATION_CONTEXT ( 3 ) GLOBAL_UNCERTAINTY_ASSIGNED_CONTEXT ( ( #3003 ) ) GLOBAL_UNIT_ASSIGNED_CONTEXT ( ( #5345, #3783, #8227 ) ) REPRESENTATION_CONTEXT ( 'NONE', 'WORKASPACE' ) );
#2772 = LINE ( 'NONE', #1331, #4485 ) ;
#2773 = UNCERTAINTY_MEASURE_WITH_UNIT (LENGTH_MEASURE( 1.000000000000000082E-05 ), #3011, 'distance_accuracy_value', 'NONE');
#2774 = SURFACE_SIDE_STYLE ('',( #4347 ) ) ;
#2775 = VECTOR ( 'NONE', #8693, 1000.000000000000000 ) ;
#2776 = AXIS2_PLACEMENT_3D ( 'NONE', #449, #9522, #1847 ) ;
#2777 = ORIENTED_EDGE ( 'NONE', *, *, #2758, .F. ) ;
#2778 = DIRECTION ( 'NONE',  ( 0.000000000000000000, 0.000000000000000000, 1.000000000000000000 ) ) ;
#2779 = VECTOR ( 'NONE', #3280, 1000.000000000000000 ) ;
#2780 = DIRECTION ( 'NONE',  ( 0.6691306063588580155, 0.000000000000000000, -0.7431448254773942441 ) ) ;
#2781 = ORIENTED_EDGE ( 'NONE', *, *, #6849, .F. ) ;
#2782 = SURFACE_STYLE_FILL_AREA ( #5718 ) ;
#2783 = CARTESIAN_POINT ( 'NONE',  ( -2.295355339586480081, 0.8900000000000000133, 1.030000000000000027 ) ) ;
#2784 = VECTOR ( 'NONE', #6988, 1000.000000000000000 ) ;
#2785 = SURFACE_SIDE_STYLE ('',( #8332 ) ) ;
#2786 = PRESENTATION_LAYER_ASSIGNMENT (  '', '', ( #1997 ) ) ;
#2787 = EDGE_CURVE ( 'NONE', #7893, #7706, #285, .T. ) ;
#2788 = ORIENTED_EDGE ( 'NONE', *, *, #44, .T. ) ;
#2789 = AXIS2_PLACEMENT_3D ( 'NONE', #6302, #147, #9525 ) ;
#2790 =( NAMED_UNIT ( * ) PLANE_ANGLE_UNIT ( ) SI_UNIT ( $, .RADIAN. ) );
#2791 = FILL_AREA_STYLE_COLOUR ( '', #132 ) ;
#2792 = DIRECTION ( 'NONE',  ( 0.000000000000000000, 1.000000000000000000, 0.000000000000000000 ) ) ;
#2793 = FACE_OUTER_BOUND ( 'NONE', #793, .T. ) ;
#2794 =( NAMED_UNIT ( * ) SI_UNIT ( $, .STERADIAN. ) SOLID_ANGLE_UNIT ( ) );
#2795 = AXIS2_PLACEMENT_3D ( 'NONE', #1655, #4851, #5578 ) ;
#2796 = CARTESIAN_POINT ( 'NONE',  ( 1.842843903108205783, -2.301685890579377336, 1.759864626329900039 ) ) ;
#2797 = EDGE_CURVE ( 'NONE', #9909, #5715, #3381, .T. ) ;
#2799 = ADVANCED_FACE ( 'NONE', ( #6644 ), #5993, .T. ) ;
#2798 =( BOUNDED_CURVE ( )  B_SPLINE_CURVE ( 3, ( #7881, #972, #9927, #1609 ),
 .UNSPECIFIED., .F., .F. ) 
 B_SPLINE_CURVE_WITH_KNOTS ( ( 4, 4 ),
 ( 5.500522448470988479, 7.065848165888209742 ),
 .UNSPECIFIED. ) 
 CURVE ( )  GEOMETRIC_REPRESENTATION_ITEM ( )  RATIONAL_B_SPLINE_CURVE ( ( 1.000000000000000000, 0.8060255240148266331, 0.8060255240148266331, 1.000000000000000000 ) ) 
 REPRESENTATION_ITEM ( '' )  );
#2800 = FILL_AREA_STYLE_COLOUR ( '', #406 ) ;
#2801 = DIRECTION ( 'NONE',  ( -6.608470384673550038E-16, 0.000000000000000000, -1.000000000000000000 ) ) ;
#2802 = DIRECTION ( 'NONE',  ( 1.000000000000000000, 0.000000000000000000, 0.000000000000000000 ) ) ;
#2803 = EDGE_LOOP ( 'NONE', ( #8678, #8137, #1760, #7931 ) ) ;
#2804 = CARTESIAN_POINT ( 'NONE',  ( -2.151833221588806300, 1.905000000000000027, 0.2374399716845535524 ) ) ;
#2805 = ORIENTED_EDGE ( 'NONE', *, *, #6460, .F. ) ;
#2806 = ADVANCED_FACE ( 'NONE', ( #5249 ), #2865, .F. ) ;
#2807 = ADVANCED_FACE ( 'NONE', ( #2677 ), #546, .T. ) ;
#2808 = VERTEX_POINT ( 'NONE', #9307 ) ;
#2809 = CARTESIAN_POINT ( 'NONE',  ( -1.461537062503499351, -2.336241368489415660, 1.743907167186094620 ) ) ;
#2810 = CARTESIAN_POINT ( 'NONE',  ( -1.949999999999999956, 2.302292627064889796, 1.750000000000000000 ) ) ;
#2811 = DIRECTION ( 'NONE',  ( -0.000000000000000000, 1.000000000000000000, -0.000000000000000000 ) ) ;
#2812 = PLANE ( 'NONE',  #7411 ) ;
#2813 = SURFACE_STYLE_USAGE ( .BOTH. , #4407 ) ;
#2814 = PLANE ( 'NONE',  #4667 ) ;
#2815 =( LENGTH_UNIT ( ) NAMED_UNIT ( * ) SI_UNIT ( .MILLI., .METRE. ) );
#2816 = ORIENTED_EDGE ( 'NONE', *, *, #7511, .T. ) ;
#2817 = PLANE ( 'NONE',  #9045 ) ;
#2818 = EDGE_CURVE ( 'NONE', #7537, #7666, #2364, .T. ) ;
#2819 = VERTEX_POINT ( 'NONE', #1433 ) ;
#2820 = SURFACE_STYLE_USAGE ( .BOTH. , #2725 ) ;
#2821 = ORIENTED_EDGE ( 'NONE', *, *, #1336, .T. ) ;
#2822 = CARTESIAN_POINT ( 'NONE',  ( -0.2284999999999999809, 1.145000000000000018, 0.1000000000000004080 ) ) ;
#2823 = DIRECTION ( 'NONE',  ( -0.9945218953682734009, 0.000000000000000000, 0.1045284632676532210 ) ) ;
#2824 = CARTESIAN_POINT ( 'NONE',  ( -0.2285000000000000364, 1.401000000000000023, 0.1000000000000010048 ) ) ;
#2825 = SURFACE_SIDE_STYLE ('',( #9770 ) ) ;
#2826 =( NAMED_UNIT ( * ) SI_UNIT ( $, .STERADIAN. ) SOLID_ANGLE_UNIT ( ) );
#2827 = LINE ( 'NONE', #6651, #2983 ) ;
#2828 = UNCERTAINTY_MEASURE_WITH_UNIT (LENGTH_MEASURE( 1.000000000000000082E-05 ), #7396, 'distance_accuracy_value', 'NONE');
#2829 =( LENGTH_UNIT ( ) NAMED_UNIT ( * ) SI_UNIT ( .MILLI., .METRE. ) );
#2830 = VERTEX_POINT ( 'NONE', #5498 ) ;
#2831 = VECTOR ( 'NONE', #6113, 1000.000000000000000 ) ;
#2832 = CARTESIAN_POINT ( 'NONE',  ( 1.044999999999999929, 1.145000000000000018, 0.3000000000000009881 ) ) ;
#2833 = CYLINDRICAL_SURFACE ( 'NONE', #8061, 0.1000000000000000472 ) ;
#2834 = DIRECTION ( 'NONE',  ( 0.9945218953682734009, 0.000000000000000000, -0.1045284632676532210 ) ) ;
#2835 = SURFACE_SIDE_STYLE ('',( #6611 ) ) ;
#2836 = EDGE_CURVE ( 'NONE', #6265, #2971, #7653, .T. ) ;
#2837 = STYLED_ITEM ( 'NONE', ( #863 ), #738 ) ;
#2838 =( LENGTH_UNIT ( ) NAMED_UNIT ( * ) SI_UNIT ( .MILLI., .METRE. ) );
#2839 = DIRECTION ( 'NONE',  ( 0.000000000000000000, 0.000000000000000000, 1.000000000000000000 ) ) ;
#2840 = PRESENTATION_LAYER_ASSIGNMENT (  '', '', ( #7222 ) ) ;
#2841 = CYLINDRICAL_SURFACE ( 'NONE', #5744, 0.08000000000000000167 ) ;
#2842 = FILL_AREA_STYLE ('',( #1553 ) ) ;
#2843 = AXIS2_PLACEMENT_3D ( 'NONE', #5976, #8159, #9039 ) ;
#2844 = AXIS2_PLACEMENT_3D ( 'NONE', #9780, #5309, #5269 ) ;
#2845 =( NAMED_UNIT ( * ) PLANE_ANGLE_UNIT ( ) SI_UNIT ( $, .RADIAN. ) );
#2846 = PRESENTATION_STYLE_ASSIGNMENT (( #4241 ) ) ;
#2847 = DIRECTION ( 'NONE',  ( 1.000000000000000000, 0.000000000000000000, 0.000000000000000000 ) ) ;
#2848 = DIRECTION ( 'NONE',  ( 0.000000000000000000, 0.000000000000000000, -1.000000000000000000 ) ) ;
#2849 = STYLED_ITEM ( 'NONE', ( #3908 ), #9258 ) ;
#2850 =( NAMED_UNIT ( * ) SI_UNIT ( $, .STERADIAN. ) SOLID_ANGLE_UNIT ( ) );
#2851 = EDGE_CURVE ( 'NONE', #431, #9306, #3778, .T. ) ;
#2852 = ORIENTED_EDGE ( 'NONE', *, *, #5196, .T. ) ;
#2853 =( LENGTH_UNIT ( ) NAMED_UNIT ( * ) SI_UNIT ( .MILLI., .METRE. ) );
#2854 = ORIENTED_EDGE ( 'NONE', *, *, #1904, .T. ) ;
#2855 = DIRECTION ( 'NONE',  ( -0.9975640502598241977, 0.000000000000000000, -0.06975647374412685675 ) ) ;
#2856 = PRESENTATION_STYLE_ASSIGNMENT (( #6074 ) ) ;
#2857 = PRESENTATION_LAYER_ASSIGNMENT (  '', '', ( #8384 ) ) ;
#2858 = FACE_OUTER_BOUND ( 'NONE', #103, .T. ) ;
#2859 = CARTESIAN_POINT ( 'NONE',  ( -1.545245070560124834, 2.321499329462847871, 1.682611968042590167 ) ) ;
#2860 = EDGE_CURVE ( 'NONE', #7843, #9044, #6882, .T. ) ;
#2861 =( GEOMETRIC_REPRESENTATION_CONTEXT ( 3 ) GLOBAL_UNCERTAINTY_ASSIGNED_CONTEXT ( ( #7231 ) ) GLOBAL_UNIT_ASSIGNED_CONTEXT ( ( #7894, #519, #5928 ) ) REPRESENTATION_CONTEXT ( 'NONE', 'WORKASPACE' ) );
#2862 = VERTEX_POINT ( 'NONE', #9947 ) ;
#2863 =( GEOMETRIC_REPRESENTATION_CONTEXT ( 3 ) GLOBAL_UNCERTAINTY_ASSIGNED_CONTEXT ( ( #9019 ) ) GLOBAL_UNIT_ASSIGNED_CONTEXT ( ( #4146, #7339, #6581 ) ) REPRESENTATION_CONTEXT ( 'NONE', 'WORKASPACE' ) );
#2864 = ORIENTED_EDGE ( 'NONE', *, *, #6108, .T. ) ;
#2865 = PLANE ( 'NONE',  #7428 ) ;
#2866 = ORIENTED_EDGE ( 'NONE', *, *, #8686, .F. ) ;
#2867 =( NAMED_UNIT ( * ) PLANE_ANGLE_UNIT ( ) SI_UNIT ( $, .RADIAN. ) );
#2868 = PRESENTATION_LAYER_ASSIGNMENT (  '', '', ( #8244 ) ) ;
#2869 =( NAMED_UNIT ( * ) PLANE_ANGLE_UNIT ( ) SI_UNIT ( $, .RADIAN. ) );
#2870 = PRODUCT_CONTEXT ( 'NONE', #3227, 'mechanical' ) ;
#2871 = LINE ( 'NONE', #8419, #5737 ) ;
#2872 = PLANE ( 'NONE',  #7255 ) ;
#2873 = FACE_OUTER_BOUND ( 'NONE', #5010, .T. ) ;
#2874 = VECTOR ( 'NONE', #9708, 1000.000000000000227 ) ;
#2875 = CARTESIAN_POINT ( 'NONE',  ( 1.145000000000000018, 1.044999999999999929, 0.1000000000000010048 ) ) ;
#2876 = STYLED_ITEM ( 'NONE', ( #9016 ), #8798 ) ;
#2877 = CARTESIAN_POINT ( 'NONE',  ( -1.189405335455050228, -2.160000000000000142, 0.8200000000000016165 ) ) ;
#2878 = CARTESIAN_POINT ( 'NONE',  ( 1.843428520399612136, -2.421364504079360991, 0.2068049131876635305 ) ) ;
#2879 = PRESENTATION_LAYER_ASSIGNMENT (  '', '', ( #9518 ) ) ;
#2880 = EDGE_LOOP ( 'NONE', ( #4105, #278, #7081, #45, #6974 ) ) ;
#2881 = MECHANICAL_DESIGN_GEOMETRIC_PRESENTATION_REPRESENTATION (  '', ( #9520 ), #343 ) ;
#2882 = CARTESIAN_POINT ( 'NONE',  ( -1.044999999999999929, -1.145000000000000018, 0.3000000000000009881 ) ) ;
#2883 = CARTESIAN_POINT ( 'NONE',  ( 1.802292627064890018, -2.302292627064889796, 0.1799999999999999378 ) ) ;
#2884 = DIRECTION ( 'NONE',  ( 0.000000000000000000, 0.000000000000000000, 1.000000000000000000 ) ) ;
#2885 =( LENGTH_UNIT ( ) NAMED_UNIT ( * ) SI_UNIT ( .MILLI., .METRE. ) );
#2886 = AXIS2_PLACEMENT_3D ( 'NONE', #1632, #9112, #8469 ) ;
#2887 = SURFACE_SIDE_STYLE ('',( #6207 ) ) ;
#2888 = CARTESIAN_POINT ( 'NONE',  ( 1.145000000000000018, -1.044999999999999929, 0.1000000000000010048 ) ) ;
#2889 = COLOUR_RGB ( '',0.8313725490196077761, 0.8313725490196077761, 0.8313725490196077761 ) ;
#2890 = COLOUR_RGB ( '',0.8313725490196077761, 0.8313725490196077761, 0.8313725490196077761 ) ;
#2891 = CYLINDRICAL_SURFACE ( 'NONE', #3074, 0.1000000000000000194 ) ;
#2892 = ADVANCED_FACE ( 'NONE', ( #4516 ), #3009, .F. ) ;
#2893 =( NAMED_UNIT ( * ) SI_UNIT ( $, .STERADIAN. ) SOLID_ANGLE_UNIT ( ) );
#2894 = CIRCLE ( 'NONE', #8755, 0.07999999999999998779 ) ;
#2895 = CARTESIAN_POINT ( 'NONE',  ( -1.836467642440389625, 2.337171350119470858, 1.418148022072537762 ) ) ;
#2896 = DIRECTION ( 'NONE',  ( -0.08452546101099935039, 0.000000000000000000, 0.9964213197442525205 ) ) ;
#2897 = AXIS2_PLACEMENT_3D ( 'NONE', #3874, #6870, #8354 ) ;
#2898 = ORIENTED_EDGE ( 'NONE', *, *, #6031, .T. ) ;
#2899 = CARTESIAN_POINT ( 'NONE',  ( -1.522146276314590319, -2.302292627064889352, 1.729451586038190936 ) ) ;
#2900 = ORIENTED_EDGE ( 'NONE', *, *, #4547, .T. ) ;
#2901 = VECTOR ( 'NONE', #5690, 1000.000000000000000 ) ;
#2902 = MECHANICAL_DESIGN_GEOMETRIC_PRESENTATION_REPRESENTATION (  '', ( #8778 ), #2755 ) ;
#2903 = ORIENTED_EDGE ( 'NONE', *, *, #4691, .F. ) ;
#2904 = PRESENTATION_STYLE_ASSIGNMENT (( #6774 ) ) ;
#2905 = DIRECTION ( 'NONE',  ( 0.000000000000000000, 0.000000000000000000, -1.000000000000000000 ) ) ;
#2906 = EDGE_CURVE ( 'NONE', #7893, #8841, #8581, .T. ) ;
#2907 =( NAMED_UNIT ( * ) SI_UNIT ( $, .STERADIAN. ) SOLID_ANGLE_UNIT ( ) );
#2908 = DIRECTION ( 'NONE',  ( -1.682156097916899890E-16, 0.000000000000000000, -1.000000000000000000 ) ) ;
#2909 = COLOUR_RGB ( '',0.8313725490196077761, 0.8313725490196077761, 0.8313725490196077761 ) ;
#2910 =( NAMED_UNIT ( * ) PLANE_ANGLE_UNIT ( ) SI_UNIT ( $, .RADIAN. ) );
#2911 = AXIS2_PLACEMENT_3D ( 'NONE', #6876, #9942, #3002 ) ;
#2912 = PRESENTATION_LAYER_ASSIGNMENT (  '', '', ( #8125 ) ) ;
#2913 = CARTESIAN_POINT ( 'NONE',  ( 2.005945153285420446, -2.160000000000000142, 0.7150000000000019673 ) ) ;
#2914 = VECTOR ( 'NONE', #5011, 1000.000000000000000 ) ;
#2915 = UNCERTAINTY_MEASURE_WITH_UNIT (LENGTH_MEASURE( 1.000000000000000082E-05 ), #2412, 'distance_accuracy_value', 'NONE');
#2916 = ORIENTED_EDGE ( 'NONE', *, *, #1216, .T. ) ;
#2917 = FILL_AREA_STYLE ('',( #6785 ) ) ;
#2918 = ORIENTED_EDGE ( 'NONE', *, *, #5277, .T. ) ;
#2919 = CARTESIAN_POINT ( 'NONE',  ( -0.1285000000000000309, -1.501000000000000112, 0.1000000000000010048 ) ) ;
#2920 = ADVANCED_FACE ( 'NONE', ( #9266 ), #2320, .F. ) ;
#2921 = VERTEX_POINT ( 'NONE', #8007 ) ;
#2922 = ADVANCED_FACE ( 'NONE', ( #2417 ), #7858, .T. ) ;
#2923 = AXIS2_PLACEMENT_3D ( 'NONE', #1796, #8682, #4904 ) ;
#2924 = SURFACE_STYLE_USAGE ( .BOTH. , #1393 ) ;
#2925 = COLOUR_RGB ( '',0.2862745098039215508, 0.2862745098039215508, 0.2862745098039215508 ) ;
#2926 = DIRECTION ( 'NONE',  ( 0.1039620511844980000, -0.1039620511844980000, -0.9891328443778539814 ) ) ;
#2927 =( LENGTH_UNIT ( ) NAMED_UNIT ( * ) SI_UNIT ( .MILLI., .METRE. ) );
#2928 = AXIS2_PLACEMENT_3D ( 'NONE', #7201, #4962, #7870 ) ;
#2929 = DIRECTION ( 'NONE',  ( -1.000000000000000000, 0.000000000000000000, 0.000000000000000000 ) ) ;
#2930 = DIRECTION ( 'NONE',  ( -0.000000000000000000, -0.000000000000000000, -1.000000000000000000 ) ) ;
#2931 = ORIENTED_EDGE ( 'NONE', *, *, #4622, .T. ) ;
#2932 = EDGE_CURVE ( 'NONE', #9551, #1820, #3877, .T. ) ;
#2933 = VECTOR ( 'NONE', #3210, 1000.000000000000000 ) ;
#2934 = DIRECTION ( 'NONE',  ( -0.6691306063588580155, -5.421010862427519015E-15, 0.7431448254773942441 ) ) ;
#2935 = CIRCLE ( 'NONE', #5748, 0.07999999999999998779 ) ;
#2936 = SURFACE_STYLE_FILL_AREA ( #1357 ) ;
#2937 = FILL_AREA_STYLE ('',( #8383 ) ) ;
#2938 = SURFACE_SIDE_STYLE ('',( #9173 ) ) ;
#2939 = CARTESIAN_POINT ( 'NONE',  ( 1.842843903108216219, -2.301685890579379556, 0.09013537367010043821 ) ) ;
#2940 = MECHANICAL_DESIGN_GEOMETRIC_PRESENTATION_REPRESENTATION (  '', ( #4434 ), #2152 ) ;
#2941 = DIRECTION ( 'NONE',  ( -0.000000000000000000, 1.000000000000000000, -0.000000000000000000 ) ) ;
#2942 = ORIENTED_EDGE ( 'NONE', *, *, #6401, .F. ) ;
#2943 =( NAMED_UNIT ( * ) PLANE_ANGLE_UNIT ( ) SI_UNIT ( $, .RADIAN. ) );
#2944 = PRESENTATION_STYLE_ASSIGNMENT (( #713 ) ) ;
#2945 = CARTESIAN_POINT ( 'NONE',  ( 0.9749999999999989786, -2.381854378694351126, 0.1716377229385889214 ) ) ;
#2946 = COLOUR_RGB ( '',0.8313725490196077761, 0.8313725490196077761, 0.8313725490196077761 ) ;
#2947 = DIRECTION ( 'NONE',  ( 0.06975647374412553836, 0.000000000000000000, 0.9975640502598243087 ) ) ;
#2948 = VECTOR ( 'NONE', #2523, 1000.000000000000000 ) ;
#2949 = CARTESIAN_POINT ( 'NONE',  ( -1.949999403068539028, 2.370218527253804552, 0.8199943205765141130 ) ) ;
#2950 = CARTESIAN_POINT ( 'NONE',  ( -1.873719365689380023, -2.336567908382721104, 0.1688902700279261704 ) ) ;
#2951 = ORIENTED_EDGE ( 'NONE', *, *, #5933, .F. ) ;
#2952 =( NAMED_UNIT ( * ) SI_UNIT ( $, .STERADIAN. ) SOLID_ANGLE_UNIT ( ) );
#2953 = PLANE ( 'NONE',  #3916 ) ;
#2954 = EDGE_LOOP ( 'NONE', ( #7916, #7284, #4398, #5893, #8878 ) ) ;
#2955 = VERTEX_POINT ( 'NONE', #183 ) ;
#2956 = LINE ( 'NONE', #2118, #4174 ) ;
#2957 =( NAMED_UNIT ( * ) SI_UNIT ( $, .STERADIAN. ) SOLID_ANGLE_UNIT ( ) );
#2958 = DIRECTION ( 'NONE',  ( -1.000000000000000000, -0.000000000000000000, 1.779203565104420086E-16 ) ) ;
#2959 = UNCERTAINTY_MEASURE_WITH_UNIT (LENGTH_MEASURE( 1.000000000000000082E-05 ), #2400, 'distance_accuracy_value', 'NONE');
#2960 = CARTESIAN_POINT ( 'NONE',  ( -3.000000000000000000, -0.6350000000000000089, 0.2105127985970459970 ) ) ;
#2961 = EDGE_CURVE ( 'NONE', #7355, #8168, #6483, .T. ) ;
#2962 = ORIENTED_EDGE ( 'NONE', *, *, #2729, .T. ) ;
#2963 =( LENGTH_UNIT ( ) NAMED_UNIT ( * ) SI_UNIT ( .MILLI., .METRE. ) );
#2964 = EDGE_LOOP ( 'NONE', ( #6236, #6220, #4222, #6740 ) ) ;
#2965 = EDGE_LOOP ( 'NONE', ( #6930, #2570, #1628, #9289 ) ) ;
#2966 = FACE_OUTER_BOUND ( 'NONE', #7317, .T. ) ;
#2967 = DIRECTION ( 'NONE',  ( 0.000000000000000000, 0.000000000000000000, 1.000000000000000000 ) ) ;
#2968 = FILL_AREA_STYLE ('',( #789 ) ) ;
#2969 = ADVANCED_FACE ( 'NONE', ( #4788 ), #2475, .T. ) ;
#2970 = FACE_OUTER_BOUND ( 'NONE', #1466, .T. ) ;
#2971 = VERTEX_POINT ( 'NONE', #1833 ) ;
#2972 = PRESENTATION_STYLE_ASSIGNMENT (( #9916 ) ) ;
#2973 = FILL_AREA_STYLE_COLOUR ( '', #1590 ) ;
#2974 = FILL_AREA_STYLE ('',( #6854 ) ) ;
#2975 = AXIS2_PLACEMENT_3D ( 'NONE', #6242, #3952, #6145 ) ;
#2976 = ORIENTED_EDGE ( 'NONE', *, *, #2686, .F. ) ;
#2977 = CARTESIAN_POINT ( 'NONE',  ( -2.353481300512971774, 1.649999999999999911, 0.3447869765509685713 ) ) ;
#2978 = PLANE ( 'NONE',  #3504 ) ;
#2979 = DIRECTION ( 'NONE',  ( 0.000000000000000000, 0.000000000000000000, -1.000000000000000000 ) ) ;
#2980 = EDGE_CURVE ( 'NONE', #1375, #2955, #8670, .T. ) ;
#2981 = CARTESIAN_POINT ( 'NONE',  ( 1.882647879984873596, -2.301685890579379556, 0.1228765338733731061 ) ) ;
#2982 =( NAMED_UNIT ( * ) PLANE_ANGLE_UNIT ( ) SI_UNIT ( $, .RADIAN. ) );
#2983 = VECTOR ( 'NONE', #9726, 1000.000000000000000 ) ;
#2984 = SURFACE_STYLE_FILL_AREA ( #4640 ) ;
#2985 = ORIENTED_EDGE ( 'NONE', *, *, #4194, .T. ) ;
#2986 = PLANE ( 'NONE',  #6133 ) ;
#2987 = PLANE ( 'NONE',  #8922 ) ;
#2988 = CARTESIAN_POINT ( 'NONE',  ( -2.102415215385780023, -0.6350000000000000089, 0.8200000000000019496 ) ) ;
#2989 = LINE ( 'NONE', #5975, #9829 ) ;
#2990 = VECTOR ( 'NONE', #7170, 1000.000000000000000 ) ;
#2991 = DIRECTION ( 'NONE',  ( -0.000000000000000000, -1.000000000000000000, 0.000000000000000000 ) ) ;
#2992 = CARTESIAN_POINT ( 'NONE',  ( 0.1285000000000000031, 1.500999999999999890, 0.1000000000000010048 ) ) ;
#2993 = EDGE_CURVE ( 'NONE', #6967, #2451, #2415, .T. ) ;
#2994 = FACE_OUTER_BOUND ( 'NONE', #4538, .T. ) ;
#2995 = CARTESIAN_POINT ( 'NONE',  ( -1.538415623375531505, -2.332265751666331433, 1.707710977012750764 ) ) ;
#2996 = ORIENTED_EDGE ( 'NONE', *, *, #381, .T. ) ;
#2997 =( GEOMETRIC_REPRESENTATION_CONTEXT ( 3 ) GLOBAL_UNCERTAINTY_ASSIGNED_CONTEXT ( ( #3959 ) ) GLOBAL_UNIT_ASSIGNED_CONTEXT ( ( #4822, #9403, #8664 ) ) REPRESENTATION_CONTEXT ( 'NONE', 'WORKASPACE' ) );
#2998 = VERTEX_POINT ( 'NONE', #1975 ) ;
#2999 = DIRECTION ( 'NONE',  ( -0.000000000000000000, 1.000000000000000000, -0.000000000000000000 ) ) ;
#3000 = LINE ( 'NONE', #6039, #5818 ) ;
#3001 = LINE ( 'NONE', #6875, #2101 ) ;
#3002 = DIRECTION ( 'NONE',  ( 0.000000000000000000, -0.000000000000000000, -1.000000000000000000 ) ) ;
#3003 = UNCERTAINTY_MEASURE_WITH_UNIT (LENGTH_MEASURE( 1.000000000000000082E-05 ), #5345, 'distance_accuracy_value', 'NONE');
#3004 = CARTESIAN_POINT ( 'NONE',  ( 1.949999999999999956, -1.500999999999999890, 0.1000000000000000056 ) ) ;
#3005 = VECTOR ( 'NONE', #6314, 1000.000000000000000 ) ;
#3006 = EDGE_LOOP ( 'NONE', ( #1341, #6787, #2457, #4757 ) ) ;
#3007 = SURFACE_STYLE_FILL_AREA ( #2917 ) ;
#3008 = VERTEX_POINT ( 'NONE', #5897 ) ;
#3009 = CYLINDRICAL_SURFACE ( 'NONE', #4882, 0.1050000000000000100 ) ;
#3010 = ORIENTED_EDGE ( 'NONE', *, *, #3672, .F. ) ;
#3011 =( LENGTH_UNIT ( ) NAMED_UNIT ( * ) SI_UNIT ( .MILLI., .METRE. ) );
#3012 = EDGE_CURVE ( 'NONE', #3737, #9149, #6534, .T. ) ;
#3013 = CARTESIAN_POINT ( 'NONE',  ( 2.151833221588806744, -0.8900000000000000133, 0.2374399716845530250 ) ) ;
#3014 =( NAMED_UNIT ( * ) PLANE_ANGLE_UNIT ( ) SI_UNIT ( $, .RADIAN. ) );
#3015 = UNCERTAINTY_MEASURE_WITH_UNIT (LENGTH_MEASURE( 1.000000000000000082E-05 ), #6801, 'distance_accuracy_value', 'NONE');
#3016 = AXIS2_PLACEMENT_3D ( 'NONE', #4885, #1837, #5802 ) ;
#3017 = CARTESIAN_POINT ( 'NONE',  ( -1.357660905288240016, 2.128158331508526846, 1.749999999999999778 ) ) ;
#3018 = AXIS2_PLACEMENT_3D ( 'NONE', #613, #2249, #9243 ) ;
#3019 = CARTESIAN_POINT ( 'NONE',  ( -1.802292627064890018, -2.302292627064889796, 0.1800000000000009925 ) ) ;
#3020 = LINE ( 'NONE', #3842, #2095 ) ;
#3021 = ORIENTED_EDGE ( 'NONE', *, *, #300, .T. ) ;
#3022 = DIRECTION ( 'NONE',  ( 1.000000000000000000, 0.000000000000000000, -1.779203565104420086E-16 ) ) ;
#3023 = ADVANCED_FACE ( 'NONE', ( #8261 ), #7482, .F. ) ;
#3024 = LINE ( 'NONE', #6151, #8866 ) ;
#3025 = VECTOR ( 'NONE', #4091, 1000.000000000000000 ) ;
#3026 = FILL_AREA_STYLE_COLOUR ( '', #7887 ) ;
#3027 = CARTESIAN_POINT ( 'NONE',  ( -1.949999403068539028, 2.370218527253804552, 0.8199943205765141130 ) ) ;
#3028 = SURFACE_SIDE_STYLE ('',( #6098 ) ) ;
#3029 = DIRECTION ( 'NONE',  ( -1.000000000000000000, 3.399335654088050097E-16, -0.000000000000000000 ) ) ;
#3030 = UNCERTAINTY_MEASURE_WITH_UNIT (LENGTH_MEASURE( 1.000000000000000082E-05 ), #9311, 'distance_accuracy_value', 'NONE');
#3031 =( GEOMETRIC_REPRESENTATION_CONTEXT ( 3 ) GLOBAL_UNCERTAINTY_ASSIGNED_CONTEXT ( ( #757 ) ) GLOBAL_UNIT_ASSIGNED_CONTEXT ( ( #210, #5627, #157 ) ) REPRESENTATION_CONTEXT ( 'NONE', 'WORKASPACE' ) );
#3032 = DIRECTION ( 'NONE',  ( 0.000000000000000000, 1.000000000000000000, 0.000000000000000000 ) ) ;
#3033 =( NAMED_UNIT ( * ) PLANE_ANGLE_UNIT ( ) SI_UNIT ( $, .RADIAN. ) );
#3034 = SURFACE_STYLE_USAGE ( .BOTH. , #6908 ) ;
#3035 = ORIENTED_EDGE ( 'NONE', *, *, #133, .T. ) ;
#3036 = STYLED_ITEM ( 'NONE', ( #1438 ), #8786 ) ;
#3037 =( NAMED_UNIT ( * ) SI_UNIT ( $, .STERADIAN. ) SOLID_ANGLE_UNIT ( ) );
#3038 = EDGE_CURVE ( 'NONE', #9721, #3599, #198, .T. ) ;
#3039 = EDGE_CURVE ( 'NONE', #7706, #529, #9706, .T. ) ;
#3040 = DIRECTION ( 'NONE',  ( 0.1039620511844866202, 0.1039620511844972089, -0.9891328443778550916 ) ) ;
#3041 = CARTESIAN_POINT ( 'NONE',  ( -2.102415215385780023, -0.6350000000000000089, 1.030000000000000027 ) ) ;
#3042 = DIRECTION ( 'NONE',  ( -1.000000000000000000, 0.000000000000000000, -0.000000000000000000 ) ) ;
#3043 = DIRECTION ( 'NONE',  ( 0.000000000000000000, -0.000000000000000000, 1.000000000000000000 ) ) ;
#3044 = ORIENTED_EDGE ( 'NONE', *, *, #184, .F. ) ;
#3045 = SURFACE_STYLE_USAGE ( .BOTH. , #665 ) ;
#3046 = STYLED_ITEM ( 'NONE', ( #7346 ), #2807 ) ;
#3047 = CARTESIAN_POINT ( 'NONE',  ( -1.457794495172749505, -2.388653398255176974, 1.722794916378720398 ) ) ;
#3048 = CIRCLE ( 'NONE', #1633, 0.08000000000000000167 ) ;
#3049 = ORIENTED_EDGE ( 'NONE', *, *, #1841, .T. ) ;
#3050 = ORIENTED_EDGE ( 'NONE', *, *, #1705, .T. ) ;
#3051 = ORIENTED_EDGE ( 'NONE', *, *, #4276, .T. ) ;
#3052 = CARTESIAN_POINT ( 'NONE',  ( -0.2285000000000000364, -1.145000000000000018, 0.3000000000000009881 ) ) ;
#3053 = DIRECTION ( 'NONE',  ( 1.000000000000000000, 0.000000000000000000, -0.000000000000000000 ) ) ;
#3054 = FILL_AREA_STYLE ('',( #9103 ) ) ;
#3055 = STYLED_ITEM ( 'NONE', ( #7425 ), #3023 ) ;
#3056 = ORIENTED_EDGE ( 'NONE', *, *, #6903, .F. ) ;
#3057 = PRESENTATION_STYLE_ASSIGNMENT (( #7076 ) ) ;
#3058 = CARTESIAN_POINT ( 'NONE',  ( 2.458105539086119951, -0.6350000000000000089, 0.3536621499571240279 ) ) ;
#3059 = CARTESIAN_POINT ( 'NONE',  ( 2.110569391858573063, -1.905000000000000027, 0.7238751734061582566 ) ) ;
#3060 = AXIS2_PLACEMENT_3D ( 'NONE', #5323, #1460, #522 ) ;
#3061 =( GEOMETRIC_REPRESENTATION_CONTEXT ( 3 ) GLOBAL_UNCERTAINTY_ASSIGNED_CONTEXT ( ( #3838 ) ) GLOBAL_UNIT_ASSIGNED_CONTEXT ( ( #4212, #5004, #1993 ) ) REPRESENTATION_CONTEXT ( 'NONE', 'WORKASPACE' ) );
#3062 = UNCERTAINTY_MEASURE_WITH_UNIT (LENGTH_MEASURE( 1.000000000000000082E-05 ), #7159, 'distance_accuracy_value', 'NONE');
#3063 = FILL_AREA_STYLE ('',( #887 ) ) ;
#3064 = SURFACE_STYLE_USAGE ( .BOTH. , #8462 ) ;
#3065 = DIRECTION ( 'NONE',  ( 0.000000000000000000, 0.000000000000000000, 1.000000000000000000 ) ) ;
#3066 = ORIENTED_EDGE ( 'NONE', *, *, #4801, .F. ) ;
#3067 = ORIENTED_EDGE ( 'NONE', *, *, #3492, .T. ) ;
#3068 = DIRECTION ( 'NONE',  ( -0.000000000000000000, 1.000000000000000000, -0.000000000000000000 ) ) ;
#3069 =( GEOMETRIC_REPRESENTATION_CONTEXT ( 3 ) GLOBAL_UNCERTAINTY_ASSIGNED_CONTEXT ( ( #1441 ) ) GLOBAL_UNIT_ASSIGNED_CONTEXT ( ( #8875, #333, #7387 ) ) REPRESENTATION_CONTEXT ( 'NONE', 'WORKASPACE' ) );
#3070 = ORIENTED_EDGE ( 'NONE', *, *, #2180, .F. ) ;
#3071 =( GEOMETRIC_REPRESENTATION_CONTEXT ( 3 ) GLOBAL_UNCERTAINTY_ASSIGNED_CONTEXT ( ( #7035 ) ) GLOBAL_UNIT_ASSIGNED_CONTEXT ( ( #8616, #778, #6232 ) ) REPRESENTATION_CONTEXT ( 'NONE', 'WORKASPACE' ) );
#3072 = CARTESIAN_POINT ( 'NONE',  ( 1.802292627064879804, 2.302292627064889796, 1.669999999999999263 ) ) ;
#3073 = COLOUR_RGB ( '',0.2862745098039215508, 0.2862745098039215508, 0.2862745098039215508 ) ;
#3074 = AXIS2_PLACEMENT_3D ( 'NONE', #571, #2154, #8389 ) ;
#3075 = SURFACE_STYLE_USAGE ( .BOTH. , #3282 ) ;
#3076 = PRESENTATION_LAYER_ASSIGNMENT (  '', '', ( #1816 ) ) ;
#3077 = PRESENTATION_STYLE_ASSIGNMENT (( #8334 ) ) ;
#3078 = VECTOR ( 'NONE', #7457, 1000.000000000000000 ) ;
#3079 = SURFACE_STYLE_USAGE ( .BOTH. , #5349 ) ;
#3080 = CARTESIAN_POINT ( 'NONE',  ( 1.802292627064881358, 2.302292627064892017, 1.669999999999998153 ) ) ;
#3081 = ORIENTED_EDGE ( 'NONE', *, *, #1394, .T. ) ;
#3082 = CARTESIAN_POINT ( 'NONE',  ( 2.005945153285420446, -0.8900000000000000133, 0.7150000000000019673 ) ) ;
#3083 = SURFACE_SIDE_STYLE ('',( #6094 ) ) ;
#3084 = ORIENTED_EDGE ( 'NONE', *, *, #8632, .T. ) ;
#3085 = DIRECTION ( 'NONE',  ( 0.000000000000000000, 0.000000000000000000, -1.000000000000000000 ) ) ;
#3086 = LINE ( 'NONE', #2242, #8219 ) ;
#3087 = FILL_AREA_STYLE_COLOUR ( '', #5621 ) ;
#3088 = EDGE_CURVE ( 'NONE', #6174, #6967, #4294, .T. ) ;
#3089 = AXIS2_PLACEMENT_3D ( 'NONE', #3682, #4469, #7504 ) ;
#3090 = PLANE ( 'NONE',  #5554 ) ;
#3091 = EDGE_LOOP ( 'NONE', ( #3566, #1089, #7904, #1351 ) ) ;
#3092 = CIRCLE ( 'NONE', #8456, 0.2100000000000000477 ) ;
#3093 = CARTESIAN_POINT ( 'NONE',  ( -1.894922454274041934, 2.315360702644575941, 1.554027843280871846 ) ) ;
#3094 =( LENGTH_UNIT ( ) NAMED_UNIT ( * ) SI_UNIT ( .MILLI., .METRE. ) );
#3095 =( NAMED_UNIT ( * ) SI_UNIT ( $, .STERADIAN. ) SOLID_ANGLE_UNIT ( ) );
#3096 = DIRECTION ( 'NONE',  ( 1.000000000000000000, 0.000000000000000000, 0.000000000000000000 ) ) ;
#3097 = PRESENTATION_STYLE_ASSIGNMENT (( #1516 ) ) ;
#3098 = CARTESIAN_POINT ( 'NONE',  ( -2.458105539086119951, -2.160000000000000142, 0.3536621499571240279 ) ) ;
#3099 =( GEOMETRIC_REPRESENTATION_CONTEXT ( 3 ) GLOBAL_UNCERTAINTY_ASSIGNED_CONTEXT ( ( #2959 ) ) GLOBAL_UNIT_ASSIGNED_CONTEXT ( ( #2400, #7846, #73 ) ) REPRESENTATION_CONTEXT ( 'NONE', 'WORKASPACE' ) );
#3100 = ORIENTED_EDGE ( 'NONE', *, *, #2836, .F. ) ;
#3101 = AXIS2_PLACEMENT_3D ( 'NONE', #4813, #1073, #1170 ) ;
#3102 = CARTESIAN_POINT ( 'NONE',  ( 1.189405335455050006, 0.6350000000000000089, 1.030000000000000027 ) ) ;
#3103 = EDGE_CURVE ( 'NONE', #7139, #2674, #9062, .T. ) ;
#3104 = ORIENTED_EDGE ( 'NONE', *, *, #6849, .T. ) ;
#3105 = STYLED_ITEM ( 'NONE', ( #1697 ), #7643 ) ;
#3106 = EDGE_LOOP ( 'NONE', ( #6069, #2900, #9910, #2695 ) ) ;
#3107 = CARTESIAN_POINT ( 'NONE',  ( 0.1284999999999999754, 1.500999999999999890, 0.1000000000000006717 ) ) ;
#3108 =( GEOMETRIC_REPRESENTATION_CONTEXT ( 3 ) GLOBAL_UNCERTAINTY_ASSIGNED_CONTEXT ( ( #4784 ) ) GLOBAL_UNIT_ASSIGNED_CONTEXT ( ( #4444, #1363, #6668 ) ) REPRESENTATION_CONTEXT ( 'NONE', 'WORKASPACE' ) );
#3109 = ORIENTED_EDGE ( 'NONE', *, *, #5584, .T. ) ;
#3110 = SURFACE_SIDE_STYLE ('',( #6328 ) ) ;
#3111 = SURFACE_SIDE_STYLE ('',( #80 ) ) ;
#3112 = LINE ( 'NONE', #930, #6731 ) ;
#3113 =( LENGTH_UNIT ( ) NAMED_UNIT ( * ) SI_UNIT ( .MILLI., .METRE. ) );
#3114 = EDGE_CURVE ( 'NONE', #2080, #3520, #387, .T. ) ;
#3115 = CARTESIAN_POINT ( 'NONE',  ( 3.000000000000000000, -1.649999999999999911, 0.7114753820237430526 ) ) ;
#3116 = EDGE_CURVE ( 'NONE', #1767, #7666, #6730, .T. ) ;
#3117 = ORIENTED_EDGE ( 'NONE', *, *, #3624, .F. ) ;
#3118 = CARTESIAN_POINT ( 'NONE',  ( 3.000000000000000000, 1.649999999999999911, 0.2105127985970459970 ) ) ;
#3119 = EDGE_LOOP ( 'NONE', ( #1224, #8756, #1727, #6388 ) ) ;
#3120 = SURFACE_STYLE_FILL_AREA ( #8510 ) ;
#3121 = SURFACE_STYLE_USAGE ( .BOTH. , #185 ) ;
#3122 = CARTESIAN_POINT ( 'NONE',  ( -2.311663692532074599, -0.6350000000000000089, 0.8377503468123133068 ) ) ;
#3123 = FACE_OUTER_BOUND ( 'NONE', #1167, .T. ) ;
#3124 =( NAMED_UNIT ( * ) SI_UNIT ( $, .STERADIAN. ) SOLID_ANGLE_UNIT ( ) );
#3125 = UNCERTAINTY_MEASURE_WITH_UNIT (LENGTH_MEASURE( 1.000000000000000082E-05 ), #4052, 'distance_accuracy_value', 'NONE');
#3126 = ADVANCED_FACE ( 'NONE', ( #3623 ), #9799, .T. ) ;
#3127 = CARTESIAN_POINT ( 'NONE',  ( -1.145000000000000018, 1.145000000000000018, 0.3000000000000009881 ) ) ;
#3128 = LINE ( 'NONE', #747, #6786 ) ;
#3129 = ORIENTED_EDGE ( 'NONE', *, *, #9377, .F. ) ;
#3130 = SURFACE_STYLE_FILL_AREA ( #9223 ) ;
#3131 = FILL_AREA_STYLE_COLOUR ( '', #1802 ) ;
#3132 = SURFACE_STYLE_USAGE ( .BOTH. , #2431 ) ;
#3133 = FACE_OUTER_BOUND ( 'NONE', #1825, .T. ) ;
#3134 = SURFACE_SIDE_STYLE ('',( #1744 ) ) ;
#3135 = DIRECTION ( 'NONE',  ( -0.6691306063588582376, 0.000000000000000000, 0.7431448254773942441 ) ) ;
#3136 = UNCERTAINTY_MEASURE_WITH_UNIT (LENGTH_MEASURE( 1.000000000000000082E-05 ), #1568, 'distance_accuracy_value', 'NONE');
#3137 = SURFACE_STYLE_USAGE ( .BOTH. , #101 ) ;
#3138 = LINE ( 'NONE', #2383, #6053 ) ;
#3139 = CARTESIAN_POINT ( 'NONE',  ( 0.2285000000000000087, 1.145000000000000018, 0.3000000000000009881 ) ) ;
#3140 = VERTEX_POINT ( 'NONE', #3107 ) ;
#3141 = FACE_OUTER_BOUND ( 'NONE', #2204, .T. ) ;
#3142 = CARTESIAN_POINT ( 'NONE',  ( -0.1285000000000000309, -1.500999999999999890, 0.1000000000000006994 ) ) ;
#3143 = EDGE_CURVE ( 'NONE', #988, #8362, #8426, .T. ) ;
#3144 = SURFACE_STYLE_USAGE ( .BOTH. , #4766 ) ;
#3145 = DIRECTION ( 'NONE',  ( -0.000000000000000000, 0.000000000000000000, -1.000000000000000000 ) ) ;
#3146 = LINE ( 'NONE', #9332, #773 ) ;
#3147 = ORIENTED_EDGE ( 'NONE', *, *, #5983, .T. ) ;
#3148 = STYLED_ITEM ( 'NONE', ( #825 ), #576 ) ;
#3149 = PRESENTATION_STYLE_ASSIGNMENT (( #8494 ) ) ;
#3150 = EDGE_LOOP ( 'NONE', ( #3109, #5547, #4264, #5291 ) ) ;
#3151 = ORIENTED_EDGE ( 'NONE', *, *, #8225, .F. ) ;
#3152 = SURFACE_STYLE_FILL_AREA ( #923 ) ;
#3153 = AXIS2_PLACEMENT_3D ( 'NONE', #4072, #8541, #1065 ) ;
#3154 = FILL_AREA_STYLE_COLOUR ( '', #2925 ) ;
#3155 = EDGE_LOOP ( 'NONE', ( #2394, #6263, #6671, #4814 ) ) ;
#3156 = CARTESIAN_POINT ( 'NONE',  ( 2.346432839248831836, 2.160000000000000142, 0.04570186794230124416 ) ) ;
#3157 = ADVANCED_FACE ( 'NONE', ( #9048 ), #3666, .T. ) ;
#3158 = FACE_OUTER_BOUND ( 'NONE', #3357, .T. ) ;
#3159 = UNCERTAINTY_MEASURE_WITH_UNIT (LENGTH_MEASURE( 1.000000000000000082E-05 ), #8870, 'distance_accuracy_value', 'NONE');
#3160 =( LENGTH_UNIT ( ) NAMED_UNIT ( * ) SI_UNIT ( .MILLI., .METRE. ) );
#3161 = CARTESIAN_POINT ( 'NONE',  ( -1.836467642440391623, -2.412646522551076700, 1.388985220855211367 ) ) ;
#3162 =( NAMED_UNIT ( * ) SI_UNIT ( $, .STERADIAN. ) SOLID_ANGLE_UNIT ( ) );
#3163 = VECTOR ( 'NONE', #9586, 1000.000000000000000 ) ;
#3164 = ORIENTED_EDGE ( 'NONE', *, *, #9067, .T. ) ;
#3165 = AXIS2_PLACEMENT_3D ( 'NONE', #4808, #7987, #1527 ) ;
#3166 = ORIENTED_EDGE ( 'NONE', *, *, #5259, .T. ) ;
#3167 = DIRECTION ( 'NONE',  ( 0.000000000000000000, 1.000000000000000000, 0.000000000000000000 ) ) ;
#3168 = FILL_AREA_STYLE ('',( #129 ) ) ;
#3169 = DIRECTION ( 'NONE',  ( -0.08452546101099935039, 0.000000000000000000, 0.9964213197442525205 ) ) ;
#3170 = EDGE_CURVE ( 'NONE', #9078, #3465, #1012, .T. ) ;
#3171 = AXIS2_PLACEMENT_3D ( 'NONE', #7097, #1742, #6390 ) ;
#3172 = EDGE_CURVE ( 'NONE', #1576, #8708, #5373, .T. ) ;
#3173 = PRESENTATION_LAYER_ASSIGNMENT (  '', '', ( #6593 ) ) ;
#3174 = LINE ( 'NONE', #894, #2779 ) ;
#3175 = PRESENTATION_STYLE_ASSIGNMENT (( #7909 ) ) ;
#3176 = AXIS2_PLACEMENT_3D ( 'NONE', #2434, #293, #1799 ) ;
#3177 = CARTESIAN_POINT ( 'NONE',  ( -1.768056511363105043, -2.421364504079358326, 0.1448069115720497790 ) ) ;
#3178 = MECHANICAL_DESIGN_GEOMETRIC_PRESENTATION_REPRESENTATION (  '', ( #8384 ), #6759 ) ;
#3179 = CARTESIAN_POINT ( 'NONE',  ( -1.928793852439659950, -0.3800000000000000044, 0.7114753820237430526 ) ) ;
#3180 = MECHANICAL_DESIGN_GEOMETRIC_PRESENTATION_REPRESENTATION (  '', ( #9494 ), #3825 ) ;
#3181 = FILL_AREA_STYLE_COLOUR ( '', #383 ) ;
#3182 = FILL_AREA_STYLE_COLOUR ( '', #2071 ) ;
#3183 = ADVANCED_FACE ( 'NONE', ( #1523 ), #4555, .F. ) ;
#3184 = CARTESIAN_POINT ( 'NONE',  ( 1.044999999999999929, -1.044999999999999929, 0.1000000000000010048 ) ) ;
#3185 =( NAMED_UNIT ( * ) PLANE_ANGLE_UNIT ( ) SI_UNIT ( $, .RADIAN. ) );
#3186 = VECTOR ( 'NONE', #1690, 1000.000000000000000 ) ;
#3187 = DIRECTION ( 'NONE',  ( 0.000000000000000000, 0.000000000000000000, -1.000000000000000000 ) ) ;
#3188 = DIRECTION ( 'NONE',  ( 0.1537578504548350600, -0.8922426494788273654, -0.4245722292784951390 ) ) ;
#3189 = LINE ( 'NONE', #1058, #1671 ) ;
#3190 = COLOUR_RGB ( '',0.2862745098039215508, 0.2862745098039215508, 0.2862745098039215508 ) ;
#3191 = DIRECTION ( 'NONE',  ( 0.000000000000000000, -1.000000000000000000, -0.000000000000000000 ) ) ;
#3192 = CARTESIAN_POINT ( 'NONE',  ( 6.938893903907229610E-17, 0.000000000000000000, 0.1000000000000010048 ) ) ;
#3193 = ORIENTED_EDGE ( 'NONE', *, *, #7520, .F. ) ;
#3194 = STYLED_ITEM ( 'NONE', ( #3057 ), #1525 ) ;
#3195 = STYLED_ITEM ( 'NONE', ( #8544 ), #8646 ) ;
#3196 =( NAMED_UNIT ( * ) PLANE_ANGLE_UNIT ( ) SI_UNIT ( $, .RADIAN. ) );
#3197 = CARTESIAN_POINT ( 'NONE',  ( -1.870437054507610108, -2.449998806137078322, 0.8199886411530252772 ) ) ;
#3198 = SURFACE_STYLE_USAGE ( .BOTH. , #9436 ) ;
#3199 = CARTESIAN_POINT ( 'NONE',  ( -1.044999999999999929, -1.145000000000000018, 0.1000000000000010048 ) ) ;
#3200 = DIRECTION ( 'NONE',  ( -0.08452546101100759379, 0.000000000000000000, 0.9964213197442519654 ) ) ;
#3201 = ORIENTED_EDGE ( 'NONE', *, *, #2643, .F. ) ;
#3202 = ORIENTED_EDGE ( 'NONE', *, *, #1636, .F. ) ;
#3203 = PRESENTATION_STYLE_ASSIGNMENT (( #7884 ) ) ;
#3204 =( GEOMETRIC_REPRESENTATION_CONTEXT ( 3 ) GLOBAL_UNCERTAINTY_ASSIGNED_CONTEXT ( ( #9657 ) ) GLOBAL_UNIT_ASSIGNED_CONTEXT ( ( #5513, #1700, #4797 ) ) REPRESENTATION_CONTEXT ( 'NONE', 'WORKASPACE' ) );
#3205 = FACE_OUTER_BOUND ( 'NONE', #4606, .T. ) ;
#3206 = VECTOR ( 'NONE', #302, 1000.000000000000000 ) ;
#3207 = ORIENTED_EDGE ( 'NONE', *, *, #993, .T. ) ;
#3208 = EDGE_CURVE ( 'NONE', #6699, #3225, #4087, .T. ) ;
#3209 = VERTEX_POINT ( 'NONE', #2555 ) ;
#3210 = DIRECTION ( 'NONE',  ( -0.000000000000000000, 0.000000000000000000, 1.000000000000000000 ) ) ;
#3211 =( LENGTH_UNIT ( ) NAMED_UNIT ( * ) SI_UNIT ( .MILLI., .METRE. ) );
#3212 = DIRECTION ( 'NONE',  ( 2.846725704167069772E-16, 0.000000000000000000, 1.000000000000000000 ) ) ;
#3213 = DIRECTION ( 'NONE',  ( 0.000000000000000000, -0.000000000000000000, -1.000000000000000000 ) ) ;
#3214 = VECTOR ( 'NONE', #8507, 1000.000000000000000 ) ;
#3215 = LINE ( 'NONE', #9402, #9667 ) ;
#3216 = AXIS2_PLACEMENT_3D ( 'NONE', #8513, #7749, #1092 ) ;
#3217 = SURFACE_STYLE_USAGE ( .BOTH. , #5648 ) ;
#3218 = STYLED_ITEM ( 'NONE', ( #4794 ), #2699 ) ;
#3219 = CARTESIAN_POINT ( 'NONE',  ( 1.189405335455050006, 0.8900000000000000133, 1.030000000000000027 ) ) ;
#3220 = UNCERTAINTY_MEASURE_WITH_UNIT (LENGTH_MEASURE( 1.000000000000000082E-05 ), #1310, 'distance_accuracy_value', 'NONE');
#3221 = CARTESIAN_POINT ( 'NONE',  ( -1.884384548889721955, 2.304822797260258849, 0.1957106843085438252 ) ) ;
#3222 = ORIENTED_EDGE ( 'NONE', *, *, #878, .T. ) ;
#3223 = EDGE_CURVE ( 'NONE', #7903, #3479, #2459, .T. ) ;
#3224 = AXIS2_PLACEMENT_3D ( 'NONE', #3422, #3522, #7286 ) ;
#3225 = VERTEX_POINT ( 'NONE', #4031 ) ;
#3226 = SURFACE_STYLE_USAGE ( .BOTH. , #7187 ) ;
#3227 = APPLICATION_CONTEXT ( 'automotive_design' ) ;
#3228 =( NAMED_UNIT ( * ) SI_UNIT ( $, .STERADIAN. ) SOLID_ANGLE_UNIT ( ) );
#3229 = MECHANICAL_DESIGN_GEOMETRIC_PRESENTATION_REPRESENTATION (  '', ( #6485 ), #9373 ) ;
#3230 = FACE_OUTER_BOUND ( 'NONE', #7979, .T. ) ;
#3231 = CIRCLE ( 'NONE', #2749, 0.1000000000000000056 ) ;
#3232 = MECHANICAL_DESIGN_GEOMETRIC_PRESENTATION_REPRESENTATION (  '', ( #9550 ), #6009 ) ;
#3233 = ADVANCED_FACE ( 'NONE', ( #4711 ), #7125, .T. ) ;
#3234 = CARTESIAN_POINT ( 'NONE',  ( 2.295355339586480081, 1.649999999999999911, 1.030000000000000027 ) ) ;
#3235 = ADVANCED_FACE ( 'NONE', ( #1029 ), #7178, .F. ) ;
#3236 = FILL_AREA_STYLE_COLOUR ( '', #511 ) ;
#3237 = EDGE_LOOP ( 'NONE', ( #7883, #4108, #2309, #543 ) ) ;
#3238 = PRESENTATION_LAYER_ASSIGNMENT (  '', '', ( #2112 ) ) ;
#3239 = CARTESIAN_POINT ( 'NONE',  ( -1.189405335455050006, -1.905000000000000027, 0.8200000000000009504 ) ) ;
#3240 = PRESENTATION_LAYER_ASSIGNMENT (  '', '', ( #8778 ) ) ;
#3241 = DIRECTION ( 'NONE',  ( 1.000000000000000000, 0.000000000000000000, 0.000000000000000000 ) ) ;
#3242 = DIRECTION ( 'NONE',  ( 0.000000000000000000, 1.000000000000000000, 0.000000000000000000 ) ) ;
#3243 = SURFACE_STYLE_FILL_AREA ( #140 ) ;
#3244 = MECHANICAL_DESIGN_GEOMETRIC_PRESENTATION_REPRESENTATION (  '', ( #7294 ), #5696 ) ;
#3245 = DIRECTION ( 'NONE',  ( 0.000000000000000000, -1.000000000000000000, 0.000000000000000000 ) ) ;
#3246 = FACE_OUTER_BOUND ( 'NONE', #3464, .T. ) ;
#3247 = CIRCLE ( 'NONE', #854, 0.1050000000000000655 ) ;
#3248 = COLOUR_RGB ( '',0.2862745098039215508, 0.2862745098039215508, 0.2862745098039215508 ) ;
#3249 = EDGE_CURVE ( 'NONE', #1025, #8168, #7029, .T. ) ;
#3250 = ADVANCED_FACE ( 'NONE', ( #1614 ), #2401, .T. ) ;
#3251 = SURFACE_SIDE_STYLE ('',( #7308 ) ) ;
#3252 = ORIENTED_EDGE ( 'NONE', *, *, #712, .F. ) ;
#3253 = SURFACE_SIDE_STYLE ('',( #8540 ) ) ;
#3254 = DIRECTION ( 'NONE',  ( -0.3038144402441611547, 0.4515562583455168255, 0.8389241511889641290 ) ) ;
#3255 = PRESENTATION_LAYER_ASSIGNMENT (  '', '', ( #5728 ) ) ;
#3256 =( NAMED_UNIT ( * ) SI_UNIT ( $, .STERADIAN. ) SOLID_ANGLE_UNIT ( ) );
#3257 = FILL_AREA_STYLE ('',( #1756 ) ) ;
#3258 = DIRECTION ( 'NONE',  ( 1.000000000000000000, 0.000000000000000000, 0.000000000000000000 ) ) ;
#3259 = SURFACE_STYLE_FILL_AREA ( #6456 ) ;
#3260 =( NAMED_UNIT ( * ) SI_UNIT ( $, .STERADIAN. ) SOLID_ANGLE_UNIT ( ) );
#3261 = ORIENTED_EDGE ( 'NONE', *, *, #1269, .T. ) ;
#3262 = DIRECTION ( 'NONE',  ( -0.000000000000000000, 0.000000000000000000, 1.000000000000000000 ) ) ;
#3263 = VECTOR ( 'NONE', #4616, 1000.000000000000114 ) ;
#3264 = ORIENTED_EDGE ( 'NONE', *, *, #2980, .F. ) ;
#3265 = VERTEX_POINT ( 'NONE', #3411 ) ;
#3266 = FACE_OUTER_BOUND ( 'NONE', #892, .T. ) ;
#3267 = VERTEX_POINT ( 'NONE', #4284 ) ;
#3268 = FILL_AREA_STYLE ('',( #4712 ) ) ;
#3269 = VECTOR ( 'NONE', #5909, 1000.000000000000000 ) ;
#3270 = ORIENTED_EDGE ( 'NONE', *, *, #5132, .F. ) ;
#3271 = FILL_AREA_STYLE_COLOUR ( '', #3518 ) ;
#3272 = CARTESIAN_POINT ( 'NONE',  ( -1.916878544047197597, -2.449872071855467848, 1.032432000067762257 ) ) ;
#3273 = SURFACE_SIDE_STYLE ('',( #6183 ) ) ;
#3274 = LINE ( 'NONE', #5651, #2345 ) ;
#3275 = ORIENTED_EDGE ( 'NONE', *, *, #2425, .T. ) ;
#3276 = MECHANICAL_DESIGN_GEOMETRIC_PRESENTATION_REPRESENTATION (  '', ( #1995 ), #6526 ) ;
#3277 = VERTEX_POINT ( 'NONE', #9743 ) ;
#3278 = CARTESIAN_POINT ( 'NONE',  ( -2.005945153285420446, 0.6350000000000000089, 0.7150000000000019673 ) ) ;
#3279 = CARTESIAN_POINT ( 'NONE',  ( -1.189405335455050006, 1.649999999999999689, 1.030000000000000027 ) ) ;
#3280 = DIRECTION ( 'NONE',  ( 1.000000000000000000, -0.000000000000000000, -3.040008243693350015E-16 ) ) ;
#3281 = SURFACE_STYLE_FILL_AREA ( #4790 ) ;
#3282 = SURFACE_SIDE_STYLE ('',( #7860 ) ) ;
#3283 = MECHANICAL_DESIGN_GEOMETRIC_PRESENTATION_REPRESENTATION (  '', ( #9587 ), #8960 ) ;
#3284 = ADVANCED_FACE ( 'NONE', ( #5165 ), #8819, .T. ) ;
#3285 = MECHANICAL_DESIGN_GEOMETRIC_PRESENTATION_REPRESENTATION (  '', ( #6217 ), #8963 ) ;
#3286 = ORIENTED_EDGE ( 'NONE', *, *, #2601, .F. ) ;
#3287 = CARTESIAN_POINT ( 'NONE',  ( 1.145000000000000018, -1.044999999999999929, 0.3000000000000009881 ) ) ;
#3288 = LINE ( 'NONE', #139, #2219 ) ;
#3289 = ORIENTED_EDGE ( 'NONE', *, *, #801, .F. ) ;
#3290 =( LENGTH_UNIT ( ) NAMED_UNIT ( * ) SI_UNIT ( .MILLI., .METRE. ) );
#3291 = EDGE_CURVE ( 'NONE', #5151, #770, #5837, .T. ) ;
#3292 = SURFACE_SIDE_STYLE ('',( #5417 ) ) ;
#3293 =( NAMED_UNIT ( * ) SI_UNIT ( $, .STERADIAN. ) SOLID_ANGLE_UNIT ( ) );
#3294 = CARTESIAN_POINT ( 'NONE',  ( 1.822058643589077764, -2.219552563675410095, 0.05493907512491903733 ) ) ;
#3295 = CARTESIAN_POINT ( 'NONE',  ( -2.361081698735099987, -0.3800000000000000044, 0.2551903184968640215 ) ) ;
#3296 = FILL_AREA_STYLE_COLOUR ( '', #9386 ) ;
#3297 = CARTESIAN_POINT ( 'NONE',  ( -0.2285000000000000364, 1.500999999999999890, 0.1000000000000010048 ) ) ;
#3298 = DIRECTION ( 'NONE',  ( 1.000000000000000000, -0.000000000000000000, -1.779203565104420086E-16 ) ) ;
#3299 = DIRECTION ( 'NONE',  ( -0.9945218953682734009, 0.000000000000000000, -0.1045284632676532210 ) ) ;
#3300 = EDGE_CURVE ( 'NONE', #8897, #4829, #542, .T. ) ;
#3301 = SURFACE_STYLE_FILL_AREA ( #7022 ) ;
#3302 = CARTESIAN_POINT ( 'NONE',  ( 1.497079004158460234E-33, 1.145000000000000018, 0.3000000000000009881 ) ) ;
#3303 = EDGE_CURVE ( 'NONE', #9010, #1930, #5785, .T. ) ;
#3304 = DIRECTION ( 'NONE',  ( 0.000000000000000000, 0.000000000000000000, 1.000000000000000000 ) ) ;
#3305 = DIRECTION ( 'NONE',  ( 0.000000000000000000, -1.000000000000000000, 0.000000000000000000 ) ) ;
#3306 = PLANE ( 'NONE',  #7872 ) ;
#3307 = ORIENTED_EDGE ( 'NONE', *, *, #6852, .F. ) ;
#3308 = ORIENTED_EDGE ( 'NONE', *, *, #8259, .F. ) ;
#3309 = LINE ( 'NONE', #1255, #3747 ) ;
#3310 = ORIENTED_EDGE ( 'NONE', *, *, #3415, .T. ) ;
#3311 = CARTESIAN_POINT ( 'NONE',  ( 1.802292627064880026, -2.302292627064889796, 1.749999999999999334 ) ) ;
#3312 = DIRECTION ( 'NONE',  ( -0.08452546101100759379, 0.000000000000000000, 0.9964213197442519654 ) ) ;
#3313 = ORIENTED_EDGE ( 'NONE', *, *, #1577, .F. ) ;
#3314 = FILL_AREA_STYLE_COLOUR ( '', #5674 ) ;
#3315 = SURFACE_STYLE_FILL_AREA ( #2465 ) ;
#3316 = COLOUR_RGB ( '',0.8313725490196077761, 0.8313725490196077761, 0.8313725490196077761 ) ;
#3317 = EDGE_CURVE ( 'NONE', #14, #2451, #1645, .T. ) ;
#3318 = PRESENTATION_LAYER_ASSIGNMENT (  '', '', ( #7695 ) ) ;
#3319 =( NAMED_UNIT ( * ) SI_UNIT ( $, .STERADIAN. ) SOLID_ANGLE_UNIT ( ) );
#3320 = UNCERTAINTY_MEASURE_WITH_UNIT (LENGTH_MEASURE( 1.000000000000000082E-05 ), #9648, 'distance_accuracy_value', 'NONE');
#3321 = COLOUR_RGB ( '',0.8313725490196077761, 0.8313725490196077761, 0.8313725490196077761 ) ;
#3322 = VERTEX_POINT ( 'NONE', #4240 ) ;
#3323 = DIRECTION ( 'NONE',  ( 0.000000000000000000, 0.000000000000000000, -1.000000000000000000 ) ) ;
#3324 = CARTESIAN_POINT ( 'NONE',  ( 1.845189659078854794, 2.345189659078864786, 1.722150640348745654 ) ) ;
#3325 = STYLED_ITEM ( 'NONE', ( #8029 ), #846 ) ;
#3326 = AXIS2_PLACEMENT_3D ( 'NONE', #7691, #2603, #212 ) ;
#3327 = VERTEX_POINT ( 'NONE', #6566 ) ;
#3328 = CARTESIAN_POINT ( 'NONE',  ( 1.949999999999999956, 0.000000000000000000, 0.8199999999999999512 ) ) ;
#3329 = CARTESIAN_POINT ( 'NONE',  ( 1.802292627064880026, 0.000000000000000000, 1.749999999999998890 ) ) ;
#3330 = EDGE_CURVE ( 'NONE', #9315, #1071, #8901, .T. ) ;
#3331 = EDGE_LOOP ( 'NONE', ( #8366, #3582, #668, #4852 ) ) ;
#3332 = FILL_AREA_STYLE_COLOUR ( '', #6211 ) ;
#3333 = COLOUR_RGB ( '',0.2862745098039215508, 0.2862745098039215508, 0.2862745098039215508 ) ;
#3334 = DIRECTION ( 'NONE',  ( 0.000000000000000000, 1.000000000000000000, 0.000000000000000000 ) ) ;
#3335 = DIRECTION ( 'NONE',  ( 1.000000000000000000, 0.000000000000000000, -2.846725704167069772E-16 ) ) ;
#3336 = LINE ( 'NONE', #2491, #6677 ) ;
#3337 = FACE_OUTER_BOUND ( 'NONE', #1963, .T. ) ;
#3338 =( GEOMETRIC_REPRESENTATION_CONTEXT ( 3 ) GLOBAL_UNCERTAINTY_ASSIGNED_CONTEXT ( ( #5518 ) ) GLOBAL_UNIT_ASSIGNED_CONTEXT ( ( #6392, #5240, #1106 ) ) REPRESENTATION_CONTEXT ( 'NONE', 'WORKASPACE' ) );
#3339 = CARTESIAN_POINT ( 'NONE',  ( 2.102415215385780023, -1.905000000000000027, 0.8200000000000019496 ) ) ;
#3340 = EDGE_CURVE ( 'NONE', #529, #1818, #5114, .T. ) ;
#3341 = ORIENTED_EDGE ( 'NONE', *, *, #1394, .F. ) ;
#3342 = CARTESIAN_POINT ( 'NONE',  ( 2.167034018033049847, -1.905000000000000027, 0.05824665557634479962 ) ) ;
#3343 = CARTESIAN_POINT ( 'NONE',  ( 1.189405335455050006, -0.6350000000000000089, 0.8200000000000009504 ) ) ;
#3344 = MECHANICAL_DESIGN_GEOMETRIC_PRESENTATION_REPRESENTATION (  '', ( #324 ), #8873 ) ;
#3345 = CARTESIAN_POINT ( 'NONE',  ( 1.825287670640525661, -2.345189659078863009, 1.738521220450380378 ) ) ;
#3346 = SURFACE_STYLE_USAGE ( .BOTH. , #301 ) ;
#3347 =( NAMED_UNIT ( * ) SI_UNIT ( $, .STERADIAN. ) SOLID_ANGLE_UNIT ( ) );
#3348 = FILL_AREA_STYLE_COLOUR ( '', #8707 ) ;
#3349 = CARTESIAN_POINT ( 'NONE',  ( 1.949999403068538362, -2.370218527253804996, 1.030005679423484644 ) ) ;
#3350 = STYLED_ITEM ( 'NONE', ( #9508 ), #1361 ) ;
#3351 = DIRECTION ( 'NONE',  ( 0.000000000000000000, 0.000000000000000000, 1.000000000000000000 ) ) ;
#3352 = DIRECTION ( 'NONE',  ( -0.000000000000000000, -1.000000000000000000, -0.000000000000000000 ) ) ;
#3353 = ORIENTED_EDGE ( 'NONE', *, *, #1514, .F. ) ;
#3354 = EDGE_CURVE ( 'NONE', #1777, #3626, #515, .T. ) ;
#3355 = EDGE_CURVE ( 'NONE', #5250, #4332, #3401, .T. ) ;
#3356 = DIRECTION ( 'NONE',  ( 0.1039620511844981943, -0.1039620511844859541, -0.9891328443778550916 ) ) ;
#3357 = EDGE_LOOP ( 'NONE', ( #6842, #1706, #9928, #5382, #3828, #2962, #5809, #7856, #6315, #7195, #4965, #3713, #7040, #7251, #1852, #4177, #451, #5071, #4635, #18 ) ) ;
#3358 = FACE_OUTER_BOUND ( 'NONE', #9846, .T. ) ;
#3359 = ORIENTED_EDGE ( 'NONE', *, *, #5082, .F. ) ;
#3360 = CARTESIAN_POINT ( 'NONE',  ( -1.189405335455050228, -1.905000000000000027, 0.8200000000000009504 ) ) ;
#3361 = VECTOR ( 'NONE', #7642, 1000.000000000000000 ) ;
#3362 = PRESENTATION_LAYER_ASSIGNMENT (  '', '', ( #4514 ) ) ;
#3363 = CARTESIAN_POINT ( 'NONE',  ( 2.376389666031580195, 0.6350000000000000089, 0.07473362777057840356 ) ) ;
#3364 = CYLINDRICAL_SURFACE ( 'NONE', #3723, 0.07999999999999998779 ) ;
#3365 = COLOUR_RGB ( '',0.8313725490196077761, 0.8313725490196077761, 0.8313725490196077761 ) ;
#3366 = ORIENTED_EDGE ( 'NONE', *, *, #6341, .T. ) ;
#3367 = EDGE_CURVE ( 'NONE', #7119, #6827, #9888, .T. ) ;
#3368 =( GEOMETRIC_REPRESENTATION_CONTEXT ( 3 ) GLOBAL_UNCERTAINTY_ASSIGNED_CONTEXT ( ( #6900 ) ) GLOBAL_UNIT_ASSIGNED_CONTEXT ( ( #3602, #8983, #6753 ) ) REPRESENTATION_CONTEXT ( 'NONE', 'WORKASPACE' ) );
#3369 = VERTEX_POINT ( 'NONE', #9035 ) ;
#3370 = CARTESIAN_POINT ( 'NONE',  ( -2.353481300512973551, -1.905000000000000027, 0.3447869765509682938 ) ) ;
#3371 = DIRECTION ( 'NONE',  ( 0.000000000000000000, 0.000000000000000000, 1.000000000000000000 ) ) ;
#3372 = PRESENTATION_LAYER_ASSIGNMENT (  '', '', ( #6142 ) ) ;
#3373 = DIRECTION ( 'NONE',  ( 1.000000000000000000, 0.000000000000000000, 0.000000000000000000 ) ) ;
#3374 = CARTESIAN_POINT ( 'NONE',  ( 1.845189659078855460, 2.345189659078863897, 1.722150640348745654 ) ) ;
#3375 = CARTESIAN_POINT ( 'NONE',  ( -1.492920983025413761, 2.338417127732530520, 1.737113932095116997 ) ) ;
#3376 = DIRECTION ( 'NONE',  ( -1.000000000000000000, -0.000000000000000000, 0.000000000000000000 ) ) ;
#3377 = UNCERTAINTY_MEASURE_WITH_UNIT (LENGTH_MEASURE( 1.000000000000000082E-05 ), #4147, 'distance_accuracy_value', 'NONE');
#3378 = VECTOR ( 'NONE', #2272, 1000.000000000000227 ) ;
#3379 = ORIENTED_EDGE ( 'NONE', *, *, #918, .T. ) ;
#3380 = CARTESIAN_POINT ( 'NONE',  ( 1.949872071855469624, -2.416878544047198041, 0.8175679999322644775 ) ) ;
#3381 = LINE ( 'NONE', #5762, #5850 ) ;
#3382 = ORIENTED_EDGE ( 'NONE', *, *, #9659, .T. ) ;
#3383 = COLOUR_RGB ( '',0.8313725490196077761, 0.8313725490196077761, 0.8313725490196077761 ) ;
#3384 =( GEOMETRIC_REPRESENTATION_CONTEXT ( 3 ) GLOBAL_UNCERTAINTY_ASSIGNED_CONTEXT ( ( #6987 ) ) GLOBAL_UNIT_ASSIGNED_CONTEXT ( ( #7338, #5236, #3469 ) ) REPRESENTATION_CONTEXT ( 'NONE', 'WORKASPACE' ) );
#3385 = CARTESIAN_POINT ( 'NONE',  ( -1.837171350119500168, 2.416733101748963719, 1.346513394221930726 ) ) ;
#3386 = FILL_AREA_STYLE ('',( #7447 ) ) ;
#3387 = CARTESIAN_POINT ( 'NONE',  ( 2.102415215385780023, 1.905000000000000027, 0.8200000000000009504 ) ) ;
#3388 =( NAMED_UNIT ( * ) PLANE_ANGLE_UNIT ( ) SI_UNIT ( $, .RADIAN. ) );
#3389 = COLOUR_RGB ( '',0.2862745098039215508, 0.2862745098039215508, 0.2862745098039215508 ) ;
#3390 = COLOUR_RGB ( '',0.2862745098039215508, 0.2862745098039215508, 0.2862745098039215508 ) ;
#3391 = VECTOR ( 'NONE', #6553, 1000.000000000000000 ) ;
#3392 = MECHANICAL_DESIGN_GEOMETRIC_PRESENTATION_REPRESENTATION (  '', ( #2112 ), #4724 ) ;
#3393 = PRESENTATION_LAYER_ASSIGNMENT (  '', '', ( #4900 ) ) ;
#3394 = ORIENTED_EDGE ( 'NONE', *, *, #5244, .T. ) ;
#3395 = ORIENTED_EDGE ( 'NONE', *, *, #7499, .T. ) ;
#3396 = FILL_AREA_STYLE_COLOUR ( '', #3248 ) ;
#3397 = CARTESIAN_POINT ( 'NONE',  ( 1.843428520399603032, -2.421364504079358326, 1.643195086812338168 ) ) ;
#3398 = STYLED_ITEM ( 'NONE', ( #8054 ), #6637 ) ;
#3399 = MECHANICAL_DESIGN_GEOMETRIC_PRESENTATION_REPRESENTATION (  '', ( #5393 ), #9241 ) ;
#3400 = SURFACE_SIDE_STYLE ('',( #8144 ) ) ;
#3401 = CIRCLE ( 'NONE', #8289, 0.2100000000000000477 ) ;
#3402 = ADVANCED_FACE ( 'NONE', ( #8487 ), #2891, .F. ) ;
#3403 = ORIENTED_EDGE ( 'NONE', *, *, #3480, .F. ) ;
#3404 = DIRECTION ( 'NONE',  ( 0.000000000000000000, 0.000000000000000000, 1.000000000000000000 ) ) ;
#3405 = PRESENTATION_LAYER_ASSIGNMENT (  '', '', ( #5070 ) ) ;
#3406 = ORIENTED_EDGE ( 'NONE', *, *, #1478, .F. ) ;
#3407 = VECTOR ( 'NONE', #3731, 1000.000000000000000 ) ;
#3408 = MECHANICAL_DESIGN_GEOMETRIC_PRESENTATION_REPRESENTATION (  '', ( #2613 ), #9086 ) ;
#3409 = SURFACE_STYLE_FILL_AREA ( #4976 ) ;
#3410 = ORIENTED_EDGE ( 'NONE', *, *, #2371, .T. ) ;
#3411 = CARTESIAN_POINT ( 'NONE',  ( 1.044999999999999929, -1.145000000000000240, 0.3000000000000009881 ) ) ;
#3412 = ORIENTED_EDGE ( 'NONE', *, *, #3249, .T. ) ;
#3413 =( NAMED_UNIT ( * ) PLANE_ANGLE_UNIT ( ) SI_UNIT ( $, .RADIAN. ) );
#3414 = AXIS2_PLACEMENT_3D ( 'NONE', #2290, #9778, #2189 ) ;
#3415 = EDGE_CURVE ( 'NONE', #5176, #9165, #1369, .T. ) ;
#3416 = COLOUR_RGB ( '',0.2862745098039215508, 0.2862745098039215508, 0.2862745098039215508 ) ;
#3417 = SURFACE_STYLE_FILL_AREA ( #471 ) ;
#3418 = ORIENTED_EDGE ( 'NONE', *, *, #8522, .T. ) ;
#3419 = STYLED_ITEM ( 'NONE', ( #1922 ), #7237 ) ;
#3420 = ORIENTED_EDGE ( 'NONE', *, *, #6589, .T. ) ;
#3421 = SURFACE_STYLE_FILL_AREA ( #3521 ) ;
#3422 = CARTESIAN_POINT ( 'NONE',  ( -2.102415215385780023, -1.649999999999999911, 0.8200000000000009504 ) ) ;
#3423 = PRESENTATION_LAYER_ASSIGNMENT (  '', '', ( #5898 ) ) ;
#3424 = CARTESIAN_POINT ( 'NONE',  ( 6.938893903907229610E-17, 1.500999999999999890, 0.1000000000000010048 ) ) ;
#3425 = CARTESIAN_POINT ( 'NONE',  ( 1.873719365689371807, 2.336567908382719772, 1.681109729972072753 ) ) ;
#3426 = PRESENTATION_STYLE_ASSIGNMENT (( #9656 ) ) ;
#3427 = ADVANCED_FACE ( 'NONE', ( #6066 ), #657, .F. ) ;
#3428 = EDGE_CURVE ( 'NONE', #2012, #5605, #7518, .T. ) ;
#3429 = COLOUR_RGB ( '',0.8313725490196077761, 0.8313725490196077761, 0.8313725490196077761 ) ;
#3430 = AXIS2_PLACEMENT_3D ( 'NONE', #9088, #2151, #8343 ) ;
#3431 = VERTEX_POINT ( 'NONE', #6813 ) ;
#3432 = SURFACE_STYLE_USAGE ( .BOTH. , #8123 ) ;
#3433 = ORIENTED_EDGE ( 'NONE', *, *, #1538, .T. ) ;
#3434 = CARTESIAN_POINT ( 'NONE',  ( 1.462500000000000133, 2.302292627064889796, 0.1799999999999999933 ) ) ;
#3435 = DIRECTION ( 'NONE',  ( 0.000000000000000000, 0.000000000000000000, 1.000000000000000000 ) ) ;
#3436 = VECTOR ( 'NONE', #9914, 1000.000000000000000 ) ;
#3437 = DIRECTION ( 'NONE',  ( 0.000000000000000000, 1.000000000000000000, -0.000000000000000000 ) ) ;
#3438 = FILL_AREA_STYLE ('',( #403 ) ) ;
#3439 = EDGE_CURVE ( 'NONE', #336, #594, #5366, .T. ) ;
#3440 = CARTESIAN_POINT ( 'NONE',  ( -2.295355339586480081, 1.905000000000000027, 1.030000000000000027 ) ) ;
#3441 = EDGE_LOOP ( 'NONE', ( #2442, #8668, #7293, #31 ) ) ;
#3442 = SURFACE_STYLE_USAGE ( .BOTH. , #299 ) ;
#3443 =( NAMED_UNIT ( * ) PLANE_ANGLE_UNIT ( ) SI_UNIT ( $, .RADIAN. ) );
#3444 =( BOUNDED_SURFACE ( )  B_SPLINE_SURFACE ( 3, 3, ( 
 ( #3950, #4150, #8013, #242 ),
 ( #944, #7047, #4895, #898 ),
 ( #8573, #3177, #6386, #1641 ),
 ( #7914, #8726, #135, #4106 ) ),
 .UNSPECIFIED., .F., .F., .T. ) 
 B_SPLINE_SURFACE_WITH_KNOTS ( ( 4, 4 ),
 ( 4, 4 ),
 ( 0.000000000000000000, 1.000000000000000000 ),
 ( 0.000000000000000000, 1.000000000000000000 ),
 .UNSPECIFIED. ) 
 GEOMETRIC_REPRESENTATION_ITEM ( )  RATIONAL_B_SPLINE_SURFACE ( (
 ( 1.000000000000000000, 0.3333333333333353132, 0.3333333333333353132, 1.000000000000000000),
 ( 0.9290532412555473352, 0.3096844137518509621, 0.3096844137518509621, 0.9290532412555473352),
 ( 0.9290532412555473352, 0.3096844137518509621, 0.3096844137518509621, 0.9290532412555473352),
 ( 1.000000000000000000, 0.3333333333333353132, 0.3333333333333353132, 1.000000000000000000) ) ) 
 REPRESENTATION_ITEM ( '' )  SURFACE ( )  );
#3445 = FILL_AREA_STYLE_COLOUR ( '', #1778 ) ;
#3446 =( NAMED_UNIT ( * ) SI_UNIT ( $, .STERADIAN. ) SOLID_ANGLE_UNIT ( ) );
#3447 = DIRECTION ( 'NONE',  ( 0.1039620511844980000, 0.1039620511844980000, -0.9891328443778539814 ) ) ;
#3448 = CARTESIAN_POINT ( 'NONE',  ( -2.102415215385780023, 0.3800000000000000044, 1.030000000000000027 ) ) ;
#3449 = VERTEX_POINT ( 'NONE', #3966 ) ;
#3450 =( NAMED_UNIT ( * ) SI_UNIT ( $, .STERADIAN. ) SOLID_ANGLE_UNIT ( ) );
#3451 = VERTEX_POINT ( 'NONE', #7875 ) ;
#3452 = AXIS2_PLACEMENT_3D ( 'NONE', #400, #4841, #8731 ) ;
#3453 = LINE ( 'NONE', #6415, #9578 ) ;
#3454 = DIRECTION ( 'NONE',  ( 0.000000000000000000, 0.000000000000000000, 1.000000000000000000 ) ) ;
#3455 = EDGE_CURVE ( 'NONE', #6679, #8553, #4759, .T. ) ;
#3456 =( NAMED_UNIT ( * ) SI_UNIT ( $, .STERADIAN. ) SOLID_ANGLE_UNIT ( ) );
#3457 = ORIENTED_EDGE ( 'NONE', *, *, #7832, .F. ) ;
#3458 =( LENGTH_UNIT ( ) NAMED_UNIT ( * ) SI_UNIT ( .MILLI., .METRE. ) );
#3459 = LINE ( 'NONE', #2707, #8217 ) ;
#3460 = CARTESIAN_POINT ( 'NONE',  ( -1.876672648650953956, 2.338986644132700743, 0.1663894696302030407 ) ) ;
#3461 = ORIENTED_EDGE ( 'NONE', *, *, #9364, .F. ) ;
#3462 = SURFACE_STYLE_USAGE ( .BOTH. , #1622 ) ;
#3463 = PLANE ( 'NONE',  #9084 ) ;
#3464 = EDGE_LOOP ( 'NONE', ( #1401, #3050, #4866, #1259 ) ) ;
#3465 = VERTEX_POINT ( 'NONE', #964 ) ;
#3466 = CARTESIAN_POINT ( 'NONE',  ( -1.189405335455050006, -1.649999999999999911, 1.030000000000000027 ) ) ;
#3467 = ADVANCED_FACE ( 'NONE', ( #6307 ), #1751, .T. ) ;
#3468 = SURFACE_STYLE_FILL_AREA ( #433 ) ;
#3469 =( NAMED_UNIT ( * ) SI_UNIT ( $, .STERADIAN. ) SOLID_ANGLE_UNIT ( ) );
#3470 = ORIENTED_EDGE ( 'NONE', *, *, #5695, .T. ) ;
#3471 = CARTESIAN_POINT ( 'NONE',  ( -1.522182522502901758, 2.426464941424825383, 1.662886444117630758 ) ) ;
#3472 = CARTESIAN_POINT ( 'NONE',  ( 0.2285000000000000364, -1.401000000000000023, 0.1000000000000009909 ) ) ;
#3473 = UNCERTAINTY_MEASURE_WITH_UNIT (LENGTH_MEASURE( 1.000000000000000082E-05 ), #9124, 'distance_accuracy_value', 'NONE');
#3474 = PRESENTATION_LAYER_ASSIGNMENT (  '', '', ( #2040 ) ) ;
#3475 = CLOSED_SHELL ( 'NONE', ( #539, #7199, #4055, #7590, #2486, #4944, #4630, #7965, #6576, #8433, #2892, #8786, #2494, #1049 ) ) ;
#3476 = ORIENTED_EDGE ( 'NONE', *, *, #1834, .T. ) ;
#3477 =( NAMED_UNIT ( * ) PLANE_ANGLE_UNIT ( ) SI_UNIT ( $, .RADIAN. ) );
#3478 = EDGE_CURVE ( 'NONE', #6091, #9704, #3857, .T. ) ;
#3479 = VERTEX_POINT ( 'NONE', #1605 ) ;
#3480 = EDGE_CURVE ( 'NONE', #6918, #5449, #4695, .T. ) ;
#3481 = DIRECTION ( 'NONE',  ( 0.000000000000000000, 0.000000000000000000, -1.000000000000000000 ) ) ;
#3482 =( NAMED_UNIT ( * ) SI_UNIT ( $, .STERADIAN. ) SOLID_ANGLE_UNIT ( ) );
#3483 =( GEOMETRIC_REPRESENTATION_CONTEXT ( 3 ) GLOBAL_UNCERTAINTY_ASSIGNED_CONTEXT ( ( #8233 ) ) GLOBAL_UNIT_ASSIGNED_CONTEXT ( ( #2564, #5751, #6475 ) ) REPRESENTATION_CONTEXT ( 'NONE', 'WORKASPACE' ) );
#3484 = LINE ( 'NONE', #4112, #1195 ) ;
#3485 = CARTESIAN_POINT ( 'NONE',  ( 1.044999999999999929, -1.145000000000000018, 0.1000000000000005884 ) ) ;
#3486 = AXIS2_PLACEMENT_3D ( 'NONE', #4122, #3304, #3258 ) ;
#3487 = SURFACE_STYLE_FILL_AREA ( #6705 ) ;
#3488 = AXIS2_PLACEMENT_3D ( 'NONE', #3657, #7571, #614 ) ;
#3489 = VECTOR ( 'NONE', #605, 1000.000000000000000 ) ;
#3490 = CARTESIAN_POINT ( 'NONE',  ( 1.845189659078864564, -2.345189659078864342, 0.1278493596512556008 ) ) ;
#3491 = VERTEX_POINT ( 'NONE', #7924 ) ;
#3492 = EDGE_CURVE ( 'NONE', #811, #3449, #9283, .T. ) ;
#3493 = AXIS2_PLACEMENT_3D ( 'NONE', #8809, #4613, #4920 ) ;
#3494 = FILL_AREA_STYLE_COLOUR ( '', #4231 ) ;
#3495 =( LENGTH_UNIT ( ) NAMED_UNIT ( * ) SI_UNIT ( .MILLI., .METRE. ) );
#3496 = CARTESIAN_POINT ( 'NONE',  ( -1.921192430278650054, -2.219552563675410539, 0.1364825651540217122 ) ) ;
#3497 = LINE ( 'NONE', #5731, #3851 ) ;
#3498 = MECHANICAL_DESIGN_GEOMETRIC_PRESENTATION_REPRESENTATION (  '', ( #6593 ), #8375 ) ;
#3499 = CARTESIAN_POINT ( 'NONE',  ( -2.102415215385780023, -0.8900000000000000133, 0.8200000000000009504 ) ) ;
#3500 = DIRECTION ( 'NONE',  ( -1.000000000000000000, -1.849586107649222981E-17, 1.943993334024899209E-18 ) ) ;
#3501 = CARTESIAN_POINT ( 'NONE',  ( 1.044999999999999929, -1.145000000000000018, 0.1000000000000009076 ) ) ;
#3502 = ORIENTED_EDGE ( 'NONE', *, *, #7466, .T. ) ;
#3503 = FILL_AREA_STYLE ('',( #418 ) ) ;
#3504 = AXIS2_PLACEMENT_3D ( 'NONE', #4688, #3135, #7053 ) ;
#3505 = CARTESIAN_POINT ( 'NONE',  ( -1.802292627064890684, 2.302292627064891128, 0.1800000000000009370 ) ) ;
#3506 = PRESENTATION_LAYER_ASSIGNMENT (  '', '', ( #5162 ) ) ;
#3507 = CARTESIAN_POINT ( 'NONE',  ( 1.881854378694351348, -2.302292627064890684, 1.678362277061410390 ) ) ;
#3508 = EDGE_LOOP ( 'NONE', ( #7025, #7684, #9115, #9864 ) ) ;
#3509 = SURFACE_STYLE_USAGE ( .BOTH. , #8950 ) ;
#3510 = SURFACE_SIDE_STYLE ('',( #2011 ) ) ;
#3511 = VERTEX_POINT ( 'NONE', #2538 ) ;
#3512 = FILL_AREA_STYLE_COLOUR ( '', #180 ) ;
#3513 = FILL_AREA_STYLE ('',( #8993 ) ) ;
#3514 = DIRECTION ( 'NONE',  ( 0.000000000000000000, 0.000000000000000000, -1.000000000000000000 ) ) ;
#3515 = PRESENTATION_LAYER_ASSIGNMENT (  '', '', ( #7906 ) ) ;
#3516 = PLANE ( 'NONE',  #8613 ) ;
#3517 = FACE_OUTER_BOUND ( 'NONE', #1561, .T. ) ;
#3518 = COLOUR_RGB ( '',0.8313725490196077761, 0.8313725490196077761, 0.8313725490196077761 ) ;
#3519 = ORIENTED_EDGE ( 'NONE', *, *, #1538, .F. ) ;
#3520 = VERTEX_POINT ( 'NONE', #258 ) ;
#3521 = FILL_AREA_STYLE ('',( #9560 ) ) ;
#3522 = DIRECTION ( 'NONE',  ( -0.000000000000000000, -1.000000000000000000, -0.000000000000000000 ) ) ;
#3523 = DIRECTION ( 'NONE',  ( 0.000000000000000000, -0.000000000000000000, -1.000000000000000000 ) ) ;
#3524 = STYLED_ITEM ( 'NONE', ( #5625 ), #8099 ) ;
#3525 = CARTESIAN_POINT ( 'NONE',  ( 2.005945153285420446, 2.160000000000000142, 0.7150000000000019673 ) ) ;
#3526 = CIRCLE ( 'NONE', #3018, 0.1000000000000000056 ) ;
#3527 =( LENGTH_UNIT ( ) NAMED_UNIT ( * ) SI_UNIT ( .MILLI., .METRE. ) );
#3528 = FILL_AREA_STYLE_COLOUR ( '', #1653 ) ;
#3529 = UNCERTAINTY_MEASURE_WITH_UNIT (LENGTH_MEASURE( 1.000000000000000082E-05 ), #8178, 'distance_accuracy_value', 'NONE');
#3530 = EDGE_CURVE ( 'NONE', #6868, #9357, #7773, .T. ) ;
#3531 = COLOUR_RGB ( '',0.8313725490196077761, 0.8313725490196077761, 0.8313725490196077761 ) ;
#3532 = EDGE_LOOP ( 'NONE', ( #4979, #1097, #8476, #5557, #7082 ) ) ;
#3533 = PRESENTATION_LAYER_ASSIGNMENT (  '', '', ( #3036 ) ) ;
#3534 = FILL_AREA_STYLE ('',( #9066 ) ) ;
#3535 = VERTEX_POINT ( 'NONE', #7019 ) ;
#3536 = PRESENTATION_STYLE_ASSIGNMENT (( #8181 ) ) ;
#3537 = DIRECTION ( 'NONE',  ( 0.000000000000000000, 0.000000000000000000, -1.000000000000000000 ) ) ;
#3538 = COLOUR_RGB ( '',0.8313725490196077761, 0.8313725490196077761, 0.8313725490196077761 ) ;
#3539 = CARTESIAN_POINT ( 'NONE',  ( 2.311663692532071934, 0.8900000000000000133, 0.8377503468123118635 ) ) ;
#3540 = AXIS2_PLACEMENT_3D ( 'NONE', #8325, #1391, #2780 ) ;
#3541 = UNCERTAINTY_MEASURE_WITH_UNIT (LENGTH_MEASURE( 1.000000000000000082E-05 ), #4094, 'distance_accuracy_value', 'NONE');
#3542 = ADVANCED_FACE ( 'NONE', ( #3141 ), #2444, .T. ) ;
#3543 = ADVANCED_FACE ( 'NONE', ( #8890 ), #7403, .F. ) ;
#3544 = AXIS2_PLACEMENT_3D ( 'NONE', #9785, #1956, #4445 ) ;
#3545 = SURFACE_STYLE_FILL_AREA ( #3642 ) ;
#3546 = EDGE_LOOP ( 'NONE', ( #9915, #8121, #2109, #8425 ) ) ;
#3547 = PRESENTATION_LAYER_ASSIGNMENT (  '', '', ( #6795 ) ) ;
#3548 = DIRECTION ( 'NONE',  ( 0.06975647374412553836, 0.000000000000000000, 0.9975640502598243087 ) ) ;
#3549 = CARTESIAN_POINT ( 'NONE',  ( 2.102415215385780023, -0.6350000000000000089, 0.8200000000000009504 ) ) ;
#3550 = APPLICATION_CONTEXT ( 'automotive_design' ) ;
#3551 = LINE ( 'NONE', #5060, #8439 ) ;
#3552 = PRESENTATION_STYLE_ASSIGNMENT (( #505 ) ) ;
#3553 = DIRECTION ( 'NONE',  ( 0.000000000000000000, -1.000000000000000000, 0.000000000000000000 ) ) ;
#3554 = CYLINDRICAL_SURFACE ( 'NONE', #1265, 0.1000000000000000472 ) ;
#3555 = PLANE ( 'NONE',  #2844 ) ;
#3556 = AXIS2_PLACEMENT_3D ( 'NONE', #2650, #5773, #1892 ) ;
#3557 = EDGE_CURVE ( 'NONE', #9604, #8816, #2132, .T. ) ;
#3558 = EDGE_CURVE ( 'NONE', #2175, #2921, #1854, .T. ) ;
#3559 = UNCERTAINTY_MEASURE_WITH_UNIT (LENGTH_MEASURE( 1.000000000000000082E-05 ), #4471, 'distance_accuracy_value', 'NONE');
#3560 = PRESENTATION_LAYER_ASSIGNMENT (  '', '', ( #2424 ) ) ;
#3561 = LINE ( 'NONE', #8246, #7660 ) ;
#3562 = CARTESIAN_POINT ( 'NONE',  ( 1.865091647517183704, -2.345189659078864786, 1.705780060247107599 ) ) ;
#3563 = CIRCLE ( 'NONE', #8122, 0.07999999999999998779 ) ;
#3564 = STYLED_ITEM ( 'NONE', ( #7433 ), #6512 ) ;
#3565 = SURFACE_STYLE_FILL_AREA ( #513 ) ;
#3566 = ORIENTED_EDGE ( 'NONE', *, *, #7365, .T. ) ;
#3567 = CARTESIAN_POINT ( 'NONE',  ( 2.346432839248830060, 0.6350000000000000089, 0.04570186794230145233 ) ) ;
#3568 =( GEOMETRIC_REPRESENTATION_CONTEXT ( 3 ) GLOBAL_UNCERTAINTY_ASSIGNED_CONTEXT ( ( #2316 ) ) GLOBAL_UNIT_ASSIGNED_CONTEXT ( ( #762, #7522, #9284 ) ) REPRESENTATION_CONTEXT ( 'NONE', 'WORKASPACE' ) );
#3569 =( NAMED_UNIT ( * ) SI_UNIT ( $, .STERADIAN. ) SOLID_ANGLE_UNIT ( ) );
#3570 = LINE ( 'NONE', #1913, #1323 ) ;
#3571 = ORIENTED_EDGE ( 'NONE', *, *, #2007, .F. ) ;
#3572 = CARTESIAN_POINT ( 'NONE',  ( -2.361081698735099987, 0.8900000000000000133, 0.2551903184968640215 ) ) ;
#3573 = LINE ( 'NONE', #2108, #6321 ) ;
#3574 = AXIS2_PLACEMENT_3D ( 'NONE', #7489, #626, #589 ) ;
#3575 = EDGE_LOOP ( 'NONE', ( #9325, #1140, #8913, #8651 ) ) ;
#3576 = CIRCLE ( 'NONE', #4907, 0.1000000000000000472 ) ;
#3577 = VECTOR ( 'NONE', #8236, 1000.000000000000000 ) ;
#3578 = VERTEX_POINT ( 'NONE', #6658 ) ;
#3579 = CARTESIAN_POINT ( 'NONE',  ( -1.460033299133318918, -2.251347121037541310, 1.779174555214289244 ) ) ;
#3580 = DIRECTION ( 'NONE',  ( 1.000000000000000000, 0.000000000000000000, 0.000000000000000000 ) ) ;
#3581 = PRESENTATION_LAYER_ASSIGNMENT (  '', '', ( #9884 ) ) ;
#3582 = ORIENTED_EDGE ( 'NONE', *, *, #9464, .T. ) ;
#3583 = DIRECTION ( 'NONE',  ( -0.000000000000000000, 1.000000000000000000, 0.000000000000000000 ) ) ;
#3584 = STYLED_ITEM ( 'NONE', ( #1344 ), #4630 ) ;
#3585 = FILL_AREA_STYLE ('',( #4560 ) ) ;
#3586 = UNCERTAINTY_MEASURE_WITH_UNIT (LENGTH_MEASURE( 1.000000000000000082E-05 ), #3934, 'distance_accuracy_value', 'NONE');
#3587 = COLOUR_RGB ( '',0.2862745098039215508, 0.2862745098039215508, 0.2862745098039215508 ) ;
#3588 = ORIENTED_EDGE ( 'NONE', *, *, #4155, .T. ) ;
#3589 =( NAMED_UNIT ( * ) PLANE_ANGLE_UNIT ( ) SI_UNIT ( $, .RADIAN. ) );
#3590 = EDGE_LOOP ( 'NONE', ( #5994, #2996, #2304, #9434 ) ) ;
#3591 =( NAMED_UNIT ( * ) PLANE_ANGLE_UNIT ( ) SI_UNIT ( $, .RADIAN. ) );
#3592 = ORIENTED_EDGE ( 'NONE', *, *, #8929, .T. ) ;
#3593 = EDGE_CURVE ( 'NONE', #1191, #9476, #4915, .T. ) ;
#3594 = AXIS2_PLACEMENT_3D ( 'NONE', #8764, #9545, #2553 ) ;
#3595 = LINE ( 'NONE', #1440, #3269 ) ;
#3596 = AXIS2_PLACEMENT_3D ( 'NONE', #1479, #4569, #1575 ) ;
#3597 = PRESENTATION_STYLE_ASSIGNMENT (( #8132 ) ) ;
#3598 =( LENGTH_UNIT ( ) NAMED_UNIT ( * ) SI_UNIT ( .MILLI., .METRE. ) );
#3599 = VERTEX_POINT ( 'NONE', #8028 ) ;
#3600 = EDGE_CURVE ( 'NONE', #1885, #4596, #8127, .T. ) ;
#3601 = LINE ( 'NONE', #7512, #4663 ) ;
#3602 =( LENGTH_UNIT ( ) NAMED_UNIT ( * ) SI_UNIT ( .MILLI., .METRE. ) );
#3603 = CARTESIAN_POINT ( 'NONE',  ( 2.346432839248831836, -1.649999999999999911, 0.04570186794230124416 ) ) ;
#3604 = CYLINDRICAL_SURFACE ( 'NONE', #3414, 0.1050000000000000655 ) ;
#3605 = DIRECTION ( 'NONE',  ( 2.846725704167069772E-16, 0.000000000000000000, 1.000000000000000000 ) ) ;
#3606 = CARTESIAN_POINT ( 'NONE',  ( 2.450781109342988096, -0.3800000000000000044, 0.2489179246798426948 ) ) ;
#3607 = DIRECTION ( 'NONE',  ( -0.000000000000000000, 1.000000000000000000, 0.000000000000000000 ) ) ;
#3608 =( GEOMETRIC_REPRESENTATION_CONTEXT ( 3 ) GLOBAL_UNCERTAINTY_ASSIGNED_CONTEXT ( ( #7646 ) ) GLOBAL_UNIT_ASSIGNED_CONTEXT ( ( #5454, #7150, #7861 ) ) REPRESENTATION_CONTEXT ( 'NONE', 'WORKASPACE' ) );
#3609 = LINE ( 'NONE', #4443, #710 ) ;
#3610 = DIRECTION ( 'NONE',  ( -0.000000000000000000, -1.000000000000000000, -0.000000000000000000 ) ) ;
#3611 =( NAMED_UNIT ( * ) PLANE_ANGLE_UNIT ( ) SI_UNIT ( $, .RADIAN. ) );
#3612 = SURFACE_STYLE_USAGE ( .BOTH. , #8302 ) ;
#3613 = PRESENTATION_STYLE_ASSIGNMENT (( #1511 ) ) ;
#3614 = EDGE_CURVE ( 'NONE', #5445, #7693, #1064, .T. ) ;
#3615 = DIRECTION ( 'NONE',  ( -0.3038144402441590453, -0.4515562583455190460, 0.8389241511889636849 ) ) ;
#3616 = CARTESIAN_POINT ( 'NONE',  ( -1.802292627064890240, 2.302292627064889796, 0.1800000000000005485 ) ) ;
#3617 = PRESENTATION_STYLE_ASSIGNMENT (( #1226 ) ) ;
#3618 = SURFACE_STYLE_FILL_AREA ( #3513 ) ;
#3619 = DIRECTION ( 'NONE',  ( -0.000000000000000000, 1.000000000000000000, 0.000000000000000000 ) ) ;
#3620 = CARTESIAN_POINT ( 'NONE',  ( 2.450781109342988096, 0.8900000000000000133, 0.2489179246798426948 ) ) ;
#3621 = ORIENTED_EDGE ( 'NONE', *, *, #9237, .T. ) ;
#3622 = ORIENTED_EDGE ( 'NONE', *, *, #3762, .T. ) ;
#3623 = FACE_OUTER_BOUND ( 'NONE', #9295, .T. ) ;
#3624 = EDGE_CURVE ( 'NONE', #6575, #7375, #6340, .T. ) ;
#3625 = CARTESIAN_POINT ( 'NONE',  ( -2.361081698735099987, -0.8900000000000000133, 0.2551903184968640215 ) ) ;
#3626 = VERTEX_POINT ( 'NONE', #5104 ) ;
#3627 = CARTESIAN_POINT ( 'NONE',  ( 1.145000000000000018, -1.044999999999999929, 0.3000000000000009881 ) ) ;
#3628 = CARTESIAN_POINT ( 'NONE',  ( 2.361081698735099987, 1.905000000000000027, 0.2551903184968640215 ) ) ;
#3629 = CARTESIAN_POINT ( 'NONE',  ( -2.005945153285420446, -2.160000000000000142, 0.8200000000000015055 ) ) ;
#3630 = FACE_OUTER_BOUND ( 'NONE', #9177, .T. ) ;
#3631 = ORIENTED_EDGE ( 'NONE', *, *, #2057, .F. ) ;
#3632 = CARTESIAN_POINT ( 'NONE',  ( 1.044999999999999929, 1.044999999999999929, 0.1000000000000010048 ) ) ;
#3633 = ORIENTED_EDGE ( 'NONE', *, *, #1280, .F. ) ;
#3634 =( NAMED_UNIT ( * ) SI_UNIT ( $, .STERADIAN. ) SOLID_ANGLE_UNIT ( ) );
#3635 = VERTEX_POINT ( 'NONE', #4165 ) ;
#3636 =( NAMED_UNIT ( * ) SI_UNIT ( $, .STERADIAN. ) SOLID_ANGLE_UNIT ( ) );
#3637 = APPLICATION_PROTOCOL_DEFINITION ( 'draft international standard', 'automotive_design', 1998, #3550 ) ;
#3638 = DIRECTION ( 'NONE',  ( 0.000000000000000000, 0.000000000000000000, 1.000000000000000000 ) ) ;
#3639 = MECHANICAL_DESIGN_GEOMETRIC_PRESENTATION_REPRESENTATION (  '', ( #6541 ), #3796 ) ;
#3640 = FACE_OUTER_BOUND ( 'NONE', #4152, .T. ) ;
#3641 = EDGE_CURVE ( 'NONE', #5314, #9353, #7253, .T. ) ;
#3642 = FILL_AREA_STYLE ('',( #4474 ) ) ;
#3643 = ORIENTED_EDGE ( 'NONE', *, *, #2373, .T. ) ;
#3644 = FILL_AREA_STYLE ('',( #3739 ) ) ;
#3645 = CARTESIAN_POINT ( 'NONE',  ( -1.837171350119500168, -2.416733101748963719, 1.346513394221930726 ) ) ;
#3646 = PRESENTATION_STYLE_ASSIGNMENT (( #5214 ) ) ;
#3647 = DIRECTION ( 'NONE',  ( 0.000000000000000000, 0.000000000000000000, 1.000000000000000000 ) ) ;
#3648 = LINE ( 'NONE', #9830, #9784 ) ;
#3649 = CIRCLE ( 'NONE', #1118, 0.2100000000000000755 ) ;
#3650 = ADVANCED_FACE ( 'NONE', ( #409 ), #768, .T. ) ;
#3651 =( NAMED_UNIT ( * ) SI_UNIT ( $, .STERADIAN. ) SOLID_ANGLE_UNIT ( ) );
#3652 = SURFACE_SIDE_STYLE ('',( #5315 ) ) ;
#3653 = MECHANICAL_DESIGN_GEOMETRIC_PRESENTATION_REPRESENTATION (  '', ( #2693 ), #4487 ) ;
#3654 = CARTESIAN_POINT ( 'NONE',  ( 3.000000000000000000, 1.905000000000000027, 0.2105127985970459970 ) ) ;
#3655 = DIRECTION ( 'NONE',  ( -0.08452546101099935039, 0.000000000000000000, 0.9964213197442525205 ) ) ;
#3656 = DIRECTION ( 'NONE',  ( -0.000000000000000000, -1.000000000000000000, -0.000000000000000000 ) ) ;
#3657 = CARTESIAN_POINT ( 'NONE',  ( 0.1285000000000000031, -1.401000000000000023, 0.3000000000000009881 ) ) ;
#3658 = VERTEX_POINT ( 'NONE', #2832 ) ;
#3659 = CARTESIAN_POINT ( 'NONE',  ( 3.000000000000000000, -1.905000000000000027, 0.2105127985970459970 ) ) ;
#3660 = EDGE_CURVE ( 'NONE', #2173, #5324, #2283, .T. ) ;
#3661 = VECTOR ( 'NONE', #6752, 1000.000000000000000 ) ;
#3662 = EDGE_CURVE ( 'NONE', #4466, #4085, #1498, .T. ) ;
#3663 = ORIENTED_EDGE ( 'NONE', *, *, #984, .T. ) ;
#3664 = PRESENTATION_LAYER_ASSIGNMENT (  '', '', ( #160 ) ) ;
#3665 = ORIENTED_EDGE ( 'NONE', *, *, #7882, .F. ) ;
#3666 = CYLINDRICAL_SURFACE ( 'NONE', #8912, 0.2100000000000000755 ) ;
#3667 = PRESENTATION_STYLE_ASSIGNMENT (( #2166 ) ) ;
#3668 = DIRECTION ( 'NONE',  ( -0.000000000000000000, -1.000000000000000000, -0.000000000000000000 ) ) ;
#3669 = CARTESIAN_POINT ( 'NONE',  ( 1.044999999999999929, 1.145000000000000018, 0.3000000000000008771 ) ) ;
#3670 = UNCERTAINTY_MEASURE_WITH_UNIT (LENGTH_MEASURE( 1.000000000000000082E-05 ), #906, 'distance_accuracy_value', 'NONE');
#3671 = SURFACE_STYLE_FILL_AREA ( #4460 ) ;
#3672 = EDGE_CURVE ( 'NONE', #9886, #1793, #1353, .T. ) ;
#3673 = ORIENTED_EDGE ( 'NONE', *, *, #2313, .T. ) ;
#3674 = AXIS2_PLACEMENT_3D ( 'NONE', #8966, #726, #1271 ) ;
#3675 =( GEOMETRIC_REPRESENTATION_CONTEXT ( 3 ) GLOBAL_UNCERTAINTY_ASSIGNED_CONTEXT ( ( #1549 ) ) GLOBAL_UNIT_ASSIGNED_CONTEXT ( ( #9758, #6630, #5126 ) ) REPRESENTATION_CONTEXT ( 'NONE', 'WORKASPACE' ) );
#3676 = VERTEX_POINT ( 'NONE', #2882 ) ;
#3677 = SURFACE_STYLE_USAGE ( .BOTH. , #1581 ) ;
#3678 = ORIENTED_EDGE ( 'NONE', *, *, #6099, .T. ) ;
#3679 =( GEOMETRIC_REPRESENTATION_CONTEXT ( 3 ) GLOBAL_UNCERTAINTY_ASSIGNED_CONTEXT ( ( #4199 ) ) GLOBAL_UNIT_ASSIGNED_CONTEXT ( ( #1261, #1557, #5228 ) ) REPRESENTATION_CONTEXT ( 'NONE', 'WORKASPACE' ) );
#3680 = SURFACE_SIDE_STYLE ('',( #9212 ) ) ;
#3681 = CARTESIAN_POINT ( 'NONE',  ( -2.005945153285420446, 0.3800000000000000044, 0.8200000000000015055 ) ) ;
#3682 = CARTESIAN_POINT ( 'NONE',  ( -1.837171350119498392, 2.337171350119498392, 1.338151117160517600 ) ) ;
#3683 = COLOUR_RGB ( '',0.8313725490196077761, 0.8313725490196077761, 0.8313725490196077761 ) ;
#3684 = CARTESIAN_POINT ( 'NONE',  ( 2.110569391858573063, -2.160000000000000142, 0.7238751734061582566 ) ) ;
#3685 = VECTOR ( 'NONE', #8251, 1000.000000000000227 ) ;
#3686 = DIRECTION ( 'NONE',  ( -1.000000000000000000, 0.000000000000000000, 0.000000000000000000 ) ) ;
#3687 = ORIENTED_EDGE ( 'NONE', *, *, #5271, .F. ) ;
#3688 = MECHANICAL_DESIGN_GEOMETRIC_PRESENTATION_REPRESENTATION (  '', ( #2569 ), #4190 ) ;
#3689 = CARTESIAN_POINT ( 'NONE',  ( -2.005945153285420446, -0.6350000000000000089, 0.8200000000000011724 ) ) ;
#3690 = AXIS2_PLACEMENT_3D ( 'NONE', #9358, #9458, #7043 ) ;
#3691 = FILL_AREA_STYLE_COLOUR ( '', #2723 ) ;
#3692 =( NAMED_UNIT ( * ) SI_UNIT ( $, .STERADIAN. ) SOLID_ANGLE_UNIT ( ) );
#3693 = COLOUR_RGB ( '',0.2862745098039215508, 0.2862745098039215508, 0.2862745098039215508 ) ;
#3694 = CARTESIAN_POINT ( 'NONE',  ( -0.1285000000000000031, -1.401000000000000023, 0.1000000000000010048 ) ) ;
#3695 = AXIS2_PLACEMENT_3D ( 'NONE', #6420, #6977, #4779 ) ;
#3696 = CARTESIAN_POINT ( 'NONE',  ( -2.005945153285420446, -1.649999999999999911, 0.8200000000000011724 ) ) ;
#3697 = MECHANICAL_DESIGN_GEOMETRIC_PRESENTATION_REPRESENTATION (  '', ( #3055 ), #672 ) ;
#3698 = DIRECTION ( 'NONE',  ( 1.000000000000000000, 0.000000000000000000, 0.000000000000000000 ) ) ;
#3699 = SURFACE_STYLE_FILL_AREA ( #6718 ) ;
#3700 = CARTESIAN_POINT ( 'NONE',  ( -3.000000000000000444, 0.8900000000000001243, 0.2105127985970459970 ) ) ;
#3701 = EDGE_CURVE ( 'NONE', #1596, #2502, #9025, .T. ) ;
#3702 = AXIS2_PLACEMENT_3D ( 'NONE', #5571, #3241, #4839 ) ;
#3703 = AXIS2_PLACEMENT_3D ( 'NONE', #6224, #980, #7790 ) ;
#3704 = DIRECTION ( 'NONE',  ( 0.000000000000000000, -0.000000000000000000, -1.000000000000000000 ) ) ;
#3705 = VERTEX_POINT ( 'NONE', #2091 ) ;
#3706 =( NAMED_UNIT ( * ) PLANE_ANGLE_UNIT ( ) SI_UNIT ( $, .RADIAN. ) );
#3707 = CIRCLE ( 'NONE', #9217, 0.1000000000000000472 ) ;
#3708 =( NAMED_UNIT ( * ) PLANE_ANGLE_UNIT ( ) SI_UNIT ( $, .RADIAN. ) );
#3709 = STYLED_ITEM ( 'NONE', ( #2441 ), #6267 ) ;
#3710 = ORIENTED_EDGE ( 'NONE', *, *, #4438, .T. ) ;
#3711 = VECTOR ( 'NONE', #9637, 1000.000000000000000 ) ;
#3712 =( GEOMETRIC_REPRESENTATION_CONTEXT ( 3 ) GLOBAL_UNCERTAINTY_ASSIGNED_CONTEXT ( ( #8147 ) ) GLOBAL_UNIT_ASSIGNED_CONTEXT ( ( #5970, #2943, #6105 ) ) REPRESENTATION_CONTEXT ( 'NONE', 'WORKASPACE' ) );
#3713 = ORIENTED_EDGE ( 'NONE', *, *, #5807, .F. ) ;
#3714 = CARTESIAN_POINT ( 'NONE',  ( -1.044999999999999929, 1.044999999999999929, 0.1000000000000010048 ) ) ;
#3715 = EDGE_CURVE ( 'NONE', #268, #4242, #8292, .T. ) ;
#3716 = DIRECTION ( 'NONE',  ( 1.000000000000000000, 0.000000000000000000, 0.000000000000000000 ) ) ;
#3717 = DIRECTION ( 'NONE',  ( 0.000000000000000000, 1.000000000000000000, 0.000000000000000000 ) ) ;
#3718 =( GEOMETRIC_REPRESENTATION_CONTEXT ( 3 ) GLOBAL_UNCERTAINTY_ASSIGNED_CONTEXT ( ( #6923 ) ) GLOBAL_UNIT_ASSIGNED_CONTEXT ( ( #3113, #277, #6425 ) ) REPRESENTATION_CONTEXT ( 'NONE', 'WORKASPACE' ) );
#3719 = CARTESIAN_POINT ( 'NONE',  ( -1.912619368012798970, -2.337171350119494839, 1.389299753847267116 ) ) ;
#3720 =( GEOMETRIC_REPRESENTATION_CONTEXT ( 3 ) GLOBAL_UNCERTAINTY_ASSIGNED_CONTEXT ( ( #932 ) ) GLOBAL_UNIT_ASSIGNED_CONTEXT ( ( #3917, #7107, #8643 ) ) REPRESENTATION_CONTEXT ( 'NONE', 'WORKASPACE' ) );
#3721 = VERTEX_POINT ( 'NONE', #7510 ) ;
#3722 = FILL_AREA_STYLE ('',( #5991 ) ) ;
#3723 = AXIS2_PLACEMENT_3D ( 'NONE', #4984, #7279, #378 ) ;
#3724 = ORIENTED_EDGE ( 'NONE', *, *, #1591, .F. ) ;
#3725 = ORIENTED_EDGE ( 'NONE', *, *, #1442, .T. ) ;
#3726 = PRESENTATION_LAYER_ASSIGNMENT (  '', '', ( #6029 ) ) ;
#3727 = SURFACE_SIDE_STYLE ('',( #1583 ) ) ;
#3728 = LINE ( 'NONE', #7655, #4678 ) ;
#3729 = EDGE_CURVE ( 'NONE', #6929, #5095, #5725, .T. ) ;
#3730 = ADVANCED_FACE ( 'NONE', ( #7667 ), #6060, .T. ) ;
#3731 = DIRECTION ( 'NONE',  ( 0.000000000000000000, -0.000000000000000000, -1.000000000000000000 ) ) ;
#3732 = CARTESIAN_POINT ( 'NONE',  ( -2.450781109342989872, -0.6350000000000000089, 0.2489179246798422784 ) ) ;
#3733 =( NAMED_UNIT ( * ) PLANE_ANGLE_UNIT ( ) SI_UNIT ( $, .RADIAN. ) );
#3734 = VECTOR ( 'NONE', #7824, 1000.000000000000000 ) ;
#3735 = STYLED_ITEM ( 'NONE', ( #1196 ), #4778 ) ;
#3736 = FILL_AREA_STYLE ('',( #40 ) ) ;
#3737 = VERTEX_POINT ( 'NONE', #7006 ) ;
#3738 = VECTOR ( 'NONE', #4362, 1000.000000000000000 ) ;
#3739 = FILL_AREA_STYLE_COLOUR ( '', #6986 ) ;
#3740 = STYLED_ITEM ( 'NONE', ( #7681 ), #5166 ) ;
#3741 = ADVANCED_FACE ( 'NONE', ( #902 ), #1002, .T. ) ;
#3742 = FACE_OUTER_BOUND ( 'NONE', #4135, .T. ) ;
#3743 = ORIENTED_EDGE ( 'NONE', *, *, #7779, .T. ) ;
#3744 = DIRECTION ( 'NONE',  ( 0.000000000000000000, 0.000000000000000000, 1.000000000000000000 ) ) ;
#3745 = PRESENTATION_STYLE_ASSIGNMENT (( #5577 ) ) ;
#3746 = UNCERTAINTY_MEASURE_WITH_UNIT (LENGTH_MEASURE( 1.000000000000000082E-05 ), #2532, 'distance_accuracy_value', 'NONE');
#3747 = VECTOR ( 'NONE', #7215, 1000.000000000000000 ) ;
#3748 = SURFACE_STYLE_USAGE ( .BOTH. , #5420 ) ;
#3749 = AXIS2_PLACEMENT_3D ( 'NONE', #3295, #2592, #8587 ) ;
#3750 =( LENGTH_UNIT ( ) NAMED_UNIT ( * ) SI_UNIT ( .MILLI., .METRE. ) );
#3751 = VERTEX_POINT ( 'NONE', #246 ) ;
#3752 = SURFACE_SIDE_STYLE ('',( #1412 ) ) ;
#3753 = DIRECTION ( 'NONE',  ( 0.000000000000000000, 0.000000000000000000, -1.000000000000000000 ) ) ;
#3754 = COLOUR_RGB ( '',0.7921568627450980005, 0.8196078431372548767, 0.9333333333333333481 ) ;
#3755 = FACE_OUTER_BOUND ( 'NONE', #8900, .T. ) ;
#3756 = DIRECTION ( 'NONE',  ( -1.859774145006951258E-17, 0.9945218953682735119, -0.1045284632676530545 ) ) ;
#3757 = AXIS2_PLACEMENT_3D ( 'NONE', #1736, #1791, #1098 ) ;
#3758 = DIRECTION ( 'NONE',  ( 0.7413137835818656152, 0.07015517768342456606, 0.6674819288308456722 ) ) ;
#3759 = ORIENTED_EDGE ( 'NONE', *, *, #7896, .F. ) ;
#3760 = CARTESIAN_POINT ( 'NONE',  ( -1.466451580748000971, -2.338417127732531853, 1.746699764884781514 ) ) ;
#3761 = EDGE_LOOP ( 'NONE', ( #3353, #399, #3410, #3307 ) ) ;
#3762 = EDGE_CURVE ( 'NONE', #8493, #9111, #4545, .T. ) ;
#3763 = ORIENTED_EDGE ( 'NONE', *, *, #1228, .T. ) ;
#3764 = DIRECTION ( 'NONE',  ( 0.9975640502598241977, 0.000000000000000000, -0.06975647374412549673 ) ) ;
#3765 = PRESENTATION_STYLE_ASSIGNMENT (( #4612 ) ) ;
#3766 =( BOUNDED_SURFACE ( )  B_SPLINE_SURFACE ( 3, 3, ( 
 ( #1606, #1808, #1247, #8846 ),
 ( #5823, #7256, #8240, #1299 ),
 ( #5106, #5918, #2692, #356 ),
 ( #2655, #3496, #5778, #9624 ) ),
 .UNSPECIFIED., .F., .F., .T. ) 
 B_SPLINE_SURFACE_WITH_KNOTS ( ( 4, 4 ),
 ( 4, 4 ),
 ( 0.000000000000000000, 1.000000000000000000 ),
 ( 0.000000000000000000, 1.000000000000000000 ),
 .UNSPECIFIED. ) 
 GEOMETRIC_REPRESENTATION_ITEM ( )  RATIONAL_B_SPLINE_SURFACE ( (
 ( 1.000000000000000000, 0.3333333333333298176, 0.3333333333333298176, 1.000000000000000000),
 ( 0.9290532412555483344, 0.3096844137518461881, 0.3096844137518461881, 0.9290532412555483344),
 ( 0.9290532412555483344, 0.3096844137518461881, 0.3096844137518461881, 0.9290532412555483344),
 ( 1.000000000000000000, 0.3333333333333298176, 0.3333333333333298176, 1.000000000000000000) ) ) 
 REPRESENTATION_ITEM ( '' )  SURFACE ( )  );
#3767 = SURFACE_SIDE_STYLE ('',( #4506 ) ) ;
#3768 = LINE ( 'NONE', #6874, #7542 ) ;
#3769 = SURFACE_STYLE_USAGE ( .BOTH. , #6922 ) ;
#3770 =( LENGTH_UNIT ( ) NAMED_UNIT ( * ) SI_UNIT ( .MILLI., .METRE. ) );
#3771 = UNCERTAINTY_MEASURE_WITH_UNIT (LENGTH_MEASURE( 1.000000000000000082E-05 ), #7564, 'distance_accuracy_value', 'NONE');
#3772 = PLANE ( 'NONE',  #2911 ) ;
#3773 = CARTESIAN_POINT ( 'NONE',  ( 0.9749999999999989786, -2.412162475304359788, 0.4600000000000010192 ) ) ;
#3774 = ORIENTED_EDGE ( 'NONE', *, *, #8962, .T. ) ;
#3775 = EDGE_CURVE ( 'NONE', #6881, #1468, #8631, .T. ) ;
#3776 = CARTESIAN_POINT ( 'NONE',  ( 2.311663692532073267, -1.905000000000000027, 0.8377503468123131958 ) ) ;
#3777 = ORIENTED_EDGE ( 'NONE', *, *, #9595, .T. ) ;
#3778 = LINE ( 'NONE', #5292, #3378 ) ;
#3779 = VERTEX_POINT ( 'NONE', #6344 ) ;
#3780 = PRODUCT_DEFINITION_FORMATION_WITH_SPECIFIED_SOURCE ( 'ANY', '', #1109, .NOT_KNOWN. ) ;
#3781 = CARTESIAN_POINT ( 'NONE',  ( -1.189405335455050228, -1.649999999999999689, 0.8200000000000009504 ) ) ;
#3782 = FILL_AREA_STYLE_COLOUR ( '', #8710 ) ;
#3783 =( NAMED_UNIT ( * ) PLANE_ANGLE_UNIT ( ) SI_UNIT ( $, .RADIAN. ) );
#3784 =( NAMED_UNIT ( * ) SI_UNIT ( $, .STERADIAN. ) SOLID_ANGLE_UNIT ( ) );
#3785 = EDGE_CURVE ( 'NONE', #8161, #5250, #845, .T. ) ;
#3786 = DIRECTION ( 'NONE',  ( -1.000000000000000000, -0.000000000000000000, 0.000000000000000000 ) ) ;
#3787 = EDGE_CURVE ( 'NONE', #4596, #5250, #8524, .T. ) ;
#3788 = DIRECTION ( 'NONE',  ( 0.000000000000000000, 0.000000000000000000, 1.000000000000000000 ) ) ;
#3789 = DIRECTION ( 'NONE',  ( 0.000000000000000000, 1.000000000000000000, 0.000000000000000000 ) ) ;
#3790 = EDGE_LOOP ( 'NONE', ( #6072, #633, #9515, #8954 ) ) ;
#3791 = SURFACE_STYLE_USAGE ( .BOTH. , #8990 ) ;
#3792 = PLANE ( 'NONE',  #6264 ) ;
#3793 = PRESENTATION_LAYER_ASSIGNMENT (  '', '', ( #8508 ) ) ;
#3794 =( NAMED_UNIT ( * ) SI_UNIT ( $, .STERADIAN. ) SOLID_ANGLE_UNIT ( ) );
#3795 = DIRECTION ( 'NONE',  ( 1.000000000000000000, 0.000000000000000000, 0.000000000000000000 ) ) ;
#3796 =( GEOMETRIC_REPRESENTATION_CONTEXT ( 3 ) GLOBAL_UNCERTAINTY_ASSIGNED_CONTEXT ( ( #2324 ) ) GLOBAL_UNIT_ASSIGNED_CONTEXT ( ( #7755, #3611, #5411 ) ) REPRESENTATION_CONTEXT ( 'NONE', 'WORKASPACE' ) );
#3797 =( LENGTH_UNIT ( ) NAMED_UNIT ( * ) SI_UNIT ( .MILLI., .METRE. ) );
#3798 =( LENGTH_UNIT ( ) NAMED_UNIT ( * ) SI_UNIT ( .MILLI., .METRE. ) );
#3799 =( GEOMETRIC_REPRESENTATION_CONTEXT ( 3 ) GLOBAL_UNCERTAINTY_ASSIGNED_CONTEXT ( ( #3559 ) ) GLOBAL_UNIT_ASSIGNED_CONTEXT ( ( #4471, #6598, #7505 ) ) REPRESENTATION_CONTEXT ( 'NONE', 'WORKASPACE' ) );
#3800 = ORIENTED_EDGE ( 'NONE', *, *, #3114, .T. ) ;
#3801 = DIRECTION ( 'NONE',  ( 0.000000000000000000, -1.000000000000000000, 0.000000000000000000 ) ) ;
#3802 = SURFACE_STYLE_FILL_AREA ( #9182 ) ;
#3803 = DIRECTION ( 'NONE',  ( -0.000000000000000000, 1.000000000000000000, -0.000000000000000000 ) ) ;
#3804 = FILL_AREA_STYLE ('',( #3859 ) ) ;
#3805 = CARTESIAN_POINT ( 'NONE',  ( 0.9749999999999989786, 2.412162475304359788, 0.4600000000000010192 ) ) ;
#3806 = LINE ( 'NONE', #6111, #2053 ) ;
#3807 = FILL_AREA_STYLE ('',( #765 ) ) ;
#3808 = ORIENTED_EDGE ( 'NONE', *, *, #4475, .T. ) ;
#3809 = VECTOR ( 'NONE', #3553, 1000.000000000000000 ) ;
#3810 =( LENGTH_UNIT ( ) NAMED_UNIT ( * ) SI_UNIT ( .MILLI., .METRE. ) );
#3811 = ORIENTED_EDGE ( 'NONE', *, *, #6389, .F. ) ;
#3812 = COLOUR_RGB ( '',0.8313725490196077761, 0.8313725490196077761, 0.8313725490196077761 ) ;
#3813 = EDGE_LOOP ( 'NONE', ( #7845, #327, #4355, #1612 ) ) ;
#3814 = VECTOR ( 'NONE', #809, 1000.000000000000000 ) ;
#3815 = COLOUR_RGB ( '',0.8313725490196077761, 0.8313725490196077761, 0.8313725490196077761 ) ;
#3816 = ORIENTED_EDGE ( 'NONE', *, *, #4677, .F. ) ;
#3817 =( NAMED_UNIT ( * ) SI_UNIT ( $, .STERADIAN. ) SOLID_ANGLE_UNIT ( ) );
#3818 = CIRCLE ( 'NONE', #7891, 0.07999999999999998779 ) ;
#3819 = LINE ( 'NONE', #926, #985 ) ;
#3820 = CARTESIAN_POINT ( 'NONE',  ( -2.110569391858569954, -1.649999999999999911, 0.7238751734061580345 ) ) ;
#3821 = MECHANICAL_DESIGN_GEOMETRIC_PRESENTATION_REPRESENTATION (  '', ( #7719 ), #7551 ) ;
#3822 = CARTESIAN_POINT ( 'NONE',  ( -1.916803581098483367, -2.344798227419729209, 1.338884964526894317 ) ) ;
#3823 = UNCERTAINTY_MEASURE_WITH_UNIT (LENGTH_MEASURE( 1.000000000000000082E-05 ), #138, 'distance_accuracy_value', 'NONE');
#3824 = CARTESIAN_POINT ( 'NONE',  ( -1.145000000000000018, 0.000000000000000000, 0.1000000000000012129 ) ) ;
#3825 =( GEOMETRIC_REPRESENTATION_CONTEXT ( 3 ) GLOBAL_UNCERTAINTY_ASSIGNED_CONTEXT ( ( #7012 ) ) GLOBAL_UNIT_ASSIGNED_CONTEXT ( ( #1301, #358, #9585 ) ) REPRESENTATION_CONTEXT ( 'NONE', 'WORKASPACE' ) );
#3826 = ORIENTED_EDGE ( 'NONE', *, *, #2017, .T. ) ;
#3827 = LINE ( 'NONE', #4571, #8743 ) ;
#3828 = ORIENTED_EDGE ( 'NONE', *, *, #4963, .T. ) ;
#3829 = SURFACE_STYLE_USAGE ( .BOTH. , #6788 ) ;
#3831 = VERTEX_POINT ( 'NONE', #7818 ) ;
#3830 = PRESENTATION_LAYER_ASSIGNMENT (  '', '', ( #324 ) ) ;
#3832 =( BOUNDED_SURFACE ( )  B_SPLINE_SURFACE ( 3, 3, ( 
 ( #1410, #8899, #9885, #512 ),
 ( #3562, #6669, #2796, #9741 ),
 ( #1307, #5922, #2050, #7831 ),
 ( #8538, #3913, #1603, #8485 ) ),
 .UNSPECIFIED., .F., .F., .T. ) 
 B_SPLINE_SURFACE_WITH_KNOTS ( ( 4, 4 ),
 ( 4, 4 ),
 ( 0.000000000000000000, 1.000000000000000000 ),
 ( 0.000000000000000000, 1.000000000000000000 ),
 .UNSPECIFIED. ) 
 GEOMETRIC_REPRESENTATION_ITEM ( )  RATIONAL_B_SPLINE_SURFACE ( (
 ( 1.000000000000000000, 0.3333333333333268755, 0.3333333333333268755, 1.000000000000000000),
 ( 0.9290532412555450037, 0.3096844137518423579, 0.3096844137518423579, 0.9290532412555450037),
 ( 0.9290532412555450037, 0.3096844137518423579, 0.3096844137518423579, 0.9290532412555450037),
 ( 1.000000000000000000, 0.3333333333333268755, 0.3333333333333268755, 1.000000000000000000) ) ) 
 REPRESENTATION_ITEM ( '' )  SURFACE ( )  );
#3833 = DIRECTION ( 'NONE',  ( 0.000000000000000000, 0.000000000000000000, -1.000000000000000000 ) ) ;
#3834 = LINE ( 'NONE', #186, #6509 ) ;
#3835 = CARTESIAN_POINT ( 'NONE',  ( -1.044999999999999929, -1.145000000000000018, 0.1000000000000011019 ) ) ;
#3836 = SURFACE_STYLE_FILL_AREA ( #2968 ) ;
#3837 = ADVANCED_FACE ( 'NONE', ( #9225 ), #5614, .T. ) ;
#3838 = UNCERTAINTY_MEASURE_WITH_UNIT (LENGTH_MEASURE( 1.000000000000000082E-05 ), #4212, 'distance_accuracy_value', 'NONE');
#3839 = CIRCLE ( 'NONE', #974, 0.1000000000000000472 ) ;
#3840 = CARTESIAN_POINT ( 'NONE',  ( -1.462500000000000133, 2.302292627064889796, 1.670000000000000151 ) ) ;
#3841 = DIRECTION ( 'NONE',  ( 0.3406351650717791557, -0.8440827718217323028, 0.4141158758490951497 ) ) ;
#3842 = CARTESIAN_POINT ( 'NONE',  ( 2.167034018033049847, 0.3799999999999998934, 0.05824665557634479962 ) ) ;
#3843 = VERTEX_POINT ( 'NONE', #8263 ) ;
#3844 = CARTESIAN_POINT ( 'NONE',  ( 2.295355339586480081, 0.3800000000000000044, 1.030000000000000027 ) ) ;
#3845 = CARTESIAN_POINT ( 'NONE',  ( -3.000000000000000444, -0.3799999999999999489, 0.2105127985970459970 ) ) ;
#3846 = VECTOR ( 'NONE', #6124, 1000.000000000000000 ) ;
#3847 = LINE ( 'NONE', #3904, #8889 ) ;
#3848 = EDGE_CURVE ( 'NONE', #8362, #7682, #1270, .T. ) ;
#3849 = CARTESIAN_POINT ( 'NONE',  ( -5.551115123125779744E-16, -2.450000000000000178, 0.8200000000000009504 ) ) ;
#3850 = UNCERTAINTY_MEASURE_WITH_UNIT (LENGTH_MEASURE( 1.000000000000000082E-05 ), #8859, 'distance_accuracy_value', 'NONE');
#3851 = VECTOR ( 'NONE', #1856, 1000.000000000000000 ) ;
#3852 = DIRECTION ( 'NONE',  ( 0.000000000000000000, -1.000000000000000000, 0.000000000000000000 ) ) ;
#3853 =( LENGTH_UNIT ( ) NAMED_UNIT ( * ) SI_UNIT ( .MILLI., .METRE. ) );
#3854 = MECHANICAL_DESIGN_GEOMETRIC_PRESENTATION_REPRESENTATION (  '', ( #4862 ), #8734 ) ;
#3855 = AXIS2_PLACEMENT_3D ( 'NONE', #5450, #9865, #6994 ) ;
#3856 = ORIENTED_EDGE ( 'NONE', *, *, #5, .T. ) ;
#3857 = LINE ( 'NONE', #3093, #4909 ) ;
#3858 = DIRECTION ( 'NONE',  ( 0.000000000000000000, 1.000000000000000000, 0.000000000000000000 ) ) ;
#3859 = FILL_AREA_STYLE_COLOUR ( '', #3390 ) ;
#3860 = EDGE_CURVE ( 'NONE', #7332, #316, #6648, .T. ) ;
#3861 = FACE_OUTER_BOUND ( 'NONE', #9702, .T. ) ;
#3862 = EDGE_CURVE ( 'NONE', #1082, #2062, #2528, .T. ) ;
#3863 = CARTESIAN_POINT ( 'NONE',  ( -3.000000000000000444, -0.8900000000000000133, 0.2105127985970459692 ) ) ;
#3864 = FACE_OUTER_BOUND ( 'NONE', #5961, .T. ) ;
#3865 = PRESENTATION_LAYER_ASSIGNMENT (  '', '', ( #5691 ) ) ;
#3866 = ORIENTED_EDGE ( 'NONE', *, *, #123, .T. ) ;
#3867 = DIRECTION ( 'NONE',  ( -1.000000000000000000, 0.000000000000000000, 0.000000000000000000 ) ) ;
#3868 = MECHANICAL_DESIGN_GEOMETRIC_PRESENTATION_REPRESENTATION (  '', ( #3046 ), #8745 ) ;
#3869 = CARTESIAN_POINT ( 'NONE',  ( -1.522182522502903312, -2.426464941424817390, 1.662886444117634976 ) ) ;
#3870 = VERTEX_POINT ( 'NONE', #6631 ) ;
#3871 = PRESENTATION_LAYER_ASSIGNMENT (  '', '', ( #2582 ) ) ;
#3872 = ORIENTED_EDGE ( 'NONE', *, *, #231, .F. ) ;
#3873 = LINE ( 'NONE', #4656, #2462 ) ;
#3874 = CARTESIAN_POINT ( 'NONE',  ( 0.2285000000000000364, 1.145000000000000018, 0.1000000000000010048 ) ) ;
#3875 = COLOUR_RGB ( '',0.8313725490196077761, 0.8313725490196077761, 0.8313725490196077761 ) ;
#3876 = CARTESIAN_POINT ( 'NONE',  ( 2.346432839248830060, 2.160000000000000142, 0.04570186794230124416 ) ) ;
#3877 = CIRCLE ( 'NONE', #9540, 0.1000000000000000056 ) ;
#3878 = VERTEX_POINT ( 'NONE', #1053 ) ;
#3879 = SURFACE_STYLE_USAGE ( .BOTH. , #822 ) ;
#3880 = ADVANCED_FACE ( 'NONE', ( #9801 ), #1977, .F. ) ;
#3881 =( NAMED_UNIT ( * ) PLANE_ANGLE_UNIT ( ) SI_UNIT ( $, .RADIAN. ) );
#3882 = PRESENTATION_LAYER_ASSIGNMENT (  '', '', ( #2110 ) ) ;
#3883 = UNCERTAINTY_MEASURE_WITH_UNIT (LENGTH_MEASURE( 1.000000000000000082E-05 ), #7234, 'distance_accuracy_value', 'NONE');
#3884 = DIRECTION ( 'NONE',  ( 0.000000000000000000, -1.000000000000000000, 0.000000000000000000 ) ) ;
#3885 = CARTESIAN_POINT ( 'NONE',  ( 2.110569391858573063, 1.905000000000000027, 0.7238751734061582566 ) ) ;
#3886 = MECHANICAL_DESIGN_GEOMETRIC_PRESENTATION_REPRESENTATION (  '', ( #370 ), #1644 ) ;
#3887 = AXIS2_PLACEMENT_3D ( 'NONE', #1380, #2999, #2905 ) ;
#3888 = ORIENTED_EDGE ( 'NONE', *, *, #4762, .F. ) ;
#3889 = CARTESIAN_POINT ( 'NONE',  ( 1.949999999999999956, 1.145000000000000018, 0.1000000000000000056 ) ) ;
#3890 = ORIENTED_EDGE ( 'NONE', *, *, #3961, .T. ) ;
#3891 =( NAMED_UNIT ( * ) PLANE_ANGLE_UNIT ( ) SI_UNIT ( $, .RADIAN. ) );
#3892 = VERTEX_POINT ( 'NONE', #476 ) ;
#3893 = COLOUR_RGB ( '',0.2862745098039215508, 0.2862745098039215508, 0.2862745098039215508 ) ;
#3894 = LINE ( 'NONE', #2276, #8880 ) ;
#3895 = VECTOR ( 'NONE', #6403, 1000.000000000000000 ) ;
#3896 = VECTOR ( 'NONE', #7625, 1000.000000000000000 ) ;
#3897 = AXIS2_PLACEMENT_3D ( 'NONE', #4923, #1761, #6458 ) ;
#3898 = CARTESIAN_POINT ( 'NONE',  ( 3.000000000000000000, 0.8900000000000000133, 0.2105127985970459692 ) ) ;
#3899 = SURFACE_STYLE_FILL_AREA ( #43 ) ;
#3900 = EDGE_CURVE ( 'NONE', #4870, #2862, #5127, .T. ) ;
#3901 = VERTEX_POINT ( 'NONE', #7427 ) ;
#3902 = SURFACE_STYLE_USAGE ( .BOTH. , #8479 ) ;
#3903 = CARTESIAN_POINT ( 'NONE',  ( -1.468615827805881846, -2.381854378694350238, 1.678362277061411945 ) ) ;
#3904 = CARTESIAN_POINT ( 'NONE',  ( -2.353481300512973551, 0.6350000000000000089, 0.3447869765509682938 ) ) ;
#3905 = SURFACE_STYLE_USAGE ( .BOTH. , #3134 ) ;
#3906 = FILL_AREA_STYLE_COLOUR ( '', #9411 ) ;
#3907 = COLOUR_RGB ( '',0.8313725490196077761, 0.8313725490196077761, 0.8313725490196077761 ) ;
#3908 = PRESENTATION_STYLE_ASSIGNMENT (( #8684 ) ) ;
#3909 =( NAMED_UNIT ( * ) PLANE_ANGLE_UNIT ( ) SI_UNIT ( $, .RADIAN. ) );
#3910 = PLANE ( 'NONE',  #4750 ) ;
#3911 = CARTESIAN_POINT ( 'NONE',  ( -2.353481300512971774, -0.8900000000000000133, 0.3447869765509685713 ) ) ;
#3912 = MECHANICAL_DESIGN_GEOMETRIC_PRESENTATION_REPRESENTATION (  '', ( #5894 ), #6195 ) ;
#3913 = CARTESIAN_POINT ( 'NONE',  ( 1.921192430278643837, -2.219552563675406542, 1.713517434845975407 ) ) ;
#3914 = EDGE_CURVE ( 'NONE', #4771, #9732, #3231, .T. ) ;
#3915 = ORIENTED_EDGE ( 'NONE', *, *, #3038, .F. ) ;
#3916 = AXIS2_PLACEMENT_3D ( 'NONE', #8091, #9486, #8814 ) ;
#3917 =( LENGTH_UNIT ( ) NAMED_UNIT ( * ) SI_UNIT ( .MILLI., .METRE. ) );
#3918 = SURFACE_SIDE_STYLE ('',( #7108 ) ) ;
#3919 =( LENGTH_UNIT ( ) NAMED_UNIT ( * ) SI_UNIT ( .MILLI., .METRE. ) );
#3920 = DIRECTION ( 'NONE',  ( 0.000000000000000000, 0.000000000000000000, -1.000000000000000000 ) ) ;
#3921 = CARTESIAN_POINT ( 'NONE',  ( -1.928793852439659950, 0.3800000000000000044, 0.8200000000000019496 ) ) ;
#3922 = DIRECTION ( 'NONE',  ( 0.000000000000000000, 0.000000000000000000, 1.000000000000000000 ) ) ;
#3923 = AXIS2_PLACEMENT_3D ( 'NONE', #8703, #7789, #7937 ) ;
#3924 = ORIENTED_EDGE ( 'NONE', *, *, #6064, .F. ) ;
#3925 = MECHANICAL_DESIGN_GEOMETRIC_PRESENTATION_REPRESENTATION (  '', ( #248 ), #4772 ) ;
#3926 = CARTESIAN_POINT ( 'NONE',  ( -1.396995845612820641, -2.442408178308088207, 1.671220125194964545 ) ) ;
#3927 = VERTEX_POINT ( 'NONE', #6686 ) ;
#3928 = EDGE_CURVE ( 'NONE', #1161, #6743, #7212, .T. ) ;
#3929 = ADVANCED_FACE ( 'NONE', ( #5981 ), #8452, .T. ) ;
#3930 = MECHANICAL_DESIGN_GEOMETRIC_PRESENTATION_REPRESENTATION (  '', ( #7491 ), #9107 ) ;
#3931 = ORIENTED_EDGE ( 'NONE', *, *, #7191, .T. ) ;
#3932 =( NAMED_UNIT ( * ) PLANE_ANGLE_UNIT ( ) SI_UNIT ( $, .RADIAN. ) );
#3933 = AXIS2_PLACEMENT_3D ( 'NONE', #7361, #5161, #607 ) ;
#3934 =( LENGTH_UNIT ( ) NAMED_UNIT ( * ) SI_UNIT ( .MILLI., .METRE. ) );
#3935 = SURFACE_SIDE_STYLE ('',( #2557 ) ) ;
#3936 = ORIENTED_EDGE ( 'NONE', *, *, #6064, .T. ) ;
#3937 = LINE ( 'NONE', #8554, #1610 ) ;
#3938 = CARTESIAN_POINT ( 'NONE',  ( -1.916733101748961499, 2.337171350119497060, 1.346513394221930504 ) ) ;
#3939 =( LENGTH_UNIT ( ) NAMED_UNIT ( * ) SI_UNIT ( .MILLI., .METRE. ) );
#3940 = SURFACE_SIDE_STYLE ('',( #6984 ) ) ;
#3941 = CARTESIAN_POINT ( 'NONE',  ( -1.916803581098483145, -2.341325488525184628, 1.345813218002319234 ) ) ;
#3942 = UNCERTAINTY_MEASURE_WITH_UNIT (LENGTH_MEASURE( 1.000000000000000082E-05 ), #7943, 'distance_accuracy_value', 'NONE');
#3943 = FILL_AREA_STYLE_COLOUR ( '', #4758 ) ;
#3944 = VERTEX_POINT ( 'NONE', #2351 ) ;
#3945 = ORIENTED_EDGE ( 'NONE', *, *, #2257, .T. ) ;
#3946 = PLANE ( 'NONE',  #3690 ) ;
#3947 = DIRECTION ( 'NONE',  ( -0.000000000000000000, 1.000000000000000000, -0.000000000000000000 ) ) ;
#3948 = DIRECTION ( 'NONE',  ( 0.9945218953682735119, 0.000000000000000000, -0.1045284632676530545 ) ) ;
#3949 = UNCERTAINTY_MEASURE_WITH_UNIT (LENGTH_MEASURE( 1.000000000000000082E-05 ), #882, 'distance_accuracy_value', 'NONE');
#3950 = CARTESIAN_POINT ( 'NONE',  ( -1.845189659078864342, -2.345189659078863897, 0.1278493596512567665 ) ) ;
#3951 = PRESENTATION_LAYER_ASSIGNMENT (  '', '', ( #6712 ) ) ;
#3952 = DIRECTION ( 'NONE',  ( 0.000000000000000000, 1.000000000000000000, 0.000000000000000000 ) ) ;
#3953 = ORIENTED_EDGE ( 'NONE', *, *, #3662, .F. ) ;
#3954 = FILL_AREA_STYLE ('',( #287 ) ) ;
#3955 = PRESENTATION_STYLE_ASSIGNMENT (( #7865 ) ) ;
#3956 = DIRECTION ( 'NONE',  ( -1.000000000000000000, -0.000000000000000000, -0.000000000000000000 ) ) ;
#3957 = PLANE ( 'NONE',  #9567 ) ;
#3958 = CARTESIAN_POINT ( 'NONE',  ( -1.468615827805880292, 2.302292627064889796, 1.670000000000000151 ) ) ;
#3959 = UNCERTAINTY_MEASURE_WITH_UNIT (LENGTH_MEASURE( 1.000000000000000082E-05 ), #4822, 'distance_accuracy_value', 'NONE');
#3960 = CARTESIAN_POINT ( 'NONE',  ( -2.110569391858566846, -0.6350000000000000089, 0.7238751734061577015 ) ) ;
#3961 = EDGE_CURVE ( 'NONE', #1522, #9909, #2261, .T. ) ;
#3962 = CARTESIAN_POINT ( 'NONE',  ( -2.353481300512975771, 0.8900000000000000133, 0.3447869765509684603 ) ) ;
#3963 = CARTESIAN_POINT ( 'NONE',  ( 1.928793852439659950, 0.8900000000000000133, 0.7114753820237430526 ) ) ;
#3964 = ORIENTED_EDGE ( 'NONE', *, *, #6525, .T. ) ;
#3965 = ORIENTED_EDGE ( 'NONE', *, *, #9854, .T. ) ;
#3966 = CARTESIAN_POINT ( 'NONE',  ( 2.151833221588803635, 2.160000000000000142, 0.2374399716845534414 ) ) ;
#3967 =( LENGTH_UNIT ( ) NAMED_UNIT ( * ) SI_UNIT ( .MILLI., .METRE. ) );
#3968 =( LENGTH_UNIT ( ) NAMED_UNIT ( * ) SI_UNIT ( .MILLI., .METRE. ) );
#3969 = FACE_OUTER_BOUND ( 'NONE', #9153, .T. ) ;
#3970 = LINE ( 'NONE', #7838, #5322 ) ;
#3971 = PLANE ( 'NONE',  #2681 ) ;
#3972 = ADVANCED_FACE ( 'NONE', ( #5485 ), #4557, .F. ) ;
#3973 = VECTOR ( 'NONE', #2512, 1000.000000000000114 ) ;
#3974 = ORIENTED_EDGE ( 'NONE', *, *, #9954, .F. ) ;
#3975 = ORIENTED_EDGE ( 'NONE', *, *, #3355, .T. ) ;
#3976 = SURFACE_STYLE_FILL_AREA ( #4710 ) ;
#3977 = FILL_AREA_STYLE ('',( #8656 ) ) ;
#3978 = AXIS2_PLACEMENT_3D ( 'NONE', #3343, #6308, #7925 ) ;
#3979 = DIRECTION ( 'NONE',  ( -1.000000000000000000, -0.000000000000000000, -0.000000000000000000 ) ) ;
#3980 = ORIENTED_EDGE ( 'NONE', *, *, #2675, .T. ) ;
#3981 = LINE ( 'NONE', #6872, #6614 ) ;
#3982 = SURFACE_STYLE_FILL_AREA ( #9344 ) ;
#3983 = LINE ( 'NONE', #5600, #841 ) ;
#3984 = EDGE_CURVE ( 'NONE', #6178, #6980, #1731, .T. ) ;
#3985 = UNCERTAINTY_MEASURE_WITH_UNIT (LENGTH_MEASURE( 1.000000000000000082E-05 ), #5580, 'distance_accuracy_value', 'NONE');
#3986 = EDGE_CURVE ( 'NONE', #7105, #8708, #5387, .T. ) ;
#3987 = DIRECTION ( 'NONE',  ( -1.000000000000000000, -0.000000000000000000, 0.000000000000000000 ) ) ;
#3988 = AXIS2_PLACEMENT_3D ( 'NONE', #6556, #9530, #4224 ) ;
#3989 = DIRECTION ( 'NONE',  ( 1.000000000000000000, -0.000000000000000000, -1.779203565104420086E-16 ) ) ;
#3990 = AXIS2_PLACEMENT_3D ( 'NONE', #4395, #8862, #2848 ) ;
#3991 = VERTEX_POINT ( 'NONE', #9549 ) ;
#3992 = EDGE_LOOP ( 'NONE', ( #9860, #6048, #8110, #6826 ) ) ;
#3993 = FILL_AREA_STYLE_COLOUR ( '', #664 ) ;
#3994 = CARTESIAN_POINT ( 'NONE',  ( -1.894922454274041934, -2.315360702644579938, 1.554027843280872290 ) ) ;
#3995 = COLOUR_RGB ( '',0.8313725490196077761, 0.8313725490196077761, 0.8313725490196077761 ) ;
#3996 = DIRECTION ( 'NONE',  ( 0.000000000000000000, 1.000000000000000000, 0.000000000000000000 ) ) ;
#3997 = PRESENTATION_STYLE_ASSIGNMENT (( #8516 ) ) ;
#3998 = ADVANCED_FACE ( 'NONE', ( #2618 ), #2461, .T. ) ;
#3999 = ADVANCED_FACE ( 'NONE', ( #8821 ), #5597, .T. ) ;
#4000 = AXIS2_PLACEMENT_3D ( 'NONE', #7975, #5576, #7868 ) ;
#4001 = DIRECTION ( 'NONE',  ( -1.000000000000000000, 0.000000000000000000, -0.000000000000000000 ) ) ;
#4002 = CARTESIAN_POINT ( 'NONE',  ( 3.000000000000000000, 1.905000000000000027, 0.000000000000000000 ) ) ;
#4003 = VERTEX_POINT ( 'NONE', #171 ) ;
#4004 =( NAMED_UNIT ( * ) SI_UNIT ( $, .STERADIAN. ) SOLID_ANGLE_UNIT ( ) );
#4005 = CIRCLE ( 'NONE', #6278, 0.08000000000000005718 ) ;
#4006 =( NAMED_UNIT ( * ) PLANE_ANGLE_UNIT ( ) SI_UNIT ( $, .RADIAN. ) );
#4007 = SURFACE_SIDE_STYLE ('',( #9317 ) ) ;
#4008 =( NAMED_UNIT ( * ) PLANE_ANGLE_UNIT ( ) SI_UNIT ( $, .RADIAN. ) );
#4009 = FACE_OUTER_BOUND ( 'NONE', #3508, .T. ) ;
#4010 = LINE ( 'NONE', #8733, #5881 ) ;
#4011 = PRESENTATION_LAYER_ASSIGNMENT (  '', '', ( #5821 ) ) ;
#4012 = CARTESIAN_POINT ( 'NONE',  ( 1.876672648650954400, -2.338986644132700299, 0.1663894696302026521 ) ) ;
#4013 = STYLED_ITEM ( 'NONE', ( #883 ), #8444 ) ;
#4014 = PRESENTATION_STYLE_ASSIGNMENT (( #9431 ) ) ;
#4015 = SURFACE_STYLE_FILL_AREA ( #2536 ) ;
#4016 = ORIENTED_EDGE ( 'NONE', *, *, #3367, .T. ) ;
#4017 = STYLED_ITEM ( 'NONE', ( #2856 ), #1414 ) ;
#4018 = DIRECTION ( 'NONE',  ( 0.1039620511844979861, -0.1039620511844979861, 0.9891328443778538704 ) ) ;
#4019 = CARTESIAN_POINT ( 'NONE',  ( -2.151833221588803635, 0.3800000000000000044, 0.2374399716845533859 ) ) ;
#4020 = PRESENTATION_LAYER_ASSIGNMENT (  '', '', ( #8722 ) ) ;
#4021 = DIRECTION ( 'NONE',  ( -0.000000000000000000, -0.000000000000000000, -1.000000000000000000 ) ) ;
#4022 = DIRECTION ( 'NONE',  ( 0.000000000000000000, 0.000000000000000000, 1.000000000000000000 ) ) ;
#4023 = CYLINDRICAL_SURFACE ( 'NONE', #9175, 0.08000000000000005718 ) ;
#4024 = ORIENTED_EDGE ( 'NONE', *, *, #9877, .T. ) ;
#4025 = VERTEX_POINT ( 'NONE', #1030 ) ;
#4026 =( LENGTH_UNIT ( ) NAMED_UNIT ( * ) SI_UNIT ( .MILLI., .METRE. ) );
#4027 = STYLED_ITEM ( 'NONE', ( #3175 ), #8833 ) ;
#4028 = ORIENTED_EDGE ( 'NONE', *, *, #7248, .F. ) ;
#4029 = ORIENTED_EDGE ( 'NONE', *, *, #4872, .F. ) ;
#4030 = CARTESIAN_POINT ( 'NONE',  ( -1.837171350119500168, 0.000000000000000000, 1.338151117160520043 ) ) ;
#4031 = CARTESIAN_POINT ( 'NONE',  ( -1.145000000000000018, -1.044999999999999929, 0.3000000000000009881 ) ) ;
#4032 = EDGE_CURVE ( 'NONE', #5314, #3927, #4869, .T. ) ;
#4033 = PRESENTATION_STYLE_ASSIGNMENT (( #320 ) ) ;
#4034 = ORIENTED_EDGE ( 'NONE', *, *, #3355, .F. ) ;
#4035 = COLOUR_RGB ( '',0.8313725490196077761, 0.8313725490196077761, 0.8313725490196077761 ) ;
#4036 = CIRCLE ( 'NONE', #187, 0.08000000000000007105 ) ;
#4037 = CARTESIAN_POINT ( 'NONE',  ( -1.189405335455050006, 1.905000000000000027, 0.8200000000000009504 ) ) ;
#4038 = PLANE ( 'NONE',  #4639 ) ;
#4039 = UNCERTAINTY_MEASURE_WITH_UNIT (LENGTH_MEASURE( 1.000000000000000082E-05 ), #6895, 'distance_accuracy_value', 'NONE');
#4040 = VECTOR ( 'NONE', #420, 1000.000000000000114 ) ;
#4041 = EDGE_LOOP ( 'NONE', ( #3777, #7048, #9643, #9392 ) ) ;
#4042 = VERTEX_POINT ( 'NONE', #8660 ) ;
#4043 = CARTESIAN_POINT ( 'NONE',  ( -0.1285000000000000031, -1.401000000000000023, 0.1000000000000010048 ) ) ;
#4044 = EDGE_CURVE ( 'NONE', #243, #871, #1723, .T. ) ;
#4045 = CARTESIAN_POINT ( 'NONE',  ( 1.802292627064880026, 2.302292627064889796, 1.749999999999999334 ) ) ;
#4046 = DIRECTION ( 'NONE',  ( -0.000000000000000000, -1.000000000000000000, 0.000000000000000000 ) ) ;
#4047 = CARTESIAN_POINT ( 'NONE',  ( -2.376389666031580195, -1.649999999999999911, 0.07473362777057840356 ) ) ;
#4048 = CARTESIAN_POINT ( 'NONE',  ( 1.912162475304360232, 0.000000000000000000, 0.4600000000000000200 ) ) ;
#4049 = DIRECTION ( 'NONE',  ( 0.000000000000000000, 0.000000000000000000, 1.000000000000000000 ) ) ;
#4050 = VECTOR ( 'NONE', #7686, 1000.000000000000227 ) ;
#4051 = COLOUR_RGB ( '',0.8313725490196077761, 0.8313725490196077761, 0.8313725490196077761 ) ;
#4052 =( LENGTH_UNIT ( ) NAMED_UNIT ( * ) SI_UNIT ( .MILLI., .METRE. ) );
#4053 = EDGE_CURVE ( 'NONE', #7804, #3901, #982, .T. ) ;
#4054 = VERTEX_POINT ( 'NONE', #1081 ) ;
#4055 = ADVANCED_FACE ( 'NONE', ( #5838 ), #5972, .T. ) ;
#4056 = PRESENTATION_LAYER_ASSIGNMENT (  '', '', ( #9869 ) ) ;
#4057 = VECTOR ( 'NONE', #5482, 1000.000000000000000 ) ;
#4058 = SURFACE_SIDE_STYLE ('',( #5458 ) ) ;
#4059 = PRESENTATION_STYLE_ASSIGNMENT (( #3132 ) ) ;
#4060 = VECTOR ( 'NONE', #3376, 1000.000000000000000 ) ;
#4061 = FACE_OUTER_BOUND ( 'NONE', #7238, .T. ) ;
#4062 = FILL_AREA_STYLE_COLOUR ( '', #1587 ) ;
#4063 = CARTESIAN_POINT ( 'NONE',  ( 0.2285000000000000364, 1.500999999999999890, 0.1000000000000010048 ) ) ;
#4064 = COLOUR_RGB ( '',0.8313725490196077761, 0.8313725490196077761, 0.8313725490196077761 ) ;
#4065 = VECTOR ( 'NONE', #7358, 1000.000000000000000 ) ;
#4066 =( GEOMETRIC_REPRESENTATION_CONTEXT ( 3 ) GLOBAL_UNCERTAINTY_ASSIGNED_CONTEXT ( ( #7802 ) ) GLOBAL_UNIT_ASSIGNED_CONTEXT ( ( #913, #1246, #9622 ) ) REPRESENTATION_CONTEXT ( 'NONE', 'WORKASPACE' ) );
#4067 = SURFACE_STYLE_USAGE ( .BOTH. , #8025 ) ;
#4068 = ORIENTED_EDGE ( 'NONE', *, *, #6525, .F. ) ;
#4069 = EDGE_CURVE ( 'NONE', #1576, #8146, #8952, .T. ) ;
#4070 = VECTOR ( 'NONE', #8995, 1000.000000000000114 ) ;
#4071 = PRESENTATION_STYLE_ASSIGNMENT (( #2388 ) ) ;
#4072 = CARTESIAN_POINT ( 'NONE',  ( -2.167034018033049847, 1.905000000000000027, 0.05824665557634479962 ) ) ;
#4073 = VECTOR ( 'NONE', #6844, 1000.000000000000000 ) ;
#4074 = DIRECTION ( 'NONE',  ( 0.08452546101100759379, 0.000000000000000000, 0.9964213197442519654 ) ) ;
#4075 = DIRECTION ( 'NONE',  ( 0.9975640502598241977, 0.000000000000000000, 0.06975647374412549673 ) ) ;
#4076 = CARTESIAN_POINT ( 'NONE',  ( -2.102415215385780023, -2.160000000000000142, 0.8200000000000009504 ) ) ;
#4077 = LINE ( 'NONE', #9534, #9148 ) ;
#4078 = ORIENTED_EDGE ( 'NONE', *, *, #7015, .F. ) ;
#4079 = DIRECTION ( 'NONE',  ( -0.000000000000000000, -1.000000000000000000, -0.000000000000000000 ) ) ;
#4080 = MECHANICAL_DESIGN_GEOMETRIC_PRESENTATION_REPRESENTATION (  '', ( #5890 ), #1347 ) ;
#4081 =( REPRESENTATION_RELATIONSHIP ('NONE','NONE', #1355, #5575 ) REPRESENTATION_RELATIONSHIP_WITH_TRANSFORMATION ( #6595 )SHAPE_REPRESENTATION_RELATIONSHIP( ) );
#4082 = SURFACE_STYLE_FILL_AREA ( #7118 ) ;
#4083 = AXIS2_PLACEMENT_3D ( 'NONE', #9816, #5252, #2967 ) ;
#4084 =( NAMED_UNIT ( * ) SI_UNIT ( $, .STERADIAN. ) SOLID_ANGLE_UNIT ( ) );
#4085 = VERTEX_POINT ( 'NONE', #7367 ) ;
#4086 = FACE_OUTER_BOUND ( 'NONE', #9042, .T. ) ;
#4087 = LINE ( 'NONE', #1079, #1638 ) ;
#4088 =( NAMED_UNIT ( * ) SI_UNIT ( $, .STERADIAN. ) SOLID_ANGLE_UNIT ( ) );
#4089 = VECTOR ( 'NONE', #5846, 1000.000000000000000 ) ;
#4090 = ORIENTED_EDGE ( 'NONE', *, *, #1403, .T. ) ;
#4091 = DIRECTION ( 'NONE',  ( 0.000000000000000000, 1.000000000000000000, 0.000000000000000000 ) ) ;
#4092 = VECTOR ( 'NONE', #6233, 1000.000000000000000 ) ;
#4093 = CARTESIAN_POINT ( 'NONE',  ( -1.845189659078863675, 2.345189659078864342, 0.1278493596512566000 ) ) ;
#4094 =( LENGTH_UNIT ( ) NAMED_UNIT ( * ) SI_UNIT ( .MILLI., .METRE. ) );
#4095 = DIRECTION ( 'NONE',  ( 0.000000000000000000, 0.000000000000000000, 1.000000000000000000 ) ) ;
#4096 = EDGE_CURVE ( 'NONE', #5194, #7726, #3570, .T. ) ;
#4097 = VERTEX_POINT ( 'NONE', #8048 ) ;
#4098 = STYLED_ITEM ( 'NONE', ( #2698 ), #5305 ) ;
#4099 = ORIENTED_EDGE ( 'NONE', *, *, #9354, .T. ) ;
#4100 = CARTESIAN_POINT ( 'NONE',  ( -2.102415215385780023, -0.6350000000000000089, 0.8200000000000009504 ) ) ;
#4101 = CARTESIAN_POINT ( 'NONE',  ( 1.778333972310198963, 2.327900865654994433, 1.741904109608967133 ) ) ;
#4102 = CARTESIAN_POINT ( 'NONE',  ( -1.466451580748000305, 2.338417127732529632, 1.746699764884783068 ) ) ;
#4103 = AXIS2_PLACEMENT_3D ( 'NONE', #4473, #1399, #2929 ) ;
#4104 = ADVANCED_FACE ( 'NONE', ( #8903 ), #2055, .T. ) ;
#4105 = ORIENTED_EDGE ( 'NONE', *, *, #300, .F. ) ;
#4106 = CARTESIAN_POINT ( 'NONE',  ( -1.877467758999780578, -2.327900865654993545, 0.1896393804201365052 ) ) ;
#4107 =( NAMED_UNIT ( * ) PLANE_ANGLE_UNIT ( ) SI_UNIT ( $, .RADIAN. ) );
#4108 = ORIENTED_EDGE ( 'NONE', *, *, #3914, .F. ) ;
#4109 = FILL_AREA_STYLE ('',( #7239 ) ) ;
#4110 = SURFACE_STYLE_USAGE ( .BOTH. , #7532 ) ;
#4111 = DIRECTION ( 'NONE',  ( 0.000000000000000000, 0.000000000000000000, -1.000000000000000000 ) ) ;
#4112 = CARTESIAN_POINT ( 'NONE',  ( 0.1285000000000000031, 1.501000000000000112, 0.1000000000000010048 ) ) ;
#4113 = CARTESIAN_POINT ( 'NONE',  ( 1.815360702644579938, 2.315360702644579938, 0.3043344337805469757 ) ) ;
#4114 = SURFACE_STYLE_USAGE ( .BOTH. , #5007 ) ;
#4115 = EDGE_CURVE ( 'NONE', #7332, #2173, #2277, .T. ) ;
#4116 = EDGE_CURVE ( 'NONE', #2558, #6439, #1131, .T. ) ;
#4117 = CARTESIAN_POINT ( 'NONE',  ( -1.837171350119497504, 2.337171350119500168, 1.338151117160515158 ) ) ;
#4118 = ORIENTED_EDGE ( 'NONE', *, *, #8657, .T. ) ;
#4119 = PLANE ( 'NONE',  #3978 ) ;
#4120 = CARTESIAN_POINT ( 'NONE',  ( 1.845189659078854350, -2.345189659078863453, 1.722150640348743877 ) ) ;
#4121 = LINE ( 'NONE', #7109, #3895 ) ;
#4122 = CARTESIAN_POINT ( 'NONE',  ( -0.1285000000000000031, 1.401000000000000023, 0.3000000000000009881 ) ) ;
#4123 = CARTESIAN_POINT ( 'NONE',  ( 2.353481300512973995, 2.160000000000000142, 0.3447869765509687934 ) ) ;
#4124 =( LENGTH_UNIT ( ) NAMED_UNIT ( * ) SI_UNIT ( .MILLI., .METRE. ) );
#4125 = VERTEX_POINT ( 'NONE', #573 ) ;
#4126 = ADVANCED_FACE ( 'NONE', ( #9787 ), #7271, .T. ) ;
#4127 =( NAMED_UNIT ( * ) SI_UNIT ( $, .STERADIAN. ) SOLID_ANGLE_UNIT ( ) );
#4128 = DIRECTION ( 'NONE',  ( -0.9975640502598241977, 0.000000000000000000, -0.06975647374412552448 ) ) ;
#4129 = VERTEX_POINT ( 'NONE', #2156 ) ;
#4130 = DIRECTION ( 'NONE',  ( -0.000000000000000000, 1.000000000000000000, -0.000000000000000000 ) ) ;
#4131 = VERTEX_POINT ( 'NONE', #1458 ) ;
#4132 = DIRECTION ( 'NONE',  ( 0.08452546101100089082, 0.000000000000000000, 0.9964213197442524095 ) ) ;
#4133 = CARTESIAN_POINT ( 'NONE',  ( -1.189405335455050006, 2.160000000000000142, 1.030000000000000027 ) ) ;
#4134 = DIRECTION ( 'NONE',  ( 0.000000000000000000, 0.000000000000000000, -1.000000000000000000 ) ) ;
#4135 = EDGE_LOOP ( 'NONE', ( #2651, #5375, #1322, #8087 ) ) ;
#4136 = LINE ( 'NONE', #3360, #3025 ) ;
#4137 = DIRECTION ( 'NONE',  ( 0.9975640502598241977, 0.000000000000000000, 0.06975647374412552448 ) ) ;
#4138 = PRESENTATION_LAYER_ASSIGNMENT (  '', '', ( #7880 ) ) ;
#4139 = CARTESIAN_POINT ( 'NONE',  ( -1.870218527253805219, -2.449999403068539028, 1.030005679423489973 ) ) ;
#4140 = LINE ( 'NONE', #2622, #4539 ) ;
#4141 = PRESENTATION_STYLE_ASSIGNMENT (( #3462 ) ) ;
#4142 = EDGE_LOOP ( 'NONE', ( #3066, #5862, #6562, #5116 ) ) ;
#4143 = PRESENTATION_LAYER_ASSIGNMENT (  '', '', ( #8992 ) ) ;
#4144 = ORIENTED_EDGE ( 'NONE', *, *, #446, .F. ) ;
#4145 = SURFACE_SIDE_STYLE ('',( #6283 ) ) ;
#4146 =( LENGTH_UNIT ( ) NAMED_UNIT ( * ) SI_UNIT ( .MILLI., .METRE. ) );
#4147 =( LENGTH_UNIT ( ) NAMED_UNIT ( * ) SI_UNIT ( .MILLI., .METRE. ) );
#4148 = DIRECTION ( 'NONE',  ( 1.000000000000000000, 0.000000000000000000, -6.608470384673550038E-16 ) ) ;
#4149 = ORIENTED_EDGE ( 'NONE', *, *, #9734, .T. ) ;
#4150 = CARTESIAN_POINT ( 'NONE',  ( -1.845189659078865008, -2.345189659078864342, 0.1278493596512572383 ) ) ;
#4151 =( NAMED_UNIT ( * ) SI_UNIT ( $, .STERADIAN. ) SOLID_ANGLE_UNIT ( ) );
#4152 = EDGE_LOOP ( 'NONE', ( #6728, #2596, #5701, #6837 ) ) ;
#4153 = VECTOR ( 'NONE', #520, 1000.000000000000000 ) ;
#4154 = CYLINDRICAL_SURFACE ( 'NONE', #7014, 0.1050000000000000100 ) ;
#4155 = EDGE_CURVE ( 'NONE', #7116, #3751, #5368, .T. ) ;
#4156 = DIRECTION ( 'NONE',  ( 1.000000000000000000, 0.000000000000000000, 0.000000000000000000 ) ) ;
#4157 =( NAMED_UNIT ( * ) PLANE_ANGLE_UNIT ( ) SI_UNIT ( $, .RADIAN. ) );
#4158 = FILL_AREA_STYLE_COLOUR ( '', #6602 ) ;
#4159 =( NAMED_UNIT ( * ) PLANE_ANGLE_UNIT ( ) SI_UNIT ( $, .RADIAN. ) );
#4160 = SURFACE_STYLE_USAGE ( .BOTH. , #1010 ) ;
#4161 = PRODUCT_DEFINITION_CONTEXT ( 'detailed design', #4611, 'design' ) ;
#4162 =( GEOMETRIC_REPRESENTATION_CONTEXT ( 3 ) GLOBAL_UNCERTAINTY_ASSIGNED_CONTEXT ( ( #852 ) ) GLOBAL_UNIT_ASSIGNED_CONTEXT ( ( #6560, #6666, #2604 ) ) REPRESENTATION_CONTEXT ( 'NONE', 'WORKASPACE' ) );
#4163 = ORIENTED_EDGE ( 'NONE', *, *, #7451, .F. ) ;
#4164 = VERTEX_POINT ( 'NONE', #5225 ) ;
#4165 = CARTESIAN_POINT ( 'NONE',  ( -2.311663692532072822, -0.8900000000000000133, 0.8377503468123118635 ) ) ;
#4166 = EDGE_CURVE ( 'NONE', #9441, #2921, #9924, .T. ) ;
#4167 =( NAMED_UNIT ( * ) PLANE_ANGLE_UNIT ( ) SI_UNIT ( $, .RADIAN. ) );
#4168 =( GEOMETRIC_REPRESENTATION_CONTEXT ( 3 ) GLOBAL_UNCERTAINTY_ASSIGNED_CONTEXT ( ( #8134 ) ) GLOBAL_UNIT_ASSIGNED_CONTEXT ( ( #6345, #7760, #9276 ) ) REPRESENTATION_CONTEXT ( 'NONE', 'WORKASPACE' ) );
#4169 =( BOUNDED_CURVE ( )  B_SPLINE_CURVE ( 3, ( #1085, #8823, #3272, #4139 ),
 .UNSPECIFIED., .F., .T. ) 
 B_SPLINE_CURVE_WITH_KNOTS ( ( 4, 4 ),
 ( 5.500522448471008019, 7.065848165888175991 ),
 .UNSPECIFIED. ) 
 CURVE ( )  GEOMETRIC_REPRESENTATION_ITEM ( )  RATIONAL_B_SPLINE_CURVE ( ( 1.000000000000000000, 0.8060255240148391787, 0.8060255240148391787, 1.000000000000000000 ) ) 
 REPRESENTATION_ITEM ( '' )  );
#4170 = CARTESIAN_POINT ( 'NONE',  ( 1.801300639614435983, -2.338986644132699855, 1.745608531985410661 ) ) ;
#4171 = DIRECTION ( 'NONE',  ( 0.5362129001746873680, 0.5362129001746711587, 0.6518830043593090151 ) ) ;
#4172 = CARTESIAN_POINT ( 'NONE',  ( 2.167034018033049847, 1.905000000000000027, 0.05824665557634479962 ) ) ;
#4173 = ORIENTED_EDGE ( 'NONE', *, *, #4217, .F. ) ;
#4174 = VECTOR ( 'NONE', #3668, 1000.000000000000000 ) ;
#4175 = SURFACE_STYLE_USAGE ( .BOTH. , #1123 ) ;
#4176 = DIRECTION ( 'NONE',  ( -0.9975640502598241977, 0.000000000000000000, 0.06975647374412552448 ) ) ;
#4177 = ORIENTED_EDGE ( 'NONE', *, *, #2141, .F. ) ;
#4178 = PRESENTATION_STYLE_ASSIGNMENT (( #1126 ) ) ;
#4179 = EDGE_LOOP ( 'NONE', ( #7592, #2866, #3980, #7782 ) ) ;
#4180 = EDGE_CURVE ( 'NONE', #9476, #4659, #540, .T. ) ;
#4181 = EDGE_CURVE ( 'NONE', #9113, #1432, #4644, .T. ) ;
#4182 = PRESENTATION_STYLE_ASSIGNMENT (( #8047 ) ) ;
#4183 =( NAMED_UNIT ( * ) PLANE_ANGLE_UNIT ( ) SI_UNIT ( $, .RADIAN. ) );
#4184 = EDGE_LOOP ( 'NONE', ( #7717, #771, #7613, #8277 ) ) ;
#4185 = DIRECTION ( 'NONE',  ( 0.08452546101100746889, -0.000000000000000000, 0.9964213197442519654 ) ) ;
#4186 = STYLED_ITEM ( 'NONE', ( #8770 ), #1663 ) ;
#4187 =( NAMED_UNIT ( * ) PLANE_ANGLE_UNIT ( ) SI_UNIT ( $, .RADIAN. ) );
#4188 = ORIENTED_EDGE ( 'NONE', *, *, #2493, .F. ) ;
#4189 = MECHANICAL_DESIGN_GEOMETRIC_PRESENTATION_REPRESENTATION (  '', ( #9518 ), #1625 ) ;
#4190 =( GEOMETRIC_REPRESENTATION_CONTEXT ( 3 ) GLOBAL_UNCERTAINTY_ASSIGNED_CONTEXT ( ( #3473 ) ) GLOBAL_UNIT_ASSIGNED_CONTEXT ( ( #9124, #561, #5354 ) ) REPRESENTATION_CONTEXT ( 'NONE', 'WORKASPACE' ) );
#4191 = EDGE_LOOP ( 'NONE', ( #3890, #3051, #7226, #5059 ) ) ;
#4192 = FACE_OUTER_BOUND ( 'NONE', #2880, .T. ) ;
#4193 = FILL_AREA_STYLE_COLOUR ( '', #9852 ) ;
#4194 = EDGE_CURVE ( 'NONE', #9894, #7355, #7628, .T. ) ;
#4195 = VECTOR ( 'NONE', #737, 1000.000000000000000 ) ;
#4196 = CARTESIAN_POINT ( 'NONE',  ( 1.876672648650945296, 2.338986644132700299, 1.683610530369798353 ) ) ;
#4197 = SURFACE_STYLE_USAGE ( .BOTH. , #1783 ) ;
#4198 = DIRECTION ( 'NONE',  ( 0.08452546101100746889, 0.000000000000000000, -0.9964213197442519654 ) ) ;
#4199 = UNCERTAINTY_MEASURE_WITH_UNIT (LENGTH_MEASURE( 1.000000000000000082E-05 ), #1261, 'distance_accuracy_value', 'NONE');
#4200 = PRESENTATION_LAYER_ASSIGNMENT (  '', '', ( #8577 ) ) ;
#4201 = PRESENTATION_LAYER_ASSIGNMENT (  '', '', ( #194 ) ) ;
#4202 =( GEOMETRIC_REPRESENTATION_CONTEXT ( 3 ) GLOBAL_UNCERTAINTY_ASSIGNED_CONTEXT ( ( #4568 ) ) GLOBAL_UNIT_ASSIGNED_CONTEXT ( ( #4884, #8830, #5560 ) ) REPRESENTATION_CONTEXT ( 'NONE', 'WORKASPACE' ) );
#4203 = ORIENTED_EDGE ( 'NONE', *, *, #3558, .T. ) ;
#4204 = CARTESIAN_POINT ( 'NONE',  ( -2.361081698735099987, 2.160000000000000142, 0.2551903184968640215 ) ) ;
#4205 = DIRECTION ( 'NONE',  ( 0.5362129001746773760, -0.5362129001746854806, -0.6518830043593054624 ) ) ;
#4206 = VERTEX_POINT ( 'NONE', #6960 ) ;
#4207 = CYLINDRICAL_SURFACE ( 'NONE', #896, 0.2100000000000000200 ) ;
#4208 = CIRCLE ( 'NONE', #8420, 0.2100000000000000477 ) ;
#4209 = PLANE ( 'NONE',  #6116 ) ;
#4210 = STYLED_ITEM ( 'NONE', ( #5644 ), #3998 ) ;
#4211 = DIRECTION ( 'NONE',  ( 0.7413137835818724986, -0.07015517768342317828, 0.6674819288308383447 ) ) ;
#4212 =( LENGTH_UNIT ( ) NAMED_UNIT ( * ) SI_UNIT ( .MILLI., .METRE. ) );
#4213 = DIRECTION ( 'NONE',  ( -0.000000000000000000, -1.000000000000000000, -0.000000000000000000 ) ) ;
#4214 = CARTESIAN_POINT ( 'NONE',  ( -2.102415215385780023, 1.905000000000000027, 0.8200000000000009504 ) ) ;
#4215 = VECTOR ( 'NONE', #8201, 1000.000000000000000 ) ;
#4216 = VECTOR ( 'NONE', #6862, 1000.000000000000000 ) ;
#4217 = EDGE_CURVE ( 'NONE', #5699, #431, #4448, .T. ) ;
#4218 = COLOUR_RGB ( '',0.8313725490196077761, 0.8313725490196077761, 0.8313725490196077761 ) ;
#4219 =( GEOMETRIC_REPRESENTATION_CONTEXT ( 3 ) GLOBAL_UNCERTAINTY_ASSIGNED_CONTEXT ( ( #8505 ) ) GLOBAL_UNIT_ASSIGNED_CONTEXT ( ( #4597, #2, #3037 ) ) REPRESENTATION_CONTEXT ( 'NONE', 'WORKASPACE' ) );
#4220 = FACE_OUTER_BOUND ( 'NONE', #8669, .T. ) ;
#4221 = ORIENTED_EDGE ( 'NONE', *, *, #2787, .F. ) ;
#4222 = ORIENTED_EDGE ( 'NONE', *, *, #8986, .F. ) ;
#4223 = SURFACE_STYLE_FILL_AREA ( #6605 ) ;
#4224 = DIRECTION ( 'NONE',  ( 1.000000000000000000, 0.000000000000000000, 0.000000000000000000 ) ) ;
#4225 = PRESENTATION_LAYER_ASSIGNMENT (  '', '', ( #208 ) ) ;
#4226 = CARTESIAN_POINT ( 'NONE',  ( 2.151833221588806744, -2.160000000000000142, 0.2374399716845530250 ) ) ;
#4227 = PRESENTATION_LAYER_ASSIGNMENT (  '', '', ( #4731 ) ) ;
#4228 = FILL_AREA_STYLE_COLOUR ( '', #1931 ) ;
#4229 = CIRCLE ( 'NONE', #2763, 0.1000000000000000194 ) ;
#4230 = SURFACE_STYLE_USAGE ( .BOTH. , #3400 ) ;
#4231 = COLOUR_RGB ( '',0.8313725490196077761, 0.8313725490196077761, 0.8313725490196077761 ) ;
#4232 = CARTESIAN_POINT ( 'NONE',  ( -0.2285000000000000364, -1.401000000000000023, 0.1000000000000010048 ) ) ;
#4233 = EDGE_LOOP ( 'NONE', ( #3633, #5639, #9110, #6520, #8888, #7999, #6524, #1392, #1187, #4996, #8688, #9751 ) ) ;
#4234 = EDGE_CURVE ( 'NONE', #6772, #9721, #2298, .T. ) ;
#4235 = DIRECTION ( 'NONE',  ( 0.000000000000000000, 0.000000000000000000, 1.000000000000000000 ) ) ;
#4236 = STYLED_ITEM ( 'NONE', ( #4649 ), #6781 ) ;
#4237 = ORIENTED_EDGE ( 'NONE', *, *, #7265, .F. ) ;
#4238 =( GEOMETRIC_REPRESENTATION_CONTEXT ( 3 ) GLOBAL_UNCERTAINTY_ASSIGNED_CONTEXT ( ( #2410 ) ) GLOBAL_UNIT_ASSIGNED_CONTEXT ( ( #755, #1647, #8528 ) ) REPRESENTATION_CONTEXT ( 'NONE', 'WORKASPACE' ) );
#4239 =( NAMED_UNIT ( * ) PLANE_ANGLE_UNIT ( ) SI_UNIT ( $, .RADIAN. ) );
#4240 = CARTESIAN_POINT ( 'NONE',  ( -1.890701798628208197, 2.337171350119500168, 1.397602703198708385 ) ) ;
#4241 = SURFACE_STYLE_USAGE ( .BOTH. , #3510 ) ;
#4242 = VERTEX_POINT ( 'NONE', #3700 ) ;
#4243 = LINE ( 'NONE', #2665, #1585 ) ;
#4244 = CARTESIAN_POINT ( 'NONE',  ( -2.346432839248830060, 0.6350000000000000089, 0.04570186794230110539 ) ) ;
#4245 = CIRCLE ( 'NONE', #4580, 0.1000000000000000194 ) ;
#4246 =( GEOMETRIC_REPRESENTATION_CONTEXT ( 3 ) GLOBAL_UNCERTAINTY_ASSIGNED_CONTEXT ( ( #6613 ) ) GLOBAL_UNIT_ASSIGNED_CONTEXT ( ( #9374, #5288, #9006 ) ) REPRESENTATION_CONTEXT ( 'NONE', 'WORKASPACE' ) );
#4247 = DIRECTION ( 'NONE',  ( -0.08452546101100759379, 0.000000000000000000, 0.9964213197442519654 ) ) ;
#4248 =( NAMED_UNIT ( * ) SI_UNIT ( $, .STERADIAN. ) SOLID_ANGLE_UNIT ( ) );
#4249 = EDGE_CURVE ( 'NONE', #8400, #766, #8345, .T. ) ;
#4250 = VECTOR ( 'NONE', #6179, 1000.000000000000000 ) ;
#4251 = ORIENTED_EDGE ( 'NONE', *, *, #632, .F. ) ;
#4252 = FILL_AREA_STYLE ('',( #386 ) ) ;
#4253 =( NAMED_UNIT ( * ) PLANE_ANGLE_UNIT ( ) SI_UNIT ( $, .RADIAN. ) );
#4254 = AXIS2_PLACEMENT_3D ( 'NONE', #1716, #364, #2549 ) ;
#4255 = PLANE ( 'NONE',  #6793 ) ;
#4256 = CARTESIAN_POINT ( 'NONE',  ( -2.311663692532072822, -2.160000000000000142, 0.8377503468123118635 ) ) ;
#4257 =( NAMED_UNIT ( * ) SI_UNIT ( $, .STERADIAN. ) SOLID_ANGLE_UNIT ( ) );
#4258 = LINE ( 'NONE', #2635, #9554 ) ;
#4259 = ADVANCED_FACE ( 'NONE', ( #612 ), #2987, .F. ) ;
#4260 = EDGE_LOOP ( 'NONE', ( #8575, #408, #8076, #2254 ) ) ;
#4261 = FILL_AREA_STYLE_COLOUR ( '', #828 ) ;
#4262 = MANIFOLD_SOLID_BREP ( 'Imported5', #6087 ) ;
#4263 = FILL_AREA_STYLE_COLOUR ( '', #7262 ) ;
#4264 = ORIENTED_EDGE ( 'NONE', *, *, #3103, .T. ) ;
#4265 = SURFACE_STYLE_FILL_AREA ( #5048 ) ;
#4266 =( GEOMETRIC_REPRESENTATION_CONTEXT ( 3 ) GLOBAL_UNCERTAINTY_ASSIGNED_CONTEXT ( ( #5552 ) ) GLOBAL_UNIT_ASSIGNED_CONTEXT ( ( #5995, #2867, #5000 ) ) REPRESENTATION_CONTEXT ( 'NONE', 'WORKASPACE' ) );
#4267 = DIRECTION ( 'NONE',  ( -1.000000000000000000, 0.000000000000000000, 1.779203565104420086E-16 ) ) ;
#4268 = VECTOR ( 'NONE', #4001, 1000.000000000000000 ) ;
#4269 = LINE ( 'NONE', #2783, #5568 ) ;
#4270 = FILL_AREA_STYLE_COLOUR ( '', #9701 ) ;
#4271 = ORIENTED_EDGE ( 'NONE', *, *, #5073, .F. ) ;
#4272 = DIRECTION ( 'NONE',  ( 0.000000000000000000, 0.000000000000000000, -1.000000000000000000 ) ) ;
#4273 =( NAMED_UNIT ( * ) SI_UNIT ( $, .STERADIAN. ) SOLID_ANGLE_UNIT ( ) );
#4274 = APPLICATION_CONTEXT ( 'automotive_design' ) ;
#4275 = SURFACE_SIDE_STYLE ('',( #4374 ) ) ;
#4276 = EDGE_CURVE ( 'NONE', #9909, #6436, #4121, .T. ) ;
#4277 = CARTESIAN_POINT ( 'NONE',  ( 1.807731438172845539, 2.388693427578350903, 1.717177814570862049 ) ) ;
#4278 =( NAMED_UNIT ( * ) SI_UNIT ( $, .STERADIAN. ) SOLID_ANGLE_UNIT ( ) );
#4279 = SURFACE_SIDE_STYLE ('',( #1858 ) ) ;
#4280 = FILL_AREA_STYLE_COLOUR ( '', #4654 ) ;
#4281 = ORIENTED_EDGE ( 'NONE', *, *, #5765, .F. ) ;
#4282 = SURFACE_STYLE_USAGE ( .BOTH. , #1219 ) ;
#4283 = LINE ( 'NONE', #7363, #7326 ) ;
#4284 = CARTESIAN_POINT ( 'NONE',  ( 3.000000000000000444, -0.8900000000000001243, 6.550388125433255545E-17 ) ) ;
#4285 = DIRECTION ( 'NONE',  ( 1.000000000000000000, 0.000000000000000000, -6.608470384673550038E-16 ) ) ;
#4286 = EDGE_LOOP ( 'NONE', ( #782, #5895, #600, #3931 ) ) ;
#4287 =( NAMED_UNIT ( * ) PLANE_ANGLE_UNIT ( ) SI_UNIT ( $, .RADIAN. ) );
#4288 = EDGE_CURVE ( 'NONE', #2080, #7116, #4229, .T. ) ;
#4289 = DIRECTION ( 'NONE',  ( 1.000000000000000000, 0.000000000000000000, -6.608470384673550038E-16 ) ) ;
#4290 = FILL_AREA_STYLE ('',( #275 ) ) ;
#4291 = FACE_OUTER_BOUND ( 'NONE', #6190, .T. ) ;
#4292 = ORIENTED_EDGE ( 'NONE', *, *, #3172, .F. ) ;
#4293 = ORIENTED_EDGE ( 'NONE', *, *, #5132, .T. ) ;
#4294 = LINE ( 'NONE', #5125, #5858 ) ;
#4295 = COLOUR_RGB ( '',0.2862745098039215508, 0.2862745098039215508, 0.2862745098039215508 ) ;
#4296 = FILL_AREA_STYLE_COLOUR ( '', #8911 ) ;
#4297 = DIRECTION ( 'NONE',  ( 0.000000000000000000, 0.000000000000000000, -1.000000000000000000 ) ) ;
#4298 = ADVANCED_FACE ( 'NONE', ( #1066 ), #3766, .T. ) ;
#4299 = ADVANCED_FACE ( 'NONE', ( #2003 ), #8031, .F. ) ;
#4300 = DIRECTION ( 'NONE',  ( 0.000000000000000000, 0.000000000000000000, 1.000000000000000000 ) ) ;
#4301 = UNCERTAINTY_MEASURE_WITH_UNIT (LENGTH_MEASURE( 1.000000000000000082E-05 ), #53, 'distance_accuracy_value', 'NONE');
#4302 = DIRECTION ( 'NONE',  ( 0.000000000000000000, 0.000000000000000000, -1.000000000000000000 ) ) ;
#4303 =( GEOMETRIC_REPRESENTATION_CONTEXT ( 3 ) GLOBAL_UNCERTAINTY_ASSIGNED_CONTEXT ( ( #3541 ) ) GLOBAL_UNIT_ASSIGNED_CONTEXT ( ( #4094, #1572, #9406 ) ) REPRESENTATION_CONTEXT ( 'NONE', 'WORKASPACE' ) );
#4304 = CIRCLE ( 'NONE', #7536, 0.1050000000000000100 ) ;
#4305 = ORIENTED_EDGE ( 'NONE', *, *, #1152, .T. ) ;
#4306 = ORIENTED_EDGE ( 'NONE', *, *, #5377, .F. ) ;
#4307 = EDGE_CURVE ( 'NONE', #5208, #1220, #5013, .T. ) ;
#4308 = EDGE_CURVE ( 'NONE', #3658, #1047, #3551, .T. ) ;
#4309 = FILL_AREA_STYLE ('',( #341 ) ) ;
#4310 = CARTESIAN_POINT ( 'NONE',  ( 1.845189659078864342, 2.345189659078863897, 0.1278493596512553510 ) ) ;
#4311 = CARTESIAN_POINT ( 'NONE',  ( -0.2284999999999999809, 0.000000000000000000, 0.1000000000000003941 ) ) ;
#4312 = DIRECTION ( 'NONE',  ( 0.000000000000000000, -1.000000000000000000, 0.000000000000000000 ) ) ;
#4313 = B_SPLINE_CURVE_WITH_KNOTS ( 'NONE', 3,
 ( #5301, #6847, #3017, #6144, #5260, #6005, #1443, #6089 ),
 .UNSPECIFIED., .F., .F.,
 ( 4, 1, 1, 1, 1, 4 ),
 ( 0.4999999999999993339, 0.5555555555555553582, 0.6666666666666665186, 0.7777777777777776791, 0.8888888888888888395, 1.000000000000000000 ),
 .UNSPECIFIED. ) ;
#4314 = CIRCLE ( 'NONE', #6904, 0.2100000000000000200 ) ;
#4315 = PRESENTATION_LAYER_ASSIGNMENT (  '', '', ( #306 ) ) ;
#4316 = EDGE_LOOP ( 'NONE', ( #6298, #7734, #7154, #4957 ) ) ;
#4317 = DIRECTION ( 'NONE',  ( 1.000000000000000000, 0.000000000000000000, 0.000000000000000000 ) ) ;
#4318 = DIRECTION ( 'NONE',  ( 0.1039620511845010115, 0.1039620511844970424, -0.9891328443778536483 ) ) ;
#4319 = DIRECTION ( 'NONE',  ( -0.000000000000000000, 0.000000000000000000, -1.000000000000000000 ) ) ;
#4320 = CARTESIAN_POINT ( 'NONE',  ( 1.876672648650946629, 2.338986644132698522, 1.683610530369798131 ) ) ;
#4321 = DIRECTION ( 'NONE',  ( 1.000000000000000000, 0.000000000000000000, 0.000000000000000000 ) ) ;
#4322 = LINE ( 'NONE', #6806, #2209 ) ;
#4323 = VECTOR ( 'NONE', #1813, 1000.000000000000114 ) ;
#4324 = CARTESIAN_POINT ( 'NONE',  ( -1.949999403068539028, -2.370218527253807217, 0.8199943205765136689 ) ) ;
#4325 = AXIS2_PLACEMENT_3D ( 'NONE', #9815, #6138, #1395 ) ;
#4326 =( NAMED_UNIT ( * ) SI_UNIT ( $, .STERADIAN. ) SOLID_ANGLE_UNIT ( ) );
#4327 = VERTEX_POINT ( 'NONE', #9678 ) ;
#4328 =( NAMED_UNIT ( * ) PLANE_ANGLE_UNIT ( ) SI_UNIT ( $, .RADIAN. ) );
#4329 = AXIS2_PLACEMENT_3D ( 'NONE', #8455, #5438, #4457 ) ;
#4330 = ORIENTED_EDGE ( 'NONE', *, *, #6756, .F. ) ;
#4331 = DIRECTION ( 'NONE',  ( -0.000000000000000000, 1.000000000000000000, -0.000000000000000000 ) ) ;
#4332 = VERTEX_POINT ( 'NONE', #3603 ) ;
#4333 = AXIS2_PLACEMENT_3D ( 'NONE', #1436, #4519, #7598 ) ;
#4334 = DIRECTION ( 'NONE',  ( -0.06975647374412553836, 0.000000000000000000, -0.9975640502598243087 ) ) ;
#4335 = MECHANICAL_DESIGN_GEOMETRIC_PRESENTATION_REPRESENTATION (  '', ( #8722 ), #1781 ) ;
#4336 = EDGE_LOOP ( 'NONE', ( #7441, #7378, #2352, #5262 ) ) ;
#4337 = EDGE_CURVE ( 'NONE', #4125, #3267, #5730, .T. ) ;
#4338 = ORIENTED_EDGE ( 'NONE', *, *, #7898, .T. ) ;
#4339 = CARTESIAN_POINT ( 'NONE',  ( -1.508223993107981276, -2.338417127732529632, 1.731571982401932885 ) ) ;
#4340 = DIRECTION ( 'NONE',  ( -0.9945218953682734009, 0.000000000000000000, -0.1045284632676535680 ) ) ;
#4341 = AXIS2_PLACEMENT_3D ( 'NONE', #5284, #9104, #2024 ) ;
#4342 = CARTESIAN_POINT ( 'NONE',  ( -1.802292627064890018, 2.302292627064890240, 0.1800000000000013256 ) ) ;
#4343 = DIRECTION ( 'NONE',  ( -1.000000000000000000, -0.000000000000000000, -0.000000000000000000 ) ) ;
#4344 = MECHANICAL_DESIGN_GEOMETRIC_PRESENTATION_REPRESENTATION (  '', ( #4514 ), #9832 ) ;
#4345 = FILL_AREA_STYLE ('',( #9760 ) ) ;
#4346 = SURFACE_STYLE_USAGE ( .BOTH. , #8214 ) ;
#4347 = SURFACE_STYLE_FILL_AREA ( #9713 ) ;
#4348 = AXIS2_PLACEMENT_3D ( 'NONE', #6347, #7009, #97 ) ;
#4349 = ORIENTED_EDGE ( 'NONE', *, *, #5763, .T. ) ;
#4350 = EDGE_CURVE ( 'NONE', #9694, #1294, #855, .T. ) ;
#4351 = MECHANICAL_DESIGN_GEOMETRIC_PRESENTATION_REPRESENTATION (  '', ( #5353 ), #1937 ) ;
#4352 = SURFACE_STYLE_FILL_AREA ( #8221 ) ;
#4353 = MANIFOLD_SOLID_BREP ( 'Imported7', #6572 ) ;
#4354 = SURFACE_STYLE_USAGE ( .BOTH. , #1279 ) ;
#4355 = ORIENTED_EDGE ( 'NONE', *, *, #5741, .T. ) ;
#4356 = FILL_AREA_STYLE_COLOUR ( '', #2946 ) ;
#4357 = ORIENTED_EDGE ( 'NONE', *, *, #2190, .F. ) ;
#4358 = DIRECTION ( 'NONE',  ( -1.084202172485500095E-15, -1.000000000000000000, 0.000000000000000000 ) ) ;
#4359 = FILL_AREA_STYLE_COLOUR ( '', #3365 ) ;
#4360 = CIRCLE ( 'NONE', #26, 0.08000000000000004330 ) ;
#4361 =( GEOMETRIC_REPRESENTATION_CONTEXT ( 3 ) GLOBAL_UNCERTAINTY_ASSIGNED_CONTEXT ( ( #2074 ) ) GLOBAL_UNIT_ASSIGNED_CONTEXT ( ( #2460, #6225, #4088 ) ) REPRESENTATION_CONTEXT ( 'NONE', 'WORKASPACE' ) );
#4362 = DIRECTION ( 'NONE',  ( -0.000000000000000000, 0.000000000000000000, 1.000000000000000000 ) ) ;
#4363 = SURFACE_SIDE_STYLE ('',( #3487 ) ) ;
#4364 = UNCERTAINTY_MEASURE_WITH_UNIT (LENGTH_MEASURE( 1.000000000000000082E-05 ), #1707, 'distance_accuracy_value', 'NONE');
#4365 = MECHANICAL_DESIGN_GEOMETRIC_PRESENTATION_REPRESENTATION (  '', ( #6158 ), #5861 ) ;
#4366 = ADVANCED_FACE ( 'NONE', ( #5416 ), #1855, .T. ) ;
#4367 = EDGE_CURVE ( 'NONE', #4042, #9946, #7604, .T. ) ;
#4368 = COLOUR_RGB ( '',0.8313725490196077761, 0.8313725490196077761, 0.8313725490196077761 ) ;
#4369 = VERTEX_POINT ( 'NONE', #7514 ) ;
#4370 = PRESENTATION_LAYER_ASSIGNMENT (  '', '', ( #4210 ) ) ;
#4371 = STYLED_ITEM ( 'NONE', ( #686 ), #2892 ) ;
#4372 = CARTESIAN_POINT ( 'NONE',  ( 3.000000000000000444, -1.649999999999999689, 0.2105127985970459692 ) ) ;
#4373 = MANIFOLD_SOLID_BREP ( 'Imported6', #1409 ) ;
#4374 = SURFACE_STYLE_FILL_AREA ( #9532 ) ;
#4375 = VECTOR ( 'NONE', #5275, 1000.000000000000000 ) ;
#4376 = CIRCLE ( 'NONE', #39, 0.07999999999999998779 ) ;
#4377 = LINE ( 'NONE', #8429, #9089 ) ;
#4378 = LINE ( 'NONE', #6559, #7547 ) ;
#4379 = FILL_AREA_STYLE ('',( #7258 ) ) ;
#4380 = MECHANICAL_DESIGN_GEOMETRIC_PRESENTATION_REPRESENTATION (  '', ( #525 ), #5563 ) ;
#4381 = VECTOR ( 'NONE', #6166, 1000.000000000000000 ) ;
#4382 = VECTOR ( 'NONE', #4132, 1000.000000000000227 ) ;
#4383 = DIRECTION ( 'NONE',  ( -0.000000000000000000, -0.000000000000000000, 1.000000000000000000 ) ) ;
#4384 = ADVANCED_FACE ( 'NONE', ( #9170 ), #7558, .F. ) ;
#4385 = FILL_AREA_STYLE_COLOUR ( '', #516 ) ;
#4386 = AXIS2_PLACEMENT_3D ( 'NONE', #1691, #9461, #4791 ) ;
#4387 = CARTESIAN_POINT ( 'NONE',  ( -2.005945153285420446, 0.3800000000000000044, 0.7150000000000019673 ) ) ;
#4388 = CARTESIAN_POINT ( 'NONE',  ( -2.346432839248830060, 1.905000000000000027, 0.04570186794230110539 ) ) ;
#4389 =( NAMED_UNIT ( * ) PLANE_ANGLE_UNIT ( ) SI_UNIT ( $, .RADIAN. ) );
#4390 = STYLED_ITEM ( 'NONE', ( #4590 ), #4384 ) ;
#4391 = FILL_AREA_STYLE ('',( #572 ) ) ;
#4392 = DIRECTION ( 'NONE',  ( 0.000000000000000000, 2.168404344971008552E-14, 1.000000000000000000 ) ) ;
#4393 = MECHANICAL_DESIGN_GEOMETRIC_PRESENTATION_REPRESENTATION (  '', ( #6333 ), #3712 ) ;
#4394 = CARTESIAN_POINT ( 'NONE',  ( -1.880153323855736192, 2.413009090282793867, 1.389229417788816479 ) ) ;
#4395 = CARTESIAN_POINT ( 'NONE',  ( 2.458105539086119951, 2.160000000000000142, 0.3536621499571240279 ) ) ;
#4396 = LINE ( 'NONE', #9893, #4215 ) ;
#4397 = PRESENTATION_LAYER_ASSIGNMENT (  '', '', ( #1491 ) ) ;
#4398 = ORIENTED_EDGE ( 'NONE', *, *, #5996, .F. ) ;
#4399 = DIRECTION ( 'NONE',  ( 0.08452546101100089082, 0.000000000000000000, 0.9964213197442524095 ) ) ;
#4400 = PRESENTATION_LAYER_ASSIGNMENT (  '', '', ( #4236 ) ) ;
#4401 =( GEOMETRIC_REPRESENTATION_CONTEXT ( 3 ) GLOBAL_UNCERTAINTY_ASSIGNED_CONTEXT ( ( #2513 ) ) GLOBAL_UNIT_ASSIGNED_CONTEXT ( ( #2885, #2147, #3692 ) ) REPRESENTATION_CONTEXT ( 'NONE', 'WORKASPACE' ) );
#4402 = STYLED_ITEM ( 'NONE', ( #5529 ), #3542 ) ;
#4403 = ORIENTED_EDGE ( 'NONE', *, *, #6616, .T. ) ;
#4404 =( NAMED_UNIT ( * ) SI_UNIT ( $, .STERADIAN. ) SOLID_ANGLE_UNIT ( ) );
#4405 =( NAMED_UNIT ( * ) SI_UNIT ( $, .STERADIAN. ) SOLID_ANGLE_UNIT ( ) );
#4406 = ORIENTED_EDGE ( 'NONE', *, *, #2686, .T. ) ;
#4407 = SURFACE_SIDE_STYLE ('',( #7430 ) ) ;
#4408 = PRESENTATION_LAYER_ASSIGNMENT (  '', '', ( #9249 ) ) ;
#4409 = FILL_AREA_STYLE ('',( #1330 ) ) ;
#4410 =( NAMED_UNIT ( * ) SI_UNIT ( $, .STERADIAN. ) SOLID_ANGLE_UNIT ( ) );
#4411 = DIRECTION ( 'NONE',  ( 0.000000000000000000, 0.000000000000000000, -1.000000000000000000 ) ) ;
#4412 = EDGE_CURVE ( 'NONE', #9593, #6881, #4740, .T. ) ;
#4413 = UNCERTAINTY_MEASURE_WITH_UNIT (LENGTH_MEASURE( 1.000000000000000082E-05 ), #6745, 'distance_accuracy_value', 'NONE');
#4414 = CARTESIAN_POINT ( 'NONE',  ( 2.376389666031580195, 1.905000000000000027, 0.07473362777057840356 ) ) ;
#4415 =( GEOMETRIC_REPRESENTATION_CONTEXT ( 3 ) GLOBAL_UNCERTAINTY_ASSIGNED_CONTEXT ( ( #3159 ) ) GLOBAL_UNIT_ASSIGNED_CONTEXT ( ( #8870, #2767, #5896 ) ) REPRESENTATION_CONTEXT ( 'NONE', 'WORKASPACE' ) );
#4416 = EDGE_LOOP ( 'NONE', ( #4786, #4403, #3310, #477, #6554, #6114, #9572, #127, #8496, #8152, #9496, #4292 ) ) ;
#4417 = DIRECTION ( 'NONE',  ( 0.6691306063588580155, 0.000000000000000000, -0.7431448254773942441 ) ) ;
#4418 = PRESENTATION_LAYER_ASSIGNMENT (  '', '', ( #7974 ) ) ;
#4419 = ORIENTED_EDGE ( 'NONE', *, *, #3439, .T. ) ;
#4420 =( LENGTH_UNIT ( ) NAMED_UNIT ( * ) SI_UNIT ( .MILLI., .METRE. ) );
#4421 = ORIENTED_EDGE ( 'NONE', *, *, #5829, .F. ) ;
#4422 = FILL_AREA_STYLE_COLOUR ( '', #2379 ) ;
#4423 = SHAPE_DEFINITION_REPRESENTATION ( #5723, #5575 ) ;
#4424 = CARTESIAN_POINT ( 'NONE',  ( -0.2285000000000000364, 0.000000000000000000, 0.1000000000000010464 ) ) ;
#4425 = FACE_OUTER_BOUND ( 'NONE', #7966, .T. ) ;
#4426 = MECHANICAL_DESIGN_GEOMETRIC_PRESENTATION_REPRESENTATION (  '', ( #1997 ), #6203 ) ;
#4427 = EDGE_CURVE ( 'NONE', #7227, #1161, #4010, .T. ) ;
#4428 = CARTESIAN_POINT ( 'NONE',  ( -1.189405335455050006, -0.8900000000000000133, 0.7114753820237430526 ) ) ;
#4429 = VECTOR ( 'NONE', #7885, 1000.000000000000000 ) ;
#4430 = PLANE ( 'NONE',  #937 ) ;
#4431 = STYLED_ITEM ( 'NONE', ( #1154 ), #7656 ) ;
#4432 = CARTESIAN_POINT ( 'NONE',  ( 1.807731438172853089, -2.388693427578350459, 0.1328221854291385395 ) ) ;
#4433 = ORIENTED_EDGE ( 'NONE', *, *, #1680, .F. ) ;
#4434 = STYLED_ITEM ( 'NONE', ( #6809 ), #5425 ) ;
#4435 = DIRECTION ( 'NONE',  ( -0.9975640502598241977, -0.000000000000000000, -0.06975647374412552448 ) ) ;
#4436 = CARTESIAN_POINT ( 'NONE',  ( 2.102415215385780023, 1.649999999999999911, 1.030000000000000471 ) ) ;
#4437 = LINE ( 'NONE', #7612, #7583 ) ;
#4438 = EDGE_CURVE ( 'NONE', #4129, #7806, #7867, .T. ) ;
#4439 = DIRECTION ( 'NONE',  ( 0.000000000000000000, 0.000000000000000000, 1.000000000000000000 ) ) ;
#4440 = ADVANCED_FACE ( 'NONE', ( #2378 ), #7763, .T. ) ;
#4441 = DIRECTION ( 'NONE',  ( 0.000000000000000000, 1.000000000000000000, 0.000000000000000000 ) ) ;
#4442 = CARTESIAN_POINT ( 'NONE',  ( -2.005945153285420446, -1.905000000000000027, 0.8200000000000011724 ) ) ;
#4443 = CARTESIAN_POINT ( 'NONE',  ( -2.353481300512973551, -0.6350000000000000089, 0.3447869765509682938 ) ) ;
#4444 =( LENGTH_UNIT ( ) NAMED_UNIT ( * ) SI_UNIT ( .MILLI., .METRE. ) );
#4445 = DIRECTION ( 'NONE',  ( 0.000000000000000000, 0.000000000000000000, -1.000000000000000000 ) ) ;
#4446 = FILL_AREA_STYLE_COLOUR ( '', #6365 ) ;
#4447 = ORIENTED_EDGE ( 'NONE', *, *, #1173, .T. ) ;
#4448 = LINE ( 'NONE', #2945, #4381 ) ;
#4449 = PRESENTATION_STYLE_ASSIGNMENT (( #8306 ) ) ;
#4450 =( NAMED_UNIT ( * ) PLANE_ANGLE_UNIT ( ) SI_UNIT ( $, .RADIAN. ) );
#4451 = SURFACE_SIDE_STYLE ('',( #6864 ) ) ;
#4452 = EDGE_LOOP ( 'NONE', ( #526, #1952, #8602, #3412 ) ) ;
#4453 = DIRECTION ( 'NONE',  ( 0.000000000000000000, 0.000000000000000000, 1.000000000000000000 ) ) ;
#4454 = SURFACE_STYLE_FILL_AREA ( #585 ) ;
#4455 = CARTESIAN_POINT ( 'NONE',  ( -1.802292627064890018, 2.302292627064889796, 0.1800000000000009925 ) ) ;
#4456 = DIRECTION ( 'NONE',  ( 1.000000000000000000, 0.000000000000000000, 0.000000000000000000 ) ) ;
#4457 = DIRECTION ( 'NONE',  ( 0.000000000000000000, 0.000000000000000000, 1.000000000000000000 ) ) ;
#4458 = SURFACE_SIDE_STYLE ('',( #7487 ) ) ;
#4459 = DIRECTION ( 'NONE',  ( 0.000000000000000000, 1.000000000000000000, -0.000000000000000000 ) ) ;
#4460 = FILL_AREA_STYLE ('',( #483 ) ) ;
#4461 = ORIENTED_EDGE ( 'NONE', *, *, #4288, .T. ) ;
#4462 = DIRECTION ( 'NONE',  ( 0.000000000000000000, 1.000000000000000000, 0.000000000000000000 ) ) ;
#4463 = MANIFOLD_SOLID_BREP ( 'Imported8', #5136 ) ;
#4464 = ORIENTED_EDGE ( 'NONE', *, *, #8225, .T. ) ;
#4465 = PRODUCT_DEFINITION ( 'UNKNOWN', '', #4793, #4161 ) ;
#4466 = VERTEX_POINT ( 'NONE', #6947 ) ;
#4467 = LINE ( 'NONE', #597, #7306 ) ;
#4468 = SURFACE_STYLE_FILL_AREA ( #5254 ) ;
#4469 = DIRECTION ( 'NONE',  ( -0.1039620511844980000, 0.1039620511844980000, -0.9891328443778539814 ) ) ;
#4470 = PRESENTATION_LAYER_ASSIGNMENT (  '', '', ( #3148 ) ) ;
#4471 =( LENGTH_UNIT ( ) NAMED_UNIT ( * ) SI_UNIT ( .MILLI., .METRE. ) );
#4472 = UNCERTAINTY_MEASURE_WITH_UNIT (LENGTH_MEASURE( 1.000000000000000082E-05 ), #8329, 'distance_accuracy_value', 'NONE');
#4473 = CARTESIAN_POINT ( 'NONE',  ( 1.870000000000000107, 2.370000000000000107, 1.337499999999999911 ) ) ;
#4474 = FILL_AREA_STYLE_COLOUR ( '', #367 ) ;
#4475 = EDGE_CURVE ( 'NONE', #7072, #257, #62, .T. ) ;
#4477 = VERTEX_POINT ( 'NONE', #5769 ) ;
#4476 = VECTOR ( 'NONE', #8645, 1000.000000000000000 ) ;
#4478 = STYLED_ITEM ( 'NONE', ( #6911 ), #169 ) ;
#4479 = SURFACE_STYLE_USAGE ( .BOTH. , #1404 ) ;
#4480 = FILL_AREA_STYLE ('',( #3691 ) ) ;
#4481 =( NAMED_UNIT ( * ) SI_UNIT ( $, .STERADIAN. ) SOLID_ANGLE_UNIT ( ) );
#4482 =( NAMED_UNIT ( * ) PLANE_ANGLE_UNIT ( ) SI_UNIT ( $, .RADIAN. ) );
#4483 = AXIS2_PLACEMENT_3D ( 'NONE', #7474, #8907, #5079 ) ;
#4484 = CARTESIAN_POINT ( 'NONE',  ( -1.189405335455050006, -0.6350000000000000089, 0.8200000000000009504 ) ) ;
#4485 = VECTOR ( 'NONE', #3717, 1000.000000000000000 ) ;
#4486 = ADVANCED_FACE ( 'NONE', ( #5720 ), #5052, .F. ) ;
#4487 =( GEOMETRIC_REPRESENTATION_CONTEXT ( 3 ) GLOBAL_UNCERTAINTY_ASSIGNED_CONTEXT ( ( #6434 ) ) GLOBAL_UNIT_ASSIGNED_CONTEXT ( ( #1499, #2240, #7819 ) ) REPRESENTATION_CONTEXT ( 'NONE', 'WORKASPACE' ) );
#4488 = CARTESIAN_POINT ( 'NONE',  ( 2.005945153285420446, -0.3800000000000000044, 0.7150000000000019673 ) ) ;
#4489 = SURFACE_STYLE_FILL_AREA ( #6861 ) ;
#4490 = DIRECTION ( 'NONE',  ( 0.000000000000000000, 0.000000000000000000, 1.000000000000000000 ) ) ;
#4491 = CARTESIAN_POINT ( 'NONE',  ( 3.000000000000000444, 2.160000000000000142, 1.129377263005733721E-18 ) ) ;
#4492 = CIRCLE ( 'NONE', #4000, 0.1000000000000000472 ) ;
#4493 = CARTESIAN_POINT ( 'NONE',  ( 1.145000000000000018, -1.044999999999999929, 0.1000000000000010048 ) ) ;
#4494 = VERTEX_POINT ( 'NONE', #7241 ) ;
#4495 = CARTESIAN_POINT ( 'NONE',  ( -1.145000000000000018, 1.145000000000000018, 0.1000000000000010048 ) ) ;
#4496 = VERTEX_POINT ( 'NONE', #1056 ) ;
#4497 = EDGE_CURVE ( 'NONE', #2066, #1604, #3484, .T. ) ;
#4498 = EDGE_CURVE ( 'NONE', #8605, #488, #4269, .T. ) ;
#4499 = ORIENTED_EDGE ( 'NONE', *, *, #9774, .T. ) ;
#4500 = SURFACE_SIDE_STYLE ('',( #5330 ) ) ;
#4501 =( NAMED_UNIT ( * ) SI_UNIT ( $, .STERADIAN. ) SOLID_ANGLE_UNIT ( ) );
#4502 = SURFACE_STYLE_USAGE ( .BOTH. , #1423 ) ;
#4503 = CARTESIAN_POINT ( 'NONE',  ( -2.151833221588800082, 0.3800000000000000044, 0.2374399716845529973 ) ) ;
#4504 = CIRCLE ( 'NONE', #164, 0.2100000000000000200 ) ;
#4505 = SURFACE_STYLE_FILL_AREA ( #1526 ) ;
#4506 = SURFACE_STYLE_FILL_AREA ( #3585 ) ;
#4507 =( LENGTH_UNIT ( ) NAMED_UNIT ( * ) SI_UNIT ( .MILLI., .METRE. ) );
#4508 = DIRECTION ( 'NONE',  ( 0.000000000000000000, -1.000000000000000000, 0.000000000000000000 ) ) ;
#4509 = UNCERTAINTY_MEASURE_WITH_UNIT (LENGTH_MEASURE( 1.000000000000000082E-05 ), #115, 'distance_accuracy_value', 'NONE');
#4510 = DIRECTION ( 'NONE',  ( -0.9964213197442519654, 0.000000000000000000, -0.08452546101100759379 ) ) ;
#4511 = ORIENTED_EDGE ( 'NONE', *, *, #5259, .F. ) ;
#4512 = CIRCLE ( 'NONE', #7091, 0.1000000000000000472 ) ;
#4513 = EDGE_CURVE ( 'NONE', #1531, #6929, #5099, .T. ) ;
#4514 = STYLED_ITEM ( 'NONE', ( #7997 ), #7967 ) ;
#4515 = ORIENTED_EDGE ( 'NONE', *, *, #5815, .F. ) ;
#4516 = FACE_OUTER_BOUND ( 'NONE', #9471, .T. ) ;
#4517 = ORIENTED_EDGE ( 'NONE', *, *, #5523, .F. ) ;
#4518 =( NAMED_UNIT ( * ) SI_UNIT ( $, .STERADIAN. ) SOLID_ANGLE_UNIT ( ) );
#4519 = DIRECTION ( 'NONE',  ( -0.000000000000000000, 1.000000000000000000, -0.000000000000000000 ) ) ;
#4520 = APPLICATION_PROTOCOL_DEFINITION ( 'draft international standard', 'automotive_design', 1998, #6350 ) ;
#4521 = SURFACE_STYLE_USAGE ( .BOTH. , #7446 ) ;
#4522 = PRESENTATION_STYLE_ASSIGNMENT (( #1439 ) ) ;
#4523 = SURFACE_STYLE_USAGE ( .BOTH. , #9772 ) ;
#4524 =( GEOMETRIC_REPRESENTATION_CONTEXT ( 3 ) GLOBAL_UNCERTAINTY_ASSIGNED_CONTEXT ( ( #1348 ) ) GLOBAL_UNIT_ASSIGNED_CONTEXT ( ( #3458, #3413, #1915 ) ) REPRESENTATION_CONTEXT ( 'NONE', 'WORKASPACE' ) );
#4525 = PRESENTATION_LAYER_ASSIGNMENT (  '', '', ( #2569 ) ) ;
#4526 = DIRECTION ( 'NONE',  ( -0.5362129001746815948, -0.5362129001746815948, -0.6518830043593051293 ) ) ;
#4527 = ORIENTED_EDGE ( 'NONE', *, *, #6054, .T. ) ;
#4528 = VECTOR ( 'NONE', #4462, 1000.000000000000000 ) ;
#4529 = CARTESIAN_POINT ( 'NONE',  ( 1.843428520399613024, 2.421364504079357882, 0.2068049131876601165 ) ) ;
#4530 = VECTOR ( 'NONE', #6387, 1000.000000000000000 ) ;
#4531 = FILL_AREA_STYLE ('',( #9230 ) ) ;
#4532 = AXIS2_PLACEMENT_3D ( 'NONE', #1332, #4508, #4411 ) ;
#4533 = EDGE_CURVE ( 'NONE', #5412, #8793, #7798, .T. ) ;
#4534 = CARTESIAN_POINT ( 'NONE',  ( 1.845189659078864342, -2.345189659078863897, 0.1278493596512560171 ) ) ;
#4535 = AXIS2_PLACEMENT_3D ( 'NONE', #9339, #6325, #5483 ) ;
#4536 = FILL_AREA_STYLE_COLOUR ( '', #6212 ) ;
#4537 = DIRECTION ( 'NONE',  ( 0.000000000000000000, -0.000000000000000000, -1.000000000000000000 ) ) ;
#4538 = EDGE_LOOP ( 'NONE', ( #6612, #3502, #233, #8198 ) ) ;
#4539 = VECTOR ( 'NONE', #2708, 1000.000000000000000 ) ;
#4540 = DIRECTION ( 'NONE',  ( 0.000000000000000000, -1.000000000000000000, -0.000000000000000000 ) ) ;
#4541 = VECTOR ( 'NONE', #3040, 1000.000000000000227 ) ;
#4542 = DIRECTION ( 'NONE',  ( -0.000000000000000000, -0.000000000000000000, 1.000000000000000000 ) ) ;
#4543 = CIRCLE ( 'NONE', #202, 0.08000000000000000167 ) ;
#4544 = CARTESIAN_POINT ( 'NONE',  ( 2.102415215385780023, -1.905000000000000027, 0.8200000000000009504 ) ) ;
#4545 = CIRCLE ( 'NONE', #9378, 0.1050000000000000655 ) ;
#4546 = CARTESIAN_POINT ( 'NONE',  ( 2.295355339586480081, -0.6350000000000000089, 1.030000000000000027 ) ) ;
#4547 = EDGE_CURVE ( 'NONE', #7785, #8974, #448, .T. ) ;
#4548 = ORIENTED_EDGE ( 'NONE', *, *, #5504, .F. ) ;
#4549 = DIRECTION ( 'NONE',  ( 0.000000000000000000, 1.000000000000000000, 0.000000000000000000 ) ) ;
#4550 =( GEOMETRIC_REPRESENTATION_CONTEXT ( 3 ) GLOBAL_UNCERTAINTY_ASSIGNED_CONTEXT ( ( #6738 ) ) GLOBAL_UNIT_ASSIGNED_CONTEXT ( ( #2595, #6449, #9579 ) ) REPRESENTATION_CONTEXT ( 'NONE', 'WORKASPACE' ) );
#4551 = EDGE_LOOP ( 'NONE', ( #6381, #9221, #1277, #4068, #1547 ) ) ;
#4552 = AXIS2_PLACEMENT_3D ( 'NONE', #5169, #8252, #6567 ) ;
#4553 = MECHANICAL_DESIGN_GEOMETRIC_PRESENTATION_REPRESENTATION (  '', ( #2430 ), #3720 ) ;
#4554 = ORIENTED_EDGE ( 'NONE', *, *, #5277, .F. ) ;
#4555 = PLANE ( 'NONE',  #9703 ) ;
#4556 =( NAMED_UNIT ( * ) PLANE_ANGLE_UNIT ( ) SI_UNIT ( $, .RADIAN. ) );
#4557 = PLANE ( 'NONE',  #9222 ) ;
#4558 = MECHANICAL_DESIGN_GEOMETRIC_PRESENTATION_REPRESENTATION (  '', ( #533 ), #2440 ) ;
#4559 = DIRECTION ( 'NONE',  ( 0.000000000000000000, -0.000000000000000000, 1.000000000000000000 ) ) ;
#4560 = FILL_AREA_STYLE_COLOUR ( '', #4051 ) ;
#4561 = LINE ( 'NONE', #775, #1749 ) ;
#4562 = PRESENTATION_STYLE_ASSIGNMENT (( #8409 ) ) ;
#4563 = EDGE_CURVE ( 'NONE', #3327, #6926, #8182, .T. ) ;
#4564 = EDGE_CURVE ( 'NONE', #3991, #6091, #8973, .T. ) ;
#4565 = STYLED_ITEM ( 'NONE', ( #4764 ), #4298 ) ;
#4566 = CARTESIAN_POINT ( 'NONE',  ( -1.912619368012799193, -2.385428869305000088, 1.370653563399357289 ) ) ;
#4567 = STYLED_ITEM ( 'NONE', ( #559 ), #3650 ) ;
#4568 = UNCERTAINTY_MEASURE_WITH_UNIT (LENGTH_MEASURE( 1.000000000000000082E-05 ), #4884, 'distance_accuracy_value', 'NONE');
#4569 = DIRECTION ( 'NONE',  ( 0.000000000000000000, 1.000000000000000000, 0.000000000000000000 ) ) ;
#4570 = ORIENTED_EDGE ( 'NONE', *, *, #3116, .F. ) ;
#4571 = CARTESIAN_POINT ( 'NONE',  ( -3.000000000000000000, -1.905000000000000027, 1.965116437629976787E-16 ) ) ;
#4572 = EDGE_LOOP ( 'NONE', ( #8280, #9262, #3915, #8027, #4237, #8203, #9907, #7756, #9632, #6371, #8822, #3461 ) ) ;
#4573 = ORIENTED_EDGE ( 'NONE', *, *, #4620, .T. ) ;
#4574 = VECTOR ( 'NONE', #3437, 1000.000000000000000 ) ;
#4575 =( NAMED_UNIT ( * ) PLANE_ANGLE_UNIT ( ) SI_UNIT ( $, .RADIAN. ) );
#4576 = SURFACE_SIDE_STYLE ('',( #6050 ) ) ;
#4577 = DIRECTION ( 'NONE',  ( 0.000000000000000000, 0.000000000000000000, 1.000000000000000000 ) ) ;
#4578 = FILL_AREA_STYLE_COLOUR ( '', #504 ) ;
#4579 = EDGE_CURVE ( 'NONE', #3327, #9886, #9574, .T. ) ;
#4580 = AXIS2_PLACEMENT_3D ( 'NONE', #9965, #4439, #6805 ) ;
#4581 = UNCERTAINTY_MEASURE_WITH_UNIT (LENGTH_MEASURE( 1.000000000000000082E-05 ), #2001, 'distance_accuracy_value', 'NONE');
#4582 = MECHANICAL_DESIGN_GEOMETRIC_PRESENTATION_REPRESENTATION (  '', ( #2455 ), #4926 ) ;
#4583 = LINE ( 'NONE', #3898, #897 ) ;
#4584 = DIRECTION ( 'NONE',  ( -0.000000000000000000, 1.000000000000000000, 0.000000000000000000 ) ) ;
#4585 = SURFACE_STYLE_USAGE ( .BOTH. , #2051 ) ;
#4586 = ORIENTED_EDGE ( 'NONE', *, *, #7344, .T. ) ;
#4587 = CARTESIAN_POINT ( 'NONE',  ( -1.468615827805881180, 2.302292627064887576, 1.669999999999998153 ) ) ;
#4588 = CIRCLE ( 'NONE', #3596, 0.1050000000000000655 ) ;
#4589 = PRESENTATION_STYLE_ASSIGNMENT (( #7557 ) ) ;
#4590 = PRESENTATION_STYLE_ASSIGNMENT (( #1501 ) ) ;
#4591 = SURFACE_STYLE_USAGE ( .BOTH. , #9171 ) ;
#4592 = UNCERTAINTY_MEASURE_WITH_UNIT (LENGTH_MEASURE( 1.000000000000000082E-05 ), #4799, 'distance_accuracy_value', 'NONE');
#4593 = DIRECTION ( 'NONE',  ( 0.000000000000000000, -0.000000000000000000, 1.000000000000000000 ) ) ;
#4594 = DIRECTION ( 'NONE',  ( -3.040008243693350015E-16, 0.000000000000000000, -1.000000000000000000 ) ) ;
#4595 = DIRECTION ( 'NONE',  ( 0.06975647374412553836, 0.000000000000000000, 0.9975640502598243087 ) ) ;
#4596 = VERTEX_POINT ( 'NONE', #6548 ) ;
#4597 =( LENGTH_UNIT ( ) NAMED_UNIT ( * ) SI_UNIT ( .MILLI., .METRE. ) );
#4598 = SURFACE_SIDE_STYLE ('',( #5971 ) ) ;
#4599 = CARTESIAN_POINT ( 'NONE',  ( 0.1284999999999999754, -1.500999999999999890, 0.1000000000000010048 ) ) ;
#4600 = DIRECTION ( 'NONE',  ( 0.000000000000000000, 0.1045284632676530545, 0.9945218953682735119 ) ) ;
#4601 = CIRCLE ( 'NONE', #5263, 0.08000000000000004330 ) ;
#4602 = DIRECTION ( 'NONE',  ( 0.000000000000000000, 1.000000000000000000, 0.000000000000000000 ) ) ;
#4603 = ORIENTED_EDGE ( 'NONE', *, *, #2313, .F. ) ;
#4604 = SURFACE_STYLE_FILL_AREA ( #1519 ) ;
#4605 = ORIENTED_EDGE ( 'NONE', *, *, #7137, .F. ) ;
#4606 = EDGE_LOOP ( 'NONE', ( #5302, #4028, #5365, #9449 ) ) ;
#4607 = CARTESIAN_POINT ( 'NONE',  ( -1.044999999999999929, -1.044999999999999929, 0.1000000000000010048 ) ) ;
#4608 = EDGE_CURVE ( 'NONE', #9149, #5208, #9952, .T. ) ;
#4609 = PRESENTATION_STYLE_ASSIGNMENT (( #2308 ) ) ;
#4610 = DIRECTION ( 'NONE',  ( -0.000000000000000000, -1.000000000000000000, -0.000000000000000000 ) ) ;
#4611 = APPLICATION_CONTEXT ( 'automotive_design' ) ;
#4612 = SURFACE_STYLE_USAGE ( .BOTH. , #7585 ) ;
#4613 = DIRECTION ( 'NONE',  ( -1.779203565104420086E-16, 0.000000000000000000, -1.000000000000000000 ) ) ;
#4614 = DIRECTION ( 'NONE',  ( -0.000000000000000000, 1.000000000000000000, -0.000000000000000000 ) ) ;
#4615 = DIRECTION ( 'NONE',  ( -0.000000000000000000, -1.000000000000000000, -0.000000000000000000 ) ) ;
#4616 = DIRECTION ( 'NONE',  ( -0.1039620511844979861, 0.1039620511844979861, 0.9891328443778538704 ) ) ;
#4617 = VERTEX_POINT ( 'NONE', #3013 ) ;
#4618 = DIRECTION ( 'NONE',  ( -0.000000000000000000, -0.000000000000000000, -1.000000000000000000 ) ) ;
#4619 = ORIENTED_EDGE ( 'NONE', *, *, #71, .F. ) ;
#4620 = EDGE_CURVE ( 'NONE', #1235, #265, #9159, .T. ) ;
#4621 = ORIENTED_EDGE ( 'NONE', *, *, #9464, .F. ) ;
#4622 = EDGE_CURVE ( 'NONE', #172, #7216, #4467, .T. ) ;
#4623 = SURFACE_STYLE_USAGE ( .BOTH. , #3727 ) ;
#4624 = CARTESIAN_POINT ( 'NONE',  ( -2.110569391858568622, 0.3800000000000000044, 0.7238751734061575904 ) ) ;
#4625 =( LENGTH_UNIT ( ) NAMED_UNIT ( * ) SI_UNIT ( .MILLI., .METRE. ) );
#4626 =( NAMED_UNIT ( * ) PLANE_ANGLE_UNIT ( ) SI_UNIT ( $, .RADIAN. ) );
#4627 = PRESENTATION_STYLE_ASSIGNMENT (( #3079 ) ) ;
#4628 = ADVANCED_FACE ( 'NONE', ( #2229 ), #9911, .F. ) ;
#4629 = EDGE_LOOP ( 'NONE', ( #6588, #6279, #2615, #8077 ) ) ;
#4630 = ADVANCED_FACE ( 'NONE', ( #5953 ), #742, .T. ) ;
#4631 = DIRECTION ( 'NONE',  ( 0.000000000000000000, 0.000000000000000000, 1.000000000000000000 ) ) ;
#4632 = SURFACE_STYLE_USAGE ( .BOTH. , #9917 ) ;
#4633 = COLOUR_RGB ( '',0.8313725490196077761, 0.8313725490196077761, 0.8313725490196077761 ) ;
#4634 = FILL_AREA_STYLE_COLOUR ( '', #1077 ) ;
#4635 = ORIENTED_EDGE ( 'NONE', *, *, #7037, .F. ) ;
#4636 =( NAMED_UNIT ( * ) PLANE_ANGLE_UNIT ( ) SI_UNIT ( $, .RADIAN. ) );
#4637 = CARTESIAN_POINT ( 'NONE',  ( 0.2285000000000000364, -1.145000000000000018, 0.3000000000000009881 ) ) ;
#4638 = FILL_AREA_STYLE ('',( #1602 ) ) ;
#4639 = AXIS2_PLACEMENT_3D ( 'NONE', #8615, #7132, #2315 ) ;
#4640 = FILL_AREA_STYLE ('',( #9921 ) ) ;
#4641 = ORIENTED_EDGE ( 'NONE', *, *, #3624, .T. ) ;
#4642 = EDGE_CURVE ( 'NONE', #3431, #5435, #2871, .T. ) ;
#4643 = CARTESIAN_POINT ( 'NONE',  ( 1.802292627064880026, 2.381854378694351571, 1.678362277061410390 ) ) ;
#4644 = LINE ( 'NONE', #9889, #6177 ) ;
#4645 = CYLINDRICAL_SURFACE ( 'NONE', #4887, 0.2100000000000000200 ) ;
#4646 = DIRECTION ( 'NONE',  ( 0.6691306063588580155, 0.000000000000000000, -0.7431448254773942441 ) ) ;
#4647 = CARTESIAN_POINT ( 'NONE',  ( -1.950000000000000178, 2.370000000000000107, 0.5125000000000010658 ) ) ;
#4648 = ORIENTED_EDGE ( 'NONE', *, *, #4812, .T. ) ;
#4649 = PRESENTATION_STYLE_ASSIGNMENT (( #3045 ) ) ;
#4650 = CARTESIAN_POINT ( 'NONE',  ( 1.802292627064890018, 2.302292627064889796, 0.1799999999999999378 ) ) ;
#4651 = ORIENTED_EDGE ( 'NONE', *, *, #8520, .T. ) ;
#4652 = AXIS2_PLACEMENT_3D ( 'NONE', #3549, #6659, #5154 ) ;
#4653 = MECHANICAL_DESIGN_GEOMETRIC_PRESENTATION_REPRESENTATION (  '', ( #1257 ), #2997 ) ;
#4654 = COLOUR_RGB ( '',0.2862745098039215508, 0.2862745098039215508, 0.2862745098039215508 ) ;
#4655 = ORIENTED_EDGE ( 'NONE', *, *, #9247, .F. ) ;
#4656 = CARTESIAN_POINT ( 'NONE',  ( -2.311663692532074599, -1.905000000000000027, 0.8377503468123133068 ) ) ;
#4657 = DIRECTION ( 'NONE',  ( 1.000000000000000000, 0.000000000000000000, 0.000000000000000000 ) ) ;
#4658 =( LENGTH_UNIT ( ) NAMED_UNIT ( * ) SI_UNIT ( .MILLI., .METRE. ) );
#4659 = VERTEX_POINT ( 'NONE', #2134 ) ;
#4660 = DIRECTION ( 'NONE',  ( -0.000000000000000000, -1.000000000000000000, -0.000000000000000000 ) ) ;
#4661 = CARTESIAN_POINT ( 'NONE',  ( -0.2285000000000000364, 1.401000000000000023, 0.3000000000000009881 ) ) ;
#4662 = FILL_AREA_STYLE ('',( #1682 ) ) ;
#4663 = VECTOR ( 'NONE', #1354, 1000.000000000000114 ) ;
#4664 = SURFACE_STYLE_FILL_AREA ( #6835 ) ;
#4665 = UNCERTAINTY_MEASURE_WITH_UNIT (LENGTH_MEASURE( 1.000000000000000082E-05 ), #6063, 'distance_accuracy_value', 'NONE');
#4666 = EDGE_CURVE ( 'NONE', #8832, #7729, #8328, .T. ) ;
#4667 = AXIS2_PLACEMENT_3D ( 'NONE', #5941, #8735, #1846 ) ;
#4668 = EDGE_LOOP ( 'NONE', ( #3621, #7849, #1861, #214 ) ) ;
#4669 = CYLINDRICAL_SURFACE ( 'NONE', #6640, 0.1000000000000000194 ) ;
#4670 = VERTEX_POINT ( 'NONE', #3681 ) ;
#4671 =( LENGTH_UNIT ( ) NAMED_UNIT ( * ) SI_UNIT ( .MILLI., .METRE. ) );
#4673 = ORIENTED_EDGE ( 'NONE', *, *, #9049, .T. ) ;
#4672 = COLOUR_RGB ( '',0.2862745098039215508, 0.2862745098039215508, 0.2862745098039215508 ) ;
#4674 = PRESENTATION_STYLE_ASSIGNMENT (( #4623 ) ) ;
#4675 =( GEOMETRIC_REPRESENTATION_CONTEXT ( 3 ) GLOBAL_UNCERTAINTY_ASSIGNED_CONTEXT ( ( #3136 ) ) GLOBAL_UNIT_ASSIGNED_CONTEXT ( ( #1568, #7737, #2215 ) ) REPRESENTATION_CONTEXT ( 'NONE', 'WORKASPACE' ) );
#4676 = UNCERTAINTY_MEASURE_WITH_UNIT (LENGTH_MEASURE( 1.000000000000000082E-05 ), #7230, 'distance_accuracy_value', 'NONE');
#4677 = EDGE_CURVE ( 'NONE', #3635, #8067, #787, .T. ) ;
#4678 = VECTOR ( 'NONE', #741, 1000.000000000000000 ) ;
#4679 =( LENGTH_UNIT ( ) NAMED_UNIT ( * ) SI_UNIT ( .MILLI., .METRE. ) );
#4680 = AXIS2_PLACEMENT_3D ( 'NONE', #6819, #3656, #4490 ) ;
#4681 = CARTESIAN_POINT ( 'NONE',  ( -3.000000000000000000, 1.905000000000000027, 0.000000000000000000 ) ) ;
#4682 = CARTESIAN_POINT ( 'NONE',  ( -2.102415215385780023, -1.905000000000000027, 1.030000000000000027 ) ) ;
#4683 = ORIENTED_EDGE ( 'NONE', *, *, #1173, .F. ) ;
#4684 = CARTESIAN_POINT ( 'NONE',  ( -0.1285000000000000031, 1.401000000000000023, 0.1000000000000010048 ) ) ;
#4685 = CARTESIAN_POINT ( 'NONE',  ( 2.151833221588806744, -1.905000000000000027, 0.2374399716845536912 ) ) ;
#4686 =( LENGTH_UNIT ( ) NAMED_UNIT ( * ) SI_UNIT ( .MILLI., .METRE. ) );
#4687 = AXIS2_PLACEMENT_3D ( 'NONE', #1708, #260, #3299 ) ;
#4688 = CARTESIAN_POINT ( 'NONE',  ( -1.706424037471399924, 0.000000000000000000, 1.563527144618450215 ) ) ;
#4689 = UNCERTAINTY_MEASURE_WITH_UNIT (LENGTH_MEASURE( 1.000000000000000082E-05 ), #7064, 'distance_accuracy_value', 'NONE');
#4690 = SURFACE_SIDE_STYLE ('',( #6301 ) ) ;
#4691 = EDGE_CURVE ( 'NONE', #3209, #9810, #8472, .T. ) ;
#4692 = VECTOR ( 'NONE', #6660, 999.9999999999998863 ) ;
#4693 = PRESENTATION_LAYER_ASSIGNMENT (  '', '', ( #7920 ) ) ;
#4694 = ORIENTED_EDGE ( 'NONE', *, *, #9363, .F. ) ;
#4695 = LINE ( 'NONE', #4804, #7801 ) ;
#4696 = CARTESIAN_POINT ( 'NONE',  ( -1.522146276314591651, 2.302292627064889796, 1.729451586038191602 ) ) ;
#4697 = SURFACE_STYLE_FILL_AREA ( #866 ) ;
#4698 = DIRECTION ( 'NONE',  ( 1.000000000000000000, 0.000000000000000000, 0.000000000000000000 ) ) ;
#4699 = DIRECTION ( 'NONE',  ( -0.000000000000000000, 0.000000000000000000, 1.000000000000000000 ) ) ;
#4700 = CARTESIAN_POINT ( 'NONE',  ( 2.102415215385780023, -1.905000000000000027, 1.030000000000000915 ) ) ;
#4701 = SURFACE_STYLE_USAGE ( .BOTH. , #870 ) ;
#4702 = VECTOR ( 'NONE', #7494, 1000.000000000000000 ) ;
#4703 =( GEOMETRIC_REPRESENTATION_CONTEXT ( 3 ) GLOBAL_UNCERTAINTY_ASSIGNED_CONTEXT ( ( #3850 ) ) GLOBAL_UNIT_ASSIGNED_CONTEXT ( ( #8859, #4328, #4931 ) ) REPRESENTATION_CONTEXT ( 'NONE', 'WORKASPACE' ) );
#4704 = ORIENTED_EDGE ( 'NONE', *, *, #4249, .T. ) ;
#4705 = EDGE_CURVE ( 'NONE', #6694, #1818, #5891, .T. ) ;
#4706 = PRESENTATION_LAYER_ASSIGNMENT (  '', '', ( #5211 ) ) ;
#4707 = FILL_AREA_STYLE ('',( #6914 ) ) ;
#4708 = ORIENTED_EDGE ( 'NONE', *, *, #878, .F. ) ;
#4709 = ORIENTED_EDGE ( 'NONE', *, *, #4181, .F. ) ;
#4710 = FILL_AREA_STYLE ('',( #1613 ) ) ;
#4711 = FACE_OUTER_BOUND ( 'NONE', #5659, .T. ) ;
#4712 = FILL_AREA_STYLE_COLOUR ( '', #28 ) ;
#4713 = FILL_AREA_STYLE_COLOUR ( '', #8272 ) ;
#4714 = STYLED_ITEM ( 'NONE', ( #2067 ), #3126 ) ;
#4715 = ORIENTED_EDGE ( 'NONE', *, *, #4705, .T. ) ;
#4716 = CARTESIAN_POINT ( 'NONE',  ( -1.837171350119498392, 2.416733101748962831, 1.346513394221928728 ) ) ;
#4717 = FILL_AREA_STYLE ('',( #5488 ) ) ;
#4718 = DIRECTION ( 'NONE',  ( 0.000000000000000000, 0.000000000000000000, -1.000000000000000000 ) ) ;
#4719 = DIRECTION ( 'NONE',  ( -1.000000000000000000, 0.000000000000000000, 3.040008243693350015E-16 ) ) ;
#4720 = STYLED_ITEM ( 'NONE', ( #8350 ), #2365 ) ;
#4721 =( GEOMETRIC_REPRESENTATION_CONTEXT ( 3 ) GLOBAL_UNCERTAINTY_ASSIGNED_CONTEXT ( ( #4472 ) ) GLOBAL_UNIT_ASSIGNED_CONTEXT ( ( #8329, #3014, #2826 ) ) REPRESENTATION_CONTEXT ( 'NONE', 'WORKASPACE' ) );
#4722 = LINE ( 'NONE', #2960, #538 ) ;
#4723 = PRESENTATION_LAYER_ASSIGNMENT (  '', '', ( #1801 ) ) ;
#4724 =( GEOMETRIC_REPRESENTATION_CONTEXT ( 3 ) GLOBAL_UNCERTAINTY_ASSIGNED_CONTEXT ( ( #7079 ) ) GLOBAL_UNIT_ASSIGNED_CONTEXT ( ( #3919, #4918, #4855 ) ) REPRESENTATION_CONTEXT ( 'NONE', 'WORKASPACE' ) );
#4725 = VECTOR ( 'NONE', #4540, 1000.000000000000000 ) ;
#4726 = ORIENTED_EDGE ( 'NONE', *, *, #1463, .F. ) ;
#4727 = ORIENTED_EDGE ( 'NONE', *, *, #318, .F. ) ;
#4728 = CARTESIAN_POINT ( 'NONE',  ( -3.000000000000000000, -0.6350000000000000089, 1.965116437629976787E-16 ) ) ;
#4729 = CIRCLE ( 'NONE', #8599, 0.07999999999999998779 ) ;
#4730 =( LENGTH_UNIT ( ) NAMED_UNIT ( * ) SI_UNIT ( .MILLI., .METRE. ) );
#4731 = STYLED_ITEM ( 'NONE', ( #5553 ), #6538 ) ;
#4732 = EDGE_CURVE ( 'NONE', #2502, #9381, #3174, .T. ) ;
#4733 = CARTESIAN_POINT ( 'NONE',  ( 0.1284999999999999754, -1.501000000000000112, 0.1000000000000006717 ) ) ;
#4734 = AXIS2_PLACEMENT_3D ( 'NONE', #8893, #2599, #1898 ) ;
#4735 = DIRECTION ( 'NONE',  ( 0.000000000000000000, -1.000000000000000000, 0.000000000000000000 ) ) ;
#4736 = AXIS2_PLACEMENT_3D ( 'NONE', #7759, #950, #6941 ) ;
#4737 =( NAMED_UNIT ( * ) PLANE_ANGLE_UNIT ( ) SI_UNIT ( $, .RADIAN. ) );
#4738 = CIRCLE ( 'NONE', #6028, 0.08000000000000000167 ) ;
#4739 = CARTESIAN_POINT ( 'NONE',  ( -2.102415215385780023, -0.3800000000000000044, 0.8200000000000019496 ) ) ;
#4740 = CIRCLE ( 'NONE', #9729, 0.1000000000000000472 ) ;
#4741 = LINE ( 'NONE', #4682, #9528 ) ;
#4742 = ORIENTED_EDGE ( 'NONE', *, *, #4812, .F. ) ;
#4743 = SURFACE_STYLE_USAGE ( .BOTH. , #901 ) ;
#4744 = FILL_AREA_STYLE ('',( #3181 ) ) ;
#4745 = EDGE_CURVE ( 'NONE', #5355, #5341, #3834, .T. ) ;
#4746 =( LENGTH_UNIT ( ) NAMED_UNIT ( * ) SI_UNIT ( .MILLI., .METRE. ) );
#4747 = PLANE ( 'NONE',  #4348 ) ;
#4748 =( GEOMETRIC_REPRESENTATION_CONTEXT ( 3 ) GLOBAL_UNCERTAINTY_ASSIGNED_CONTEXT ( ( #6330 ) ) GLOBAL_UNIT_ASSIGNED_CONTEXT ( ( #7710, #4636, #8683 ) ) REPRESENTATION_CONTEXT ( 'NONE', 'WORKASPACE' ) );
#4749 = SURFACE_SIDE_STYLE ('',( #7011 ) ) ;
#4750 = AXIS2_PLACEMENT_3D ( 'NONE', #2648, #5772, #2076 ) ;
#4751 =( NAMED_UNIT ( * ) SI_UNIT ( $, .STERADIAN. ) SOLID_ANGLE_UNIT ( ) );
#4752 = CARTESIAN_POINT ( 'NONE',  ( 2.361081698735099987, 0.6350000000000000089, 0.2551903184968640215 ) ) ;
#4753 = CARTESIAN_POINT ( 'NONE',  ( 1.801300639614446197, -2.338986644132700299, 0.1043914680145899554 ) ) ;
#4754 = CARTESIAN_POINT ( 'NONE',  ( 2.005945153285420446, 2.160000000000000142, 0.8200000000000015055 ) ) ;
#4755 = LINE ( 'NONE', #5466, #7769 ) ;
#4756 = ORIENTED_EDGE ( 'NONE', *, *, #5794, .T. ) ;
#4757 = ORIENTED_EDGE ( 'NONE', *, *, #6547, .F. ) ;
#4758 = COLOUR_RGB ( '',0.8313725490196077761, 0.8313725490196077761, 0.8313725490196077761 ) ;
#4759 = LINE ( 'NONE', #6362, #856 ) ;
#4760 = EDGE_CURVE ( 'NONE', #3599, #523, #994, .T. ) ;
#4761 = FILL_AREA_STYLE_COLOUR ( '', #6891 ) ;
#4762 = EDGE_CURVE ( 'NONE', #3626, #8414, #3092, .T. ) ;
#4763 =( NAMED_UNIT ( * ) SI_UNIT ( $, .STERADIAN. ) SOLID_ANGLE_UNIT ( ) );
#4764 = PRESENTATION_STYLE_ASSIGNMENT (( #8593 ) ) ;
#4765 = CARTESIAN_POINT ( 'NONE',  ( -2.353481300512975771, 2.160000000000000142, 0.3447869765509684603 ) ) ;
#4766 = SURFACE_SIDE_STYLE ('',( #1018 ) ) ;
#4767 = DIRECTION ( 'NONE',  ( 0.000000000000000000, 0.000000000000000000, 1.000000000000000000 ) ) ;
#4768 = DIRECTION ( 'NONE',  ( -0.9975640502598241977, 0.000000000000000000, -0.06975647374412685675 ) ) ;
#4769 = CARTESIAN_POINT ( 'NONE',  ( -1.189405335455050228, 0.3799999999999999489, 0.8200000000000016165 ) ) ;
#4770 =( GEOMETRIC_REPRESENTATION_CONTEXT ( 3 ) GLOBAL_UNCERTAINTY_ASSIGNED_CONTEXT ( ( #5335 ) ) GLOBAL_UNIT_ASSIGNED_CONTEXT ( ( #8855, #4239, #4326 ) ) REPRESENTATION_CONTEXT ( 'NONE', 'WORKASPACE' ) );
#4771 = VERTEX_POINT ( 'NONE', #9655 ) ;
#4772 =( GEOMETRIC_REPRESENTATION_CONTEXT ( 3 ) GLOBAL_UNCERTAINTY_ASSIGNED_CONTEXT ( ( #9501 ) ) GLOBAL_UNIT_ASSIGNED_CONTEXT ( ( #3853, #2982, #6906 ) ) REPRESENTATION_CONTEXT ( 'NONE', 'WORKASPACE' ) );
#4773 = VERTEX_POINT ( 'NONE', #8918 ) ;
#4774 = ORIENTED_EDGE ( 'NONE', *, *, #9309, .T. ) ;
#4775 = DIRECTION ( 'NONE',  ( 0.000000000000000000, 1.000000000000000000, -0.000000000000000000 ) ) ;
#4776 = SURFACE_SIDE_STYLE ('',( #8705 ) ) ;
#4777 = STYLED_ITEM ( 'NONE', ( #4014 ), #5619 ) ;
#4778 = ADVANCED_FACE ( 'NONE', ( #1982 ), #1905, .T. ) ;
#4779 = DIRECTION ( 'NONE',  ( 0.000000000000000000, 0.000000000000000000, 1.000000000000000000 ) ) ;
#4780 = ORIENTED_EDGE ( 'NONE', *, *, #9670, .F. ) ;
#4781 = LINE ( 'NONE', #6271, #5512 ) ;
#4782 = CARTESIAN_POINT ( 'NONE',  ( -0.2285000000000000364, -1.401000000000000023, 0.3000000000000009881 ) ) ;
#4783 = CARTESIAN_POINT ( 'NONE',  ( -1.880153323855740854, -2.413009090282792979, 1.389229417788807375 ) ) ;
#4784 = UNCERTAINTY_MEASURE_WITH_UNIT (LENGTH_MEASURE( 1.000000000000000082E-05 ), #4444, 'distance_accuracy_value', 'NONE');
#4785 = DIRECTION ( 'NONE',  ( 0.000000000000000000, 0.1045284632676530545, -0.9945218953682735119 ) ) ;
#4786 = ORIENTED_EDGE ( 'NONE', *, *, #4069, .T. ) ;
#4787 = EDGE_LOOP ( 'NONE', ( #5733, #5593, #769, #8176, #3270 ) ) ;
#4788 = FACE_OUTER_BOUND ( 'NONE', #630, .T. ) ;
#4789 = DIRECTION ( 'NONE',  ( 0.000000000000000000, 0.000000000000000000, 1.000000000000000000 ) ) ;
#4790 = FILL_AREA_STYLE ('',( #7147 ) ) ;
#4791 = DIRECTION ( 'NONE',  ( -1.000000000000000000, 0.000000000000000000, 0.000000000000000000 ) ) ;
#4792 = DIRECTION ( 'NONE',  ( -0.000000000000000000, 1.000000000000000000, 0.000000000000000000 ) ) ;
#4793 = PRODUCT_DEFINITION_FORMATION_WITH_SPECIFIED_SOURCE ( 'ANY', '', #7214, .NOT_KNOWN. ) ;
#4794 = PRESENTATION_STYLE_ASSIGNMENT (( #9514 ) ) ;
#4795 = ORIENTED_EDGE ( 'NONE', *, *, #8994, .F. ) ;
#4796 = SURFACE_STYLE_FILL_AREA ( #3954 ) ;
#4797 =( NAMED_UNIT ( * ) SI_UNIT ( $, .STERADIAN. ) SOLID_ANGLE_UNIT ( ) );
#4798 = FILL_AREA_STYLE ('',( #3906 ) ) ;
#4799 =( LENGTH_UNIT ( ) NAMED_UNIT ( * ) SI_UNIT ( .MILLI., .METRE. ) );
#4800 = FILL_AREA_STYLE ('',( #9618 ) ) ;
#4801 = EDGE_CURVE ( 'NONE', #1071, #1430, #9739, .T. ) ;
#4802 = FILL_AREA_STYLE_COLOUR ( '', #6702 ) ;
#4803 = VERTEX_POINT ( 'NONE', #9590 ) ;
#4804 = CARTESIAN_POINT ( 'NONE',  ( -3.000000000000000000, 0.3800000000000000044, 0.000000000000000000 ) ) ;
#4805 = SURFACE_SIDE_STYLE ('',( #6597 ) ) ;
#4806 = SURFACE_SIDE_STYLE ('',( #3301 ) ) ;
#4807 = FILL_AREA_STYLE ('',( #5628 ) ) ;
#4808 = CARTESIAN_POINT ( 'NONE',  ( -0.2285000000000000364, 1.145000000000000018, 0.1000000000000010048 ) ) ;
#4809 = CARTESIAN_POINT ( 'NONE',  ( 1.145000000000000018, -1.044999999999999929, 0.1000000000000005884 ) ) ;
#4810 = MECHANICAL_DESIGN_GEOMETRIC_PRESENTATION_REPRESENTATION (  '', ( #8992 ), #4303 ) ;
#4811 = CARTESIAN_POINT ( 'NONE',  ( -2.458105539086119951, 0.8900000000000000133, 0.3536621499571240279 ) ) ;
#4812 = EDGE_CURVE ( 'NONE', #616, #5478, #3609, .T. ) ;
#4813 = CARTESIAN_POINT ( 'NONE',  ( 1.802292627064880026, -2.302292627064889796, 1.670000000000000151 ) ) ;
#4814 = ORIENTED_EDGE ( 'NONE', *, *, #2437, .T. ) ;
#4815 = ORIENTED_EDGE ( 'NONE', *, *, #6726, .F. ) ;
#4816 = CARTESIAN_POINT ( 'NONE',  ( 1.881854378694351348, 0.000000000000000000, 0.1716377229385878944 ) ) ;
#4817 = FILL_AREA_STYLE_COLOUR ( '', #682 ) ;
#4818 = FACE_OUTER_BOUND ( 'NONE', #3790, .T. ) ;
#4819 = CARTESIAN_POINT ( 'NONE',  ( 1.949999999999999956, -2.370000000000000107, 1.750000000000000000 ) ) ;
#4820 = ORIENTED_EDGE ( 'NONE', *, *, #2818, .F. ) ;
#4821 =( NAMED_UNIT ( * ) PLANE_ANGLE_UNIT ( ) SI_UNIT ( $, .RADIAN. ) );
#4822 =( LENGTH_UNIT ( ) NAMED_UNIT ( * ) SI_UNIT ( .MILLI., .METRE. ) );
#4823 = AXIS2_PLACEMENT_3D ( 'NONE', #4076, #1068, #1857 ) ;
#4824 = CARTESIAN_POINT ( 'NONE',  ( -2.458105539086119951, 0.3800000000000000044, 0.3536621499571240279 ) ) ;
#4825 = EDGE_CURVE ( 'NONE', #8904, #4771, #2048, .T. ) ;
#4826 = VECTOR ( 'NONE', #4938, 1000.000000000000000 ) ;
#4827 = VECTOR ( 'NONE', #6157, 1000.000000000000000 ) ;
#4828 = ORIENTED_EDGE ( 'NONE', *, *, #1376, .T. ) ;
#4829 = VERTEX_POINT ( 'NONE', #8088 ) ;
#4830 = DIRECTION ( 'NONE',  ( -0.08452546101100759379, 0.000000000000000000, 0.9964213197442519654 ) ) ;
#4831 = SURFACE_SIDE_STYLE ('',( #8671 ) ) ;
#4832 = FACE_OUTER_BOUND ( 'NONE', #432, .T. ) ;
#4833 = COLOUR_RGB ( '',0.2862745098039215508, 0.2862745098039215508, 0.2862745098039215508 ) ;
#4834 = EDGE_CURVE ( 'NONE', #6261, #5140, #1168, .T. ) ;
#4835 = DIRECTION ( 'NONE',  ( 0.9975640502598241977, 0.000000000000000000, -0.06975647374412549673 ) ) ;
#4836 = CARTESIAN_POINT ( 'NONE',  ( 2.005945153285420446, -1.905000000000000027, 0.8200000000000020606 ) ) ;
#4837 = ORIENTED_EDGE ( 'NONE', *, *, #5082, .T. ) ;
#4838 = STYLED_ITEM ( 'NONE', ( #1620 ), #9566 ) ;
#4839 = DIRECTION ( 'NONE',  ( 0.000000000000000000, 0.000000000000000000, -1.000000000000000000 ) ) ;
#4840 = PLANE ( 'NONE',  #7727 ) ;
#4841 = DIRECTION ( 'NONE',  ( 0.000000000000000000, 0.000000000000000000, 1.000000000000000000 ) ) ;
#4842 = FILL_AREA_STYLE ('',( #6205 ) ) ;
#4843 =( NAMED_UNIT ( * ) SI_UNIT ( $, .STERADIAN. ) SOLID_ANGLE_UNIT ( ) );
#4844 = DIRECTION ( 'NONE',  ( 0.000000000000000000, 1.000000000000000000, 0.000000000000000000 ) ) ;
#4845 = MECHANICAL_DESIGN_GEOMETRIC_PRESENTATION_REPRESENTATION (  '', ( #7906 ), #7404 ) ;
#4846 =( BOUNDED_SURFACE ( )  B_SPLINE_SURFACE ( 3, 3, ( 
 ( #5086, #8111, #6482, #329 ),
 ( #7335, #7379, #7228, #4339 ),
 ( #2809, #5124, #530, #8169 ),
 ( #7424, #3579, #475, #6682 ) ),
 .UNSPECIFIED., .F., .F., .T. ) 
 B_SPLINE_SURFACE_WITH_KNOTS ( ( 4, 4 ),
 ( 4, 4 ),
 ( 0.000000000000000000, 1.000000000000000000 ),
 ( 0.000000000000000000, 1.000000000000000000 ),
 .UNSPECIFIED. ) 
 GEOMETRIC_REPRESENTATION_ITEM ( )  RATIONAL_B_SPLINE_SURFACE ( (
 ( 1.000000000000000000, 0.3333333333333228787, 0.3333333333333228787, 1.000000000000000000),
 ( 0.9701154189421196117, 0.3233718063140297305, 0.3233718063140297305, 0.9701154189421196117),
 ( 0.9701154189421196117, 0.3233718063140297305, 0.3233718063140297305, 0.9701154189421196117),
 ( 1.000000000000000000, 0.3333333333333228787, 0.3333333333333228787, 1.000000000000000000) ) ) 
 REPRESENTATION_ITEM ( '' )  SURFACE ( )  );
#4847 = DIRECTION ( 'NONE',  ( -1.000000000000000000, 0.000000000000000000, 1.779203565104420086E-16 ) ) ;
#4848 = PRESENTATION_STYLE_ASSIGNMENT (( #4114 ) ) ;
#4849 = CARTESIAN_POINT ( 'NONE',  ( -2.005945153285420446, 2.160000000000000142, 0.8200000000000011724 ) ) ;
#4850 = AXIS2_PLACEMENT_3D ( 'NONE', #1329, #6688, #7385 ) ;
#4851 = DIRECTION ( 'NONE',  ( -0.000000000000000000, -0.000000000000000000, -1.000000000000000000 ) ) ;
#4852 = ORIENTED_EDGE ( 'NONE', *, *, #4307, .F. ) ;
#4853 = FILL_AREA_STYLE ('',( #4761 ) ) ;
#4854 = PRESENTATION_LAYER_ASSIGNMENT (  '', '', ( #649 ) ) ;
#4855 =( NAMED_UNIT ( * ) SI_UNIT ( $, .STERADIAN. ) SOLID_ANGLE_UNIT ( ) );
#4856 = ADVANCED_FACE ( 'NONE', ( #507 ), #1099, .T. ) ;
#4857 = FILL_AREA_STYLE ('',( #915 ) ) ;
#4858 = FILL_AREA_STYLE ('',( #22 ) ) ;
#4859 =( NAMED_UNIT ( * ) SI_UNIT ( $, .STERADIAN. ) SOLID_ANGLE_UNIT ( ) );
#4860 = ORIENTED_EDGE ( 'NONE', *, *, #288, .T. ) ;
#4861 = CARTESIAN_POINT ( 'NONE',  ( -1.145000000000000018, 1.044999999999999929, 0.3000000000000009881 ) ) ;
#4862 = STYLED_ITEM ( 'NONE', ( #3955 ), #8288 ) ;
#4863 = MECHANICAL_DESIGN_GEOMETRIC_PRESENTATION_REPRESENTATION (  '', ( #5037 ), #3675 ) ;
#4864 =( NAMED_UNIT ( * ) PLANE_ANGLE_UNIT ( ) SI_UNIT ( $, .RADIAN. ) );
#4865 = SURFACE_SIDE_STYLE ('',( #1578 ) ) ;
#4866 = ORIENTED_EDGE ( 'NONE', *, *, #677, .T. ) ;
#4867 = ORIENTED_EDGE ( 'NONE', *, *, #9795, .F. ) ;
#4868 = FILL_AREA_STYLE_COLOUR ( '', #6473 ) ;
#4869 = LINE ( 'NONE', #6326, #2901 ) ;
#4870 = VERTEX_POINT ( 'NONE', #1800 ) ;
#4871 = CARTESIAN_POINT ( 'NONE',  ( -1.845189659078863453, 2.345189659078864342, 0.1278493596512567665 ) ) ;
#4872 = EDGE_CURVE ( 'NONE', #6439, #8493, #3189, .T. ) ;
#4873 = AXIS2_PLACEMENT_3D ( 'NONE', #3625, #6732, #5282 ) ;
#4874 = DIRECTION ( 'NONE',  ( 0.9964213197442519654, 0.000000000000000000, 0.08452546101100746889 ) ) ;
#4875 = CARTESIAN_POINT ( 'NONE',  ( -2.102415215385780023, -1.649999999999999911, 1.030000000000000027 ) ) ;
#4876 = CARTESIAN_POINT ( 'NONE',  ( -1.882647879984874484, 2.301685890579379556, 0.1228765338733741885 ) ) ;
#4877 = FACE_OUTER_BOUND ( 'NONE', #6750, .T. ) ;
#4878 = STYLED_ITEM ( 'NONE', ( #2312 ), #2235 ) ;
#4879 = UNCERTAINTY_MEASURE_WITH_UNIT (LENGTH_MEASURE( 1.000000000000000082E-05 ), #491, 'distance_accuracy_value', 'NONE');
#4880 = VECTOR ( 'NONE', #8988, 1000.000000000000114 ) ;
#4881 = VERTEX_POINT ( 'NONE', #4849 ) ;
#4882 = AXIS2_PLACEMENT_3D ( 'NONE', #6081, #32, #634 ) ;
#4883 = VERTEX_POINT ( 'NONE', #9323 ) ;
#4884 =( LENGTH_UNIT ( ) NAMED_UNIT ( * ) SI_UNIT ( .MILLI., .METRE. ) );
#4885 = CARTESIAN_POINT ( 'NONE',  ( -0.2285000000000000364, 1.145000000000000018, 0.1000000000000010048 ) ) ;
#4886 = EDGE_CURVE ( 'NONE', #8729, #2554, #8801, .T. ) ;
#4887 = AXIS2_PLACEMENT_3D ( 'NONE', #4544, #8491, #3920 ) ;
#4888 = EDGE_CURVE ( 'NONE', #9046, #2062, #3336, .T. ) ;
#4889 = FACE_OUTER_BOUND ( 'NONE', #1866, .T. ) ;
#4890 = DIRECTION ( 'NONE',  ( -0.9964213197442519654, 0.000000000000000000, -0.08452546101100759379 ) ) ;
#4891 = COLOUR_RGB ( '',0.8313725490196077761, 0.8313725490196077761, 0.8313725490196077761 ) ;
#4892 = STYLED_ITEM ( 'NONE', ( #3667 ), #3929 ) ;
#4893 = COLOUR_RGB ( '',0.8313725490196077761, 0.8313725490196077761, 0.8313725490196077761 ) ;
#4894 = ORIENTED_EDGE ( 'NONE', *, *, #1037, .F. ) ;
#4895 = CARTESIAN_POINT ( 'NONE',  ( -1.847535415049513130, -2.388693427578347794, 0.1655633456324112629 ) ) ;
#4896 = CARTESIAN_POINT ( 'NONE',  ( 1.802292627064889796, -2.302292627064889796, 0.1800000000000000488 ) ) ;
#4897 = ORIENTED_EDGE ( 'NONE', *, *, #8069, .T. ) ;
#4898 = MECHANICAL_DESIGN_GEOMETRIC_PRESENTATION_REPRESENTATION (  '', ( #6489 ), #3568 ) ;
#4899 = DIRECTION ( 'NONE',  ( -0.000000000000000000, -1.000000000000000000, -0.000000000000000000 ) ) ;
#4900 = STYLED_ITEM ( 'NONE', ( #8250 ), #3284 ) ;
#4901 =( NAMED_UNIT ( * ) SI_UNIT ( $, .STERADIAN. ) SOLID_ANGLE_UNIT ( ) );
#4902 = CARTESIAN_POINT ( 'NONE',  ( 0.000000000000000000, 0.000000000000000000, 0.000000000000000000 ) ) ;
#4903 = CARTESIAN_POINT ( 'NONE',  ( 2.458105539086119951, 0.8900000000000000133, 0.3536621499571240279 ) ) ;
#4904 = DIRECTION ( 'NONE',  ( 1.000000000000000000, 0.000000000000000000, 0.000000000000000000 ) ) ;
#4905 = COLOUR_RGB ( '',0.8313725490196077761, 0.8313725490196077761, 0.8313725490196077761 ) ;
#4906 = CARTESIAN_POINT ( 'NONE',  ( 1.870218527253805219, -2.449999403068538140, 0.8199943205765136689 ) ) ;
#4907 = AXIS2_PLACEMENT_3D ( 'NONE', #1072, #1668, #7841 ) ;
#4908 = PRESENTATION_LAYER_ASSIGNMENT (  '', '', ( #7299 ) ) ;
#4909 = VECTOR ( 'NONE', #4018, 1000.000000000000114 ) ;
#4910 = PRESENTATION_STYLE_ASSIGNMENT (( #4160 ) ) ;
#4911 =( LENGTH_UNIT ( ) NAMED_UNIT ( * ) SI_UNIT ( .MILLI., .METRE. ) );
#4912 = ORIENTED_EDGE ( 'NONE', *, *, #1241, .T. ) ;
#4913 = B_SPLINE_CURVE_WITH_KNOTS ( 'NONE', 3,
 ( #75, #1823, #9293, #8659, #7073, #9493, #924, #6374 ),
 .UNSPECIFIED., .F., .F.,
 ( 4, 1, 1, 1, 1, 4 ),
 ( 0.000000000000000000, 0.1111111111111110078, 0.2222222222222224042, 0.3333333333333331483, 0.4444444444444444753, 0.4999999999999993339 ),
 .UNSPECIFIED. ) ;
#4914 = PRESENTATION_LAYER_ASSIGNMENT (  '', '', ( #393 ) ) ;
#4915 = LINE ( 'NONE', #7982, #8789 ) ;
#4916 = LINE ( 'NONE', #8747, #1418 ) ;
#4917 =( BOUNDED_SURFACE ( )  B_SPLINE_SURFACE ( 3, 3, ( 
 ( #3490, #7454, #6603, #499 ),
 ( #8136, #9775, #4432, #1400 ),
 ( #8980, #2878, #5150, #5261 ),
 ( #5913, #1209, #556, #407 ) ),
 .UNSPECIFIED., .F., .F., .T. ) 
 B_SPLINE_SURFACE_WITH_KNOTS ( ( 4, 4 ),
 ( 4, 4 ),
 ( 0.000000000000000000, 1.000000000000000000 ),
 ( 0.000000000000000000, 1.000000000000000000 ),
 .UNSPECIFIED. ) 
 GEOMETRIC_REPRESENTATION_ITEM ( )  RATIONAL_B_SPLINE_SURFACE ( (
 ( 1.000000000000000000, 0.3333333333333334259, 0.3333333333333334259, 1.000000000000000000),
 ( 0.9290532412555432273, 0.3096844137518478535, 0.3096844137518478535, 0.9290532412555432273),
 ( 0.9290532412555432273, 0.3096844137518478535, 0.3096844137518478535, 0.9290532412555432273),
 ( 1.000000000000000000, 0.3333333333333334259, 0.3333333333333334259, 1.000000000000000000) ) ) 
 REPRESENTATION_ITEM ( '' )  SURFACE ( )  );
#4918 =( NAMED_UNIT ( * ) PLANE_ANGLE_UNIT ( ) SI_UNIT ( $, .RADIAN. ) );
#4919 = SURFACE_STYLE_USAGE ( .BOTH. , #1811 ) ;
#4920 = DIRECTION ( 'NONE',  ( -1.000000000000000000, 0.000000000000000000, 1.779203565104420086E-16 ) ) ;
#4921 = CARTESIAN_POINT ( 'NONE',  ( 1.845189659078864786, 2.345189659078863897, 0.1278493596512552954 ) ) ;
#4922 = CARTESIAN_POINT ( 'NONE',  ( 1.497079004158460234E-33, 1.500999999999999890, 0.3000000000000009881 ) ) ;
#4923 = CARTESIAN_POINT ( 'NONE',  ( 1.912162475304360232, 0.000000000000000000, 1.389999999999999902 ) ) ;
#4924 = AXIS2_PLACEMENT_3D ( 'NONE', #6033, #8260, #6729 ) ;
#4925 = DIRECTION ( 'NONE',  ( -0.000000000000000000, -1.000000000000000000, -0.000000000000000000 ) ) ;
#4926 =( GEOMETRIC_REPRESENTATION_CONTEXT ( 3 ) GLOBAL_UNCERTAINTY_ASSIGNED_CONTEXT ( ( #2915 ) ) GLOBAL_UNIT_ASSIGNED_CONTEXT ( ( #2412, #6332, #3162 ) ) REPRESENTATION_CONTEXT ( 'NONE', 'WORKASPACE' ) );
#4927 = DIRECTION ( 'NONE',  ( -0.000000000000000000, 1.000000000000000000, -0.000000000000000000 ) ) ;
#4928 = EDGE_LOOP ( 'NONE', ( #1076, #5497, #2816, #3816 ) ) ;
#4929 = ORIENTED_EDGE ( 'NONE', *, *, #3557, .T. ) ;
#4930 =( NAMED_UNIT ( * ) SI_UNIT ( $, .STERADIAN. ) SOLID_ANGLE_UNIT ( ) );
#4931 =( NAMED_UNIT ( * ) SI_UNIT ( $, .STERADIAN. ) SOLID_ANGLE_UNIT ( ) );
#4932 =( LENGTH_UNIT ( ) NAMED_UNIT ( * ) SI_UNIT ( .MILLI., .METRE. ) );
#4933 = STYLED_ITEM ( 'NONE', ( #6244 ), #7507 ) ;
#4934 = ORIENTED_EDGE ( 'NONE', *, *, #9247, .T. ) ;
#4935 = CARTESIAN_POINT ( 'NONE',  ( -1.768056511363105265, 2.421364504079356994, 0.1448069115720489741 ) ) ;
#4936 = FACE_OUTER_BOUND ( 'NONE', #1883, .T. ) ;
#4937 =( GEOMETRIC_REPRESENTATION_CONTEXT ( 3 ) GLOBAL_UNCERTAINTY_ASSIGNED_CONTEXT ( ( #24 ) ) GLOBAL_UNIT_ASSIGNED_CONTEXT ( ( #1520, #7842, #9896 ) ) REPRESENTATION_CONTEXT ( 'NONE', 'WORKASPACE' ) );
#4938 = DIRECTION ( 'NONE',  ( 1.000000000000000000, 0.000000000000000000, -1.779203565104420086E-16 ) ) ;
#4939 = SURFACE_SIDE_STYLE ('',( #3417 ) ) ;
#4940 = SURFACE_SIDE_STYLE ('',( #6476 ) ) ;
#4941 = SURFACE_SIDE_STYLE ('',( #232 ) ) ;
#4942 = MECHANICAL_DESIGN_GEOMETRIC_PRESENTATION_REPRESENTATION (  '', ( #3105 ), #4266 ) ;
#4943 = ORIENTED_EDGE ( 'NONE', *, *, #8948, .T. ) ;
#4944 = ADVANCED_FACE ( 'NONE', ( #5521 ), #3910, .T. ) ;
#4945 = AXIS2_PLACEMENT_3D ( 'NONE', #4484, #4594, #9130 ) ;
#4946 = ORIENTED_EDGE ( 'NONE', *, *, #8522, .F. ) ;
#4947 = CARTESIAN_POINT ( 'NONE',  ( 1.189405335455050006, -0.6350000000000000089, 1.030000000000000027 ) ) ;
#4948 = CARTESIAN_POINT ( 'NONE',  ( 2.376389666031580195, 0.3800000000000000044, 0.07473362777057840356 ) ) ;
#4949 =( NAMED_UNIT ( * ) PLANE_ANGLE_UNIT ( ) SI_UNIT ( $, .RADIAN. ) );
#4950 = CARTESIAN_POINT ( 'NONE',  ( 0.2285000000000000364, -1.401000000000000023, 0.1000000000000010048 ) ) ;
#4951 = UNCERTAINTY_MEASURE_WITH_UNIT (LENGTH_MEASURE( 1.000000000000000082E-05 ), #7688, 'distance_accuracy_value', 'NONE');
#4952 = VECTOR ( 'NONE', #7093, 1000.000000000000114 ) ;
#4953 = ORIENTED_EDGE ( 'NONE', *, *, #7208, .F. ) ;
#4954 = EDGE_CURVE ( 'NONE', #9194, #6439, #8837, .T. ) ;
#4955 = DIRECTION ( 'NONE',  ( -0.9975640502598241977, 0.000000000000000000, 0.06975647374412552448 ) ) ;
#4956 = PRESENTATION_STYLE_ASSIGNMENT (( #7964 ) ) ;
#4957 = ORIENTED_EDGE ( 'NONE', *, *, #740, .F. ) ;
#4958 = FILL_AREA_STYLE ('',( #1205 ) ) ;
#4959 = SHAPE_REPRESENTATION_RELATIONSHIP ( 'NONE' , 'NONE' ,  #5575, #7389 ) ;
#4960 = FACE_OUTER_BOUND ( 'NONE', #8996, .T. ) ;
#4961 =( NAMED_UNIT ( * ) SI_UNIT ( $, .STERADIAN. ) SOLID_ANGLE_UNIT ( ) );
#4962 = DIRECTION ( 'NONE',  ( -0.000000000000000000, 1.000000000000000000, -0.000000000000000000 ) ) ;
#4963 = EDGE_CURVE ( 'NONE', #6226, #1432, #1337, .T. ) ;
#4964 = EDGE_CURVE ( 'NONE', #1793, #6926, #1530, .T. ) ;
#4965 = ORIENTED_EDGE ( 'NONE', *, *, #9795, .T. ) ;
#4966 = CARTESIAN_POINT ( 'NONE',  ( 2.311663692532073267, 1.905000000000000027, 0.8377503468123131958 ) ) ;
#4967 = CYLINDRICAL_SURFACE ( 'NONE', #3988, 0.1000000000000000472 ) ;
#4968 = CARTESIAN_POINT ( 'NONE',  ( 1.802292627064880026, 2.302292627064889796, 1.670000000000000373 ) ) ;
#4969 = CARTESIAN_POINT ( 'NONE',  ( 2.450781109342988540, -0.8900000000000001243, 0.2489179246798423339 ) ) ;
#4970 = FACE_OUTER_BOUND ( 'NONE', #8179, .T. ) ;
#4971 = CARTESIAN_POINT ( 'NONE',  ( -2.311663692532072822, 0.3800000000000000044, 0.8377503468123118635 ) ) ;
#4972 = EDGE_LOOP ( 'NONE', ( #1509, #7635, #117, #9848, #3117 ) ) ;
#4973 = EDGE_CURVE ( 'NONE', #316, #9946, #6130, .T. ) ;
#4974 = DIRECTION ( 'NONE',  ( 0.06975647374412553836, 0.000000000000000000, -0.9975640502598243087 ) ) ;
#4975 = ORIENTED_EDGE ( 'NONE', *, *, #7037, .T. ) ;
#4976 = FILL_AREA_STYLE ('',( #1862 ) ) ;
#4977 = EDGE_LOOP ( 'NONE', ( #2660, #1245, #2690, #3403 ) ) ;
#4978 = FACE_OUTER_BOUND ( 'NONE', #8094, .T. ) ;
#4979 = ORIENTED_EDGE ( 'NONE', *, *, #1786, .F. ) ;
#4980 = COLOUR_RGB ( '',0.8313725490196077761, 0.8313725490196077761, 0.8313725490196077761 ) ;
#4981 = VECTOR ( 'NONE', #5923, 1000.000000000000000 ) ;
#4982 = SURFACE_SIDE_STYLE ('',( #1869 ) ) ;
#4983 = SURFACE_SIDE_STYLE ('',( #1870 ) ) ;
#4984 = CARTESIAN_POINT ( 'NONE',  ( -1.468615827805880292, 0.000000000000000000, 1.670000000000000151 ) ) ;
#4985 = PRESENTATION_STYLE_ASSIGNMENT (( #7224 ) ) ;
#4986 = ORIENTED_EDGE ( 'NONE', *, *, #3928, .F. ) ;
#4987 = VECTOR ( 'NONE', #5468, 1000.000000000000000 ) ;
#4988 = COLOUR_RGB ( '',0.8313725490196077761, 0.8313725490196077761, 0.8313725490196077761 ) ;
#4989 = ORIENTED_EDGE ( 'NONE', *, *, #5612, .T. ) ;
#4990 = SURFACE_SIDE_STYLE ('',( #8998 ) ) ;
#4991 = DIRECTION ( 'NONE',  ( 0.000000000000000000, 0.000000000000000000, -1.000000000000000000 ) ) ;
#4992 =( NAMED_UNIT ( * ) SI_UNIT ( $, .STERADIAN. ) SOLID_ANGLE_UNIT ( ) );
#4993 = EDGE_CURVE ( 'NONE', #1820, #1172, #9352, .T. ) ;
#4994 = AXIS2_PLACEMENT_3D ( 'NONE', #8200, #469, #2014 ) ;
#4995 = MECHANICAL_DESIGN_GEOMETRIC_PRESENTATION_REPRESENTATION (  '', ( #142 ), #9319 ) ;
#4996 = ORIENTED_EDGE ( 'NONE', *, *, #6108, .F. ) ;
#4997 = SURFACE_SIDE_STYLE ('',( #6291 ) ) ;
#4998 = VERTEX_POINT ( 'NONE', #6925 ) ;
#4999 = PRESENTATION_LAYER_ASSIGNMENT (  '', '', ( #2693 ) ) ;
#5000 =( NAMED_UNIT ( * ) SI_UNIT ( $, .STERADIAN. ) SOLID_ANGLE_UNIT ( ) );
#5001 =( NAMED_UNIT ( * ) SI_UNIT ( $, .STERADIAN. ) SOLID_ANGLE_UNIT ( ) );
#5002 = CARTESIAN_POINT ( 'NONE',  ( -1.949872071855468514, 2.416878544047197597, 1.032432000067762257 ) ) ;
#5003 = CIRCLE ( 'NONE', #6268, 0.07999999999999998779 ) ;
#5004 =( NAMED_UNIT ( * ) PLANE_ANGLE_UNIT ( ) SI_UNIT ( $, .RADIAN. ) );
#5005 = ADVANCED_FACE ( 'NONE', ( #934 ), #9409, .T. ) ;
#5006 = DIRECTION ( 'NONE',  ( 1.000000000000000000, 0.000000000000000000, 0.000000000000000000 ) ) ;
#5007 = SURFACE_SIDE_STYLE ('',( #8638 ) ) ;
#5008 =( GEOMETRIC_REPRESENTATION_CONTEXT ( 3 ) GLOBAL_UNCERTAINTY_ASSIGNED_CONTEXT ( ( #7825 ) ) GLOBAL_UNIT_ASSIGNED_CONTEXT ( ( #1426, #3881, #7689 ) ) REPRESENTATION_CONTEXT ( 'NONE', 'WORKASPACE' ) );
#5009 = VERTEX_POINT ( 'NONE', #6277 ) ;
#5010 = EDGE_LOOP ( 'NONE', ( #2942, #1580, #1484, #5784 ) ) ;
#5011 = DIRECTION ( 'NONE',  ( 1.000000000000000000, -0.000000000000000000, -3.040008243693350015E-16 ) ) ;
#5012 = CARTESIAN_POINT ( 'NONE',  ( 1.833743087720899334, -2.436249167634577439, 1.607203804313748652 ) ) ;
#5013 = LINE ( 'NONE', #1162, #5063 ) ;
#5014 = EDGE_CURVE ( 'NONE', #6699, #6261, #9259, .T. ) ;
#5015 = LINE ( 'NONE', #5064, #6898 ) ;
#5016 = PRESENTATION_STYLE_ASSIGNMENT (( #1901 ) ) ;
#5017 = VECTOR ( 'NONE', #6570, 999.9999999999998863 ) ;
#5018 = SURFACE_STYLE_USAGE ( .BOTH. , #1814 ) ;
#5019 = ORIENTED_EDGE ( 'NONE', *, *, #1442, .F. ) ;
#5020 = DIRECTION ( 'NONE',  ( -0.000000000000000000, -1.000000000000000000, -0.000000000000000000 ) ) ;
#5021 = ORIENTED_EDGE ( 'NONE', *, *, #4732, .F. ) ;
#5022 =( NAMED_UNIT ( * ) SI_UNIT ( $, .STERADIAN. ) SOLID_ANGLE_UNIT ( ) );
#5023 = ORIENTED_EDGE ( 'NONE', *, *, #9166, .T. ) ;
#5024 = DIRECTION ( 'NONE',  ( 0.000000000000000000, -1.000000000000000000, -0.000000000000000000 ) ) ;
#5025 = DIRECTION ( 'NONE',  ( 6.608470384673550038E-16, -0.000000000000000000, 1.000000000000000000 ) ) ;
#5026 =( LENGTH_UNIT ( ) NAMED_UNIT ( * ) SI_UNIT ( .MILLI., .METRE. ) );
#5027 = EDGE_LOOP ( 'NONE', ( #2463, #2034, #7185, #7539 ) ) ;
#5028 = CARTESIAN_POINT ( 'NONE',  ( -1.836467642440389625, 2.416800500238968308, 1.345812921566372777 ) ) ;
#5029 = EDGE_CURVE ( 'NONE', #5478, #7596, #2466, .T. ) ;
#5030 = DIRECTION ( 'NONE',  ( 0.000000000000000000, 0.000000000000000000, 1.000000000000000000 ) ) ;
#5031 = LINE ( 'NONE', #375, #2418 ) ;
#5032 =( GEOMETRIC_REPRESENTATION_CONTEXT ( 3 ) GLOBAL_UNCERTAINTY_ASSIGNED_CONTEXT ( ( #1984 ) ) GLOBAL_UNIT_ASSIGNED_CONTEXT ( ( #1512, #2845, #2893 ) ) REPRESENTATION_CONTEXT ( 'NONE', 'WORKASPACE' ) );
#5033 = ORIENTED_EDGE ( 'NONE', *, *, #5921, .F. ) ;
#5034 = STYLED_ITEM ( 'NONE', ( #355 ), #8149 ) ;
#5035 = ORIENTED_EDGE ( 'NONE', *, *, #348, .F. ) ;
#5036 = FILL_AREA_STYLE ('',( #4193 ) ) ;
#5037 = STYLED_ITEM ( 'NONE', ( #9652 ), #7777 ) ;
#5038 = FACE_OUTER_BOUND ( 'NONE', #8353, .T. ) ;
#5039 =( GEOMETRIC_REPRESENTATION_CONTEXT ( 3 ) GLOBAL_UNCERTAINTY_ASSIGNED_CONTEXT ( ( #6999 ) ) GLOBAL_UNIT_ASSIGNED_CONTEXT ( ( #5163, #1308, #6716 ) ) REPRESENTATION_CONTEXT ( 'NONE', 'WORKASPACE' ) );
#5040 = FILL_AREA_STYLE ('',( #8874 ) ) ;
#5041 = FILL_AREA_STYLE_COLOUR ( '', #5378 ) ;
#5042 = CIRCLE ( 'NONE', #3574, 0.1000000000000000056 ) ;
#5043 = UNCERTAINTY_MEASURE_WITH_UNIT (LENGTH_MEASURE( 1.000000000000000082E-05 ), #6497, 'distance_accuracy_value', 'NONE');
#5044 = EDGE_LOOP ( 'NONE', ( #8622, #1688, #9581, #1237 ) ) ;
#5045 = EDGE_CURVE ( 'NONE', #3479, #1596, #4588, .T. ) ;
#5046 = COLOUR_RGB ( '',0.8313725490196077761, 0.8313725490196077761, 0.8313725490196077761 ) ;
#5047 = ORIENTED_EDGE ( 'NONE', *, *, #8788, .T. ) ;
#5048 = FILL_AREA_STYLE ('',( #5141 ) ) ;
#5049 =( NAMED_UNIT ( * ) PLANE_ANGLE_UNIT ( ) SI_UNIT ( $, .RADIAN. ) );
#5050 =( NAMED_UNIT ( * ) SI_UNIT ( $, .STERADIAN. ) SOLID_ANGLE_UNIT ( ) );
#5051 = VECTOR ( 'NONE', #9423, 1000.000000000000000 ) ;
#5052 = CYLINDRICAL_SURFACE ( 'NONE', #1503, 0.1050000000000000655 ) ;
#5053 = PRESENTATION_LAYER_ASSIGNMENT (  '', '', ( #5709 ) ) ;
#5054 = PRESENTATION_LAYER_ASSIGNMENT (  '', '', ( #8594 ) ) ;
#5055 = VECTOR ( 'NONE', #7676, 1000.000000000000000 ) ;
#5056 = PRESENTATION_LAYER_ASSIGNMENT (  '', '', ( #2430 ) ) ;
#5057 = SURFACE_STYLE_USAGE ( .BOTH. , #9023 ) ;
#5058 = EDGE_CURVE ( 'NONE', #8861, #760, #7647, .T. ) ;
#5059 = ORIENTED_EDGE ( 'NONE', *, *, #6294, .F. ) ;
#5060 = CARTESIAN_POINT ( 'NONE',  ( 1.044999999999999929, 1.145000000000000018, 0.1000000000000010048 ) ) ;
#5061 = VECTOR ( 'NONE', #9106, 1000.000000000000000 ) ;
#5062 = CARTESIAN_POINT ( 'NONE',  ( 1.847535415049505136, 2.388693427578349571, 1.684436654367588382 ) ) ;
#5063 = VECTOR ( 'NONE', #7313, 1000.000000000000227 ) ;
#5064 = CARTESIAN_POINT ( 'NONE',  ( 1.189405335455050006, 0.8900000000000000133, 0.7114753820237430526 ) ) ;
#5065 = PLANE ( 'NONE',  #5160 ) ;
#5066 = DIRECTION ( 'NONE',  ( 0.06975647374412553836, 0.000000000000000000, 0.9975640502598243087 ) ) ;
#5067 = EDGE_LOOP ( 'NONE', ( #6214, #1445, #6270 ) ) ;
#5068 =( NAMED_UNIT ( * ) SI_UNIT ( $, .STERADIAN. ) SOLID_ANGLE_UNIT ( ) );
#5069 = FACE_OUTER_BOUND ( 'NONE', #7402, .T. ) ;
#5070 = STYLED_ITEM ( 'NONE', ( #1715 ), #6814 ) ;
#5071 = ORIENTED_EDGE ( 'NONE', *, *, #9913, .F. ) ;
#5072 = EDGE_CURVE ( 'NONE', #6956, #900, #9206, .T. ) ;
#5073 = EDGE_CURVE ( 'NONE', #8717, #8204, #83, .T. ) ;
#5074 = MECHANICAL_DESIGN_GEOMETRIC_PRESENTATION_REPRESENTATION (  '', ( #6029 ), #2771 ) ;
#5075 = CARTESIAN_POINT ( 'NONE',  ( -1.928793852439659950, 1.649999999999999911, 0.8200000000000019496 ) ) ;
#5076 = SURFACE_SIDE_STYLE ('',( #7270 ) ) ;
#5077 = VERTEX_POINT ( 'NONE', #7803 ) ;
#5078 = CARTESIAN_POINT ( 'NONE',  ( -1.807731438172855531, 2.388693427578347794, 0.1328221854291390946 ) ) ;
#5079 = DIRECTION ( 'NONE',  ( -0.3038144402441612102, 0.4515562583455114964, 0.8389241511889670155 ) ) ;
#5080 = VECTOR ( 'NONE', #6285, 1000.000000000000000 ) ;
#5081 = ORIENTED_EDGE ( 'NONE', *, *, #993, .F. ) ;
#5082 = EDGE_CURVE ( 'NONE', #3277, #265, #1626, .T. ) ;
#5083 = ADVANCED_FACE ( 'NONE', ( #5493 ), #888, .F. ) ;
#5084 = COLOUR_RGB ( '',0.2862745098039215508, 0.2862745098039215508, 0.2862745098039215508 ) ;
#5085 = ORIENTED_EDGE ( 'NONE', *, *, #3291, .T. ) ;
#5086 = CARTESIAN_POINT ( 'NONE',  ( -1.492920983025412873, -2.338417127732530965, 1.737113932095116997 ) ) ;
#5087 = CIRCLE ( 'NONE', #4254, 0.07999999999999982125 ) ;
#5088 = FILL_AREA_STYLE ('',( #1878 ) ) ;
#5089 = CARTESIAN_POINT ( 'NONE',  ( 3.000000000000000444, 0.8900000000000000133, 1.129377263005733721E-18 ) ) ;
#5090 = FILL_AREA_STYLE ('',( #7290 ) ) ;
#5091 = FILL_AREA_STYLE_COLOUR ( '', #2909 ) ;
#5092 = DIRECTION ( 'NONE',  ( 0.000000000000000000, 0.000000000000000000, -1.000000000000000000 ) ) ;
#5093 = STYLED_ITEM ( 'NONE', ( #817 ), #7381 ) ;
#5094 = CIRCLE ( 'NONE', #1372, 0.08000000000000005718 ) ;
#5095 = VERTEX_POINT ( 'NONE', #6724 ) ;
#5096 = DIRECTION ( 'NONE',  ( 0.000000000000000000, 1.000000000000000000, 0.000000000000000000 ) ) ;
#5097 = ORIENTED_EDGE ( 'NONE', *, *, #3114, .F. ) ;
#5098 = CARTESIAN_POINT ( 'NONE',  ( -1.928793852439659950, -1.649999999999999911, 0.7114753820237430526 ) ) ;
#5099 = LINE ( 'NONE', #3385, #8135 ) ;
#5100 = LINE ( 'NONE', #8183, #8800 ) ;
#5101 = UNCERTAINTY_MEASURE_WITH_UNIT (LENGTH_MEASURE( 1.000000000000000082E-05 ), #3495, 'distance_accuracy_value', 'NONE');
#5102 = CARTESIAN_POINT ( 'NONE',  ( -1.492920983025413095, 2.338417127732530520, 1.737113932095117219 ) ) ;
#5103 = ORIENTED_EDGE ( 'NONE', *, *, #3478, .F. ) ;
#5104 = CARTESIAN_POINT ( 'NONE',  ( 2.346432839248831836, 0.3799999999999998934, 0.04570186794230132743 ) ) ;
#5105 = SURFACE_STYLE_FILL_AREA ( #8940 ) ;
#5106 = CARTESIAN_POINT ( 'NONE',  ( -1.876672648650954622, -2.338986644132700299, 0.1663894696302021525 ) ) ;
#5107 = FILL_AREA_STYLE ('',( #4228 ) ) ;
#5108 = DIRECTION ( 'NONE',  ( -0.000000000000000000, -1.000000000000000000, -0.000000000000000000 ) ) ;
#5109 = FILL_AREA_STYLE_COLOUR ( '', #5328 ) ;
#5110 = ADVANCED_FACE ( 'NONE', ( #3517 ), #396, .T. ) ;
#5111 = UNCERTAINTY_MEASURE_WITH_UNIT (LENGTH_MEASURE( 1.000000000000000082E-05 ), #9597, 'distance_accuracy_value', 'NONE');
#5112 = DIRECTION ( 'NONE',  ( 0.9945218953682734009, 0.000000000000000000, 0.1045284632676535680 ) ) ;
#5113 = CARTESIAN_POINT ( 'NONE',  ( 2.151833221588806744, 0.6350000000000000089, 0.2374399716845536912 ) ) ;
#5114 = LINE ( 'NONE', #8195, #7787 ) ;
#5115 = CARTESIAN_POINT ( 'NONE',  ( 2.005945153285420446, 0.6350000000000000089, 0.7150000000000019673 ) ) ;
#5116 = ORIENTED_EDGE ( 'NONE', *, *, #71, .T. ) ;
#5117 = CARTESIAN_POINT ( 'NONE',  ( -1.145000000000000018, -1.044999999999999929, 0.1000000000000010048 ) ) ;
#5118 = LINE ( 'NONE', #4493, #1640 ) ;
#5119 = ADVANCED_FACE ( 'NONE', ( #9192 ), #1560, .T. ) ;
#5120 = CARTESIAN_POINT ( 'NONE',  ( -2.167034018033049847, 0.8900000000000001243, 0.05824665557634479962 ) ) ;
#5121 =( LENGTH_UNIT ( ) NAMED_UNIT ( * ) SI_UNIT ( .MILLI., .METRE. ) );
#5122 = ORIENTED_EDGE ( 'NONE', *, *, #992, .T. ) ;
#5123 = ORIENTED_EDGE ( 'NONE', *, *, #5523, .T. ) ;
#5124 = CARTESIAN_POINT ( 'NONE',  ( -1.471322712095429974, -2.279456144886533142, 1.770928324479166260 ) ) ;
#5125 = CARTESIAN_POINT ( 'NONE',  ( -1.884384548889721955, -2.304822797260260181, 0.1957106843085437420 ) ) ;
#5126 =( NAMED_UNIT ( * ) SI_UNIT ( $, .STERADIAN. ) SOLID_ANGLE_UNIT ( ) );
#5127 = LINE ( 'NONE', #8209, #6324 ) ;
#5128 = DIRECTION ( 'NONE',  ( 0.000000000000000000, 0.000000000000000000, 1.000000000000000000 ) ) ;
#5129 = CARTESIAN_POINT ( 'NONE',  ( -2.458105539086119951, -0.3800000000000000044, 0.3536621499571240279 ) ) ;
#5130 = FACE_OUTER_BOUND ( 'NONE', #805, .T. ) ;
#5131 = DIRECTION ( 'NONE',  ( 0.000000000000000000, -0.000000000000000000, -1.000000000000000000 ) ) ;
#5132 = EDGE_CURVE ( 'NONE', #421, #5435, #2935, .T. ) ;
#5133 = UNCERTAINTY_MEASURE_WITH_UNIT (LENGTH_MEASURE( 1.000000000000000082E-05 ), #6309, 'distance_accuracy_value', 'NONE');
#5134 = SURFACE_STYLE_USAGE ( .BOTH. , #2774 ) ;
#5135 = PRESENTATION_LAYER_ASSIGNMENT (  '', '', ( #9620 ) ) ;
#5136 = CLOSED_SHELL ( 'NONE', ( #8644, #7844, #9724, #5425, #6877, #1785, #3233, #7694, #2699, #8288, #4299, #8098, #2922, #7631 ) ) ;
#5137 = ORIENTED_EDGE ( 'NONE', *, *, #8838, .F. ) ;
#5138 = DIRECTION ( 'NONE',  ( 1.000000000000000000, 0.000000000000000000, -6.608470384673550038E-16 ) ) ;
#5139 = SURFACE_SIDE_STYLE ('',( #7439 ) ) ;
#5140 = VERTEX_POINT ( 'NONE', #2397 ) ;
#5141 = FILL_AREA_STYLE_COLOUR ( '', #3754 ) ;
#5142 =( NAMED_UNIT ( * ) PLANE_ANGLE_UNIT ( ) SI_UNIT ( $, .RADIAN. ) );
#5143 = VECTOR ( 'NONE', #3298, 1000.000000000000000 ) ;
#5144 = PRESENTATION_LAYER_ASSIGNMENT (  '', '', ( #7063 ) ) ;
#5145 = DIRECTION ( 'NONE',  ( -0.9964213197442519654, 0.000000000000000000, 0.08452546101100759379 ) ) ;
#5146 = FILL_AREA_STYLE ('',( #5298 ) ) ;
#5147 = EDGE_CURVE ( 'NONE', #2704, #5710, #7728, .T. ) ;
#5148 = PRESENTATION_STYLE_ASSIGNMENT (( #8979 ) ) ;
#5149 = COLOUR_RGB ( '',0.8313725490196077761, 0.8313725490196077761, 0.8313725490196077761 ) ;
#5150 = CARTESIAN_POINT ( 'NONE',  ( 1.768056511363100824, -2.421364504079360991, 0.1448069115720495847 ) ) ;
#5151 = VERTEX_POINT ( 'NONE', #5325 ) ;
#5152 = MECHANICAL_DESIGN_GEOMETRIC_PRESENTATION_REPRESENTATION (  '', ( #9007 ), #8056 ) ;
#5153 = CARTESIAN_POINT ( 'NONE',  ( 1.833743087720910214, 2.436249167634577439, 0.2427961956862506321 ) ) ;
#5154 = DIRECTION ( 'NONE',  ( 0.000000000000000000, 0.000000000000000000, -1.000000000000000000 ) ) ;
#5155 = SURFACE_SIDE_STYLE ('',( #8891 ) ) ;
#5156 =( NAMED_UNIT ( * ) PLANE_ANGLE_UNIT ( ) SI_UNIT ( $, .RADIAN. ) );
#5157 = CARTESIAN_POINT ( 'NONE',  ( 1.845189659078855238, 2.345189659078864342, 1.722150640348744988 ) ) ;
#5158 = CARTESIAN_POINT ( 'NONE',  ( -1.044999999999999929, -1.044999999999999929, 0.1000000000000010048 ) ) ;
#5159 = SURFACE_STYLE_USAGE ( .BOTH. , #2835 ) ;
#5160 = AXIS2_PLACEMENT_3D ( 'NONE', #9779, #5967, #9029 ) ;
#5161 = DIRECTION ( 'NONE',  ( -0.9964213197442519654, 0.000000000000000000, 0.08452546101100759379 ) ) ;
#5162 = STYLED_ITEM ( 'NONE', ( #4059 ), #1005 ) ;
#5163 =( LENGTH_UNIT ( ) NAMED_UNIT ( * ) SI_UNIT ( .MILLI., .METRE. ) );
#5164 = PRESENTATION_STYLE_ASSIGNMENT (( #3612 ) ) ;
#5165 = FACE_OUTER_BOUND ( 'NONE', #2503, .T. ) ;
#5166 = ADVANCED_FACE ( 'NONE', ( #9931 ), #2953, .F. ) ;
#5167 = CARTESIAN_POINT ( 'NONE',  ( -1.802292627064890018, 2.381854378694351126, 0.1716377229385889214 ) ) ;
#5168 = STYLED_ITEM ( 'NONE', ( #7183 ), #8461 ) ;
#5169 = CARTESIAN_POINT ( 'NONE',  ( -1.928793852439659950, 0.3800000000000000044, 0.7114753820237430526 ) ) ;
#5170 = CARTESIAN_POINT ( 'NONE',  ( 0.2285000000000000364, -1.401000000000000023, 0.1000000000000006717 ) ) ;
#5171 =( NAMED_UNIT ( * ) SI_UNIT ( $, .STERADIAN. ) SOLID_ANGLE_UNIT ( ) );
#5172 =( LENGTH_UNIT ( ) NAMED_UNIT ( * ) SI_UNIT ( .MILLI., .METRE. ) );
#5173 = ORIENTED_EDGE ( 'NONE', *, *, #2017, .F. ) ;
#5174 = VECTOR ( 'NONE', #3169, 1000.000000000000227 ) ;
#5175 = CARTESIAN_POINT ( 'NONE',  ( -2.151833221588800082, -2.160000000000000142, 0.2374399716845529973 ) ) ;
#5176 = VERTEX_POINT ( 'NONE', #217 ) ;
#5177 = DIRECTION ( 'NONE',  ( -0.1039620511844980000, -0.1039620511844980000, 0.9891328443778539814 ) ) ;
#5178 = EDGE_CURVE ( 'NONE', #3635, #5478, #2609, .T. ) ;
#5179 = CARTESIAN_POINT ( 'NONE',  ( 1.949999403068537918, 2.370218527253803664, 0.8199943205765112264 ) ) ;
#5180 = ORIENTED_EDGE ( 'NONE', *, *, #933, .T. ) ;
#5181 = CARTESIAN_POINT ( 'NONE',  ( 1.189405335455050006, 1.649999999999999911, 1.030000000000000027 ) ) ;
#5182 = DIRECTION ( 'NONE',  ( -1.000000000000000000, 0.000000000000000000, -0.000000000000000000 ) ) ;
#5183 = FACE_OUTER_BOUND ( 'NONE', #8470, .T. ) ;
#5184 = PRESENTATION_STYLE_ASSIGNMENT (( #4346 ) ) ;
#5185 = MECHANICAL_DESIGN_GEOMETRIC_PRESENTATION_REPRESENTATION (  '', ( #9513 ), #6454 ) ;
#5186 = CARTESIAN_POINT ( 'NONE',  ( 3.000000000000000444, 1.649999999999999689, 6.550388125433255545E-17 ) ) ;
#5187 = UNCERTAINTY_MEASURE_WITH_UNIT (LENGTH_MEASURE( 1.000000000000000082E-05 ), #4420, 'distance_accuracy_value', 'NONE');
#5188 = CARTESIAN_POINT ( 'NONE',  ( 1.189405335455050006, -0.8900000000000000133, 1.030000000000000027 ) ) ;
#5189 = PRESENTATION_LAYER_ASSIGNMENT (  '', '', ( #9520 ) ) ;
#5190 = ORIENTED_EDGE ( 'NONE', *, *, #122, .F. ) ;
#5191 =( GEOMETRIC_REPRESENTATION_CONTEXT ( 3 ) GLOBAL_UNCERTAINTY_ASSIGNED_CONTEXT ( ( #2773 ) ) GLOBAL_UNIT_ASSIGNED_CONTEXT ( ( #3011, #7541, #6790 ) ) REPRESENTATION_CONTEXT ( 'NONE', 'WORKASPACE' ) );
#5192 = VECTOR ( 'NONE', #7386, 1000.000000000000227 ) ;
#5193 = AXIS2_PLACEMENT_3D ( 'NONE', #8728, #1792, #6438 ) ;
#5194 = VERTEX_POINT ( 'NONE', #5634 ) ;
#5195 = DIRECTION ( 'NONE',  ( 1.000000000000000000, 0.000000000000000000, 3.040008243693350015E-16 ) ) ;
#5196 = EDGE_CURVE ( 'NONE', #179, #8553, #311, .T. ) ;
#5197 = EDGE_LOOP ( 'NONE', ( #5137, #7938, #7124, #890, #2399, #3341, #2269, #7322, #1486, #5326, #425, #8842 ) ) ;
#5198 = EDGE_CURVE ( 'NONE', #3535, #6457, #5087, .T. ) ;
#5199 = DIRECTION ( 'NONE',  ( 0.000000000000000000, -1.000000000000000000, 0.000000000000000000 ) ) ;
#5200 = FACE_OUTER_BOUND ( 'NONE', #3091, .T. ) ;
#5201 = CARTESIAN_POINT ( 'NONE',  ( 1.778333972310205624, 2.327900865654992657, 0.1080958903910342328 ) ) ;
#5202 =( GEOMETRIC_REPRESENTATION_CONTEXT ( 3 ) GLOBAL_UNCERTAINTY_ASSIGNED_CONTEXT ( ( #9856 ) ) GLOBAL_UNIT_ASSIGNED_CONTEXT ( ( #5860, #9661, #8879 ) ) REPRESENTATION_CONTEXT ( 'NONE', 'WORKASPACE' ) );
#5203 = FILL_AREA_STYLE_COLOUR ( '', #4980 ) ;
#5204 = AXIS2_PLACEMENT_3D ( 'NONE', #9033, #6201, #5221 ) ;
#5205 = UNCERTAINTY_MEASURE_WITH_UNIT (LENGTH_MEASURE( 1.000000000000000082E-05 ), #5982, 'distance_accuracy_value', 'NONE');
#5206 = STYLED_ITEM ( 'NONE', ( #2611 ), #6077 ) ;
#5207 = CARTESIAN_POINT ( 'NONE',  ( -1.492920983025412873, 2.338417127732530520, 1.737113932095116997 ) ) ;
#5208 = VERTEX_POINT ( 'NONE', #1907 ) ;
#5209 = EDGE_CURVE ( 'NONE', #3535, #1921, #718, .T. ) ;
#5210 = PRESENTATION_LAYER_ASSIGNMENT (  '', '', ( #7771 ) ) ;
#5211 = STYLED_ITEM ( 'NONE', ( #9152 ), #2920 ) ;
#5212 = CARTESIAN_POINT ( 'NONE',  ( 1.845189659078865452, 2.345189659078864786, 0.1278493596512560726 ) ) ;
#5213 = PRESENTATION_STYLE_ASSIGNMENT (( #4632 ) ) ;
#5214 = SURFACE_STYLE_USAGE ( .BOTH. , #5965 ) ;
#5215 = CARTESIAN_POINT ( 'NONE',  ( 1.189405335455050006, -0.8900000000000000133, 1.030000000000000027 ) ) ;
#5216 = DIRECTION ( 'NONE',  ( 0.000000000000000000, -1.000000000000000000, 0.000000000000000000 ) ) ;
#5217 = PRESENTATION_LAYER_ASSIGNMENT (  '', '', ( #370 ) ) ;
#5218 = DIRECTION ( 'NONE',  ( 0.000000000000000000, 1.000000000000000000, 0.000000000000000000 ) ) ;
#5219 = PRESENTATION_LAYER_ASSIGNMENT (  '', '', ( #9550 ) ) ;
#5220 = VECTOR ( 'NONE', #4198, 999.9999999999998863 ) ;
#5221 = DIRECTION ( 'NONE',  ( 0.000000000000000000, 0.000000000000000000, 1.000000000000000000 ) ) ;
#5222 = AXIS2_PLACEMENT_3D ( 'NONE', #2358, #4615, #5491 ) ;
#5223 = FILL_AREA_STYLE ('',( #9179 ) ) ;
#5224 = PRESENTATION_LAYER_ASSIGNMENT (  '', '', ( #5393 ) ) ;
#5225 = CARTESIAN_POINT ( 'NONE',  ( 1.845189659078864564, -2.345189659078864342, 0.1278493596512555730 ) ) ;
#5226 = COLOUR_RGB ( '',0.2862745098039215508, 0.2862745098039215508, 0.2862745098039215508 ) ;
#5227 = LINE ( 'NONE', #5886, #7269 ) ;
#5228 =( NAMED_UNIT ( * ) SI_UNIT ( $, .STERADIAN. ) SOLID_ANGLE_UNIT ( ) );
#5229 = STYLED_ITEM ( 'NONE', ( #6735 ), #2494 ) ;
#5230 = ORIENTED_EDGE ( 'NONE', *, *, #3701, .T. ) ;
#5231 = LINE ( 'NONE', #1968, #1978 ) ;
#5232 = STYLED_ITEM ( 'NONE', ( #7302 ), #4486 ) ;
#5233 = EDGE_LOOP ( 'NONE', ( #1141, #5834, #3222, #109 ) ) ;
#5234 = ORIENTED_EDGE ( 'NONE', *, *, #6460, .T. ) ;
#5235 = FILL_AREA_STYLE ('',( #9047 ) ) ;
#5236 =( NAMED_UNIT ( * ) PLANE_ANGLE_UNIT ( ) SI_UNIT ( $, .RADIAN. ) );
#5237 = VECTOR ( 'NONE', #5866, 1000.000000000000000 ) ;
#5238 = CARTESIAN_POINT ( 'NONE',  ( 0.2285000000000000364, 1.401000000000000023, 0.3000000000000009881 ) ) ;
#5239 =( LENGTH_UNIT ( ) NAMED_UNIT ( * ) SI_UNIT ( .MILLI., .METRE. ) );
#5240 =( NAMED_UNIT ( * ) PLANE_ANGLE_UNIT ( ) SI_UNIT ( $, .RADIAN. ) );
#5241 = LINE ( 'NONE', #2122, #5359 ) ;
#5242 = UNCERTAINTY_MEASURE_WITH_UNIT (LENGTH_MEASURE( 1.000000000000000082E-05 ), #7102, 'distance_accuracy_value', 'NONE');
#5243 = SURFACE_SIDE_STYLE ('',( #3671 ) ) ;
#5244 = EDGE_CURVE ( 'NONE', #7903, #9239, #8039, .T. ) ;
#5245 = ORIENTED_EDGE ( 'NONE', *, *, #8771, .F. ) ;
#5246 = CARTESIAN_POINT ( 'NONE',  ( 1.928793852439659950, -2.160000000000000142, 0.7114753820237430526 ) ) ;
#5247 =( GEOMETRIC_REPRESENTATION_CONTEXT ( 3 ) GLOBAL_UNCERTAINTY_ASSIGNED_CONTEXT ( ( #9205 ) ) GLOBAL_UNIT_ASSIGNED_CONTEXT ( ( #5121, #3708, #5932 ) ) REPRESENTATION_CONTEXT ( 'NONE', 'WORKASPACE' ) );
#5248 = ORIENTED_EDGE ( 'NONE', *, *, #5362, .T. ) ;
#5249 = FACE_OUTER_BOUND ( 'NONE', #5946, .T. ) ;
#5250 = VERTEX_POINT ( 'NONE', #2454 ) ;
#5251 =( NAMED_UNIT ( * ) SI_UNIT ( $, .STERADIAN. ) SOLID_ANGLE_UNIT ( ) );
#5252 = DIRECTION ( 'NONE',  ( 0.000000000000000000, 1.000000000000000000, 0.000000000000000000 ) ) ;
#5253 = CARTESIAN_POINT ( 'NONE',  ( -1.916733101748961499, -2.337171350119499280, 1.346513394221921844 ) ) ;
#5254 = FILL_AREA_STYLE ('',( #5297 ) ) ;
#5255 = VECTOR ( 'NONE', #6939, 1000.000000000000000 ) ;
#5256 = FACE_OUTER_BOUND ( 'NONE', #5474, .T. ) ;
#5257 = AXIS2_PLACEMENT_3D ( 'NONE', #2334, #5464, #8536 ) ;
#5258 = FILL_AREA_STYLE ('',( #2136 ) ) ;
#5259 = EDGE_CURVE ( 'NONE', #265, #3327, #9576, .T. ) ;
#5260 = CARTESIAN_POINT ( 'NONE',  ( -1.156017538955886659, 2.235847920449815174, 1.749999999999999778 ) ) ;
#5261 = CARTESIAN_POINT ( 'NONE',  ( 1.801300639614444421, -2.338986644132700299, 0.1043914680145889978 ) ) ;
#5262 = ORIENTED_EDGE ( 'NONE', *, *, #4993, .F. ) ;
#5263 = AXIS2_PLACEMENT_3D ( 'NONE', #4117, #7202, #295 ) ;
#5264 = CARTESIAN_POINT ( 'NONE',  ( 1.768056511363104599, 2.421364504079358326, 0.1448069115720481692 ) ) ;
#5265 = CARTESIAN_POINT ( 'NONE',  ( -1.044999999999999929, 1.044999999999999929, 0.1000000000000010048 ) ) ;
#5266 = PRESENTATION_STYLE_ASSIGNMENT (( #2146 ) ) ;
#5267 =( LENGTH_UNIT ( ) NAMED_UNIT ( * ) SI_UNIT ( .MILLI., .METRE. ) );
#5268 =( NAMED_UNIT ( * ) SI_UNIT ( $, .STERADIAN. ) SOLID_ANGLE_UNIT ( ) );
#5269 = DIRECTION ( 'NONE',  ( 0.000000000000000000, -0.000000000000000000, -1.000000000000000000 ) ) ;
#5270 = EDGE_CURVE ( 'NONE', #1264, #7843, #8652, .T. ) ;
#5271 = EDGE_CURVE ( 'NONE', #9443, #7072, #1364, .T. ) ;
#5272 = CARTESIAN_POINT ( 'NONE',  ( 2.361081698735099987, -1.649999999999999911, 0.2551903184968640215 ) ) ;
#5273 = SURFACE_SIDE_STYLE ('',( #1225 ) ) ;
#5274 = PLANE ( 'NONE',  #5506 ) ;
#5275 = DIRECTION ( 'NONE',  ( -1.000000000000000000, -0.000000000000000000, 0.000000000000000000 ) ) ;
#5276 = ORIENTED_EDGE ( 'NONE', *, *, #8275, .T. ) ;
#5277 = EDGE_CURVE ( 'NONE', #1582, #9401, #6462, .T. ) ;
#5278 = CARTESIAN_POINT ( 'NONE',  ( -1.189405335455050006, -1.649999999999999689, 1.030000000000000027 ) ) ;
#5279 = SURFACE_SIDE_STYLE ('',( #2712 ) ) ;
#5280 = ORIENTED_EDGE ( 'NONE', *, *, #1959, .T. ) ;
#5281 = CARTESIAN_POINT ( 'NONE',  ( -1.044999999999999929, 1.044999999999999929, 0.1000000000000010048 ) ) ;
#5282 = DIRECTION ( 'NONE',  ( 0.000000000000000000, 0.000000000000000000, 1.000000000000000000 ) ) ;
#5283 = SURFACE_STYLE_FILL_AREA ( #3054 ) ;
#5284 = CARTESIAN_POINT ( 'NONE',  ( 2.361081698735099987, -2.160000000000000142, 0.2551903184968640215 ) ) ;
#5285 = CARTESIAN_POINT ( 'NONE',  ( -1.802292627064890240, -2.337529200819810082, 0.1081781100916026639 ) ) ;
#5286 =( LENGTH_UNIT ( ) NAMED_UNIT ( * ) SI_UNIT ( .MILLI., .METRE. ) );
#5287 = UNCERTAINTY_MEASURE_WITH_UNIT (LENGTH_MEASURE( 1.000000000000000082E-05 ), #5026, 'distance_accuracy_value', 'NONE');
#5288 =( NAMED_UNIT ( * ) PLANE_ANGLE_UNIT ( ) SI_UNIT ( $, .RADIAN. ) );
#5289 = ORIENTED_EDGE ( 'NONE', *, *, #5014, .F. ) ;
#5290 = SURFACE_SIDE_STYLE ('',( #3007 ) ) ;
#5291 = ORIENTED_EDGE ( 'NONE', *, *, #1680, .T. ) ;
#5292 = CARTESIAN_POINT ( 'NONE',  ( 1.802292627064890018, -2.381854378694351126, 0.1716377229385878944 ) ) ;
#5293 = ORIENTED_EDGE ( 'NONE', *, *, #5437, .F. ) ;
#5294 = ORIENTED_EDGE ( 'NONE', *, *, #750, .F. ) ;
#5295 = ADVANCED_FACE ( 'NONE', ( #3205 ), #7261, .T. ) ;
#5296 = FILL_AREA_STYLE ('',( #4359 ) ) ;
#5297 = FILL_AREA_STYLE_COLOUR ( '', #8917 ) ;
#5298 = FILL_AREA_STYLE_COLOUR ( '', #5084 ) ;
#5299 = COLOUR_RGB ( '',0.2862745098039215508, 0.2862745098039215508, 0.2862745098039215508 ) ;
#5300 = UNCERTAINTY_MEASURE_WITH_UNIT (LENGTH_MEASURE( 1.000000000000000082E-05 ), #2368, 'distance_accuracy_value', 'NONE');
#5301 = CARTESIAN_POINT ( 'NONE',  ( -1.368316686139116056, 2.044916436039913243, 1.749999999999999778 ) ) ;
#5302 = ORIENTED_EDGE ( 'NONE', *, *, #3291, .F. ) ;
#5303 = VECTOR ( 'NONE', #1215, 1000.000000000000000 ) ;
#5304 = DIRECTION ( 'NONE',  ( 1.000000000000000000, -0.000000000000000000, -1.779203565104420086E-16 ) ) ;
#5305 = ADVANCED_FACE ( 'NONE', ( #5069 ), #569, .T. ) ;
#5306 = DIRECTION ( 'NONE',  ( -0.000000000000000000, -1.000000000000000000, -0.000000000000000000 ) ) ;
#5307 = PLANE ( 'NONE',  #6349 ) ;
#5308 = CARTESIAN_POINT ( 'NONE',  ( 2.005945153285420446, -2.160000000000000142, 0.8200000000000016165 ) ) ;
#5309 = DIRECTION ( 'NONE',  ( 0.000000000000000000, -1.000000000000000000, 0.000000000000000000 ) ) ;
#5310 = STYLED_ITEM ( 'NONE', ( #2653 ), #853 ) ;
#5311 = VECTOR ( 'NONE', #405, 1000.000000000000000 ) ;
#5312 = UNCERTAINTY_MEASURE_WITH_UNIT (LENGTH_MEASURE( 1.000000000000000082E-05 ), #9738, 'distance_accuracy_value', 'NONE');
#5313 = LINE ( 'NONE', #8436, #575 ) ;
#5314 = VERTEX_POINT ( 'NONE', #8299 ) ;
#5315 = SURFACE_STYLE_FILL_AREA ( #2842 ) ;
#5316 = EDGE_CURVE ( 'NONE', #8832, #6699, #1054, .T. ) ;
#5317 = EDGE_CURVE ( 'NONE', #5324, #283, #2307, .T. ) ;
#5318 = FILL_AREA_STYLE_COLOUR ( '', #647 ) ;
#5319 = FILL_AREA_STYLE ('',( #659 ) ) ;
#5320 = SURFACE_STYLE_FILL_AREA ( #1662 ) ;
#5321 = DIRECTION ( 'NONE',  ( 0.000000000000000000, -1.000000000000000000, 0.000000000000000000 ) ) ;
#5322 = VECTOR ( 'NONE', #263, 1000.000000000000000 ) ;
#5323 = CARTESIAN_POINT ( 'NONE',  ( -2.102415215385780023, 0.6350000000000000089, 0.8200000000000009504 ) ) ;
#5324 = VERTEX_POINT ( 'NONE', #6615 ) ;
#5325 = CARTESIAN_POINT ( 'NONE',  ( -0.2285000000000000087, -1.145000000000000018, 0.1000000000000010603 ) ) ;
#5326 = ORIENTED_EDGE ( 'NONE', *, *, #9079, .F. ) ;
#5327 = ORIENTED_EDGE ( 'NONE', *, *, #4367, .F. ) ;
#5328 = COLOUR_RGB ( '',0.2862745098039215508, 0.2862745098039215508, 0.2862745098039215508 ) ;
#5329 = EDGE_LOOP ( 'NONE', ( #7995, #3366, #8551, #7186 ) ) ;
#5330 = SURFACE_STYLE_FILL_AREA ( #2211 ) ;
#5331 = LINE ( 'NONE', #2353, #3846 ) ;
#5332 = FILL_AREA_STYLE_COLOUR ( '', #5867 ) ;
#5333 = SURFACE_STYLE_FILL_AREA ( #6690 ) ;
#5334 = DIRECTION ( 'NONE',  ( 1.000000000000000000, -0.000000000000000000, -1.779203565104420086E-16 ) ) ;
#5335 = UNCERTAINTY_MEASURE_WITH_UNIT (LENGTH_MEASURE( 1.000000000000000082E-05 ), #8855, 'distance_accuracy_value', 'NONE');
#5336 =( GEOMETRIC_REPRESENTATION_CONTEXT ( 3 ) GLOBAL_UNCERTAINTY_ASSIGNED_CONTEXT ( ( #8062 ) ) GLOBAL_UNIT_ASSIGNED_CONTEXT ( ( #1826, #5599, #927 ) ) REPRESENTATION_CONTEXT ( 'NONE', 'WORKASPACE' ) );
#5337 = ORIENTED_EDGE ( 'NONE', *, *, #7394, .T. ) ;
#5338 = SURFACE_STYLE_FILL_AREA ( #3722 ) ;
#5339 = MECHANICAL_DESIGN_GEOMETRIC_PRESENTATION_REPRESENTATION (  '', ( #3194 ), #2395 ) ;
#5340 = MECHANICAL_DESIGN_GEOMETRIC_PRESENTATION_REPRESENTATION (  '', ( #654 ), #8563 ) ;
#5341 = VERTEX_POINT ( 'NONE', #9687 ) ;
#5342 = ORIENTED_EDGE ( 'NONE', *, *, #5244, .F. ) ;
#5343 = DIRECTION ( 'NONE',  ( 0.000000000000000000, 0.000000000000000000, 1.000000000000000000 ) ) ;
#5344 = COLOUR_RGB ( '',0.2862745098039215508, 0.2862745098039215508, 0.2862745098039215508 ) ;
#5345 =( LENGTH_UNIT ( ) NAMED_UNIT ( * ) SI_UNIT ( .MILLI., .METRE. ) );
#5346 = CARTESIAN_POINT ( 'NONE',  ( 1.822058643589076432, 2.219552563675406986, 0.05493907512491937040 ) ) ;
#5347 = AXIS2_PLACEMENT_3D ( 'NONE', #5917, #7671, #8239 ) ;
#5348 = PRESENTATION_LAYER_ASSIGNMENT (  '', '', ( #4027 ) ) ;
#5349 = SURFACE_SIDE_STYLE ('',( #1542 ) ) ;
#5350 = ORIENTED_EDGE ( 'NONE', *, *, #8275, .F. ) ;
#5351 = AXIS2_PLACEMENT_3D ( 'NONE', #4204, #6543, #7295 ) ;
#5352 = CARTESIAN_POINT ( 'NONE',  ( 1.734609301031338147, 2.436249167634577439, 0.1612527056571478601 ) ) ;
#5353 = STYLED_ITEM ( 'NONE', ( #9114 ), #7690 ) ;
#5354 =( NAMED_UNIT ( * ) SI_UNIT ( $, .STERADIAN. ) SOLID_ANGLE_UNIT ( ) );
#5355 = VERTEX_POINT ( 'NONE', #419 ) ;
#5356 = SURFACE_SIDE_STYLE ('',( #2241 ) ) ;
#5357 = DIRECTION ( 'NONE',  ( 1.000000000000000000, 0.000000000000000000, 0.000000000000000000 ) ) ;
#5358 = PRESENTATION_STYLE_ASSIGNMENT (( #6156 ) ) ;
#5359 = VECTOR ( 'NONE', #4459, 1000.000000000000000 ) ;
#5360 = MECHANICAL_DESIGN_GEOMETRIC_PRESENTATION_REPRESENTATION (  '', ( #2579 ), #1009 ) ;
#5361 =( GEOMETRIC_REPRESENTATION_CONTEXT ( 3 ) GLOBAL_UNCERTAINTY_ASSIGNED_CONTEXT ( ( #2468 ) ) GLOBAL_UNIT_ASSIGNED_CONTEXT ( ( #365, #7175, #4084 ) ) REPRESENTATION_CONTEXT ( 'NONE', 'WORKASPACE' ) );
#5362 = EDGE_CURVE ( 'NONE', #9353, #9194, #3561, .T. ) ;
#5363 = PRESENTATION_LAYER_ASSIGNMENT (  '', '', ( #6954 ) ) ;
#5364 = CARTESIAN_POINT ( 'NONE',  ( 2.167034018033049847, 0.6350000000000000089, 0.05824665557634479962 ) ) ;
#5365 = ORIENTED_EDGE ( 'NONE', *, *, #8949, .T. ) ;
#5366 = LINE ( 'NONE', #6717, #1335 ) ;
#5367 = PRESENTATION_STYLE_ASSIGNMENT (( #1415 ) ) ;
#5368 = LINE ( 'NONE', #4599, #5055 ) ;
#5369 = DIRECTION ( 'NONE',  ( 1.000000000000000000, 0.000000000000000000, 0.000000000000000000 ) ) ;
#5370 = PRESENTATION_STYLE_ASSIGNMENT (( #9891 ) ) ;
#5371 = AXIS2_PLACEMENT_3D ( 'NONE', #8404, #820, #8356 ) ;
#5372 = FILL_AREA_STYLE_COLOUR ( '', #7713 ) ;
#5373 = CIRCLE ( 'NONE', #3887, 0.2100000000000000200 ) ;
#5374 = LINE ( 'NONE', #8443, #2042 ) ;
#5375 = ORIENTED_EDGE ( 'NONE', *, *, #8625, .F. ) ;
#5376 = FILL_AREA_STYLE_COLOUR ( '', #4064 ) ;
#5377 = EDGE_CURVE ( 'NONE', #9946, #6174, #9783, .T. ) ;
#5378 = COLOUR_RGB ( '',0.8313725490196077761, 0.8313725490196077761, 0.8313725490196077761 ) ;
#5379 = DIRECTION ( 'NONE',  ( -1.000000000000000000, 0.000000000000000000, 1.779203565104420086E-16 ) ) ;
#5380 = EDGE_CURVE ( 'NONE', #1161, #6178, #509, .T. ) ;
#5381 = AXIS2_PLACEMENT_3D ( 'NONE', #7664, #9957, #5901 ) ;
#5382 = ORIENTED_EDGE ( 'NONE', *, *, #5706, .T. ) ;
#5383 = VECTOR ( 'NONE', #8860, 1000.000000000000000 ) ;
#5384 = ORIENTED_EDGE ( 'NONE', *, *, #3038, .T. ) ;
#5385 = FILL_AREA_STYLE ('',( #9195 ) ) ;
#5386 = SURFACE_STYLE_USAGE ( .BOTH. , #6073 ) ;
#5387 = LINE ( 'NONE', #8768, #9538 ) ;
#5388 = VECTOR ( 'NONE', #7986, 1000.000000000000000 ) ;
#5389 = DIRECTION ( 'NONE',  ( 0.000000000000000000, -1.000000000000000000, -0.000000000000000000 ) ) ;
#5390 = MECHANICAL_DESIGN_GEOMETRIC_PRESENTATION_REPRESENTATION (  '', ( #6171 ), #9076 ) ;
#5391 = FILL_AREA_STYLE_COLOUR ( '', #6018 ) ;
#5392 = VECTOR ( 'NONE', #5539, 1000.000000000000000 ) ;
#5393 = STYLED_ITEM ( 'NONE', ( #1116 ), #4299 ) ;
#5394 = SURFACE_STYLE_FILL_AREA ( #9204 ) ;
#5395 = AXIS2_PLACEMENT_3D ( 'NONE', #6555, #1114, #2691 ) ;
#5396 = UNCERTAINTY_MEASURE_WITH_UNIT (LENGTH_MEASURE( 1.000000000000000082E-05 ), #2213, 'distance_accuracy_value', 'NONE');
#5397 = EDGE_CURVE ( 'NONE', #3277, #9886, #8812, .T. ) ;
#5398 = EDGE_CURVE ( 'NONE', #4164, #6575, #9101, .T. ) ;
#5399 = ORIENTED_EDGE ( 'NONE', *, *, #5452, .T. ) ;
#5400 = STYLED_ITEM ( 'NONE', ( #1938 ), #7087 ) ;
#5401 = ORIENTED_EDGE ( 'NONE', *, *, #5496, .F. ) ;
#5402 =( LENGTH_UNIT ( ) NAMED_UNIT ( * ) SI_UNIT ( .MILLI., .METRE. ) );
#5403 = VERTEX_POINT ( 'NONE', #8484 ) ;
#5404 = DIRECTION ( 'NONE',  ( -0.000000000000000000, -1.000000000000000000, -0.000000000000000000 ) ) ;
#5405 = CYLINDRICAL_SURFACE ( 'NONE', #9229, 0.1000000000000000194 ) ;
#5406 = COLOUR_RGB ( '',0.8313725490196077761, 0.8313725490196077761, 0.8313725490196077761 ) ;
#5407 = UNCERTAINTY_MEASURE_WITH_UNIT (LENGTH_MEASURE( 1.000000000000000082E-05 ), #6764, 'distance_accuracy_value', 'NONE');
#5408 = AXIS2_PLACEMENT_3D ( 'NONE', #1252, #5218, #606 ) ;
#5409 = CARTESIAN_POINT ( 'NONE',  ( -1.044999999999999929, 1.145000000000000018, 0.1000000000000010048 ) ) ;
#5410 = CARTESIAN_POINT ( 'NONE',  ( -1.461537062503499573, 2.336241368489416104, 1.743907167186096396 ) ) ;
#5411 =( NAMED_UNIT ( * ) SI_UNIT ( $, .STERADIAN. ) SOLID_ANGLE_UNIT ( ) );
#5412 = VERTEX_POINT ( 'NONE', #5522 ) ;
#5413 = DIRECTION ( 'NONE',  ( 0.000000000000000000, 0.000000000000000000, 1.000000000000000000 ) ) ;
#5414 = FACE_OUTER_BOUND ( 'NONE', #6466, .T. ) ;
#5415 = PRESENTATION_LAYER_ASSIGNMENT (  '', '', ( #3740 ) ) ;
#5416 = FACE_OUTER_BOUND ( 'NONE', #4286, .T. ) ;
#5417 = SURFACE_STYLE_FILL_AREA ( #199 ) ;
#5418 = UNCERTAINTY_MEASURE_WITH_UNIT (LENGTH_MEASURE( 1.000000000000000082E-05 ), #8624, 'distance_accuracy_value', 'NONE');
#5419 = SURFACE_STYLE_FILL_AREA ( #5520 ) ;
#5420 = SURFACE_SIDE_STYLE ('',( #9238 ) ) ;
#5421 = ORIENTED_EDGE ( 'NONE', *, *, #6341, .F. ) ;
#5422 = DIRECTION ( 'NONE',  ( 0.000000000000000000, 1.000000000000000000, -0.000000000000000000 ) ) ;
#5423 = CARTESIAN_POINT ( 'NONE',  ( 2.353481300512969998, 2.160000000000000142, 0.3447869765509680717 ) ) ;
#5424 =( NAMED_UNIT ( * ) PLANE_ANGLE_UNIT ( ) SI_UNIT ( $, .RADIAN. ) );
#5425 = ADVANCED_FACE ( 'NONE', ( #7770 ), #6249, .T. ) ;
#5426 = CARTESIAN_POINT ( 'NONE',  ( 2.167034018033049847, -0.6350000000000000089, 0.05824665557634479962 ) ) ;
#5427 = FACE_OUTER_BOUND ( 'NONE', #8445, .T. ) ;
#5428 = ORIENTED_EDGE ( 'NONE', *, *, #7266, .T. ) ;
#5429 = ORIENTED_EDGE ( 'NONE', *, *, #1562, .F. ) ;
#5430 = FILL_AREA_STYLE ('',( #5376 ) ) ;
#5431 = ORIENTED_EDGE ( 'NONE', *, *, #8341, .T. ) ;
#5432 = EDGE_LOOP ( 'NONE', ( #2777, #7623, #6545, #6564 ) ) ;
#5433 = CARTESIAN_POINT ( 'NONE',  ( -1.802292627064890018, 2.302292627064889796, 0.1000000000000006717 ) ) ;
#5434 = CARTESIAN_POINT ( 'NONE',  ( -1.189405335455050006, 0.3799999999999999489, 1.030000000000000027 ) ) ;
#5435 = VERTEX_POINT ( 'NONE', #7563 ) ;
#5436 = SURFACE_STYLE_FILL_AREA ( #2310 ) ;
#5437 = EDGE_CURVE ( 'NONE', #871, #7375, #9176, .T. ) ;
#5438 = DIRECTION ( 'NONE',  ( -1.000000000000000000, 0.000000000000000000, 2.846725704167069772E-16 ) ) ;
#5439 = SURFACE_STYLE_USAGE ( .BOTH. , #3111 ) ;
#5440 = UNCERTAINTY_MEASURE_WITH_UNIT (LENGTH_MEASURE( 1.000000000000000082E-05 ), #2815, 'distance_accuracy_value', 'NONE');
#5441 = CARTESIAN_POINT ( 'NONE',  ( 2.102415215385780023, -1.649999999999999911, 0.8200000000000009504 ) ) ;
#5442 =( GEOMETRIC_REPRESENTATION_CONTEXT ( 3 ) GLOBAL_UNCERTAINTY_ASSIGNED_CONTEXT ( ( #5759 ) ) GLOBAL_UNIT_ASSIGNED_CONTEXT ( ( #952, #4008, #3794 ) ) REPRESENTATION_CONTEXT ( 'NONE', 'WORKASPACE' ) );
#5443 = CARTESIAN_POINT ( 'NONE',  ( 1.145000000000000018, 0.000000000000000000, 0.1000000000000001582 ) ) ;
#5444 = CARTESIAN_POINT ( 'NONE',  ( 2.102415215385780023, 1.905000000000000027, 1.030000000000000915 ) ) ;
#5445 = VERTEX_POINT ( 'NONE', #3696 ) ;
#5446 = CARTESIAN_POINT ( 'NONE',  ( -0.2285000000000000364, -1.145000000000000018, 0.1000000000000010048 ) ) ;
#5447 = ORIENTED_EDGE ( 'NONE', *, *, #5574, .T. ) ;
#5448 = FILL_AREA_STYLE_COLOUR ( '', #1472 ) ;
#5449 = VERTEX_POINT ( 'NONE', #6858 ) ;
#5450 = CARTESIAN_POINT ( 'NONE',  ( -1.802292627064890684, -2.302292627064891128, 0.1800000000000009370 ) ) ;
#5451 = SURFACE_STYLE_FILL_AREA ( #9269 ) ;
#5452 = EDGE_CURVE ( 'NONE', #593, #1582, #5313, .T. ) ;
#5453 = CARTESIAN_POINT ( 'NONE',  ( 2.361081698735099987, 0.3800000000000000044, 0.2551903184968640215 ) ) ;
#5454 =( LENGTH_UNIT ( ) NAMED_UNIT ( * ) SI_UNIT ( .MILLI., .METRE. ) );
#5455 = LINE ( 'NONE', #9958, #4981 ) ;
#5456 = ORIENTED_EDGE ( 'NONE', *, *, #6367, .F. ) ;
#5457 = DIRECTION ( 'NONE',  ( 1.000000000000000000, 0.000000000000000000, 0.000000000000000000 ) ) ;
#5458 = SURFACE_STYLE_FILL_AREA ( #4744 ) ;
#5459 = CARTESIAN_POINT ( 'NONE',  ( 2.353481300512978436, -0.6350000000000000089, 0.3447869765509687379 ) ) ;
#5460 = AXIS2_PLACEMENT_3D ( 'NONE', #7449, #1346, #9668 ) ;
#5461 = ADVANCED_FACE ( 'NONE', ( #1550 ), #9281, .T. ) ;
#5462 = ORIENTED_EDGE ( 'NONE', *, *, #5045, .T. ) ;
#5463 = DIRECTION ( 'NONE',  ( 0.000000000000000000, -0.000000000000000000, -1.000000000000000000 ) ) ;
#5464 = DIRECTION ( 'NONE',  ( -3.040008243693350015E-16, 0.000000000000000000, -1.000000000000000000 ) ) ;
#5465 = CIRCLE ( 'NONE', #1096, 0.2100000000000000200 ) ;
#5466 = CARTESIAN_POINT ( 'NONE',  ( 1.044999999999999929, -1.145000000000000018, 0.1000000000000010048 ) ) ;
#5467 = VERTEX_POINT ( 'NONE', #857 ) ;
#5468 = DIRECTION ( 'NONE',  ( 0.000000000000000000, 1.000000000000000000, -0.000000000000000000 ) ) ;
#5469 = SURFACE_SIDE_STYLE ('',( #2339 ) ) ;
#5470 = CARTESIAN_POINT ( 'NONE',  ( -3.000000000000000000, -2.160000000000000142, 0.7114753820237430526 ) ) ;
#5471 = FACE_OUTER_BOUND ( 'NONE', #2225, .T. ) ;
#5472 = LINE ( 'NONE', #869, #794 ) ;
#5473 =( NAMED_UNIT ( * ) SI_UNIT ( $, .STERADIAN. ) SOLID_ANGLE_UNIT ( ) );
#5474 = EDGE_LOOP ( 'NONE', ( #8765, #5781, #6202, #831 ) ) ;
#5475 = SURFACE_SIDE_STYLE ('',( #8395 ) ) ;
#5476 = CIRCLE ( 'NONE', #1895, 0.1050000000000000100 ) ;
#5477 = CARTESIAN_POINT ( 'NONE',  ( -1.519390385302824775, -2.338417127732531409, 1.727528099305452036 ) ) ;
#5478 = VERTEX_POINT ( 'NONE', #3911 ) ;
#5479 = EDGE_CURVE ( 'NONE', #2674, #593, #3138, .T. ) ;
#5480 = AXIS2_PLACEMENT_3D ( 'NONE', #5888, #9600, #5791 ) ;
#5481 = ORIENTED_EDGE ( 'NONE', *, *, #6012, .T. ) ;
#5482 = DIRECTION ( 'NONE',  ( -0.000000000000000000, -0.000000000000000000, -1.000000000000000000 ) ) ;
#5483 = DIRECTION ( 'NONE',  ( 1.000000000000000000, 0.000000000000000000, 0.000000000000000000 ) ) ;
#5484 =( GEOMETRIC_REPRESENTATION_CONTEXT ( 3 ) GLOBAL_UNCERTAINTY_ASSIGNED_CONTEXT ( ( #4592 ) ) GLOBAL_UNIT_ASSIGNED_CONTEXT ( ( #4799, #6353, #3293 ) ) REPRESENTATION_CONTEXT ( 'NONE', 'WORKASPACE' ) );
#5485 = FACE_OUTER_BOUND ( 'NONE', #9410, .T. ) ;
#5486 = ORIENTED_EDGE ( 'NONE', *, *, #779, .F. ) ;
#5487 = CARTESIAN_POINT ( 'NONE',  ( 1.189405335455050006, 0.3799999999999999489, 1.030000000000000027 ) ) ;
#5488 = FILL_AREA_STYLE_COLOUR ( '', #2713 ) ;
#5489 = DIRECTION ( 'NONE',  ( 0.7413137835818658372, 0.07015517768341965332, 0.6674819288308457832 ) ) ;
#5490 = FILL_AREA_STYLE ('',( #2357 ) ) ;
#5491 = DIRECTION ( 'NONE',  ( 0.000000000000000000, 0.000000000000000000, 1.000000000000000000 ) ) ;
#5492 = UNCERTAINTY_MEASURE_WITH_UNIT (LENGTH_MEASURE( 1.000000000000000082E-05 ), #4026, 'distance_accuracy_value', 'NONE');
#5493 = FACE_OUTER_BOUND ( 'NONE', #2737, .T. ) ;
#5494 = PRESENTATION_LAYER_ASSIGNMENT (  '', '', ( #9331 ) ) ;
#5495 = EDGE_LOOP ( 'NONE', ( #688, #3811, #7476, #1051 ) ) ;
#5496 = EDGE_CURVE ( 'NONE', #9810, #243, #1411, .T. ) ;
#5497 = ORIENTED_EDGE ( 'NONE', *, *, #8520, .F. ) ;
#5498 = CARTESIAN_POINT ( 'NONE',  ( -1.890701798628208641, -2.337171350119500168, 1.397602703198707941 ) ) ;
#5499 = FILL_AREA_STYLE ('',( #3993 ) ) ;
#5500 = DIRECTION ( 'NONE',  ( 0.000000000000000000, 1.000000000000000000, -0.000000000000000000 ) ) ;
#5501 = PRESENTATION_LAYER_ASSIGNMENT (  '', '', ( #977 ) ) ;
#5502 = CIRCLE ( 'NONE', #3674, 0.2100000000000000477 ) ;
#5503 = PRESENTATION_LAYER_ASSIGNMENT (  '', '', ( #6152 ) ) ;
#5504 = EDGE_CURVE ( 'NONE', #3892, #8605, #5672, .T. ) ;
#5505 = ADVANCED_FACE ( 'NONE', ( #1704 ), #7922, .T. ) ;
#5506 = AXIS2_PLACEMENT_3D ( 'NONE', #6404, #2341, #8751 ) ;
#5507 = FACE_OUTER_BOUND ( 'NONE', #4452, .T. ) ;
#5508 = ORIENTED_EDGE ( 'NONE', *, *, #6431, .T. ) ;
#5509 = DIRECTION ( 'NONE',  ( -0.6691306063588694508, -1.897353801849633264E-13, 0.7431448254773841411 ) ) ;
#5510 =( LENGTH_UNIT ( ) NAMED_UNIT ( * ) SI_UNIT ( .MILLI., .METRE. ) );
#5511 = CARTESIAN_POINT ( 'NONE',  ( 3.000000000000000000, -1.905000000000000027, 0.2105127985970459970 ) ) ;
#5512 = VECTOR ( 'NONE', #118, 1000.000000000000000 ) ;
#5513 =( LENGTH_UNIT ( ) NAMED_UNIT ( * ) SI_UNIT ( .MILLI., .METRE. ) );
#5514 = FILL_AREA_STYLE_COLOUR ( '', #6824 ) ;
#5515 = PRESENTATION_LAYER_ASSIGNMENT (  '', '', ( #986 ) ) ;
#5516 =( NAMED_UNIT ( * ) PLANE_ANGLE_UNIT ( ) SI_UNIT ( $, .RADIAN. ) );
#5517 = SURFACE_STYLE_FILL_AREA ( #9320 ) ;
#5518 = UNCERTAINTY_MEASURE_WITH_UNIT (LENGTH_MEASURE( 1.000000000000000082E-05 ), #6392, 'distance_accuracy_value', 'NONE');
#5519 = VECTOR ( 'NONE', #8229, 1000.000000000000000 ) ;
#5520 = FILL_AREA_STYLE ('',( #2293 ) ) ;
#5521 = FACE_OUTER_BOUND ( 'NONE', #3106, .T. ) ;
#5522 = CARTESIAN_POINT ( 'NONE',  ( -1.837171350119500612, -2.416733101748961943, 1.346513394221930060 ) ) ;
#5523 = EDGE_CURVE ( 'NONE', #5710, #9239, #2473, .T. ) ;
#5524 = VECTOR ( 'NONE', #9425, 1000.000000000000000 ) ;
#5525 = SURFACE_STYLE_USAGE ( .BOTH. , #911 ) ;
#5526 = ORIENTED_EDGE ( 'NONE', *, *, #1453, .F. ) ;
#5527 = PRESENTATION_LAYER_ASSIGNMENT (  '', '', ( #6463 ) ) ;
#5528 =( GEOMETRIC_REPRESENTATION_CONTEXT ( 3 ) GLOBAL_UNCERTAINTY_ASSIGNED_CONTEXT ( ( #3529 ) ) GLOBAL_UNIT_ASSIGNED_CONTEXT ( ( #8178, #1236, #5905 ) ) REPRESENTATION_CONTEXT ( 'NONE', 'WORKASPACE' ) );
#5529 = PRESENTATION_STYLE_ASSIGNMENT (( #5582 ) ) ;
#5530 = CARTESIAN_POINT ( 'NONE',  ( 3.000000000000000444, 0.8900000000000001243, 0.2105127985970459692 ) ) ;
#5531 = SURFACE_STYLE_FILL_AREA ( #2390 ) ;
#5532 = CYLINDRICAL_SURFACE ( 'NONE', #6804, 0.08000000000000000167 ) ;
#5533 =( NAMED_UNIT ( * ) SI_UNIT ( $, .STERADIAN. ) SOLID_ANGLE_UNIT ( ) );
#5534 = CARTESIAN_POINT ( 'NONE',  ( -2.102415215385780023, -1.905000000000000027, 0.8200000000000009504 ) ) ;
#5535 = CARTESIAN_POINT ( 'NONE',  ( -2.005945153285420446, 1.649999999999999911, 0.8200000000000015055 ) ) ;
#5536 = DIRECTION ( 'NONE',  ( -0.9975640502598241977, 0.000000000000000000, -0.06975647374412685675 ) ) ;
#5537 = PRESENTATION_LAYER_ASSIGNMENT (  '', '', ( #1629 ) ) ;
#5538 = ORIENTED_EDGE ( 'NONE', *, *, #7060, .F. ) ;
#5539 = DIRECTION ( 'NONE',  ( 0.1039620511844847328, -0.1039620511844982914, 0.9891328443778552026 ) ) ;
#5540 = SURFACE_STYLE_USAGE ( .BOTH. , #2303 ) ;
#5541 =( GEOMETRIC_REPRESENTATION_CONTEXT ( 3 ) GLOBAL_UNCERTAINTY_ASSIGNED_CONTEXT ( ( #134 ) ) GLOBAL_UNIT_ASSIGNED_CONTEXT ( ( #3939, #8502, #121 ) ) REPRESENTATION_CONTEXT ( 'NONE', 'WORKASPACE' ) );
#5542 = ORIENTED_EDGE ( 'NONE', *, *, #2387, .F. ) ;
#5543 = MECHANICAL_DESIGN_GEOMETRIC_PRESENTATION_REPRESENTATION (  '', ( #5206 ), #5361 ) ;
#5544 = ORIENTED_EDGE ( 'NONE', *, *, #7162, .F. ) ;
#5545 = CARTESIAN_POINT ( 'NONE',  ( 1.189405335455050006, -1.649999999999999689, 0.8200000000000009504 ) ) ;
#5546 = SURFACE_STYLE_USAGE ( .BOTH. , #7890 ) ;
#5547 = ORIENTED_EDGE ( 'NONE', *, *, #6903, .T. ) ;
#5548 = CARTESIAN_POINT ( 'NONE',  ( -1.522146276314590319, 0.000000000000000000, 1.729451586038190269 ) ) ;
#5549 = SURFACE_SIDE_STYLE ('',( #5647 ) ) ;
#5550 = FILL_AREA_STYLE ('',( #8612 ) ) ;
#5551 = MECHANICAL_DESIGN_GEOMETRIC_PRESENTATION_REPRESENTATION (  '', ( #2110 ), #3061 ) ;
#5552 = UNCERTAINTY_MEASURE_WITH_UNIT (LENGTH_MEASURE( 1.000000000000000082E-05 ), #5995, 'distance_accuracy_value', 'NONE');
#5553 = PRESENTATION_STYLE_ASSIGNMENT (( #9904 ) ) ;
#5554 = AXIS2_PLACEMENT_3D ( 'NONE', #5364, #4595, #8437 ) ;
#5555 = CARTESIAN_POINT ( 'NONE',  ( -2.458105539086119951, -0.8900000000000000133, 0.3536621499571240279 ) ) ;
#5556 = COLOUR_RGB ( '',0.2862745098039215508, 0.2862745098039215508, 0.2862745098039215508 ) ;
#5557 = ORIENTED_EDGE ( 'NONE', *, *, #2993, .T. ) ;
#5558 =( GEOMETRIC_REPRESENTATION_CONTEXT ( 3 ) GLOBAL_UNCERTAINTY_ASSIGNED_CONTEXT ( ( #840 ) ) GLOBAL_UNIT_ASSIGNED_CONTEXT ( ( #536, #2910, #9805 ) ) REPRESENTATION_CONTEXT ( 'NONE', 'WORKASPACE' ) );
#5559 = VERTEX_POINT ( 'NONE', #3962 ) ;
#5560 =( NAMED_UNIT ( * ) SI_UNIT ( $, .STERADIAN. ) SOLID_ANGLE_UNIT ( ) );
#5561 = VECTOR ( 'NONE', #6935, 1000.000000000000000 ) ;
#5562 = SURFACE_STYLE_USAGE ( .BOTH. , #4145 ) ;
#5563 =( GEOMETRIC_REPRESENTATION_CONTEXT ( 3 ) GLOBAL_UNCERTAINTY_ASSIGNED_CONTEXT ( ( #1476 ) ) GLOBAL_UNIT_ASSIGNED_CONTEXT ( ( #6200, #9272, #2325 ) ) REPRESENTATION_CONTEXT ( 'NONE', 'WORKASPACE' ) );
#5564 = CARTESIAN_POINT ( 'NONE',  ( 1.802292627064879804, 2.302292627064889796, 1.669999999999999263 ) ) ;
#5565 = EDGE_CURVE ( 'NONE', #4332, #6065, #2492, .T. ) ;
#5566 = VECTOR ( 'NONE', #6822, 1000.000000000000114 ) ;
#5567 = CARTESIAN_POINT ( 'NONE',  ( -0.2285000000000000642, 1.145000000000000018, 0.3000000000000009881 ) ) ;
#5568 = VECTOR ( 'NONE', #9665, 1000.000000000000000 ) ;
#5569 = FILL_AREA_STYLE ('',( #3236 ) ) ;
#5570 = ORIENTED_EDGE ( 'NONE', *, *, #2860, .T. ) ;
#5571 = CARTESIAN_POINT ( 'NONE',  ( 0.2285000000000000364, -1.500999999999999890, 0.1000000000000010048 ) ) ;
#5572 = FILL_AREA_STYLE ('',( #7864 ) ) ;
#5573 = FILL_AREA_STYLE ('',( #904 ) ) ;
#5574 = EDGE_CURVE ( 'NONE', #6457, #8841, #5094, .T. ) ;
#5575 = SHAPE_REPRESENTATION ( 'pins', ( #7071 ), #5442 ) ;
#5576 = DIRECTION ( 'NONE',  ( -0.000000000000000000, -0.000000000000000000, -1.000000000000000000 ) ) ;
#5577 = SURFACE_STYLE_USAGE ( .BOTH. , #4690 ) ;
#5578 = DIRECTION ( 'NONE',  ( 1.000000000000000000, 0.000000000000000000, 0.000000000000000000 ) ) ;
#5579 = PRESENTATION_LAYER_ASSIGNMENT (  '', '', ( #2628 ) ) ;
#5580 =( LENGTH_UNIT ( ) NAMED_UNIT ( * ) SI_UNIT ( .MILLI., .METRE. ) );
#5581 = VECTOR ( 'NONE', #975, 1000.000000000000000 ) ;
#5582 = SURFACE_STYLE_USAGE ( .BOTH. , #9326 ) ;
#5583 = LINE ( 'NONE', #4696, #4476 ) ;
#5584 = EDGE_CURVE ( 'NONE', #7636, #2955, #725, .T. ) ;
#5585 = SURFACE_STYLE_USAGE ( .BOTH. , #4806 ) ;
#5586 = DIRECTION ( 'NONE',  ( 0.000000000000000000, -0.000000000000000000, -1.000000000000000000 ) ) ;
#5587 = EDGE_CURVE ( 'NONE', #6265, #7495, #582, .T. ) ;
#5588 = LINE ( 'NONE', #159, #2535 ) ;
#5589 = LINE ( 'NONE', #1714, #5632 ) ;
#5590 = PRESENTATION_LAYER_ASSIGNMENT (  '', '', ( #4933 ) ) ;
#5591 = EDGE_LOOP ( 'NONE', ( #9638, #6971, #9273, #1942 ) ) ;
#5592 = PRESENTATION_LAYER_ASSIGNMENT (  '', '', ( #9901 ) ) ;
#5593 = ORIENTED_EDGE ( 'NONE', *, *, #5271, .T. ) ;
#5594 = VERTEX_POINT ( 'NONE', #4754 ) ;
#5595 = LINE ( 'NONE', #7177, #2933 ) ;
#5596 = AXIS2_PLACEMENT_3D ( 'NONE', #188, #284, #8794 ) ;
#5597 = PLANE ( 'NONE',  #8434 ) ;
#5598 = ORIENTED_EDGE ( 'NONE', *, *, #1465, .T. ) ;
#5599 =( NAMED_UNIT ( * ) PLANE_ANGLE_UNIT ( ) SI_UNIT ( $, .RADIAN. ) );
#5600 = CARTESIAN_POINT ( 'NONE',  ( -1.890701798628208641, -2.337171350119500168, 1.397602703198708163 ) ) ;
#5601 = DIRECTION ( 'NONE',  ( 0.000000000000000000, -1.000000000000000000, 0.000000000000000000 ) ) ;
#5602 = CARTESIAN_POINT ( 'NONE',  ( -2.346432839248831836, 0.8900000000000001243, 0.04570186794230123722 ) ) ;
#5603 = UNCERTAINTY_MEASURE_WITH_UNIT (LENGTH_MEASURE( 1.000000000000000082E-05 ), #7836, 'distance_accuracy_value', 'NONE');
#5604 = ORIENTED_EDGE ( 'NONE', *, *, #620, .T. ) ;
#5605 = VERTEX_POINT ( 'NONE', #8639 ) ;
#5606 = DIRECTION ( 'NONE',  ( -0.9964213197442519654, 0.000000000000000000, 0.08452546101100759379 ) ) ;
#5607 = FILL_AREA_STYLE ('',( #9414 ) ) ;
#5608 = CARTESIAN_POINT ( 'NONE',  ( 2.005945153285420446, 1.649999999999999911, 0.7150000000000019673 ) ) ;
#5609 = CARTESIAN_POINT ( 'NONE',  ( -2.102415215385780023, -0.8900000000000000133, 1.030000000000000027 ) ) ;
#5610 = DIRECTION ( 'NONE',  ( 1.000000000000000000, 0.000000000000000000, 0.000000000000000000 ) ) ;
#5611 = CARTESIAN_POINT ( 'NONE',  ( -2.151833221588806300, 0.6350000000000000089, 0.2374399716845535524 ) ) ;
#5612 = EDGE_CURVE ( 'NONE', #1531, #3322, #4601, .T. ) ;
#5613 = EDGE_LOOP ( 'NONE', ( #3953, #1132, #999, #2456 ) ) ;
#5614 = PLANE ( 'NONE',  #1011 ) ;
#5615 = DIRECTION ( 'NONE',  ( -0.08452546101100746889, 0.000000000000000000, -0.9964213197442519654 ) ) ;
#5616 = DIRECTION ( 'NONE',  ( 0.000000000000000000, -0.000000000000000000, 1.000000000000000000 ) ) ;
#5617 = FILL_AREA_STYLE ('',( #4802 ) ) ;
#5618 =( NAMED_UNIT ( * ) SI_UNIT ( $, .STERADIAN. ) SOLID_ANGLE_UNIT ( ) );
#5619 = ADVANCED_FACE ( 'NONE', ( #3337 ), #6395, .T. ) ;
#5620 = EDGE_LOOP ( 'NONE', ( #3164, #3010, #2525, #9598, #7233, #4619, #635, #7003, #9487, #4621, #5542, #6080 ) ) ;
#5621 = COLOUR_RGB ( '',0.8313725490196077761, 0.8313725490196077761, 0.8313725490196077761 ) ;
#5622 = DIRECTION ( 'NONE',  ( 0.000000000000000000, 0.000000000000000000, 1.000000000000000000 ) ) ;
#5623 = SURFACE_STYLE_USAGE ( .BOTH. , #3918 ) ;
#5624 =( BOUNDED_SURFACE ( )  B_SPLINE_SURFACE ( 3, 3, ( 
 ( #5028, #8103, #1183, #2895 ),
 ( #9890, #4394, #1260, #7472 ),
 ( #1371, #468, #9133, #6674 ),
 ( #9695, #1314, #518, #9748 ) ),
 .UNSPECIFIED., .F., .F., .T. ) 
 B_SPLINE_SURFACE_WITH_KNOTS ( ( 4, 4 ),
 ( 4, 4 ),
 ( 0.000000000000000000, 1.000000000000000000 ),
 ( 0.000000000000000000, 1.000000000000000000 ),
 .UNSPECIFIED. ) 
 GEOMETRIC_REPRESENTATION_ITEM ( )  RATIONAL_B_SPLINE_SURFACE ( (
 ( 1.000000000000000000, 0.8267964380043931749, 0.8267964380043931749, 1.000000000000000000),
 ( 0.8248201132795851542, 0.6819583316539410411, 0.6819583316539410411, 0.8248201132795851542),
 ( 0.8248201132795851542, 0.6819583316539410411, 0.6819583316539410411, 0.8248201132795851542),
 ( 1.000000000000000000, 0.8267964380043931749, 0.8267964380043931749, 1.000000000000000000) ) ) 
 REPRESENTATION_ITEM ( '' )  SURFACE ( )  );
#5625 = PRESENTATION_STYLE_ASSIGNMENT (( #154 ) ) ;
#5626 = DIRECTION ( 'NONE',  ( -0.000000000000000000, -0.000000000000000000, -1.000000000000000000 ) ) ;
#5627 =( NAMED_UNIT ( * ) PLANE_ANGLE_UNIT ( ) SI_UNIT ( $, .RADIAN. ) );
#5628 = FILL_AREA_STYLE_COLOUR ( '', #2279 ) ;
#5629 = CARTESIAN_POINT ( 'NONE',  ( -2.110569391858569954, 2.160000000000000142, 0.7238751734061580345 ) ) ;
#5630 = CARTESIAN_POINT ( 'NONE',  ( -1.870000000000000107, -2.450000000000000178, 0.9250000000000010436 ) ) ;
#5631 = ORIENTED_EDGE ( 'NONE', *, *, #2906, .T. ) ;
#5632 = VECTOR ( 'NONE', #7679, 1000.000000000000000 ) ;
#5633 = FILL_AREA_STYLE_COLOUR ( '', #544 ) ;
#5634 = CARTESIAN_POINT ( 'NONE',  ( -3.000000000000000444, -2.160000000000000142, 1.120584445495009345E-17 ) ) ;
#5635 = LINE ( 'NONE', #8701, #360 ) ;
#5636 = ORIENTED_EDGE ( 'NONE', *, *, #1546, .T. ) ;
#5637 = EDGE_CURVE ( 'NONE', #9078, #2998, #6199, .T. ) ;
#5638 = ADVANCED_FACE ( 'NONE', ( #2970 ), #6796, .T. ) ;
#5639 = ORIENTED_EDGE ( 'NONE', *, *, #4180, .F. ) ;
#5640 = ORIENTED_EDGE ( 'NONE', *, *, #5196, .F. ) ;
#5641 = MECHANICAL_DESIGN_GEOMETRIC_PRESENTATION_REPRESENTATION (  '', ( #5951 ), #8361 ) ;
#5642 = MECHANICAL_DESIGN_GEOMETRIC_PRESENTATION_REPRESENTATION (  '', ( #7063 ), #457 ) ;
#5643 = CARTESIAN_POINT ( 'NONE',  ( -1.044999999999999929, -1.145000000000000018, 0.3000000000000009881 ) ) ;
#5644 = PRESENTATION_STYLE_ASSIGNMENT (( #9400 ) ) ;
#5645 = ORIENTED_EDGE ( 'NONE', *, *, #5178, .F. ) ;
#5646 = LINE ( 'NONE', #7219, #494 ) ;
#5647 = SURFACE_STYLE_FILL_AREA ( #4717 ) ;
#5648 = SURFACE_SIDE_STYLE ('',( #1681 ) ) ;
#5649 = AXIS2_PLACEMENT_3D ( 'NONE', #9533, #7209, #305 ) ;
#5650 = CARTESIAN_POINT ( 'NONE',  ( -1.845189659078863897, 2.345189659078863897, 0.1278493596512566000 ) ) ;
#5651 = CARTESIAN_POINT ( 'NONE',  ( -1.189405335455050006, -0.3800000000000000044, 1.030000000000000027 ) ) ;
#5652 = CARTESIAN_POINT ( 'NONE',  ( 1.044999999999999929, -1.044999999999999929, 0.1000000000000010048 ) ) ;
#5653 = STYLED_ITEM ( 'NONE', ( #8187 ), #862 ) ;
#5654 = MECHANICAL_DESIGN_GEOMETRIC_PRESENTATION_REPRESENTATION (  '', ( #9634 ), #8857 ) ;
#5655 =( GEOMETRIC_REPRESENTATION_CONTEXT ( 3 ) GLOBAL_UNCERTAINTY_ASSIGNED_CONTEXT ( ( #8245 ) ) GLOBAL_UNIT_ASSIGNED_CONTEXT ( ( #8802, #7100, #4961 ) ) REPRESENTATION_CONTEXT ( 'NONE', 'WORKASPACE' ) );
#5656 = ORIENTED_EDGE ( 'NONE', *, *, #2180, .T. ) ;
#5657 = EDGE_CURVE ( 'NONE', #766, #6679, #4583, .T. ) ;
#5658 = AXIS2_PLACEMENT_3D ( 'NONE', #3499, #5108, #9680 ) ;
#5659 = EDGE_LOOP ( 'NONE', ( #3665, #1028, #5123, #5342 ) ) ;
#5660 = FILL_AREA_STYLE_COLOUR ( '', #7949 ) ;
#5661 = VECTOR ( 'NONE', #5875, 1000.000000000000000 ) ;
#5662 = ORIENTED_EDGE ( 'NONE', *, *, #5722, .T. ) ;
#5663 = PRESENTATION_LAYER_ASSIGNMENT (  '', '', ( #9966 ) ) ;
#5664 =( LENGTH_UNIT ( ) NAMED_UNIT ( * ) SI_UNIT ( .MILLI., .METRE. ) );
#5665 = ORIENTED_EDGE ( 'NONE', *, *, #6367, .T. ) ;
#5666 = STYLED_ITEM ( 'NONE', ( #1772 ), #8459 ) ;
#5667 = FILL_AREA_STYLE ('',( #4296 ) ) ;
#5668 = DIRECTION ( 'NONE',  ( 0.000000000000000000, -1.000000000000000000, 0.000000000000000000 ) ) ;
#5669 = CARTESIAN_POINT ( 'NONE',  ( 2.295355339586480081, -1.905000000000000027, 1.030000000000000027 ) ) ;
#5670 = CARTESIAN_POINT ( 'NONE',  ( -2.151833221588800082, 1.649999999999999911, 0.2374399716845529973 ) ) ;
#5671 =( GEOMETRIC_REPRESENTATION_CONTEXT ( 3 ) GLOBAL_UNCERTAINTY_ASSIGNED_CONTEXT ( ( #9216 ) ) GLOBAL_UNIT_ASSIGNED_CONTEXT ( ( #549, #2869, #3636 ) ) REPRESENTATION_CONTEXT ( 'NONE', 'WORKASPACE' ) );
#5672 = LINE ( 'NONE', #1850, #5902 ) ;
#5673 = VERTEX_POINT ( 'NONE', #2877 ) ;
#5674 = COLOUR_RGB ( '',0.2862745098039215508, 0.2862745098039215508, 0.2862745098039215508 ) ;
#5675 = MECHANICAL_DESIGN_GEOMETRIC_PRESENTATION_REPRESENTATION (  '', ( #2876 ), #6779 ) ;
#5676 = SURFACE_SIDE_STYLE ('',( #7167 ) ) ;
#5677 = CARTESIAN_POINT ( 'NONE',  ( -3.000000000000000000, 0.8900000000000000133, 0.000000000000000000 ) ) ;
#5678 = CARTESIAN_POINT ( 'NONE',  ( -0.2285000000000000364, 1.145000000000000018, 0.1000000000000010048 ) ) ;
#5679 = DIRECTION ( 'NONE',  ( 0.000000000000000000, 0.000000000000000000, -1.000000000000000000 ) ) ;
#5680 = EDGE_CURVE ( 'NONE', #4332, #8717, #6055, .T. ) ;
#5681 = ORIENTED_EDGE ( 'NONE', *, *, #3557, .F. ) ;
#5682 = PRESENTATION_LAYER_ASSIGNMENT (  '', '', ( #1618 ) ) ;
#5683 = DIRECTION ( 'NONE',  ( -0.9975640502598241977, 0.000000000000000000, 0.06975647374412552448 ) ) ;
#5684 = MECHANICAL_DESIGN_GEOMETRIC_PRESENTATION_REPRESENTATION (  '', ( #6463 ), #6423 ) ;
#5685 = DIRECTION ( 'NONE',  ( 0.000000000000000000, -1.000000000000000000, 0.000000000000000000 ) ) ;
#5686 = ORIENTED_EDGE ( 'NONE', *, *, #6601, .F. ) ;
#5687 = ORIENTED_EDGE ( 'NONE', *, *, #2188, .T. ) ;
#5688 = PRESENTATION_STYLE_ASSIGNMENT (( #5546 ) ) ;
#5689 = CARTESIAN_POINT ( 'NONE',  ( -1.949999999999999956, 0.000000000000000000, 1.750000000000000000 ) ) ;
#5690 = DIRECTION ( 'NONE',  ( -1.000000000000000000, -0.000000000000000000, -0.000000000000000000 ) ) ;
#5691 = STYLED_ITEM ( 'NONE', ( #7438 ), #5883 ) ;
#5692 = ORIENTED_EDGE ( 'NONE', *, *, #9782, .T. ) ;
#5693 = PRESENTATION_LAYER_ASSIGNMENT (  '', '', ( #30 ) ) ;
#5694 = CARTESIAN_POINT ( 'NONE',  ( -1.842843903108215775, 2.301685890579378224, 0.09013537367010114598 ) ) ;
#5695 = EDGE_CURVE ( 'NONE', #1203, #5885, #4313, .T. ) ;
#5696 =( GEOMETRIC_REPRESENTATION_CONTEXT ( 3 ) GLOBAL_UNCERTAINTY_ASSIGNED_CONTEXT ( ( #450 ) ) GLOBAL_UNIT_ASSIGNED_CONTEXT ( ( #3770, #1274, #8358 ) ) REPRESENTATION_CONTEXT ( 'NONE', 'WORKASPACE' ) );
#5697 = UNCERTAINTY_MEASURE_WITH_UNIT (LENGTH_MEASURE( 1.000000000000000082E-05 ), #203, 'distance_accuracy_value', 'NONE');
#5698 = COLOUR_RGB ( '',0.8313725490196077761, 0.8313725490196077761, 0.8313725490196077761 ) ;
#5699 = VERTEX_POINT ( 'NONE', #8374 ) ;
#5700 = MECHANICAL_DESIGN_GEOMETRIC_PRESENTATION_REPRESENTATION (  '', ( #4892 ), #7941 ) ;
#5701 = ORIENTED_EDGE ( 'NONE', *, *, #779, .T. ) ;
#5702 = CARTESIAN_POINT ( 'NONE',  ( 1.921192430278640284, 2.219552563675410983, 1.713517434845978737 ) ) ;
#5703 = COLOUR_RGB ( '',0.8313725490196077761, 0.8313725490196077761, 0.8313725490196077761 ) ;
#5704 = PLANE ( 'NONE',  #1966 ) ;
#5705 = AXIS2_PLACEMENT_3D ( 'NONE', #3192, #1013, #962 ) ;
#5706 = EDGE_CURVE ( 'NONE', #3658, #6226, #2234, .T. ) ;
#5707 = ADVANCED_FACE ( 'NONE', ( #9218 ), #3444, .T. ) ;
#5708 = VECTOR ( 'NONE', #7569, 1000.000000000000000 ) ;
#5709 = STYLED_ITEM ( 'NONE', ( #5688 ), #3233 ) ;
#5710 = VERTEX_POINT ( 'NONE', #5712 ) ;
#5711 =( GEOMETRIC_REPRESENTATION_CONTEXT ( 3 ) GLOBAL_UNCERTAINTY_ASSIGNED_CONTEXT ( ( #6196 ) ) GLOBAL_UNIT_ASSIGNED_CONTEXT ( ( #1784, #4737, #3124 ) ) REPRESENTATION_CONTEXT ( 'NONE', 'WORKASPACE' ) );
#5712 = CARTESIAN_POINT ( 'NONE',  ( -2.346432839248831836, -0.3799999999999999489, 0.04570186794230123722 ) ) ;
#5713 = AXIS2_PLACEMENT_3D ( 'NONE', #1871, #2666, #4095 ) ;
#5714 = DIRECTION ( 'NONE',  ( 0.3406351650717837631, 0.8440827718217289721, -0.4141158758490981473 ) ) ;
#5715 = VERTEX_POINT ( 'NONE', #92 ) ;
#5716 = MECHANICAL_DESIGN_GEOMETRIC_PRESENTATION_REPRESENTATION (  '', ( #4390 ), #4238 ) ;
#5717 = SURFACE_STYLE_USAGE ( .BOTH. , #1741 ) ;
#5718 = FILL_AREA_STYLE ('',( #1003 ) ) ;
#5719 = CARTESIAN_POINT ( 'NONE',  ( 0.000000000000000000, 0.000000000000000000, 0.000000000000000000 ) ) ;
#5720 = FACE_OUTER_BOUND ( 'NONE', #5432, .T. ) ;
#5721 = SURFACE_SIDE_STYLE ('',( #6550 ) ) ;
#5722 = EDGE_CURVE ( 'NONE', #9239, #8438, #9418, .T. ) ;
#5723 = PRODUCT_DEFINITION_SHAPE ( 'NONE', 'NONE',  #4465 ) ;
#5724 = MECHANICAL_DESIGN_GEOMETRIC_PRESENTATION_REPRESENTATION (  '', ( #5232 ), #6502 ) ;
#5725 = CIRCLE ( 'NONE', #1343, 0.08000000000000004330 ) ;
#5726 = CARTESIAN_POINT ( 'NONE',  ( 2.346432839248830060, -1.905000000000000027, 0.04570186794230145233 ) ) ;
#5727 = ORIENTED_EDGE ( 'NONE', *, *, #2797, .T. ) ;
#5728 = STYLED_ITEM ( 'NONE', ( #2531 ), #4440 ) ;
#5729 = SURFACE_SIDE_STYLE ('',( #5105 ) ) ;
#5730 = LINE ( 'NONE', #8142, #4065 ) ;
#5731 = CARTESIAN_POINT ( 'NONE',  ( -0.2285000000000000364, 1.401000000000000023, 0.1000000000000010048 ) ) ;
#5732 = CARTESIAN_POINT ( 'NONE',  ( 0.1285000000000000031, -1.401000000000000023, 0.1000000000000010048 ) ) ;
#5733 = ORIENTED_EDGE ( 'NONE', *, *, #7779, .F. ) ;
#5734 = SURFACE_STYLE_FILL_AREA ( #2608 ) ;
#5735 = MECHANICAL_DESIGN_GEOMETRIC_PRESENTATION_REPRESENTATION (  '', ( #3419 ), #4415 ) ;
#5736 = DIRECTION ( 'NONE',  ( 0.000000000000000000, 1.000000000000000000, 0.000000000000000000 ) ) ;
#5737 = VECTOR ( 'NONE', #5998, 1000.000000000000000 ) ;
#5738 = CARTESIAN_POINT ( 'NONE',  ( -1.949999403068538362, 2.370218527253804108, 1.030005679423485088 ) ) ;
#5739 = ORIENTED_EDGE ( 'NONE', *, *, #9127, .T. ) ;
#5740 = ORIENTED_EDGE ( 'NONE', *, *, #3223, .T. ) ;
#5741 = EDGE_CURVE ( 'NONE', #7729, #3225, #7333, .T. ) ;
#5742 =( LENGTH_UNIT ( ) NAMED_UNIT ( * ) SI_UNIT ( .MILLI., .METRE. ) );
#5743 = SURFACE_SIDE_STYLE ('',( #1865 ) ) ;
#5744 = AXIS2_PLACEMENT_3D ( 'NONE', #9960, #3022, #1544 ) ;
#5745 = EDGE_LOOP ( 'NONE', ( #6681, #3470 ) ) ;
#5746 =( NAMED_UNIT ( * ) SI_UNIT ( $, .STERADIAN. ) SOLID_ANGLE_UNIT ( ) );
#5747 = FACE_OUTER_BOUND ( 'NONE', #6521, .T. ) ;
#5748 = AXIS2_PLACEMENT_3D ( 'NONE', #4650, #5379, #8447 ) ;
#5749 = LINE ( 'NONE', #9498, #8055 ) ;
#5750 = CARTESIAN_POINT ( 'NONE',  ( -1.845189659078863675, 2.345189659078864342, 0.1278493596512562114 ) ) ;
#5751 =( NAMED_UNIT ( * ) PLANE_ANGLE_UNIT ( ) SI_UNIT ( $, .RADIAN. ) );
#5752 = STYLED_ITEM ( 'NONE', ( #8126 ), #7661 ) ;
#5753 = EDGE_LOOP ( 'NONE', ( #4726, #339, #4867, #696 ) ) ;
#5754 =( GEOMETRIC_REPRESENTATION_CONTEXT ( 3 ) GLOBAL_UNCERTAINTY_ASSIGNED_CONTEXT ( ( #5697 ) ) GLOBAL_UNIT_ASSIGNED_CONTEXT ( ( #203, #6503, #2649 ) ) REPRESENTATION_CONTEXT ( 'NONE', 'WORKASPACE' ) );
#5755 = ORIENTED_EDGE ( 'NONE', *, *, #2932, .T. ) ;
#5756 = DIRECTION ( 'NONE',  ( 1.000000000000000000, 0.000000000000000000, 6.608470384673550038E-16 ) ) ;
#5757 = EDGE_CURVE ( 'NONE', #6468, #8729, #2426, .T. ) ;
#5758 = DIRECTION ( 'NONE',  ( -0.1039620511844981943, -0.1039620511844859541, 0.9891328443778550916 ) ) ;
#5759 = UNCERTAINTY_MEASURE_WITH_UNIT (LENGTH_MEASURE( 1.000000000000000082E-05 ), #952, 'distance_accuracy_value', 'NONE');
#5760 = ORIENTED_EDGE ( 'NONE', *, *, #4973, .T. ) ;
#5761 = FACE_OUTER_BOUND ( 'NONE', #8779, .T. ) ;
#5762 = CARTESIAN_POINT ( 'NONE',  ( 3.000000000000000000, 2.160000000000000142, 0.7114753820237430526 ) ) ;
#5763 = EDGE_CURVE ( 'NONE', #1777, #8400, #8676, .T. ) ;
#5764 = ORIENTED_EDGE ( 'NONE', *, *, #6110, .F. ) ;
#5765 = EDGE_CURVE ( 'NONE', #1220, #1730, #9432, .T. ) ;
#5766 = PLANE ( 'NONE',  #8321 ) ;
#5767 =( NAMED_UNIT ( * ) PLANE_ANGLE_UNIT ( ) SI_UNIT ( $, .RADIAN. ) );
#5768 = DIRECTION ( 'NONE',  ( 0.000000000000000000, 0.000000000000000000, 1.000000000000000000 ) ) ;
#5769 = CARTESIAN_POINT ( 'NONE',  ( 1.802292627064879804, 2.337529200819808750, 1.741821889908398369 ) ) ;
#5770 = SURFACE_STYLE_USAGE ( .BOTH. , #4805 ) ;
#5771 = CARTESIAN_POINT ( 'NONE',  ( 2.353481300512978436, -2.160000000000000142, 0.3447869765509686824 ) ) ;
#5772 = DIRECTION ( 'NONE',  ( 0.9964213197442519654, 0.000000000000000000, -0.08452546101100746889 ) ) ;
#5773 = DIRECTION ( 'NONE',  ( 0.000000000000000000, -1.000000000000000000, 0.000000000000000000 ) ) ;
#5774 = VERTEX_POINT ( 'NONE', #5567 ) ;
#5775 = ORIENTED_EDGE ( 'NONE', *, *, #4308, .T. ) ;
#5776 = FILL_AREA_STYLE ('',( #3396 ) ) ;
#5777 = FACE_OUTER_BOUND ( 'NONE', #9303, .T. ) ;
#5778 = CARTESIAN_POINT ( 'NONE',  ( -1.822058643589075988, -2.219552563675411871, 0.05493907512492010592 ) ) ;
#5779 = LINE ( 'NONE', #9584, #8208 ) ;
#5780 = LINE ( 'NONE', #415, #9629 ) ;
#5781 = ORIENTED_EDGE ( 'NONE', *, *, #4234, .T. ) ;
#5782 = DIRECTION ( 'NONE',  ( -1.000000000000000000, 0.000000000000000000, 0.000000000000000000 ) ) ;
#5783 = ORIENTED_EDGE ( 'NONE', *, *, #5944, .T. ) ;
#5784 = ORIENTED_EDGE ( 'NONE', *, *, #8962, .F. ) ;
#5785 = LINE ( 'NONE', #1911, #2605 ) ;
#5786 = DIRECTION ( 'NONE',  ( -0.000000000000000000, 1.000000000000000000, -0.000000000000000000 ) ) ;
#5787 = DIRECTION ( 'NONE',  ( -6.608470384673550038E-16, 0.000000000000000000, -1.000000000000000000 ) ) ;
#5788 = ORIENTED_EDGE ( 'NONE', *, *, #4181, .T. ) ;
#5789 = CARTESIAN_POINT ( 'NONE',  ( -1.843428520399611470, 2.421364504079357438, 0.2068049131876594782 ) ) ;
#5790 = CIRCLE ( 'NONE', #928, 0.1050000000000000655 ) ;
#5791 = DIRECTION ( 'NONE',  ( 0.5362129001746839263, 0.5362129001746758217, 0.6518830043593080159 ) ) ;
#5792 = DIRECTION ( 'NONE',  ( -0.1039620511844980000, 0.1039620511844980000, 0.9891328443778539814 ) ) ;
#5793 = CARTESIAN_POINT ( 'NONE',  ( 1.189405335455050006, -2.160000000000000142, 1.030000000000000027 ) ) ;
#5794 = EDGE_CURVE ( 'NONE', #7596, #9894, #1840, .T. ) ;
#5795 = ORIENTED_EDGE ( 'NONE', *, *, #4217, .T. ) ;
#5796 = AXIS2_PLACEMENT_3D ( 'NONE', #207, #2337, #1752 ) ;
#5797 = VECTOR ( 'NONE', #6218, 1000.000000000000000 ) ;
#5798 = ORIENTED_EDGE ( 'NONE', *, *, #100, .T. ) ;
#5799 = SURFACE_STYLE_FILL_AREA ( #4252 ) ;
#5800 = SURFACE_STYLE_FILL_AREA ( #5036 ) ;
#5801 = CARTESIAN_POINT ( 'NONE',  ( 2.110569391858571286, -0.3800000000000000044, 0.7238751734061578125 ) ) ;
#5802 = DIRECTION ( 'NONE',  ( 0.000000000000000000, -0.000000000000000000, 1.000000000000000000 ) ) ;
#5803 = CARTESIAN_POINT ( 'NONE',  ( -1.457794495172745286, 2.388653398255180083, 1.722794916378721508 ) ) ;
#5804 =( NAMED_UNIT ( * ) SI_UNIT ( $, .STERADIAN. ) SOLID_ANGLE_UNIT ( ) );
#5805 = AXIS2_PLACEMENT_3D ( 'NONE', #6721, #3758, #4646 ) ;
#5806 =( GEOMETRIC_REPRESENTATION_CONTEXT ( 3 ) GLOBAL_UNCERTAINTY_ASSIGNED_CONTEXT ( ( #5920 ) ) GLOBAL_UNIT_ASSIGNED_CONTEXT ( ( #810, #7725, #5473 ) ) REPRESENTATION_CONTEXT ( 'NONE', 'WORKASPACE' ) );
#5807 = EDGE_CURVE ( 'NONE', #3225, #5140, #6437, .T. ) ;
#5808 =( GEOMETRIC_REPRESENTATION_CONTEXT ( 3 ) GLOBAL_UNCERTAINTY_ASSIGNED_CONTEXT ( ( #590 ) ) GLOBAL_UNIT_ASSIGNED_CONTEXT ( ( #3527, #6635, #4410 ) ) REPRESENTATION_CONTEXT ( 'NONE', 'WORKASPACE' ) );
#5809 = ORIENTED_EDGE ( 'NONE', *, *, #2057, .T. ) ;
#5810 = PLANE ( 'NONE',  #6149 ) ;
#5811 = ORIENTED_EDGE ( 'NONE', *, *, #8570, .F. ) ;
#5812 = DIRECTION ( 'NONE',  ( -0.000000000000000000, -1.000000000000000000, -0.000000000000000000 ) ) ;
#5813 = CARTESIAN_POINT ( 'NONE',  ( -2.458105539086119951, 1.649999999999999911, 0.3536621499571240279 ) ) ;
#5814 = SURFACE_STYLE_FILL_AREA ( #23 ) ;
#5815 = EDGE_CURVE ( 'NONE', #871, #1161, #1694, .T. ) ;
#5816 = MECHANICAL_DESIGN_GEOMETRIC_PRESENTATION_REPRESENTATION (  '', ( #2226 ), #4168 ) ;
#5817 = EDGE_CURVE ( 'NONE', #900, #3491, #6289, .T. ) ;
#5818 = VECTOR ( 'NONE', #1569, 1000.000000000000000 ) ;
#5819 = ORIENTED_EDGE ( 'NONE', *, *, #4563, .T. ) ;
#5820 = DIRECTION ( 'NONE',  ( 0.000000000000000000, -1.000000000000000000, 0.000000000000000000 ) ) ;
#5821 = STYLED_ITEM ( 'NONE', ( #6238 ), #1282 ) ;
#5822 = CARTESIAN_POINT ( 'NONE',  ( 1.189405335455050006, -2.160000000000000142, 1.030000000000000027 ) ) ;
#5823 = CARTESIAN_POINT ( 'NONE',  ( -1.865091647517193252, -2.345189659078863453, 0.1442199397528921290 ) ) ;
#5824 = CARTESIAN_POINT ( 'NONE',  ( 0.9749999999999989786, 2.381854378694351126, 0.1716377229385878944 ) ) ;
#5825 = STYLED_ITEM ( 'NONE', ( #3617 ), #8511 ) ;
#5826 = CARTESIAN_POINT ( 'NONE',  ( -1.881854378694352015, 2.302292627064889796, 0.1716377229385888659 ) ) ;
#5827 = EDGE_CURVE ( 'NONE', #7364, #8655, #7814, .T. ) ;
#5828 = VERTEX_POINT ( 'NONE', #9569 ) ;
#5829 = EDGE_CURVE ( 'NONE', #1818, #4054, #1218, .T. ) ;
#5830 =( LENGTH_UNIT ( ) NAMED_UNIT ( * ) SI_UNIT ( .MILLI., .METRE. ) );
#5831 = AXIS2_PLACEMENT_3D ( 'NONE', #6981, #1524, #2262 ) ;
#5832 = STYLED_ITEM ( 'NONE', ( #2944 ), #8038 ) ;
#5833 = FACE_OUTER_BOUND ( 'NONE', #2302, .T. ) ;
#5834 = ORIENTED_EDGE ( 'NONE', *, *, #8211, .F. ) ;
#5835 = AXIS2_PLACEMENT_3D ( 'NONE', #7985, #9329, #1710 ) ;
#5836 = SURFACE_STYLE_FILL_AREA ( #5882 ) ;
#5837 = LINE ( 'NONE', #6469, #6655 ) ;
#5838 = FACE_OUTER_BOUND ( 'NONE', #6850, .T. ) ;
#5839 = ORIENTED_EDGE ( 'NONE', *, *, #3367, .F. ) ;
#5840 = FILL_AREA_STYLE_COLOUR ( '', #3190 ) ;
#5841 = DIRECTION ( 'NONE',  ( -1.000000000000000000, -0.000000000000000000, -0.000000000000000000 ) ) ;
#5842 = CARTESIAN_POINT ( 'NONE',  ( -1.909916776902299329, 2.256608784186041827, 0.1259740260727456873 ) ) ;
#5843 = VECTOR ( 'NONE', #5306, 1000.000000000000000 ) ;
#5844 = ORIENTED_EDGE ( 'NONE', *, *, #7869, .T. ) ;
#5845 = ORIENTED_EDGE ( 'NONE', *, *, #6601, .T. ) ;
#5846 = DIRECTION ( 'NONE',  ( 6.608470384673550038E-16, -0.000000000000000000, 1.000000000000000000 ) ) ;
#5847 = CARTESIAN_POINT ( 'NONE',  ( -1.802292627064890684, -2.302292627064891128, 0.1800000000000009370 ) ) ;
#5848 = CARTESIAN_POINT ( 'NONE',  ( -1.044999999999999929, 1.044999999999999929, 0.1000000000000010048 ) ) ;
#5849 = DIRECTION ( 'NONE',  ( 0.000000000000000000, 0.000000000000000000, -1.000000000000000000 ) ) ;
#5850 = VECTOR ( 'NONE', #8834, 1000.000000000000000 ) ;
#5851 = SURFACE_STYLE_FILL_AREA ( #8785 ) ;
#5852 = DIRECTION ( 'NONE',  ( 0.000000000000000000, -1.000000000000000000, -0.000000000000000000 ) ) ;
#5853 = COLOUR_RGB ( '',0.8313725490196077761, 0.8313725490196077761, 0.8313725490196077761 ) ;
#5854 = UNCERTAINTY_MEASURE_WITH_UNIT (LENGTH_MEASURE( 1.000000000000000082E-05 ), #7300, 'distance_accuracy_value', 'NONE');
#5855 = CARTESIAN_POINT ( 'NONE',  ( 2.458105539086119951, -2.160000000000000142, 0.3536621499571240279 ) ) ;
#5856 = VECTOR ( 'NONE', #1763, 1000.000000000000000 ) ;
#5857 = AXIS2_PLACEMENT_3D ( 'NONE', #5115, #1129, #1961 ) ;
#5858 = VECTOR ( 'NONE', #8206, 1000.000000000000114 ) ;
#5859 = ORIENTED_EDGE ( 'NONE', *, *, #9670, .T. ) ;
#5860 =( LENGTH_UNIT ( ) NAMED_UNIT ( * ) SI_UNIT ( .MILLI., .METRE. ) );
#5861 =( GEOMETRIC_REPRESENTATION_CONTEXT ( 3 ) GLOBAL_UNCERTAINTY_ASSIGNED_CONTEXT ( ( #7603 ) ) GLOBAL_UNIT_ASSIGNED_CONTEXT ( ( #2467, #9346, #8458 ) ) REPRESENTATION_CONTEXT ( 'NONE', 'WORKASPACE' ) );
#5862 = ORIENTED_EDGE ( 'NONE', *, *, #3330, .F. ) ;
#5863 = SURFACE_STYLE_FILL_AREA ( #2727 ) ;
#5864 = ADVANCED_FACE ( 'NONE', ( #5761 ), #5810, .T. ) ;
#5865 = PRODUCT_CONTEXT ( 'NONE', #6859, 'mechanical' ) ;
#5866 = DIRECTION ( 'NONE',  ( 0.000000000000000000, -1.000000000000000000, -0.000000000000000000 ) ) ;
#5867 = COLOUR_RGB ( '',0.8313725490196077761, 0.8313725490196077761, 0.8313725490196077761 ) ;
#5868 = ORIENTED_EDGE ( 'NONE', *, *, #6942, .T. ) ;
#5869 = AXIS2_PLACEMENT_3D ( 'NONE', #5534, #6257, #4767 ) ;
#5870 =( LENGTH_UNIT ( ) NAMED_UNIT ( * ) SI_UNIT ( .MILLI., .METRE. ) );
#5871 = EDGE_CURVE ( 'NONE', #9588, #4773, #9685, .T. ) ;
#5872 = SURFACE_STYLE_USAGE ( .BOTH. , #4275 ) ;
#5873 = MECHANICAL_DESIGN_GEOMETRIC_PRESENTATION_REPRESENTATION (  '', ( #2751 ), #6654 ) ;
#5874 = DIRECTION ( 'NONE',  ( -0.000000000000000000, -1.000000000000000000, -0.000000000000000000 ) ) ;
#5875 = DIRECTION ( 'NONE',  ( 0.000000000000000000, -1.000000000000000000, -0.000000000000000000 ) ) ;
#5876 = MECHANICAL_DESIGN_GEOMETRIC_PRESENTATION_REPRESENTATION (  '', ( #4567 ), #1819 ) ;
#5877 = DIRECTION ( 'NONE',  ( -1.000000000000000000, 0.000000000000000000, -0.000000000000000000 ) ) ;
#5878 = MECHANICAL_DESIGN_GEOMETRIC_PRESENTATION_REPRESENTATION (  '', ( #6184 ), #7148 ) ;
#5879 = DIRECTION ( 'NONE',  ( 0.9975640502598241977, -0.000000000000000000, 0.06975647374412552448 ) ) ;
#5880 = PRODUCT_DEFINITION_SHAPE ( 'NONE', 'NONE',  #9971 ) ;
#5881 = VECTOR ( 'NONE', #7010, 1000.000000000000227 ) ;
#5882 = FILL_AREA_STYLE ('',( #8095 ) ) ;
#5883 = ADVANCED_FACE ( 'NONE', ( #2078 ), #1339, .F. ) ;
#5884 = EDGE_CURVE ( 'NONE', #9306, #871, #9021, .T. ) ;
#5885 = VERTEX_POINT ( 'NONE', #8276 ) ;
#5886 = CARTESIAN_POINT ( 'NONE',  ( -3.000000000000000000, -0.3799999999999998934, 0.2105127985970459970 ) ) ;
#5887 = SURFACE_STYLE_FILL_AREA ( #7473 ) ;
#5888 = CARTESIAN_POINT ( 'NONE',  ( 1.802292627064880026, 2.302292627064889796, 1.670000000000000151 ) ) ;
#5889 = DIRECTION ( 'NONE',  ( -1.000000000000000000, 0.000000000000000000, 1.682156097916899890E-16 ) ) ;
#5890 = STYLED_ITEM ( 'NONE', ( #7672 ), #6933 ) ;
#5891 = CIRCLE ( 'NONE', #1350, 0.07999999999999998779 ) ;
#5892 = FILL_AREA_STYLE_COLOUR ( '', #9240 ) ;
#5893 = ORIENTED_EDGE ( 'NONE', *, *, #1904, .F. ) ;
#5894 = STYLED_ITEM ( 'NONE', ( #9074 ), #7205 ) ;
#5895 = ORIENTED_EDGE ( 'NONE', *, *, #4564, .T. ) ;
#5896 =( NAMED_UNIT ( * ) SI_UNIT ( $, .STERADIAN. ) SOLID_ANGLE_UNIT ( ) );
#5897 = CARTESIAN_POINT ( 'NONE',  ( 1.145000000000000018, 1.044999999999999929, 0.1000000000000005884 ) ) ;
#5898 = STYLED_ITEM ( 'NONE', ( #7479 ), #5110 ) ;
#5899 = EDGE_CURVE ( 'NONE', #7793, #5314, #6626, .T. ) ;
#5900 = DIRECTION ( 'NONE',  ( -0.3406351650717831525, 0.8440827718217318587, 0.4141158758490928737 ) ) ;
#5901 = DIRECTION ( 'NONE',  ( 0.000000000000000000, 0.000000000000000000, 1.000000000000000000 ) ) ;
#5902 = VECTOR ( 'NONE', #9376, 1000.000000000000000 ) ;
#5903 = ORIENTED_EDGE ( 'NONE', *, *, #968, .F. ) ;
#5904 = CARTESIAN_POINT ( 'NONE',  ( 2.102415215385780023, -0.3800000000000000044, 0.8200000000000009504 ) ) ;
#5905 =( NAMED_UNIT ( * ) SI_UNIT ( $, .STERADIAN. ) SOLID_ANGLE_UNIT ( ) );
#5906 = EDGE_LOOP ( 'NONE', ( #8704, #2285, #7953, #5401 ) ) ;
#5907 = DIRECTION ( 'NONE',  ( 0.000000000000000000, 1.000000000000000000, 0.000000000000000000 ) ) ;
#5908 = PRODUCT_CONTEXT ( 'NONE', #6350, 'mechanical' ) ;
#5909 = DIRECTION ( 'NONE',  ( 0.000000000000000000, -0.000000000000000000, 1.000000000000000000 ) ) ;
#5910 = FACE_OUTER_BOUND ( 'NONE', #7888, .T. ) ;
#5911 = UNCERTAINTY_MEASURE_WITH_UNIT (LENGTH_MEASURE( 1.000000000000000082E-05 ), #7278, 'distance_accuracy_value', 'NONE');
#5912 = ADVANCED_FACE ( 'NONE', ( #9767 ), #2817, .F. ) ;
#5913 = CARTESIAN_POINT ( 'NONE',  ( 1.877467758999780800, -2.327900865654993101, 0.1896393804201378930 ) ) ;
#5914 = ORIENTED_EDGE ( 'NONE', *, *, #2190, .T. ) ;
#5915 = DIRECTION ( 'NONE',  ( -0.1039620511844980000, 0.1039620511844980000, 0.9891328443778539814 ) ) ;
#5916 = SURFACE_SIDE_STYLE ('',( #560 ) ) ;
#5917 = CARTESIAN_POINT ( 'NONE',  ( -0.9750000000000010880, -2.412162475304359788, 1.389999999999999902 ) ) ;
#5918 = CARTESIAN_POINT ( 'NONE',  ( -1.909916776902296665, -2.256608784186042715, 0.1259740260727436889 ) ) ;
#5919 = FILL_AREA_STYLE_COLOUR ( '', #2202 ) ;
#5920 = UNCERTAINTY_MEASURE_WITH_UNIT (LENGTH_MEASURE( 1.000000000000000082E-05 ), #810, 'distance_accuracy_value', 'NONE');
#5921 = EDGE_CURVE ( 'NONE', #5774, #5828, #1532, .T. ) ;
#5922 = CARTESIAN_POINT ( 'NONE',  ( 1.909916776902289781, -2.256608784186038719, 1.724025973927254984 ) ) ;
#5923 = DIRECTION ( 'NONE',  ( 0.000000000000000000, 0.000000000000000000, 1.000000000000000000 ) ) ;
#5924 = FACE_OUTER_BOUND ( 'NONE', #8012, .T. ) ;
#5925 = LINE ( 'NONE', #1080, #6451 ) ;
#5926 =( NAMED_UNIT ( * ) PLANE_ANGLE_UNIT ( ) SI_UNIT ( $, .RADIAN. ) );
#5927 = SURFACE_STYLE_FILL_AREA ( #574 ) ;
#5928 =( NAMED_UNIT ( * ) SI_UNIT ( $, .STERADIAN. ) SOLID_ANGLE_UNIT ( ) );
#5929 = DIRECTION ( 'NONE',  ( 0.000000000000000000, -0.000000000000000000, -1.000000000000000000 ) ) ;
#5930 = CARTESIAN_POINT ( 'NONE',  ( -1.802292627064890240, -2.302292627064889796, 0.1800000000000005485 ) ) ;
#5931 = EDGE_CURVE ( 'NONE', #5194, #9337, #3827, .T. ) ;
#5932 =( NAMED_UNIT ( * ) SI_UNIT ( $, .STERADIAN. ) SOLID_ANGLE_UNIT ( ) );
#5933 = EDGE_CURVE ( 'NONE', #5403, #7682, #735, .T. ) ;
#5934 = ORIENTED_EDGE ( 'NONE', *, *, #3984, .T. ) ;
#5935 = ORIENTED_EDGE ( 'NONE', *, *, #434, .T. ) ;
#5936 = CARTESIAN_POINT ( 'NONE',  ( 0.2284999999999999809, 0.000000000000000000, 0.1000000000000003109 ) ) ;
#5937 = DIRECTION ( 'NONE',  ( -0.000000000000000000, -0.000000000000000000, -1.000000000000000000 ) ) ;
#5938 = DIRECTION ( 'NONE',  ( 0.000000000000000000, 0.000000000000000000, -1.000000000000000000 ) ) ;
#5939 =( NAMED_UNIT ( * ) PLANE_ANGLE_UNIT ( ) SI_UNIT ( $, .RADIAN. ) );
#5940 =( LENGTH_UNIT ( ) NAMED_UNIT ( * ) SI_UNIT ( .MILLI., .METRE. ) );
#5941 = CARTESIAN_POINT ( 'NONE',  ( 2.102415215385780023, 1.905000000000000027, 0.8200000000000019496 ) ) ;
#5942 = CARTESIAN_POINT ( 'NONE',  ( -1.870218527253805219, -2.449999403068539472, 0.8199943205765131138 ) ) ;
#5943 = UNCERTAINTY_MEASURE_WITH_UNIT (LENGTH_MEASURE( 1.000000000000000082E-05 ), #2004, 'distance_accuracy_value', 'NONE');
#5944 = EDGE_CURVE ( 'NONE', #8708, #4131, #29, .T. ) ;
#5945 = AXIS2_PLACEMENT_3D ( 'NONE', #9391, #2343, #1517 ) ;
#5946 = EDGE_LOOP ( 'NONE', ( #1972, #5764, #8124, #6360 ) ) ;
#5947 = ORIENTED_EDGE ( 'NONE', *, *, #5587, .F. ) ;
#5948 = ORIENTED_EDGE ( 'NONE', *, *, #4691, .T. ) ;
#5949 = SURFACE_STYLE_FILL_AREA ( #8068 ) ;
#5950 = CYLINDRICAL_SURFACE ( 'NONE', #4325, 0.08000000000000007105 ) ;
#5951 = STYLED_ITEM ( 'NONE', ( #1138 ), #724 ) ;
#5952 = SHAPE_DEFINITION_REPRESENTATION ( #1194, #1040 ) ;
#5953 = FACE_OUTER_BOUND ( 'NONE', #6192, .T. ) ;
#5954 = SURFACE_STYLE_USAGE ( .BOTH. , #2825 ) ;
#5955 = CARTESIAN_POINT ( 'NONE',  ( 3.000000000000000000, 0.6350000000000000089, 0.000000000000000000 ) ) ;
#5956 =( LENGTH_UNIT ( ) NAMED_UNIT ( * ) SI_UNIT ( .MILLI., .METRE. ) );
#5957 =( NAMED_UNIT ( * ) SI_UNIT ( $, .STERADIAN. ) SOLID_ANGLE_UNIT ( ) );
#5958 = AXIS2_PLACEMENT_3D ( 'NONE', #2888, #6713, #5968 ) ;
#5959 = ADVANCED_BREP_SHAPE_REPRESENTATION ( '', ( #7661, #7071 ), #1428 ) ;
#5960 = CARTESIAN_POINT ( 'NONE',  ( 2.346432839248830060, 1.905000000000000027, 0.04570186794230145233 ) ) ;
#5961 = EDGE_LOOP ( 'NONE', ( #1200, #6007, #5598, #6322 ) ) ;
#5962 = CIRCLE ( 'NONE', #5658, 0.2100000000000000200 ) ;
#5963 = DIRECTION ( 'NONE',  ( -0.08452546101100759379, -0.000000000000000000, -0.9964213197442519654 ) ) ;
#5964 = DIRECTION ( 'NONE',  ( -1.000000000000000000, -0.000000000000000000, 1.779203565104420086E-16 ) ) ;
#5965 = SURFACE_SIDE_STYLE ('',( #6095 ) ) ;
#5966 = DIRECTION ( 'NONE',  ( 1.000000000000000000, 0.000000000000000000, 0.000000000000000000 ) ) ;
#5967 = DIRECTION ( 'NONE',  ( -1.000000000000000000, 0.000000000000000000, 0.000000000000000000 ) ) ;
#5968 = DIRECTION ( 'NONE',  ( 6.640089860198299873E-17, 1.000000000000000000, 0.000000000000000000 ) ) ;
#5969 = ORIENTED_EDGE ( 'NONE', *, *, #3900, .F. ) ;
#5970 =( LENGTH_UNIT ( ) NAMED_UNIT ( * ) SI_UNIT ( .MILLI., .METRE. ) );
#5971 = SURFACE_STYLE_FILL_AREA ( #4391 ) ;
#5972 = PLANE ( 'NONE',  #7134 ) ;
#5973 = CARTESIAN_POINT ( 'NONE',  ( 2.346432839248831836, 0.8900000000000000133, 0.04570186794230124416 ) ) ;
#5974 = EDGE_CURVE ( 'NONE', #9315, #4881, #7538, .T. ) ;
#5975 = CARTESIAN_POINT ( 'NONE',  ( 1.189405335455050006, -1.649999999999999911, 0.7114753820237430526 ) ) ;
#5976 = CARTESIAN_POINT ( 'NONE',  ( -0.1285000000000000031, 1.401000000000000023, 0.1000000000000010048 ) ) ;
#5977 = SURFACE_SIDE_STYLE ('',( #1227 ) ) ;
#5978 = ORIENTED_EDGE ( 'NONE', *, *, #1718, .T. ) ;
#5979 = ORIENTED_EDGE ( 'NONE', *, *, #6589, .F. ) ;
#5980 = ORIENTED_EDGE ( 'NONE', *, *, #1648, .T. ) ;
#5981 = FACE_OUTER_BOUND ( 'NONE', #7070, .T. ) ;
#5982 =( LENGTH_UNIT ( ) NAMED_UNIT ( * ) SI_UNIT ( .MILLI., .METRE. ) );
#5983 = EDGE_CURVE ( 'NONE', #1047, #2714, #350, .T. ) ;
#5984 = DIRECTION ( 'NONE',  ( 0.000000000000000000, 0.000000000000000000, 1.000000000000000000 ) ) ;
#5985 = SURFACE_STYLE_FILL_AREA ( #6689 ) ;
#5986 = CARTESIAN_POINT ( 'NONE',  ( -1.802292627064890684, 2.302292627064891128, 0.1800000000000009370 ) ) ;
#5987 =( NAMED_UNIT ( * ) SI_UNIT ( $, .STERADIAN. ) SOLID_ANGLE_UNIT ( ) );
#5988 = AXIS2_PLACEMENT_3D ( 'NONE', #5669, #9470, #5182 ) ;
#5989 = ORIENTED_EDGE ( 'NONE', *, *, #1037, .T. ) ;
#5990 = COLOUR_RGB ( '',0.8313725490196077761, 0.8313725490196077761, 0.8313725490196077761 ) ;
#5991 = FILL_AREA_STYLE_COLOUR ( '', #1787 ) ;
#5992 = ORIENTED_EDGE ( 'NONE', *, *, #6175, .F. ) ;
#5993 = CYLINDRICAL_SURFACE ( 'NONE', #3540, 0.08000000000000004330 ) ;
#5994 = ORIENTED_EDGE ( 'NONE', *, *, #5931, .T. ) ;
#5995 =( LENGTH_UNIT ( ) NAMED_UNIT ( * ) SI_UNIT ( .MILLI., .METRE. ) );
#5996 = EDGE_CURVE ( 'NONE', #5467, #963, #4360, .T. ) ;
#5997 = ADVANCED_FACE ( 'NONE', ( #6880 ), #9861, .T. ) ;
#5998 = DIRECTION ( 'NONE',  ( 0.000000000000000000, 1.000000000000000000, 0.000000000000000000 ) ) ;
#5999 = DIRECTION ( 'NONE',  ( 1.000000000000000000, 0.000000000000000000, 0.000000000000000000 ) ) ;
#6000 = DIRECTION ( 'NONE',  ( 0.000000000000000000, 0.000000000000000000, 1.000000000000000000 ) ) ;
#6001 = AXIS2_PLACEMENT_3D ( 'NONE', #3632, #4618, #9811 ) ;
#6002 = FACE_OUTER_BOUND ( 'NONE', #683, .T. ) ;
#6003 = UNCERTAINTY_MEASURE_WITH_UNIT (LENGTH_MEASURE( 1.000000000000000082E-05 ), #7500, 'distance_accuracy_value', 'NONE');
#6004 = AXIS2_PLACEMENT_3D ( 'NONE', #5986, #9203, #1385 ) ;
#6005 = CARTESIAN_POINT ( 'NONE',  ( -1.041165581326914724, 2.169538111795773716, 1.749999999999999778 ) ) ;
#6006 = PRESENTATION_LAYER_ASSIGNMENT (  '', '', ( #9060 ) ) ;
#6007 = ORIENTED_EDGE ( 'NONE', *, *, #9335, .F. ) ;
#6008 = PRESENTATION_LAYER_ASSIGNMENT (  '', '', ( #7307 ) ) ;
#6009 =( GEOMETRIC_REPRESENTATION_CONTEXT ( 3 ) GLOBAL_UNCERTAINTY_ASSIGNED_CONTEXT ( ( #1429 ) ) GLOBAL_UNIT_ASSIGNED_CONTEXT ( ( #8402, #15, #6180 ) ) REPRESENTATION_CONTEXT ( 'NONE', 'WORKASPACE' ) );
#6010 = CARTESIAN_POINT ( 'NONE',  ( -1.802292627064890240, 2.302292627064889796, 0.1800000000000005485 ) ) ;
#6011 = FILL_AREA_STYLE ('',( #8480 ) ) ;
#6012 = EDGE_CURVE ( 'NONE', #2041, #8655, #6563, .T. ) ;
#6013 =( GEOMETRIC_REPRESENTATION_CONTEXT ( 3 ) GLOBAL_UNCERTAINTY_ASSIGNED_CONTEXT ( ( #8421 ) ) GLOBAL_UNIT_ASSIGNED_CONTEXT ( ( #5172, #8958, #2850 ) ) REPRESENTATION_CONTEXT ( 'NONE', 'WORKASPACE' ) );
#6014 = PRESENTATION_STYLE_ASSIGNMENT (( #5159 ) ) ;
#6015 = STYLED_ITEM ( 'NONE', ( #1243 ), #6292 ) ;
#6016 =( GEOMETRIC_REPRESENTATION_CONTEXT ( 3 ) GLOBAL_UNCERTAINTY_ASSIGNED_CONTEXT ( ( #3220 ) ) GLOBAL_UNIT_ASSIGNED_CONTEXT ( ( #1310, #463, #7470 ) ) REPRESENTATION_CONTEXT ( 'NONE', 'WORKASPACE' ) );
#6017 = LINE ( 'NONE', #8248, #1001 ) ;
#6018 = COLOUR_RGB ( '',0.8313725490196077761, 0.8313725490196077761, 0.8313725490196077761 ) ;
#6019 = PRESENTATION_LAYER_ASSIGNMENT (  '', '', ( #3398 ) ) ;
#6020 =( GEOMETRIC_REPRESENTATION_CONTEXT ( 3 ) GLOBAL_UNCERTAINTY_ASSIGNED_CONTEXT ( ( #1036 ) ) GLOBAL_UNIT_ASSIGNED_CONTEXT ( ( #8941, #5156, #8294 ) ) REPRESENTATION_CONTEXT ( 'NONE', 'WORKASPACE' ) );
#6021 = DIRECTION ( 'NONE',  ( -0.06975647374412553836, 0.000000000000000000, -0.9975640502598243087 ) ) ;
#6022 = STYLED_ITEM ( 'NONE', ( #193 ), #3741 ) ;
#6023 = FACE_OUTER_BOUND ( 'NONE', #2403, .T. ) ;
#6024 = CARTESIAN_POINT ( 'NONE',  ( 2.450781109342988540, 0.3799999999999999489, 0.2489179246798423339 ) ) ;
#6025 =( NAMED_UNIT ( * ) PLANE_ANGLE_UNIT ( ) SI_UNIT ( $, .RADIAN. ) );
#6026 = FILL_AREA_STYLE ('',( #2061 ) ) ;
#6027 = ORIENTED_EDGE ( 'NONE', *, *, #6175, .T. ) ;
#6028 = AXIS2_PLACEMENT_3D ( 'NONE', #5930, #7527, #2063 ) ;
#6029 = STYLED_ITEM ( 'NONE', ( #8283 ), #4628 ) ;
#6030 = VECTOR ( 'NONE', #1595, 1000.000000000000227 ) ;
#6031 = EDGE_CURVE ( 'NONE', #5699, #2452, #4543, .T. ) ;
#6032 = ORIENTED_EDGE ( 'NONE', *, *, #2301, .F. ) ;
#6033 = CARTESIAN_POINT ( 'NONE',  ( -0.9750000000000010880, 2.412162475304359788, 1.389999999999999902 ) ) ;
#6034 = CARTESIAN_POINT ( 'NONE',  ( 3.000000000000000000, 0.6350000000000000089, 0.2105127985970459970 ) ) ;
#6035 = SURFACE_SIDE_STYLE ('',( #7792 ) ) ;
#6036 = MECHANICAL_DESIGN_GEOMETRIC_PRESENTATION_REPRESENTATION (  '', ( #393 ), #1828 ) ;
#6037 = CARTESIAN_POINT ( 'NONE',  ( 0.2285000000000000364, 0.000000000000000000, 0.1000000000000009631 ) ) ;
#6038 = DIRECTION ( 'NONE',  ( 0.000000000000000000, -1.000000000000000000, 0.000000000000000000 ) ) ;
#6039 = CARTESIAN_POINT ( 'NONE',  ( 1.928793852439659950, 2.160000000000000142, 1.030000000000000027 ) ) ;
#6040 = UNCERTAINTY_MEASURE_WITH_UNIT (LENGTH_MEASURE( 1.000000000000000082E-05 ), #5956, 'distance_accuracy_value', 'NONE');
#6041 = DIRECTION ( 'NONE',  ( -0.000000000000000000, 1.000000000000000000, -0.000000000000000000 ) ) ;
#6042 = AXIS2_PLACEMENT_3D ( 'NONE', #4947, #5756, #8006 ) ;
#6043 = EDGE_LOOP ( 'NONE', ( #3035, #3631, #8854, #8642 ) ) ;
#6044 = EDGE_CURVE ( 'NONE', #8793, #2830, #2894, .T. ) ;
#6045 =( LENGTH_UNIT ( ) NAMED_UNIT ( * ) SI_UNIT ( .MILLI., .METRE. ) );
#6046 = VERTEX_POINT ( 'NONE', #6235 ) ;
#6047 = DIRECTION ( 'NONE',  ( -0.000000000000000000, -0.000000000000000000, -1.000000000000000000 ) ) ;
#6048 = ORIENTED_EDGE ( 'NONE', *, *, #7039, .T. ) ;
#6049 = FILL_AREA_STYLE ('',( #689 ) ) ;
#6050 = SURFACE_STYLE_FILL_AREA ( #1285 ) ;
#6051 = CIRCLE ( 'NONE', #8805, 0.07999999999999997391 ) ;
#6052 = PLANE ( 'NONE',  #8945 ) ;
#6053 = VECTOR ( 'NONE', #7247, 1000.000000000000000 ) ;
#6054 = EDGE_CURVE ( 'NONE', #770, #7729, #1075, .T. ) ;
#6055 = LINE ( 'NONE', #745, #6531 ) ;
#6056 = EDGE_CURVE ( 'NONE', #2819, #7788, #6465, .T. ) ;
#6057 = MECHANICAL_DESIGN_GEOMETRIC_PRESENTATION_REPRESENTATION (  '', ( #5752 ), #7420 ) ;
#6058 = LINE ( 'NONE', #8424, #9871 ) ;
#6059 = ORIENTED_EDGE ( 'NONE', *, *, #6843, .F. ) ;
#6060 = PLANE ( 'NONE',  #4736 ) ;
#6061 = LINE ( 'NONE', #8293, #4692 ) ;
#6062 = FACE_OUTER_BOUND ( 'NONE', #5620, .T. ) ;
#6063 =( LENGTH_UNIT ( ) NAMED_UNIT ( * ) SI_UNIT ( .MILLI., .METRE. ) );
#6064 = EDGE_CURVE ( 'NONE', #4829, #1082, #5635, .T. ) ;
#6065 = VERTEX_POINT ( 'NONE', #8040 ) ;
#6066 = FACE_OUTER_BOUND ( 'NONE', #6147, .T. ) ;
#6067 = CARTESIAN_POINT ( 'NONE',  ( 2.458105539086119951, 1.905000000000000027, 0.3536621499571240279 ) ) ;
#6068 = DIRECTION ( 'NONE',  ( 0.000000000000000000, 0.000000000000000000, -1.000000000000000000 ) ) ;
#6069 = ORIENTED_EDGE ( 'NONE', *, *, #7832, .T. ) ;
#6070 = SURFACE_STYLE_FILL_AREA ( #4707 ) ;
#6071 = ORIENTED_EDGE ( 'NONE', *, *, #434, .F. ) ;
#6072 = ORIENTED_EDGE ( 'NONE', *, *, #3039, .T. ) ;
#6073 = SURFACE_SIDE_STYLE ('',( #4454 ) ) ;
#6074 = SURFACE_STYLE_USAGE ( .BOTH. , #2167 ) ;
#6075 = PLANE ( 'NONE',  #3493 ) ;
#6076 = DIRECTION ( 'NONE',  ( 0.000000000000000000, 0.000000000000000000, -1.000000000000000000 ) ) ;
#6077 = ADVANCED_FACE ( 'NONE', ( #5833 ), #4669, .T. ) ;
#6078 = CARTESIAN_POINT ( 'NONE',  ( -1.912619368012798970, -2.388084850755738842, 1.343049942313205181 ) ) ;
#6079 = ORIENTED_EDGE ( 'NONE', *, *, #9504, .F. ) ;
#6080 = ORIENTED_EDGE ( 'NONE', *, *, #6056, .F. ) ;
#6081 = CARTESIAN_POINT ( 'NONE',  ( -2.458105539086119951, -1.905000000000000027, 0.3536621499571240279 ) ) ;
#6082 = EDGE_LOOP ( 'NONE', ( #7730, #7608, #5739, #72, #6427, #4756, #2985, #978, #166, #5740, #5462, #2130 ) ) ;
#6083 = FILL_AREA_STYLE_COLOUR ( '', #9686 ) ;
#6084 = FILL_AREA_STYLE_COLOUR ( '', #8614 ) ;
#6085 = EDGE_CURVE ( 'NONE', #7654, #9078, #7321, .T. ) ;
#6086 = AXIS2_PLACEMENT_3D ( 'NONE', #9349, #5601, #9454 ) ;
#6087 = CLOSED_SHELL ( 'NONE', ( #3284, #447, #5864, #2246, #8199, #8646, #3157, #724, #6354, #2807, #7643, #5305, #498, #6933 ) ) ;
#6088 = UNCERTAINTY_MEASURE_WITH_UNIT (LENGTH_MEASURE( 1.000000000000000082E-05 ), #2760, 'distance_accuracy_value', 'NONE');
#6089 = CARTESIAN_POINT ( 'NONE',  ( -1.010926527647242779, 2.044916436039914132, 1.749999999999999778 ) ) ;
#6090 = CARTESIAN_POINT ( 'NONE',  ( 0.1285000000000000031, 1.401000000000000023, 0.1000000000000010048 ) ) ;
#6091 = VERTEX_POINT ( 'NONE', #5738 ) ;
#6092 = STYLED_ITEM ( 'NONE', ( #2192 ), #317 ) ;
#6093 = CARTESIAN_POINT ( 'NONE',  ( -1.928793852439659950, 0.8900000000000000133, 0.7114753820237430526 ) ) ;
#6094 = SURFACE_STYLE_FILL_AREA ( #2974 ) ;
#6095 = SURFACE_STYLE_FILL_AREA ( #2288 ) ;
#6096 = CIRCLE ( 'NONE', #5649, 0.08000000000000005718 ) ;
#6097 = EDGE_CURVE ( 'NONE', #3449, #1522, #4208, .T. ) ;
#6098 = SURFACE_STYLE_FILL_AREA ( #2937 ) ;
#6099 = EDGE_CURVE ( 'NONE', #5449, #749, #6797, .T. ) ;
#6100 = PRESENTATION_STYLE_ASSIGNMENT (( #756 ) ) ;
#6101 = STYLED_ITEM ( 'NONE', ( #4848 ), #486 ) ;
#6102 = CARTESIAN_POINT ( 'NONE',  ( 1.865091647517193252, -2.345189659078863897, 0.1442199397528923510 ) ) ;
#6103 = VECTOR ( 'NONE', #4847, 1000.000000000000000 ) ;
#6104 = ORIENTED_EDGE ( 'NONE', *, *, #348, .T. ) ;
#6105 =( NAMED_UNIT ( * ) SI_UNIT ( $, .STERADIAN. ) SOLID_ANGLE_UNIT ( ) );
#6106 = PRESENTATION_LAYER_ASSIGNMENT (  '', '', ( #6433 ) ) ;
#6107 = FILL_AREA_STYLE_COLOUR ( '', #6288 ) ;
#6108 = EDGE_CURVE ( 'NONE', #3927, #2558, #6017, .T. ) ;
#6109 =( NAMED_UNIT ( * ) PLANE_ANGLE_UNIT ( ) SI_UNIT ( $, .RADIAN. ) );
#6110 = EDGE_CURVE ( 'NONE', #9011, #9401, #2009, .T. ) ;
#6111 = CARTESIAN_POINT ( 'NONE',  ( -2.376389666031580195, 0.8900000000000000133, 0.07473362777057840356 ) ) ;
#6112 = AXIS2_PLACEMENT_3D ( 'NONE', #3058, #7738, #4718 ) ;
#6113 = DIRECTION ( 'NONE',  ( -0.000000000000000000, 0.000000000000000000, -1.000000000000000000 ) ) ;
#6114 = ORIENTED_EDGE ( 'NONE', *, *, #1403, .F. ) ;
#6115 = PLANE ( 'NONE',  #3897 ) ;
#6116 = AXIS2_PLACEMENT_3D ( 'NONE', #5098, #5907, #7197 ) ;
#6117 = CARTESIAN_POINT ( 'NONE',  ( -1.422915748835873462, -2.426464941424819166, 1.698835676516951887 ) ) ;
#6118 = EDGE_LOOP ( 'NONE', ( #4820, #9621, #6909, #5429 ) ) ;
#6119 = ORIENTED_EDGE ( 'NONE', *, *, #2851, .F. ) ;
#6120 = PRESENTATION_STYLE_ASSIGNMENT (( #1974 ) ) ;
#6121 = SURFACE_STYLE_USAGE ( .BOTH. , #1469 ) ;
#6122 = FACE_OUTER_BOUND ( 'NONE', #1324, .T. ) ;
#6123 = CARTESIAN_POINT ( 'NONE',  ( 1.949999403068538806, 2.370218527253805441, 1.030005679423485310 ) ) ;
#6124 = DIRECTION ( 'NONE',  ( -0.000000000000000000, -0.000000000000000000, -1.000000000000000000 ) ) ;
#6125 = DIRECTION ( 'NONE',  ( -0.000000000000000000, -1.000000000000000000, -0.000000000000000000 ) ) ;
#6126 = SURFACE_STYLE_USAGE ( .BOTH. , #2264 ) ;
#6127 = UNCERTAINTY_MEASURE_WITH_UNIT (LENGTH_MEASURE( 1.000000000000000082E-05 ), #192, 'distance_accuracy_value', 'NONE');
#6128 = FACE_OUTER_BOUND ( 'NONE', #4629, .T. ) ;
#6129 = AXIS2_PLACEMENT_3D ( 'NONE', #5129, #1055, #1980 ) ;
#6130 = LINE ( 'NONE', #3221, #3263 ) ;
#6131 = ORIENTED_EDGE ( 'NONE', *, *, #5209, .F. ) ;
#6132 = MECHANICAL_DESIGN_GEOMETRIC_PRESENTATION_REPRESENTATION (  '', ( #4186 ), #812 ) ;
#6133 = AXIS2_PLACEMENT_3D ( 'NONE', #6215, #7020, #4074 ) ;
#6134 = ORIENTED_EDGE ( 'NONE', *, *, #632, .T. ) ;
#6135 = PRODUCT_RELATED_PRODUCT_CATEGORY ( 'part', '', ( #2347 ) ) ;
#6136 = ORIENTED_EDGE ( 'NONE', *, *, #5270, .T. ) ;
#6137 = VECTOR ( 'NONE', #1459, 1000.000000000000000 ) ;
#6138 = DIRECTION ( 'NONE',  ( -0.1039620511844980000, 0.1039620511844980000, -0.9891328443778539814 ) ) ;
#6139 =( NAMED_UNIT ( * ) SI_UNIT ( $, .STERADIAN. ) SOLID_ANGLE_UNIT ( ) );
#6140 = DIRECTION ( 'NONE',  ( -1.000000000000000000, 0.000000000000000000, 0.000000000000000000 ) ) ;
#6141 = PRESENTATION_LAYER_ASSIGNMENT (  '', '', ( #4862 ) ) ;
#6142 = STYLED_ITEM ( 'NONE', ( #7229 ), #7703 ) ;
#6143 = AXIS2_PLACEMENT_3D ( 'NONE', #1490, #8284, #5999 ) ;
#6144 = CARTESIAN_POINT ( 'NONE',  ( -1.286622366282401231, 2.212818765581381353, 1.749999999999999778 ) ) ;
#6145 = DIRECTION ( 'NONE',  ( 0.000000000000000000, -0.000000000000000000, 1.000000000000000000 ) ) ;
#6146 = EDGE_CURVE ( 'NONE', #4025, #9094, #6159, .T. ) ;
#6147 = EDGE_LOOP ( 'NONE', ( #8620, #7028, #7680, #4570 ) ) ;
#6148 =( LENGTH_UNIT ( ) NAMED_UNIT ( * ) SI_UNIT ( .MILLI., .METRE. ) );
#6149 = AXIS2_PLACEMENT_3D ( 'NONE', #395, #5138, #8065 ) ;
#6150 = CARTESIAN_POINT ( 'NONE',  ( 1.825287670640536097, 2.345189659078864342, 0.1114787795496193640 ) ) ;
#6151 = CARTESIAN_POINT ( 'NONE',  ( -2.376389666031580195, -0.3800000000000000044, 0.07473362777057840356 ) ) ;
#6152 = STYLED_ITEM ( 'NONE', ( #981 ), #7940 ) ;
#6153 = CARTESIAN_POINT ( 'NONE',  ( -1.815360702644579938, 2.315360702644579938, 1.545665566219460052 ) ) ;
#6154 = CIRCLE ( 'NONE', #6464, 0.1000000000000000194 ) ;
#6155 = CARTESIAN_POINT ( 'NONE',  ( -3.000000000000000444, 0.3799999999999999489, 1.120584445495009345E-17 ) ) ;
#6156 = SURFACE_STYLE_USAGE ( .BOTH. , #2938 ) ;
#6157 = DIRECTION ( 'NONE',  ( -0.000000000000000000, -1.000000000000000000, -0.000000000000000000 ) ) ;
#6158 = STYLED_ITEM ( 'NONE', ( #6273 ), #2246 ) ;
#6159 = CIRCLE ( 'NONE', #3544, 0.1050000000000000100 ) ;
#6160 = FILL_AREA_STYLE ('',( #4536 ) ) ;
#6161 = PRESENTATION_STYLE_ASSIGNMENT (( #3034 ) ) ;
#6162 = EDGE_CURVE ( 'NONE', #8841, #6869, #7517, .T. ) ;
#6163 = ORIENTED_EDGE ( 'NONE', *, *, #6616, .F. ) ;
#6164 = PRESENTATION_LAYER_ASSIGNMENT (  '', '', ( #6485 ) ) ;
#6165 =( LENGTH_UNIT ( ) NAMED_UNIT ( * ) SI_UNIT ( .MILLI., .METRE. ) );
#6166 = DIRECTION ( 'NONE',  ( 1.000000000000000000, -1.849586107649222981E-17, -1.943993334024899209E-18 ) ) ;
#6167 =( GEOMETRIC_REPRESENTATION_CONTEXT ( 3 ) GLOBAL_UNCERTAINTY_ASSIGNED_CONTEXT ( ( #81 ) ) GLOBAL_UNIT_ASSIGNED_CONTEXT ( ( #4911, #1062, #5618 ) ) REPRESENTATION_CONTEXT ( 'NONE', 'WORKASPACE' ) );
#6168 = PLANE ( 'NONE',  #2552 ) ;
#6169 = AXIS2_PLACEMENT_3D ( 'NONE', #4607, #4453, #4657 ) ;
#6170 = SURFACE_SIDE_STYLE ('',( #4604 ) ) ;
#6171 = STYLED_ITEM ( 'NONE', ( #3997 ), #2019 ) ;
#6172 = CARTESIAN_POINT ( 'NONE',  ( -1.492920983025413095, -2.338417127732530520, 1.737113932095117441 ) ) ;
#6173 = MECHANICAL_DESIGN_GEOMETRIC_PRESENTATION_REPRESENTATION (  '', ( #3564 ), #1969 ) ;
#6174 = VERTEX_POINT ( 'NONE', #4324 ) ;
#6175 = EDGE_CURVE ( 'NONE', #9810, #8468, #6810, .T. ) ;
#6176 = EDGE_CURVE ( 'NONE', #8168, #5710, #8194, .T. ) ;
#6177 = VECTOR ( 'NONE', #4542, 1000.000000000000000 ) ;
#6178 = VERTEX_POINT ( 'NONE', #9833 ) ;
#6179 = DIRECTION ( 'NONE',  ( 0.000000000000000000, 1.000000000000000000, -0.000000000000000000 ) ) ;
#6180 =( NAMED_UNIT ( * ) SI_UNIT ( $, .STERADIAN. ) SOLID_ANGLE_UNIT ( ) );
#6181 = CARTESIAN_POINT ( 'NONE',  ( 0.2285000000000000364, 1.401000000000000023, 0.1000000000000010048 ) ) ;
#6182 = ORIENTED_EDGE ( 'NONE', *, *, #7162, .T. ) ;
#6183 = SURFACE_STYLE_FILL_AREA ( #8556 ) ;
#6184 = STYLED_ITEM ( 'NONE', ( #9698 ), #6707 ) ;
#6185 = UNCERTAINTY_MEASURE_WITH_UNIT (LENGTH_MEASURE( 1.000000000000000082E-05 ), #3810, 'distance_accuracy_value', 'NONE');
#6186 = DIRECTION ( 'NONE',  ( 0.000000000000000000, -1.000000000000000000, -0.000000000000000000 ) ) ;
#6187 = ORIENTED_EDGE ( 'NONE', *, *, #5496, .T. ) ;
#6188 =( NAMED_UNIT ( * ) PLANE_ANGLE_UNIT ( ) SI_UNIT ( $, .RADIAN. ) );
#6189 = ADVANCED_FACE ( 'NONE', ( #6758 ), #3832, .T. ) ;
#6190 = EDGE_LOOP ( 'NONE', ( #4815, #4894, #6938, #6104 ) ) ;
#6191 = DIRECTION ( 'NONE',  ( 2.710505431213761479E-15, 0.000000000000000000, -1.000000000000000000 ) ) ;
#6192 = EDGE_LOOP ( 'NONE', ( #1014, #717, #5980, #3457 ) ) ;
#6193 = CARTESIAN_POINT ( 'NONE',  ( 2.353481300512969998, -0.3800000000000000044, 0.3447869765509680717 ) ) ;
#6194 = FILL_AREA_STYLE_COLOUR ( '', #535 ) ;
#6195 =( GEOMETRIC_REPRESENTATION_CONTEXT ( 3 ) GLOBAL_UNCERTAINTY_ASSIGNED_CONTEXT ( ( #6040 ) ) GLOBAL_UNIT_ASSIGNED_CONTEXT ( ( #5956, #8331, #1345 ) ) REPRESENTATION_CONTEXT ( 'NONE', 'WORKASPACE' ) );
#6196 = UNCERTAINTY_MEASURE_WITH_UNIT (LENGTH_MEASURE( 1.000000000000000082E-05 ), #1784, 'distance_accuracy_value', 'NONE');
#6197 =( BOUNDED_SURFACE ( )  B_SPLINE_SURFACE ( 3, 3, ( 
 ( #6402, #1115, #9677, #4120 ),
 ( #3345, #6453, #9531, #8030 ),
 ( #4170, #7254, #3397, #6510 ),
 ( #2654, #8845, #5012, #8082 ) ),
 .UNSPECIFIED., .F., .F., .T. ) 
 B_SPLINE_SURFACE_WITH_KNOTS ( ( 4, 4 ),
 ( 4, 4 ),
 ( 0.000000000000000000, 1.000000000000000000 ),
 ( 0.000000000000000000, 1.000000000000000000 ),
 .UNSPECIFIED. ) 
 GEOMETRIC_REPRESENTATION_ITEM ( )  RATIONAL_B_SPLINE_SURFACE ( (
 ( 1.000000000000000000, 0.3333333333333341475, 0.3333333333333341475, 1.000000000000000000),
 ( 0.9290532412555451147, 0.3096844137518491302, 0.3096844137518491302, 0.9290532412555451147),
 ( 0.9290532412555451147, 0.3096844137518491302, 0.3096844137518491302, 0.9290532412555451147),
 ( 1.000000000000000000, 0.3333333333333341475, 0.3333333333333341475, 1.000000000000000000) ) ) 
 REPRESENTATION_ITEM ( '' )  SURFACE ( )  );
#6198 =( GEOMETRIC_REPRESENTATION_CONTEXT ( 3 ) GLOBAL_UNCERTAINTY_ASSIGNED_CONTEXT ( ( #6782 ) ) GLOBAL_UNIT_ASSIGNED_CONTEXT ( ( #5830, #9684, #6757 ) ) REPRESENTATION_CONTEXT ( 'NONE', 'WORKASPACE' ) );
#6199 = LINE ( 'NONE', #5409, #3436 ) ;
#6200 =( LENGTH_UNIT ( ) NAMED_UNIT ( * ) SI_UNIT ( .MILLI., .METRE. ) );
#6201 = DIRECTION ( 'NONE',  ( 0.000000000000000000, 1.000000000000000000, 0.000000000000000000 ) ) ;
#6202 = ORIENTED_EDGE ( 'NONE', *, *, #2668, .T. ) ;
#6203 =( GEOMETRIC_REPRESENTATION_CONTEXT ( 3 ) GLOBAL_UNCERTAINTY_ASSIGNED_CONTEXT ( ( #7740 ) ) GLOBAL_UNIT_ASSIGNED_CONTEXT ( ( #6148, #9275, #9034 ) ) REPRESENTATION_CONTEXT ( 'NONE', 'WORKASPACE' ) );
#6204 = DIRECTION ( 'NONE',  ( -0.000000000000000000, 1.000000000000000000, -0.000000000000000000 ) ) ;
#6205 = FILL_AREA_STYLE_COLOUR ( '', #3531 ) ;
#6206 = CARTESIAN_POINT ( 'NONE',  ( 2.102415215385780023, 2.160000000000000142, 1.030000000000000471 ) ) ;
#6207 = SURFACE_STYLE_FILL_AREA ( #1504 ) ;
#6208 = UNCERTAINTY_MEASURE_WITH_UNIT (LENGTH_MEASURE( 1.000000000000000082E-05 ), #3968, 'distance_accuracy_value', 'NONE');
#6209 = SURFACE_STYLE_USAGE ( .BOTH. , #8533 ) ;
#6210 = ADVANCED_FACE ( 'NONE', ( #8589 ), #858, .F. ) ;
#6211 = COLOUR_RGB ( '',0.8313725490196077761, 0.8313725490196077761, 0.8313725490196077761 ) ;
#6212 = COLOUR_RGB ( '',0.8313725490196077761, 0.8313725490196077761, 0.8313725490196077761 ) ;
#6213 = FACE_OUTER_BOUND ( 'NONE', #384, .T. ) ;
#6214 = ORIENTED_EDGE ( 'NONE', *, *, #5612, .F. ) ;
#6215 = CARTESIAN_POINT ( 'NONE',  ( -2.376389666031580195, -0.6350000000000000089, 0.07473362777057840356 ) ) ;
#6216 = FILL_AREA_STYLE_COLOUR ( '', #7121 ) ;
#6217 = STYLED_ITEM ( 'NONE', ( #9271 ), #5638 ) ;
#6218 = DIRECTION ( 'NONE',  ( 1.682156097916899890E-16, 0.000000000000000000, 1.000000000000000000 ) ) ;
#6219 = EDGE_CURVE ( 'NONE', #336, #4003, #4755, .T. ) ;
#6220 = ORIENTED_EDGE ( 'NONE', *, *, #2601, .T. ) ;
#6221 = PRESENTATION_STYLE_ASSIGNMENT (( #5540 ) ) ;
#6222 = ORIENTED_EDGE ( 'NONE', *, *, #2993, .F. ) ;
#6223 = EDGE_LOOP ( 'NONE', ( #67, #6471, #1483, #2514 ) ) ;
#6224 = CARTESIAN_POINT ( 'NONE',  ( -2.361081698735099987, -0.6350000000000000089, 0.2551903184968640215 ) ) ;
#6225 =( NAMED_UNIT ( * ) PLANE_ANGLE_UNIT ( ) SI_UNIT ( $, .RADIAN. ) );
#6226 = VERTEX_POINT ( 'NONE', #3139 ) ;
#6227 = DIRECTION ( 'NONE',  ( 0.000000000000000000, 0.000000000000000000, -1.000000000000000000 ) ) ;
#6228 = ADVANCED_FACE ( 'NONE', ( #6252 ), #3090, .F. ) ;
#6229 = UNCERTAINTY_MEASURE_WITH_UNIT (LENGTH_MEASURE( 1.000000000000000082E-05 ), #9819, 'distance_accuracy_value', 'NONE');
#6230 = ADVANCED_FACE ( 'NONE', ( #6213 ), #1508, .T. ) ;
#6231 = CARTESIAN_POINT ( 'NONE',  ( 2.361081698735099987, -0.3800000000000000044, 0.2551903184968640215 ) ) ;
#6232 =( NAMED_UNIT ( * ) SI_UNIT ( $, .STERADIAN. ) SOLID_ANGLE_UNIT ( ) );
#6233 = DIRECTION ( 'NONE',  ( -0.000000000000000000, 0.000000000000000000, 1.000000000000000000 ) ) ;
#6234 = ORIENTED_EDGE ( 'NONE', *, *, #3012, .F. ) ;
#6235 = CARTESIAN_POINT ( 'NONE',  ( -2.450781109342988540, -0.3799999999999998934, 0.2489179246798423339 ) ) ;
#6236 = ORIENTED_EDGE ( 'NONE', *, *, #8597, .F. ) ;
#6237 =( NAMED_UNIT ( * ) SI_UNIT ( $, .STERADIAN. ) SOLID_ANGLE_UNIT ( ) );
#6238 = PRESENTATION_STYLE_ASSIGNMENT (( #3121 ) ) ;
#6239 = SURFACE_STYLE_FILL_AREA ( #941 ) ;
#6240 = DIRECTION ( 'NONE',  ( 0.000000000000000000, 1.000000000000000000, 0.000000000000000000 ) ) ;
#6241 = DIRECTION ( 'NONE',  ( 0.000000000000000000, -1.000000000000000000, 0.000000000000000000 ) ) ;
#6242 = CARTESIAN_POINT ( 'NONE',  ( 1.928793852439659950, 0.3800000000000000044, 0.7114753820237430526 ) ) ;
#6243 = ORIENTED_EDGE ( 'NONE', *, *, #4427, .F. ) ;
#6244 = PRESENTATION_STYLE_ASSIGNMENT (( #3791 ) ) ;
#6245 = PRESENTATION_STYLE_ASSIGNMENT (( #3902 ) ) ;
#6246 = DIRECTION ( 'NONE',  ( 0.000000000000000000, 0.000000000000000000, 1.000000000000000000 ) ) ;
#6247 = PLANE ( 'NONE',  #470 ) ;
#6248 = PLANE ( 'NONE',  #9462 ) ;
#6249 = PLANE ( 'NONE',  #4945 ) ;
#6250 = AXIS2_PLACEMENT_3D ( 'NONE', #6424, #5792, #2710 ) ;
#6251 = CLOSED_SHELL ( 'NONE', ( #4384, #862, #1996, #9566, #3972, #3880, #8585, #2235, #3183, #7967, #738, #7237, #9964, #1005 ) ) ;
#6252 = FACE_OUTER_BOUND ( 'NONE', #7057, .T. ) ;
#6253 = ORIENTED_EDGE ( 'NONE', *, *, #3558, .F. ) ;
#6254 = SURFACE_STYLE_FILL_AREA ( #6957 ) ;
#6255 =( NAMED_UNIT ( * ) SI_UNIT ( $, .STERADIAN. ) SOLID_ANGLE_UNIT ( ) );
#6256 = PLANE ( 'NONE',  #5835 ) ;
#6257 = DIRECTION ( 'NONE',  ( 0.000000000000000000, 1.000000000000000000, 0.000000000000000000 ) ) ;
#6258 =( GEOMETRIC_REPRESENTATION_CONTEXT ( 3 ) GLOBAL_UNCERTAINTY_ASSIGNED_CONTEXT ( ( #9565 ) ) GLOBAL_UNIT_ASSIGNED_CONTEXT ( ( #4507, #7795, #2168 ) ) REPRESENTATION_CONTEXT ( 'NONE', 'WORKASPACE' ) );
#6259 = DIRECTION ( 'NONE',  ( -0.000000000000000000, -1.000000000000000000, -0.000000000000000000 ) ) ;
#6260 = EDGE_LOOP ( 'NONE', ( #4511, #3359, #2372, #2612 ) ) ;
#6261 = VERTEX_POINT ( 'NONE', #8641 ) ;
#6262 = CARTESIAN_POINT ( 'NONE',  ( -1.510733299727571977, -2.388653398255176086, 1.703623250799391808 ) ) ;
#6263 = ORIENTED_EDGE ( 'NONE', *, *, #6727, .F. ) ;
#6264 = AXIS2_PLACEMENT_3D ( 'NONE', #6093, #9167, #9962 ) ;
#6265 = VERTEX_POINT ( 'NONE', #1804 ) ;
#6266 = SURFACE_SIDE_STYLE ('',( #3152 ) ) ;
#6267 = ADVANCED_FACE ( 'NONE', ( #1851 ), #7103, .F. ) ;
#6268 = AXIS2_PLACEMENT_3D ( 'NONE', #3958, #3335, #3187 ) ;
#6269 =( NAMED_UNIT ( * ) PLANE_ANGLE_UNIT ( ) SI_UNIT ( $, .RADIAN. ) );
#6270 = ORIENTED_EDGE ( 'NONE', *, *, #9297, .F. ) ;
#6271 = CARTESIAN_POINT ( 'NONE',  ( 1.949999999999999956, -1.145000000000000018, 0.1000000000000000056 ) ) ;
#6272 = PLANE ( 'NONE',  #6762 ) ;
#6273 = PRESENTATION_STYLE_ASSIGNMENT (( #824 ) ) ;
#6274 = COLOUR_RGB ( '',0.2862745098039215508, 0.2862745098039215508, 0.2862745098039215508 ) ;
#6275 = CARTESIAN_POINT ( 'NONE',  ( -1.836467642440391623, -2.337171350119491731, 1.418148022072537762 ) ) ;
#6276 = UNCERTAINTY_MEASURE_WITH_UNIT (LENGTH_MEASURE( 1.000000000000000082E-05 ), #4671, 'distance_accuracy_value', 'NONE');
#6277 = CARTESIAN_POINT ( 'NONE',  ( 2.346432839248831836, 1.649999999999999911, 0.04570186794230132743 ) ) ;
#6278 = AXIS2_PLACEMENT_3D ( 'NONE', #307, #1713, #2543 ) ;
#6279 = ORIENTED_EDGE ( 'NONE', *, *, #1834, .F. ) ;
#6280 = ORIENTED_EDGE ( 'NONE', *, *, #5765, .T. ) ;
#6281 = DIRECTION ( 'NONE',  ( 0.000000000000000000, 1.000000000000000000, 0.000000000000000000 ) ) ;
#6282 = ADVANCED_FACE ( 'NONE', ( #4220 ), #7164, .T. ) ;
#6283 = SURFACE_STYLE_FILL_AREA ( #3168 ) ;
#6284 = LINE ( 'NONE', #3994, #9178 ) ;
#6285 = DIRECTION ( 'NONE',  ( 1.000000000000000000, 2.959337772238757385E-17, -3.110389334439839119E-18 ) ) ;
#6286 = FILL_AREA_STYLE ('',( #6194 ) ) ;
#6287 = VECTOR ( 'NONE', #9116, 1000.000000000000000 ) ;
#6288 = COLOUR_RGB ( '',0.8313725490196077761, 0.8313725490196077761, 0.8313725490196077761 ) ;
#6289 = LINE ( 'NONE', #3234, #4268 ) ;
#6290 = COLOUR_RGB ( '',0.8313725490196077761, 0.8313725490196077761, 0.8313725490196077761 ) ;
#6291 = SURFACE_STYLE_FILL_AREA ( #9571 ) ;
#6292 = ADVANCED_FACE ( 'NONE', ( #8840 ), #4917, .T. ) ;
#6293 = ORIENTED_EDGE ( 'NONE', *, *, #9877, .F. ) ;
#6294 = EDGE_CURVE ( 'NONE', #1522, #5009, #7508, .T. ) ;
#6295 = FACE_OUTER_BOUND ( 'NONE', #3546, .T. ) ;
#6296 =( NAMED_UNIT ( * ) SI_UNIT ( $, .STERADIAN. ) SOLID_ANGLE_UNIT ( ) );
#6297 =( NAMED_UNIT ( * ) SI_UNIT ( $, .STERADIAN. ) SOLID_ANGLE_UNIT ( ) );
#6298 = ORIENTED_EDGE ( 'NONE', *, *, #3455, .F. ) ;
#6299 = AXIS2_PLACEMENT_3D ( 'NONE', #8902, #1223, #6672 ) ;
#6300 = SURFACE_STYLE_USAGE ( .BOTH. , #4749 ) ;
#6301 = SURFACE_STYLE_FILL_AREA ( #1600 ) ;
#6302 = CARTESIAN_POINT ( 'NONE',  ( -0.2285000000000000364, -1.500999999999999890, 0.1000000000000010048 ) ) ;
#6303 =( NAMED_UNIT ( * ) PLANE_ANGLE_UNIT ( ) SI_UNIT ( $, .RADIAN. ) );
#6304 = PRESENTATION_LAYER_ASSIGNMENT (  '', '', ( #502 ) ) ;
#6305 = EDGE_LOOP ( 'NONE', ( #3394, #5662, #6821, #7027 ) ) ;
#6306 = ADVANCED_FACE ( 'NONE', ( #9619 ), #6949, .T. ) ;
#6307 = FACE_OUTER_BOUND ( 'NONE', #6327, .T. ) ;
#6308 = DIRECTION ( 'NONE',  ( -3.040008243693350015E-16, 0.000000000000000000, 1.000000000000000000 ) ) ;
#6309 =( LENGTH_UNIT ( ) NAMED_UNIT ( * ) SI_UNIT ( .MILLI., .METRE. ) );
#6310 = VECTOR ( 'NONE', #7895, 1000.000000000000227 ) ;
#6311 = LINE ( 'NONE', #3197, #4541 ) ;
#6312 = DIRECTION ( 'NONE',  ( -0.3406351650717789892, -0.8440827718217309705, -0.4141158758490979808 ) ) ;
#6313 = LINE ( 'NONE', #7168, #8529 ) ;
#6314 = DIRECTION ( 'NONE',  ( -0.000000000000000000, 1.000000000000000000, 0.000000000000000000 ) ) ;
#6315 = ORIENTED_EDGE ( 'NONE', *, *, #9196, .T. ) ;
#6316 = STYLED_ITEM ( 'NONE', ( #9064 ), #5912 ) ;
#6317 = MECHANICAL_DESIGN_GEOMETRIC_PRESENTATION_REPRESENTATION (  '', ( #1304 ), #8104 ) ;
#6318 = EDGE_LOOP ( 'NONE', ( #1764, #3289, #2361, #5033 ) ) ;
#6319 = VECTOR ( 'NONE', #4830, 999.9999999999998863 ) ;
#6320 = FILL_AREA_STYLE_COLOUR ( '', #1208 ) ;
#6321 = VECTOR ( 'NONE', #3704, 1000.000000000000000 ) ;
#6322 = ORIENTED_EDGE ( 'NONE', *, *, #6664, .T. ) ;
#6323 = ORIENTED_EDGE ( 'NONE', *, *, #9079, .T. ) ;
#6324 = VECTOR ( 'NONE', #4343, 1000.000000000000000 ) ;
#6325 = DIRECTION ( 'NONE',  ( 0.000000000000000000, 0.000000000000000000, 1.000000000000000000 ) ) ;
#6326 = CARTESIAN_POINT ( 'NONE',  ( 1.928793852439659950, -0.3800000000000000044, 1.030000000000000027 ) ) ;
#6327 = EDGE_LOOP ( 'NONE', ( #1842, #313, #3286, #1533 ) ) ;
#6328 = SURFACE_STYLE_FILL_AREA ( #7687 ) ;
#6329 = PRESENTATION_STYLE_ASSIGNMENT (( #3217 ) ) ;
#6330 = UNCERTAINTY_MEASURE_WITH_UNIT (LENGTH_MEASURE( 1.000000000000000082E-05 ), #7710, 'distance_accuracy_value', 'NONE');
#6331 = PRESENTATION_LAYER_ASSIGNMENT (  '', '', ( #9544 ) ) ;
#6332 =( NAMED_UNIT ( * ) PLANE_ANGLE_UNIT ( ) SI_UNIT ( $, .RADIAN. ) );
#6333 = STYLED_ITEM ( 'NONE', ( #3613 ), #3427 ) ;
#6334 = ORIENTED_EDGE ( 'NONE', *, *, #5058, .F. ) ;
#6335 = ORIENTED_EDGE ( 'NONE', *, *, #4705, .F. ) ;
#6336 = FILL_AREA_STYLE ('',( #9457 ) ) ;
#6337 = PRESENTATION_LAYER_ASSIGNMENT (  '', '', ( #51 ) ) ;
#6338 =( NAMED_UNIT ( * ) PLANE_ANGLE_UNIT ( ) SI_UNIT ( $, .RADIAN. ) );
#6339 =( NAMED_UNIT ( * ) SI_UNIT ( $, .STERADIAN. ) SOLID_ANGLE_UNIT ( ) );
#6340 = CIRCLE ( 'NONE', #5395, 0.08000000000000007105 ) ;
#6341 = EDGE_CURVE ( 'NONE', #14, #2452, #7936, .T. ) ;
#6342 = VECTOR ( 'NONE', #2016, 1000.000000000000114 ) ;
#6343 = EDGE_LOOP ( 'NONE', ( #7281, #9766, #9282, #1189 ) ) ;
#6344 = CARTESIAN_POINT ( 'NONE',  ( 3.000000000000000444, -2.160000000000000142, 6.550388125433255545E-17 ) ) ;
#6345 =( LENGTH_UNIT ( ) NAMED_UNIT ( * ) SI_UNIT ( .MILLI., .METRE. ) );
#6346 =( NAMED_UNIT ( * ) PLANE_ANGLE_UNIT ( ) SI_UNIT ( $, .RADIAN. ) );
#6347 = CARTESIAN_POINT ( 'NONE',  ( -3.000000000000000000, -0.6350000000000000089, 0.2105127985970459970 ) ) ;
#6348 = DIRECTION ( 'NONE',  ( 1.000000000000000000, 0.000000000000000000, 0.000000000000000000 ) ) ;
#6349 = AXIS2_PLACEMENT_3D ( 'NONE', #52, #4844, #1598 ) ;
#6350 = APPLICATION_CONTEXT ( 'automotive_design' ) ;
#6351 =( NAMED_UNIT ( * ) PLANE_ANGLE_UNIT ( ) SI_UNIT ( $, .RADIAN. ) );
#6352 = PRESENTATION_LAYER_ASSIGNMENT (  '', '', ( #6993 ) ) ;
#6353 =( NAMED_UNIT ( * ) PLANE_ANGLE_UNIT ( ) SI_UNIT ( $, .RADIAN. ) );
#6354 = ADVANCED_FACE ( 'NONE', ( #7607 ), #1592, .T. ) ;
#6355 = EDGE_CURVE ( 'NONE', #963, #5412, #6798, .T. ) ;
#6356 = CARTESIAN_POINT ( 'NONE',  ( 1.802292627064881581, -2.302292627064892017, 1.669999999999997264 ) ) ;
#6357 = COLOUR_RGB ( '',0.2862745098039215508, 0.2862745098039215508, 0.2862745098039215508 ) ;
#6358 = DIRECTION ( 'NONE',  ( 0.08452546101100746889, 0.000000000000000000, -0.9964213197442519654 ) ) ;
#6359 = EDGE_LOOP ( 'NONE', ( #9193, #6515, #1266, #4828 ) ) ;
#6360 = ORIENTED_EDGE ( 'NONE', *, *, #4745, .T. ) ;
#6361 = VECTOR ( 'NONE', #4549, 1000.000000000000000 ) ;
#6362 = CARTESIAN_POINT ( 'NONE',  ( 2.450781109342989872, 0.6350000000000000089, 0.2489179246798422229 ) ) ;
#6363 = CARTESIAN_POINT ( 'NONE',  ( 0.1285000000000000031, 1.500999999999999890, 0.3000000000000009881 ) ) ;
#6364 = LINE ( 'NONE', #308, #3163 ) ;
#6365 = COLOUR_RGB ( '',0.2862745098039215508, 0.2862745098039215508, 0.2862745098039215508 ) ;
#6366 = AXIS2_PLACEMENT_3D ( 'NONE', #255, #960, #7977 ) ;
#6367 = EDGE_CURVE ( 'NONE', #2066, #9113, #9711, .T. ) ;
#6368 =( LENGTH_UNIT ( ) NAMED_UNIT ( * ) SI_UNIT ( .MILLI., .METRE. ) );
#6369 = ORIENTED_EDGE ( 'NONE', *, *, #4367, .T. ) ;
#6370 = PRESENTATION_LAYER_ASSIGNMENT (  '', '', ( #4431 ) ) ;
#6371 = ORIENTED_EDGE ( 'NONE', *, *, #381, .F. ) ;
#6372 = ORIENTED_EDGE ( 'NONE', *, *, #4563, .F. ) ;
#6373 = VECTOR ( 'NONE', #4955, 1000.000000000000114 ) ;
#6374 = CARTESIAN_POINT ( 'NONE',  ( -1.368316686139116056, 2.044916436039913243, 1.749999999999999778 ) ) ;
#6375 = EDGE_LOOP ( 'NONE', ( #368, #5289, #235, #1910 ) ) ;
#6376 = LINE ( 'NONE', #1133, #1771 ) ;
#6377 = CARTESIAN_POINT ( 'NONE',  ( 1.845189659078855238, 2.345189659078863897, 1.722150640348745210 ) ) ;
#6378 = SURFACE_STYLE_USAGE ( .BOTH. , #7851 ) ;
#6379 =( NAMED_UNIT ( * ) SI_UNIT ( $, .STERADIAN. ) SOLID_ANGLE_UNIT ( ) );
#6380 = UNCERTAINTY_MEASURE_WITH_UNIT (LENGTH_MEASURE( 1.000000000000000082E-05 ), #5267, 'distance_accuracy_value', 'NONE');
#6381 = ORIENTED_EDGE ( 'NONE', *, *, #748, .F. ) ;
#6382 = EDGE_LOOP ( 'NONE', ( #7744, #3379, #5948, #6027, #8936 ) ) ;
#6383 = CARTESIAN_POINT ( 'NONE',  ( -2.376389666031580195, 0.6350000000000000089, 0.07473362777057840356 ) ) ;
#6384 = CARTESIAN_POINT ( 'NONE',  ( 2.458105539086119951, 1.649999999999999911, 0.3536621499571240279 ) ) ;
#6385 = PLANE ( 'NONE',  #2433 ) ;
#6386 = CARTESIAN_POINT ( 'NONE',  ( -1.843428520399614801, -2.421364504079356994, 0.2068049131876611713 ) ) ;
#6387 = DIRECTION ( 'NONE',  ( 0.000000000000000000, -1.000000000000000000, 0.000000000000000000 ) ) ;
#6388 = ORIENTED_EDGE ( 'NONE', *, *, #8658, .F. ) ;
#6389 = EDGE_CURVE ( 'NONE', #243, #6178, #6058, .T. ) ;
#6390 = DIRECTION ( 'NONE',  ( 0.000000000000000000, 0.000000000000000000, 1.000000000000000000 ) ) ;
#6391 = DIRECTION ( 'NONE',  ( -0.9945218953682735119, 2.710505431213759507E-14, 0.1045284632676511949 ) ) ;
#6392 =( LENGTH_UNIT ( ) NAMED_UNIT ( * ) SI_UNIT ( .MILLI., .METRE. ) );
#6393 = SURFACE_STYLE_USAGE ( .BOTH. , #9371 ) ;
#6394 = DIRECTION ( 'NONE',  ( 1.000000000000000000, 0.000000000000000000, -0.000000000000000000 ) ) ;
#6395 = CYLINDRICAL_SURFACE ( 'NONE', #9109, 0.07999999999999998779 ) ;
#6396 = EDGE_LOOP ( 'NONE', ( #6163, #4780, #3418, #2638 ) ) ;
#6397 = CIRCLE ( 'NONE', #8675, 0.08000000000000008493 ) ;
#6398 = DIRECTION ( 'NONE',  ( -1.000000000000000000, 0.000000000000000000, 0.000000000000000000 ) ) ;
#6399 = EDGE_CURVE ( 'NONE', #3944, #5077, #1017, .T. ) ;
#6400 = LINE ( 'NONE', #2539, #6577 ) ;
#6401 = EDGE_CURVE ( 'NONE', #8904, #1172, #541, .T. ) ;
#6402 = CARTESIAN_POINT ( 'NONE',  ( 1.845189659078854794, -2.345189659078863453, 1.722150640348744322 ) ) ;
#6403 = DIRECTION ( 'NONE',  ( -0.000000000000000000, -1.000000000000000000, 0.000000000000000000 ) ) ;
#6404 = CARTESIAN_POINT ( 'NONE',  ( -1.928793852439659950, -0.8900000000000000133, 0.7114753820237430526 ) ) ;
#6405 = FACE_OUTER_BOUND ( 'NONE', #385, .T. ) ;
#6406 =( LENGTH_UNIT ( ) NAMED_UNIT ( * ) SI_UNIT ( .MILLI., .METRE. ) );
#6407 = LINE ( 'NONE', #1608, #4323 ) ;
#6408 = EDGE_LOOP ( 'NONE', ( #6293, #2081, #7437, #4271, #9291, #4034, #1031, #1903, #9769, #4946, #5969, #2305 ) ) ;
#6409 =( GEOMETRIC_REPRESENTATION_CONTEXT ( 3 ) GLOBAL_UNCERTAINTY_ASSIGNED_CONTEXT ( ( #9728 ) ) GLOBAL_UNIT_ASSIGNED_CONTEXT ( ( #8933, #1939, #5957 ) ) REPRESENTATION_CONTEXT ( 'NONE', 'WORKASPACE' ) );
#6410 = VECTOR ( 'NONE', #916, 1000.000000000000000 ) ;
#6411 =( LENGTH_UNIT ( ) NAMED_UNIT ( * ) SI_UNIT ( .MILLI., .METRE. ) );
#6412 = CARTESIAN_POINT ( 'NONE',  ( -2.311663692532070158, -0.8900000000000000133, 0.8377503468123129737 ) ) ;
#6413 = CARTESIAN_POINT ( 'NONE',  ( -3.000000000000000000, 2.160000000000000142, 0.2105127985970459970 ) ) ;
#6414 = ORIENTED_EDGE ( 'NONE', *, *, #4762, .T. ) ;
#6415 = CARTESIAN_POINT ( 'NONE',  ( -2.110569391858566846, -1.905000000000000027, 0.7238751734061577015 ) ) ;
#6416 = ORIENTED_EDGE ( 'NONE', *, *, #435, .F. ) ;
#6417 = CARTESIAN_POINT ( 'NONE',  ( 3.000000000000000000, -1.905000000000000027, 0.000000000000000000 ) ) ;
#6418 = EDGE_CURVE ( 'NONE', #7726, #7192, #9059, .T. ) ;
#6419 = EDGE_CURVE ( 'NONE', #9165, #517, #3247, .T. ) ;
#6420 = CARTESIAN_POINT ( 'NONE',  ( -2.005945153285420446, 1.649999999999999911, 0.7150000000000019673 ) ) ;
#6421 = ORIENTED_EDGE ( 'NONE', *, *, #7898, .F. ) ;
#6422 = SURFACE_SIDE_STYLE ('',( #6569 ) ) ;
#6423 =( GEOMETRIC_REPRESENTATION_CONTEXT ( 3 ) GLOBAL_UNCERTAINTY_ASSIGNED_CONTEXT ( ( #3377 ) ) GLOBAL_UNIT_ASSIGNED_CONTEXT ( ( #4147, #7340, #4257 ) ) REPRESENTATION_CONTEXT ( 'NONE', 'WORKASPACE' ) );
#6424 = CARTESIAN_POINT ( 'NONE',  ( 1.802292627064881581, -2.302292627064892017, 1.669999999999997264 ) ) ;
#6425 =( NAMED_UNIT ( * ) SI_UNIT ( $, .STERADIAN. ) SOLID_ANGLE_UNIT ( ) );
#6426 = VECTOR ( 'NONE', #2991, 1000.000000000000000 ) ;
#6427 = ORIENTED_EDGE ( 'NONE', *, *, #5029, .T. ) ;
#6428 =( GEOMETRIC_REPRESENTATION_CONTEXT ( 3 ) GLOBAL_UNCERTAINTY_ASSIGNED_CONTEXT ( ( #5943 ) ) GLOBAL_UNIT_ASSIGNED_CONTEXT ( ( #2004, #9625, #4278 ) ) REPRESENTATION_CONTEXT ( 'NONE', 'WORKASPACE' ) );
#6429 = ORIENTED_EDGE ( 'NONE', *, *, #5829, .T. ) ;
#6430 =( LENGTH_UNIT ( ) NAMED_UNIT ( * ) SI_UNIT ( .MILLI., .METRE. ) );
#6431 = EDGE_CURVE ( 'NONE', #9593, #9046, #2125, .T. ) ;
#6432 = PLANE ( 'NONE',  #3016 ) ;
#6433 = STYLED_ITEM ( 'NONE', ( #645 ), #935 ) ;
#6434 = UNCERTAINTY_MEASURE_WITH_UNIT (LENGTH_MEASURE( 1.000000000000000082E-05 ), #1499, 'distance_accuracy_value', 'NONE');
#6435 =( GEOMETRIC_REPRESENTATION_CONTEXT ( 3 ) GLOBAL_UNCERTAINTY_ASSIGNED_CONTEXT ( ( #4689 ) ) GLOBAL_UNIT_ASSIGNED_CONTEXT ( ( #7064, #7113, #4859 ) ) REPRESENTATION_CONTEXT ( 'NONE', 'WORKASPACE' ) );
#6436 = VERTEX_POINT ( 'NONE', #5186 ) ;
#6437 = LINE ( 'NONE', #3127, #2948 ) ;
#6438 = DIRECTION ( 'NONE',  ( 0.000000000000000000, 0.000000000000000000, 1.000000000000000000 ) ) ;
#6439 = VERTEX_POINT ( 'NONE', #2171 ) ;
#6440 = FILL_AREA_STYLE ('',( #3332 ) ) ;
#6441 = STYLED_ITEM ( 'NONE', ( #3765 ), #8433 ) ;
#6442 =( NAMED_UNIT ( * ) SI_UNIT ( $, .STERADIAN. ) SOLID_ANGLE_UNIT ( ) );
#6443 = DIRECTION ( 'NONE',  ( 1.000000000000000000, 0.000000000000000000, 0.000000000000000000 ) ) ;
#6444 = DIRECTION ( 'NONE',  ( -0.9945218953682731788, 0.000000000000000000, 0.1045284632676538733 ) ) ;
#6445 = AXIS2_PLACEMENT_3D ( 'NONE', #5608, #3947, #3833 ) ;
#6446 = SURFACE_SIDE_STYLE ('',( #1702 ) ) ;
#6447 = ADVANCED_FACE ( 'NONE', ( #8360 ), #1985, .F. ) ;
#6448 = CARTESIAN_POINT ( 'NONE',  ( 1.870218527253804996, -2.449999403068540360, 1.030005679423489973 ) ) ;
#6449 =( NAMED_UNIT ( * ) PLANE_ANGLE_UNIT ( ) SI_UNIT ( $, .RADIAN. ) );
#6450 = PRESENTATION_LAYER_ASSIGNMENT (  '', '', ( #10 ) ) ;
#6451 = VECTOR ( 'NONE', #5786, 1000.000000000000000 ) ;
#6452 = FILL_AREA_STYLE ('',( #2791 ) ) ;
#6453 = CARTESIAN_POINT ( 'NONE',  ( 1.807731438172844651, -2.388693427578348683, 1.717177814570862271 ) ) ;
#6454 =( GEOMETRIC_REPRESENTATION_CONTEXT ( 3 ) GLOBAL_UNCERTAINTY_ASSIGNED_CONTEXT ( ( #9764 ) ) GLOBAL_UNIT_ASSIGNED_CONTEXT ( ( #7244, #3388, #2586 ) ) REPRESENTATION_CONTEXT ( 'NONE', 'WORKASPACE' ) );
#6455 = PRESENTATION_STYLE_ASSIGNMENT (( #3346 ) ) ;
#6456 = FILL_AREA_STYLE ('',( #3348 ) ) ;
#6457 = VERTEX_POINT ( 'NONE', #591 ) ;
#6458 = DIRECTION ( 'NONE',  ( 0.1045284632676540398, 0.000000000000000000, -0.9945218953682732899 ) ) ;
#6459 = COLOUR_RGB ( '',0.2862745098039215508, 0.2862745098039215508, 0.2862745098039215508 ) ;
#6460 = EDGE_CURVE ( 'NONE', #1264, #5594, #7588, .T. ) ;
#6461 = STYLED_ITEM ( 'NONE', ( #8180 ), #7670 ) ;
#6462 = LINE ( 'NONE', #7069, #5581 ) ;
#6463 = STYLED_ITEM ( 'NONE', ( #2671 ), #8839 ) ;
#6464 = AXIS2_PLACEMENT_3D ( 'NONE', #998, #7236, #7153 ) ;
#6465 = LINE ( 'NONE', #6413, #4040 ) ;
#6466 = EDGE_LOOP ( 'NONE', ( #7833, #3974, #7649, #7416, #4548, #9754, #1567, #2032, #7748, #6481, #6592, #9210 ) ) ;
#6467 = DIRECTION ( 'NONE',  ( -1.000000000000000000, -0.000000000000000000, 0.000000000000000000 ) ) ;
#6468 = VERTEX_POINT ( 'NONE', #2722 ) ;
#6469 = CARTESIAN_POINT ( 'NONE',  ( -0.2284999999999999809, -1.145000000000000018, 0.1000000000000010048 ) ) ;
#6470 = CARTESIAN_POINT ( 'NONE',  ( 1.870218527253805441, 2.449999403068540360, 1.030005679423485310 ) ) ;
#6471 = ORIENTED_EDGE ( 'NONE', *, *, #2270, .T. ) ;
#6472 = SURFACE_STYLE_USAGE ( .BOTH. , #6422 ) ;
#6473 = COLOUR_RGB ( '',0.8313725490196077761, 0.8313725490196077761, 0.8313725490196077761 ) ;
#6474 = DIRECTION ( 'NONE',  ( -0.000000000000000000, -1.000000000000000000, -0.000000000000000000 ) ) ;
#6475 =( NAMED_UNIT ( * ) SI_UNIT ( $, .STERADIAN. ) SOLID_ANGLE_UNIT ( ) );
#6476 = SURFACE_STYLE_FILL_AREA ( #7900 ) ;
#6477 = EDGE_CURVE ( 'NONE', #3843, #7105, #8601, .T. ) ;
#6478 = ORIENTED_EDGE ( 'NONE', *, *, #5362, .F. ) ;
#6479 =( GEOMETRIC_REPRESENTATION_CONTEXT ( 3 ) GLOBAL_UNCERTAINTY_ASSIGNED_CONTEXT ( ( #1529 ) ) GLOBAL_UNIT_ASSIGNED_CONTEXT ( ( #1471, #9294, #6829 ) ) REPRESENTATION_CONTEXT ( 'NONE', 'WORKASPACE' ) );
#6480 = VECTOR ( 'NONE', #7807, 1000.000000000000000 ) ;
#6481 = ORIENTED_EDGE ( 'NONE', *, *, #6663, .F. ) ;
#6482 = CARTESIAN_POINT ( 'NONE',  ( -1.492920983025412207, -2.338417127732529188, 1.737113932095116997 ) ) ;
#6483 = LINE ( 'NONE', #4728, #6480 ) ;
#6484 = SURFACE_SIDE_STYLE ('',( #1144 ) ) ;
#6485 = STYLED_ITEM ( 'NONE', ( #1419 ), #2314 ) ;
#6486 = CARTESIAN_POINT ( 'NONE',  ( 1.877467758999771252, 2.327900865654994433, 1.660360619579865471 ) ) ;
#6487 = CARTESIAN_POINT ( 'NONE',  ( -1.189405335455050006, 0.6350000000000000089, 1.030000000000000027 ) ) ;
#6488 = MECHANICAL_DESIGN_GEOMETRIC_PRESENTATION_REPRESENTATION (  '', ( #9060 ), #2591 ) ;
#6489 = STYLED_ITEM ( 'NONE', ( #6816 ), #4126 ) ;
#6490 =( GEOMETRIC_REPRESENTATION_CONTEXT ( 3 ) GLOBAL_UNCERTAINTY_ASSIGNED_CONTEXT ( ( #8713 ) ) GLOBAL_UNIT_ASSIGNED_CONTEXT ( ( #3211, #3932, #1721 ) ) REPRESENTATION_CONTEXT ( 'NONE', 'WORKASPACE' ) );
#6491 = ORIENTED_EDGE ( 'NONE', *, *, #4666, .F. ) ;
#6492 = ORIENTED_EDGE ( 'NONE', *, *, #6649, .T. ) ;
#6493 =( GEOMETRIC_REPRESENTATION_CONTEXT ( 3 ) GLOBAL_UNCERTAINTY_ASSIGNED_CONTEXT ( ( #5603 ) ) GLOBAL_UNIT_ASSIGNED_CONTEXT ( ( #7836, #3196, #3256 ) ) REPRESENTATION_CONTEXT ( 'NONE', 'WORKASPACE' ) );
#6494 = PLANE ( 'NONE',  #6848 ) ;
#6495 = COLOUR_RGB ( '',0.8313725490196077761, 0.8313725490196077761, 0.8313725490196077761 ) ;
#6496 =( NAMED_UNIT ( * ) PLANE_ANGLE_UNIT ( ) SI_UNIT ( $, .RADIAN. ) );
#6497 =( LENGTH_UNIT ( ) NAMED_UNIT ( * ) SI_UNIT ( .MILLI., .METRE. ) );
#6498 = CARTESIAN_POINT ( 'NONE',  ( -1.837171350119498392, -2.337171350119498392, 1.338151117160517822 ) ) ;
#6499 = PRESENTATION_STYLE_ASSIGNMENT (( #5770 ) ) ;
#6500 = FILL_AREA_STYLE_COLOUR ( '', #3815 ) ;
#6501 = PRESENTATION_LAYER_ASSIGNMENT (  '', '', ( #6184 ) ) ;
#6502 =( GEOMETRIC_REPRESENTATION_CONTEXT ( 3 ) GLOBAL_UNCERTAINTY_ASSIGNED_CONTEXT ( ( #4879 ) ) GLOBAL_UNIT_ASSIGNED_CONTEXT ( ( #491, #4157, #1992 ) ) REPRESENTATION_CONTEXT ( 'NONE', 'WORKASPACE' ) );
#6503 =( NAMED_UNIT ( * ) PLANE_ANGLE_UNIT ( ) SI_UNIT ( $, .RADIAN. ) );
#6504 = FILL_AREA_STYLE_COLOUR ( '', #1321 ) ;
#6505 = ORIENTED_EDGE ( 'NONE', *, *, #5944, .F. ) ;
#6506 = ORIENTED_EDGE ( 'NONE', *, *, #8560, .T. ) ;
#6507 = CIRCLE ( 'NONE', #9733, 0.1050000000000000100 ) ;
#6508 = CYLINDRICAL_SURFACE ( 'NONE', #4652, 0.2100000000000000200 ) ;
#6509 = VECTOR ( 'NONE', #4735, 1000.000000000000000 ) ;
#6510 = CARTESIAN_POINT ( 'NONE',  ( 1.876672648650944630, -2.338986644132699411, 1.683610530369796576 ) ) ;
#6511 = FILL_AREA_STYLE ('',( #412 ) ) ;
#6512 = ADVANCED_FACE ( 'NONE', ( #3630 ), #8653, .T. ) ;
#6513 = FILL_AREA_STYLE ('',( #8033 ) ) ;
#6514 = DIRECTION ( 'NONE',  ( 0.000000000000000000, 0.000000000000000000, -1.000000000000000000 ) ) ;
#6515 = ORIENTED_EDGE ( 'NONE', *, *, #4337, .F. ) ;
#6516 =( NAMED_UNIT ( * ) SI_UNIT ( $, .STERADIAN. ) SOLID_ANGLE_UNIT ( ) );
#6517 =( GEOMETRIC_REPRESENTATION_CONTEXT ( 3 ) GLOBAL_UNCERTAINTY_ASSIGNED_CONTEXT ( ( #4509 ) ) GLOBAL_UNIT_ASSIGNED_CONTEXT ( ( #115, #922, #1027 ) ) REPRESENTATION_CONTEXT ( 'NONE', 'WORKASPACE' ) );
#6518 =( NAMED_UNIT ( * ) SI_UNIT ( $, .STERADIAN. ) SOLID_ANGLE_UNIT ( ) );
#6519 = AXIS2_PLACEMENT_3D ( 'NONE', #3773, #8412, #4785 ) ;
#6520 = ORIENTED_EDGE ( 'NONE', *, *, #7342, .F. ) ;
#6521 = EDGE_LOOP ( 'NONE', ( #8596, #6783, #1617, #1127 ) ) ;
#6522 = DIRECTION ( 'NONE',  ( 1.000000000000000000, 0.000000000000000000, 0.000000000000000000 ) ) ;
#6523 = STYLED_ITEM ( 'NONE', ( #4178 ), #7478 ) ;
#6524 = ORIENTED_EDGE ( 'NONE', *, *, #4053, .F. ) ;
#6525 = EDGE_CURVE ( 'NONE', #529, #1933, #7624, .T. ) ;
#6526 =( GEOMETRIC_REPRESENTATION_CONTEXT ( 3 ) GLOBAL_UNCERTAINTY_ASSIGNED_CONTEXT ( ( #5492 ) ) GLOBAL_UNIT_ASSIGNED_CONTEXT ( ( #4026, #4864, #6518 ) ) REPRESENTATION_CONTEXT ( 'NONE', 'WORKASPACE' ) );
#6527 = FILL_AREA_STYLE ('',( #7277 ) ) ;
#6528 = PRESENTATION_STYLE_ASSIGNMENT (( #1829 ) ) ;
#6529 = CARTESIAN_POINT ( 'NONE',  ( -2.110569391858568622, 1.649999999999999911, 0.7238751734061575904 ) ) ;
#6530 = ORIENTED_EDGE ( 'NONE', *, *, #5827, .F. ) ;
#6531 = VECTOR ( 'NONE', #2181, 1000.000000000000227 ) ;
#6532 = ORIENTED_EDGE ( 'NONE', *, *, #1160, .F. ) ;
#6533 = PLANE ( 'NONE',  #4924 ) ;
#6534 = LINE ( 'NONE', #2717, #7436 ) ;
#6535 = CARTESIAN_POINT ( 'NONE',  ( -2.151833221588806300, -1.649999999999999911, 0.2374399716845529695 ) ) ;
#6536 = SURFACE_SIDE_STYLE ('',( #5851 ) ) ;
#6537 = EDGE_CURVE ( 'NONE', #9894, #1025, #4722, .T. ) ;
#6538 = ADVANCED_FACE ( 'NONE', ( #1623 ), #3772, .T. ) ;
#6539 = CARTESIAN_POINT ( 'NONE',  ( -1.519390385302825885, 2.338417127732530965, 1.727528099305452258 ) ) ;
#6540 = UNCERTAINTY_MEASURE_WITH_UNIT (LENGTH_MEASURE( 1.000000000000000082E-05 ), #1373, 'distance_accuracy_value', 'NONE');
#6541 = STYLED_ITEM ( 'NONE', ( #2370 ), #2567 ) ;
#6542 = ORIENTED_EDGE ( 'NONE', *, *, #7574, .F. ) ;
#6543 = DIRECTION ( 'NONE',  ( -0.000000000000000000, -1.000000000000000000, -0.000000000000000000 ) ) ;
#6544 = DIRECTION ( 'NONE',  ( -3.040008243693350015E-16, 0.000000000000000000, 1.000000000000000000 ) ) ;
#6545 = ORIENTED_EDGE ( 'NONE', *, *, #2201, .T. ) ;
#6546 = DIRECTION ( 'NONE',  ( 0.000000000000000000, 1.000000000000000000, 0.000000000000000000 ) ) ;
#6547 = EDGE_CURVE ( 'NONE', #85, #3008, #826, .T. ) ;
#6548 = CARTESIAN_POINT ( 'NONE',  ( 2.110569391858571286, -1.649999999999999911, 0.7238751734061578125 ) ) ;
#6549 = CARTESIAN_POINT ( 'NONE',  ( 1.845189659078864342, 2.345189659078864786, 0.1278493596512562669 ) ) ;
#6550 = SURFACE_STYLE_FILL_AREA ( #3438 ) ;
#6551 =( NAMED_UNIT ( * ) PLANE_ANGLE_UNIT ( ) SI_UNIT ( $, .RADIAN. ) );
#6552 = CARTESIAN_POINT ( 'NONE',  ( 1.845189659078864564, -2.345189659078863897, 0.1278493596512556285 ) ) ;
#6553 = DIRECTION ( 'NONE',  ( 0.000000000000000000, -1.000000000000000000, -0.000000000000000000 ) ) ;
#6554 = ORIENTED_EDGE ( 'NONE', *, *, #1774, .T. ) ;
#6555 = CARTESIAN_POINT ( 'NONE',  ( 1.802292627064884689, -2.302292627064884911, 0.1800000000000011868 ) ) ;
#6556 = CARTESIAN_POINT ( 'NONE',  ( 1.044999999999999929, 1.044999999999999929, 0.1000000000000010048 ) ) ;
#6557 = SURFACE_SIDE_STYLE ('',( #9583 ) ) ;
#6558 = CARTESIAN_POINT ( 'NONE',  ( 1.825287670640525883, 2.345189659078865230, 1.738521220450381710 ) ) ;
#6559 = CARTESIAN_POINT ( 'NONE',  ( -3.000000000000000000, -1.649999999999999911, 0.000000000000000000 ) ) ;
#6560 =( LENGTH_UNIT ( ) NAMED_UNIT ( * ) SI_UNIT ( .MILLI., .METRE. ) );
#6561 = LINE ( 'NONE', #9626, #2688 ) ;
#6562 = ORIENTED_EDGE ( 'NONE', *, *, #5974, .T. ) ;
#6563 = LINE ( 'NONE', #3118, #7114 ) ;
#6564 = ORIENTED_EDGE ( 'NONE', *, *, #6419, .F. ) ;
#6565 =( LENGTH_UNIT ( ) NAMED_UNIT ( * ) SI_UNIT ( .MILLI., .METRE. ) );
#6566 = CARTESIAN_POINT ( 'NONE',  ( -2.311663692532072822, 1.649999999999999911, 0.8377503468123118635 ) ) ;
#6567 = DIRECTION ( 'NONE',  ( 0.000000000000000000, -0.000000000000000000, -1.000000000000000000 ) ) ;
#6568 = ORIENTED_EDGE ( 'NONE', *, *, #9108, .F. ) ;
#6569 = SURFACE_STYLE_FILL_AREA ( #2620 ) ;
#6570 = DIRECTION ( 'NONE',  ( -0.08452546101100759379, 0.000000000000000000, 0.9964213197442519654 ) ) ;
#6571 = STYLED_ITEM ( 'NONE', ( #4141 ), #651 ) ;
#6572 = CLOSED_SHELL ( 'NONE', ( #6210, #7656, #663, #3023, #7815, #1891, #6228, #413, #8444, #7954, #2806, #6768, #7703, #2567 ) ) ;
#6573 = CARTESIAN_POINT ( 'NONE',  ( -0.2285000000000000364, -1.401000000000000023, 0.3000000000000009881 ) ) ;
#6574 = EDGE_LOOP ( 'NONE', ( #3275, #7816, #9542, #4464, #3420, #2788, #9250, #7024, #3678, #2416, #6642, #272 ) ) ;
#6575 = VERTEX_POINT ( 'NONE', #6924 ) ;
#6576 = ADVANCED_FACE ( 'NONE', ( #6128 ), #8504, .T. ) ;
#6577 = VECTOR ( 'NONE', #1807, 1000.000000000000000 ) ;
#6578 = ORIENTED_EDGE ( 'NONE', *, *, #7266, .F. ) ;
#6579 = LINE ( 'NONE', #3370, #558 ) ;
#6580 = SURFACE_STYLE_USAGE ( .BOTH. , #6484 ) ;
#6581 =( NAMED_UNIT ( * ) SI_UNIT ( $, .STERADIAN. ) SOLID_ANGLE_UNIT ( ) );
#6582 =( NAMED_UNIT ( * ) SI_UNIT ( $, .STERADIAN. ) SOLID_ANGLE_UNIT ( ) );
#6583 = CARTESIAN_POINT ( 'NONE',  ( -1.538415623375532837, 2.332265751666331433, 1.707710977012748765 ) ) ;
#6584 =( GEOMETRIC_REPRESENTATION_CONTEXT ( 3 ) GLOBAL_UNCERTAINTY_ASSIGNED_CONTEXT ( ( #5101 ) ) GLOBAL_UNIT_ASSIGNED_CONTEXT ( ( #3495, #4167, #6606 ) ) REPRESENTATION_CONTEXT ( 'NONE', 'WORKASPACE' ) );
#6585 = AXIS2_PLACEMENT_3D ( 'NONE', #7947, #4289, #2801 ) ;
#6586 = VECTOR ( 'NONE', #3607, 1000.000000000000000 ) ;
#6587 = CIRCLE ( 'NONE', #4823, 0.2100000000000000200 ) ;
#6588 = ORIENTED_EDGE ( 'NONE', *, *, #5931, .F. ) ;
#6589 = EDGE_CURVE ( 'NONE', #3369, #1521, #9394, .T. ) ;
#6590 = SURFACE_STYLE_FILL_AREA ( #9613 ) ;
#6592 = ORIENTED_EDGE ( 'NONE', *, *, #9036, .F. ) ;
#6591 = VECTOR ( 'NONE', #9081, 1000.000000000000227 ) ;
#6593 = STYLED_ITEM ( 'NONE', ( #3097 ), #9964 ) ;
#6594 = CYLINDRICAL_SURFACE ( 'NONE', #997, 0.1050000000000000100 ) ;
#6595 = ITEM_DEFINED_TRANSFORMATION ( 'NONE', 'NONE', #9610,  #7071 ) ;
#6596 =( GEOMETRIC_REPRESENTATION_CONTEXT ( 3 ) GLOBAL_UNCERTAINTY_ASSIGNED_CONTEXT ( ( #4301 ) ) GLOBAL_UNIT_ASSIGNED_CONTEXT ( ( #53, #2148, #2191 ) ) REPRESENTATION_CONTEXT ( 'NONE', 'WORKASPACE' ) );
#6597 = SURFACE_STYLE_FILL_AREA ( #3386 ) ;
#6598 =( NAMED_UNIT ( * ) PLANE_ANGLE_UNIT ( ) SI_UNIT ( $, .RADIAN. ) );
#6599 = UNCERTAINTY_MEASURE_WITH_UNIT (LENGTH_MEASURE( 1.000000000000000082E-05 ), #2496, 'distance_accuracy_value', 'NONE');
#6600 = PRESENTATION_LAYER_ASSIGNMENT (  '', '', ( #8066 ) ) ;
#6601 = EDGE_CURVE ( 'NONE', #172, #336, #6970, .T. ) ;
#6602 = COLOUR_RGB ( '',0.8313725490196077761, 0.8313725490196077761, 0.8313725490196077761 ) ;
#6603 = CARTESIAN_POINT ( 'NONE',  ( 1.845189659078865008, -2.345189659078864786, 0.1278493596512569330 ) ) ;
#6604 = VERTEX_POINT ( 'NONE', #5602 ) ;
#6605 = FILL_AREA_STYLE ('',( #3494 ) ) ;
#6606 =( NAMED_UNIT ( * ) SI_UNIT ( $, .STERADIAN. ) SOLID_ANGLE_UNIT ( ) );
#6607 = COLOUR_RGB ( '',0.8313725490196077761, 0.8313725490196077761, 0.8313725490196077761 ) ;
#6608 = LINE ( 'NONE', #9679, #3206 ) ;
#6609 = CARTESIAN_POINT ( 'NONE',  ( 1.044999999999999929, 1.145000000000000018, 0.1000000000000005884 ) ) ;
#6610 = LINE ( 'NONE', #9681, #5661 ) ;
#6611 = SURFACE_STYLE_FILL_AREA ( #7359 ) ;
#6612 = ORIENTED_EDGE ( 'NONE', *, *, #6162, .F. ) ;
#6613 = UNCERTAINTY_MEASURE_WITH_UNIT (LENGTH_MEASURE( 1.000000000000000082E-05 ), #9374, 'distance_accuracy_value', 'NONE');
#6614 = VECTOR ( 'NONE', #2464, 1000.000000000000000 ) ;
#6615 = CARTESIAN_POINT ( 'NONE',  ( -1.802292627064890018, 2.381854378694352015, 0.1716377229385882830 ) ) ;
#6616 = EDGE_CURVE ( 'NONE', #8146, #5176, #326, .T. ) ;
#6617 = AXIS2_PLACEMENT_3D ( 'NONE', #6067, #8304, #2155 ) ;
#6618 = LINE ( 'NONE', #5113, #9099 ) ;
#6619 = ORIENTED_EDGE ( 'NONE', *, *, #9646, .T. ) ;
#6620 = ORIENTED_EDGE ( 'NONE', *, *, #8022, .F. ) ;
#6621 =( LENGTH_UNIT ( ) NAMED_UNIT ( * ) SI_UNIT ( .MILLI., .METRE. ) );
#6622 = CARTESIAN_POINT ( 'NONE',  ( 2.102415215385780023, 1.649999999999999911, 0.8200000000000009504 ) ) ;
#6623 = LINE ( 'NONE', #2804, #9404 ) ;
#6624 =( GEOMETRIC_REPRESENTATION_CONTEXT ( 3 ) GLOBAL_UNCERTAINTY_ASSIGNED_CONTEXT ( ( #4413 ) ) GLOBAL_UNIT_ASSIGNED_CONTEXT ( ( #6745, #9953, #6139 ) ) REPRESENTATION_CONTEXT ( 'NONE', 'WORKASPACE' ) );
#6625 = ORIENTED_EDGE ( 'NONE', *, *, #9155, .T. ) ;
#6626 = CIRCLE ( 'NONE', #2252, 0.2100000000000000200 ) ;
#6627 = ORIENTED_EDGE ( 'NONE', *, *, #110, .F. ) ;
#6628 = PLANE ( 'NONE',  #6042 ) ;
#6629 = MECHANICAL_DESIGN_GEOMETRIC_PRESENTATION_REPRESENTATION (  '', ( #6142 ), #6784 ) ;
#6630 =( NAMED_UNIT ( * ) PLANE_ANGLE_UNIT ( ) SI_UNIT ( $, .RADIAN. ) );
#6631 = CARTESIAN_POINT ( 'NONE',  ( 3.000000000000000444, 0.3799999999999999489, 6.550388125433255545E-17 ) ) ;
#6632 =( GEOMETRIC_REPRESENTATION_CONTEXT ( 3 ) GLOBAL_UNCERTAINTY_ASSIGNED_CONTEXT ( ( #440 ) ) GLOBAL_UNIT_ASSIGNED_CONTEXT ( ( #7391, #3591, #6697 ) ) REPRESENTATION_CONTEXT ( 'NONE', 'WORKASPACE' ) );
#6633 = CARTESIAN_POINT ( 'NONE',  ( 2.353481300512978436, 0.3800000000000000044, 0.3447869765509686824 ) ) ;
#6634 = CARTESIAN_POINT ( 'NONE',  ( 2.151833221588806744, 0.3800000000000000044, 0.2374399716845530250 ) ) ;
#6635 =( NAMED_UNIT ( * ) PLANE_ANGLE_UNIT ( ) SI_UNIT ( $, .RADIAN. ) );
#6636 = FILL_AREA_STYLE ('',( #5041 ) ) ;
#6637 = ADVANCED_FACE ( 'NONE', ( #4877 ), #3364, .T. ) ;
#6638 = AXIS2_PLACEMENT_3D ( 'NONE', #6720, #8991, #2847 ) ;
#6639 = DIRECTION ( 'NONE',  ( -0.08452546101100759379, 0.000000000000000000, 0.9964213197442519654 ) ) ;
#6640 = AXIS2_PLACEMENT_3D ( 'NONE', #1908, #7745, #830 ) ;
#6641 = PRESENTATION_LAYER_ASSIGNMENT (  '', '', ( #4371 ) ) ;
#6642 = ORIENTED_EDGE ( 'NONE', *, *, #2621, .T. ) ;
#6643 = DIRECTION ( 'NONE',  ( 0.000000000000000000, -0.000000000000000000, 1.000000000000000000 ) ) ;
#6644 = FACE_OUTER_BOUND ( 'NONE', #2954, .T. ) ;
#6645 = VERTEX_POINT ( 'NONE', #6529 ) ;
#6646 =( NAMED_UNIT ( * ) SI_UNIT ( $, .STERADIAN. ) SOLID_ANGLE_UNIT ( ) );
#6647 = FACE_OUTER_BOUND ( 'NONE', #4572, .T. ) ;
#6648 = CIRCLE ( 'NONE', #1661, 0.08000000000000000167 ) ;
#6649 = EDGE_CURVE ( 'NONE', #4998, #1839, #931, .T. ) ;
#6650 = CARTESIAN_POINT ( 'NONE',  ( 0.2285000000000000364, -1.500999999999999890, 0.3000000000000009881 ) ) ;
#6651 = CARTESIAN_POINT ( 'NONE',  ( -0.1285000000000000031, -1.500999999999999890, 0.1000000000000010048 ) ) ;
#6652 = AXIS2_PLACEMENT_3D ( 'NONE', #3628, #6038, #1273 ) ;
#6653 =( GEOMETRIC_REPRESENTATION_CONTEXT ( 3 ) GLOBAL_UNCERTAINTY_ASSIGNED_CONTEXT ( ( #641 ) ) GLOBAL_UNIT_ASSIGNED_CONTEXT ( ( #9870, #3733, #3784 ) ) REPRESENTATION_CONTEXT ( 'NONE', 'WORKASPACE' ) );
#6654 =( GEOMETRIC_REPRESENTATION_CONTEXT ( 3 ) GLOBAL_UNCERTAINTY_ASSIGNED_CONTEXT ( ( #8557 ) ) GLOBAL_UNIT_ASSIGNED_CONTEXT ( ( #5286, #9658, #680 ) ) REPRESENTATION_CONTEXT ( 'NONE', 'WORKASPACE' ) );
#6655 = VECTOR ( 'NONE', #9547, 1000.000000000000000 ) ;
#6656 =( NAMED_UNIT ( * ) SI_UNIT ( $, .STERADIAN. ) SOLID_ANGLE_UNIT ( ) );
#6657 = EDGE_LOOP ( 'NONE', ( #6414, #5337, #3081, #6799 ) ) ;
#6658 = CARTESIAN_POINT ( 'NONE',  ( 2.151833221588803635, 0.8900000000000000133, 0.2374399716845534414 ) ) ;
#6659 = DIRECTION ( 'NONE',  ( 0.000000000000000000, -1.000000000000000000, 0.000000000000000000 ) ) ;
#6660 = DIRECTION ( 'NONE',  ( 0.08452546101100746889, 0.000000000000000000, -0.9964213197442519654 ) ) ;
#6661 = PRESENTATION_STYLE_ASSIGNMENT (( #1213 ) ) ;
#6662 = VECTOR ( 'NONE', #9442, 1000.000000000000227 ) ;
#6663 = EDGE_CURVE ( 'NONE', #936, #6604, #8163, .T. ) ;
#6664 = EDGE_CURVE ( 'NONE', #987, #7216, #580, .T. ) ;
#6665 = CARTESIAN_POINT ( 'NONE',  ( 2.110569391858573063, -0.8900000000000000133, 0.7238751734061582566 ) ) ;
#6666 =( NAMED_UNIT ( * ) PLANE_ANGLE_UNIT ( ) SI_UNIT ( $, .RADIAN. ) );
#6667 = CARTESIAN_POINT ( 'NONE',  ( -1.189405335455050006, -0.6350000000000000089, 1.030000000000000027 ) ) ;
#6668 =( NAMED_UNIT ( * ) SI_UNIT ( $, .STERADIAN. ) SOLID_ANGLE_UNIT ( ) );
#6669 = CARTESIAN_POINT ( 'NONE',  ( 1.882647879984866046, -2.301685890579377336, 1.727123466126625928 ) ) ;
#6670 = AXIS2_PLACEMENT_3D ( 'NONE', #2824, #8370, #4358 ) ;
#6671 = ORIENTED_EDGE ( 'NONE', *, *, #1135, .T. ) ;
#6672 = DIRECTION ( 'NONE',  ( 0.000000000000000000, 0.000000000000000000, -1.000000000000000000 ) ) ;
#6673 = ORIENTED_EDGE ( 'NONE', *, *, #5983, .F. ) ;
#6674 = CARTESIAN_POINT ( 'NONE',  ( -1.912619368012793641, 2.337171350119481517, 1.389299753847272223 ) ) ;
#6675 = VECTOR ( 'NONE', #8737, 1000.000000000000227 ) ;
#6676 = ORIENTED_EDGE ( 'NONE', *, *, #2084, .T. ) ;
#6677 = VECTOR ( 'NONE', #8024, 1000.000000000000000 ) ;
#6678 = DIRECTION ( 'NONE',  ( -1.000000000000000000, 2.959337772238757385E-17, 3.110389334439839119E-18 ) ) ;
#6679 = VERTEX_POINT ( 'NONE', #3620 ) ;
#6680 = STYLED_ITEM ( 'NONE', ( #6120 ), #7282 ) ;
#6681 = ORIENTED_EDGE ( 'NONE', *, *, #7896, .T. ) ;
#6682 = CARTESIAN_POINT ( 'NONE',  ( -1.531201167776181649, -2.332084914963574285, 1.709943645333939166 ) ) ;
#6683 = CARTESIAN_POINT ( 'NONE',  ( 0.2285000000000000364, -1.401000000000000023, 0.1000000000000010048 ) ) ;
#6684 = MECHANICAL_DESIGN_GEOMETRIC_PRESENTATION_REPRESENTATION (  '', ( #3740 ), #884 ) ;
#6685 = CARTESIAN_POINT ( 'NONE',  ( -2.346432839248831836, -2.160000000000000142, 0.04570186794230108457 ) ) ;
#6686 = CARTESIAN_POINT ( 'NONE',  ( 1.189405335455050006, -0.3799999999999999489, 1.030000000000000027 ) ) ;
#6687 =( NAMED_UNIT ( * ) SI_UNIT ( $, .STERADIAN. ) SOLID_ANGLE_UNIT ( ) );
#6688 = DIRECTION ( 'NONE',  ( -0.000000000000000000, -1.000000000000000000, -0.000000000000000000 ) ) ;
#6689 = FILL_AREA_STYLE ('',( #5332 ) ) ;
#6690 = FILL_AREA_STYLE ('',( #6833 ) ) ;
#6691 = FILL_AREA_STYLE ('',( #5391 ) ) ;
#6692 = COLOUR_RGB ( '',0.2862745098039215508, 0.2862745098039215508, 0.2862745098039215508 ) ;
#6693 = AXIS2_PLACEMENT_3D ( 'NONE', #9591, #5782, #4235 ) ;
#6694 = VERTEX_POINT ( 'NONE', #2899 ) ;
#6695 = DIRECTION ( 'NONE',  ( 0.000000000000000000, 0.000000000000000000, -1.000000000000000000 ) ) ;
#6696 = ORIENTED_EDGE ( 'NONE', *, *, #8949, .F. ) ;
#6697 =( NAMED_UNIT ( * ) SI_UNIT ( $, .STERADIAN. ) SOLID_ANGLE_UNIT ( ) );
#6698 = PRODUCT_RELATED_PRODUCT_CATEGORY ( 'part', '', ( #1109 ) ) ;
#6699 = VERTEX_POINT ( 'NONE', #6723 ) ;
#6700 = CARTESIAN_POINT ( 'NONE',  ( -1.189405335455050228, -0.8900000000000000133, 0.8200000000000016165 ) ) ;
#6701 = SHAPE_DEFINITION_REPRESENTATION ( #8787, #1355 ) ;
#6702 = COLOUR_RGB ( '',0.2862745098039215508, 0.2862745098039215508, 0.2862745098039215508 ) ;
#6703 = SURFACE_STYLE_FILL_AREA ( #1287 ) ;
#6704 = CARTESIAN_POINT ( 'NONE',  ( -2.346432839248831836, -1.649999999999999911, 0.04570186794230123722 ) ) ;
#6705 = FILL_AREA_STYLE ('',( #8232 ) ) ;
#6706 = UNCERTAINTY_MEASURE_WITH_UNIT (LENGTH_MEASURE( 1.000000000000000082E-05 ), #445, 'distance_accuracy_value', 'NONE');
#6707 = ADVANCED_FACE ( 'NONE', ( #4291 ), #3463, .F. ) ;
#6708 = ORIENTED_EDGE ( 'NONE', *, *, #9774, .F. ) ;
#6709 = CARTESIAN_POINT ( 'NONE',  ( 2.110569391858569954, 2.160000000000000142, 0.7238751734061580345 ) ) ;
#6710 =( NAMED_UNIT ( * ) PLANE_ANGLE_UNIT ( ) SI_UNIT ( $, .RADIAN. ) );
#6711 = DIRECTION ( 'NONE',  ( 1.000000000000000000, 0.000000000000000000, -2.846725704167069772E-16 ) ) ;
#6712 = STYLED_ITEM ( 'NONE', ( #9277 ), #7389 ) ;
#6713 = DIRECTION ( 'NONE',  ( 1.000000000000000000, -6.640089860198299873E-17, 0.000000000000000000 ) ) ;
#6714 = DIRECTION ( 'NONE',  ( -1.000000000000000000, -0.000000000000000000, -0.000000000000000000 ) ) ;
#6715 = EDGE_CURVE ( 'NONE', #1730, #4773, #6623, .T. ) ;
#6716 =( NAMED_UNIT ( * ) SI_UNIT ( $, .STERADIAN. ) SOLID_ANGLE_UNIT ( ) );
#6717 = CARTESIAN_POINT ( 'NONE',  ( 6.938893903907229610E-17, -1.145000000000000018, 0.1000000000000010048 ) ) ;
#6718 = FILL_AREA_STYLE ('',( #5318 ) ) ;
#6719 = DIRECTION ( 'NONE',  ( 1.000000000000000000, -0.000000000000000000, -1.779203565104420086E-16 ) ) ;
#6720 = CARTESIAN_POINT ( 'NONE',  ( 1.044999999999999929, -1.044999999999999929, 0.1000000000000010048 ) ) ;
#6721 = CARTESIAN_POINT ( 'NONE',  ( -1.837171350119497948, -2.337171350119500168, 1.338151117160514492 ) ) ;
#6722 = LINE ( 'NONE', #6820, #8422 ) ;
#6723 = CARTESIAN_POINT ( 'NONE',  ( -1.145000000000000018, -1.044999999999999929, 0.1000000000000011019 ) ) ;
#6724 = CARTESIAN_POINT ( 'NONE',  ( -1.515147065190751263, 2.336618998355044940, 1.725286021574020223 ) ) ;
#6725 = ORIENTED_EDGE ( 'NONE', *, *, #2093, .F. ) ;
#6726 = EDGE_CURVE ( 'NONE', #8828, #3843, #2711, .T. ) ;
#6727 = EDGE_CURVE ( 'NONE', #6980, #3991, #5231, .T. ) ;
#6728 = ORIENTED_EDGE ( 'NONE', *, *, #8560, .F. ) ;
#6729 = DIRECTION ( 'NONE',  ( 0.000000000000000000, -0.1045284632676530545, 0.9945218953682735119 ) ) ;
#6730 = LINE ( 'NONE', #5936, #6966 ) ;
#6731 = VECTOR ( 'NONE', #3987, 1000.000000000000000 ) ;
#6732 = DIRECTION ( 'NONE',  ( -0.000000000000000000, -1.000000000000000000, -0.000000000000000000 ) ) ;
#6733 = CARTESIAN_POINT ( 'NONE',  ( 1.916878544047199595, 2.449872071855469624, 0.8175679999322644775 ) ) ;
#6734 = CYLINDRICAL_SURFACE ( 'NONE', #4329, 0.07999999999999998779 ) ;
#6735 = PRESENTATION_STYLE_ASSIGNMENT (( #588 ) ) ;
#6736 = SURFACE_SIDE_STYLE ('',( #344 ) ) ;
#6737 = CARTESIAN_POINT ( 'NONE',  ( -1.802292627064890240, 2.337529200819809638, 0.1081781100916028027 ) ) ;
#6738 = UNCERTAINTY_MEASURE_WITH_UNIT (LENGTH_MEASURE( 1.000000000000000082E-05 ), #2595, 'distance_accuracy_value', 'NONE');
#6739 =( GEOMETRIC_REPRESENTATION_CONTEXT ( 3 ) GLOBAL_UNCERTAINTY_ASSIGNED_CONTEXT ( ( #8934 ) ) GLOBAL_UNIT_ASSIGNED_CONTEXT ( ( #3967, #8690, #152 ) ) REPRESENTATION_CONTEXT ( 'NONE', 'WORKASPACE' ) );
#6740 = ORIENTED_EDGE ( 'NONE', *, *, #133, .F. ) ;
#6741 = DIRECTION ( 'NONE',  ( -0.000000000000000000, -0.000000000000000000, -1.000000000000000000 ) ) ;
#6742 = ORIENTED_EDGE ( 'NONE', *, *, #7435, .F. ) ;
#6743 = VERTEX_POINT ( 'NONE', #8312 ) ;
#6744 =( NAMED_UNIT ( * ) SI_UNIT ( $, .STERADIAN. ) SOLID_ANGLE_UNIT ( ) );
#6745 =( LENGTH_UNIT ( ) NAMED_UNIT ( * ) SI_UNIT ( .MILLI., .METRE. ) );
#6746 = CARTESIAN_POINT ( 'NONE',  ( 1.802292627064879804, -2.337529200819808750, 1.741821889908397925 ) ) ;
#6747 = FACE_OUTER_BOUND ( 'NONE', #6769, .T. ) ;
#6748 = DIRECTION ( 'NONE',  ( 0.000000000000000000, -0.000000000000000000, -1.000000000000000000 ) ) ;
#6749 = PRESENTATION_LAYER_ASSIGNMENT (  '', '', ( #9634 ) ) ;
#6750 = EDGE_LOOP ( 'NONE', ( #4715, #7553, #3964, #920 ) ) ;
#6751 = SURFACE_STYLE_FILL_AREA ( #3644 ) ;
#6752 = DIRECTION ( 'NONE',  ( -0.1039620511844847328, -0.1039620511844982914, -0.9891328443778552026 ) ) ;
#6753 =( NAMED_UNIT ( * ) SI_UNIT ( $, .STERADIAN. ) SOLID_ANGLE_UNIT ( ) );
#6754 = DIRECTION ( 'NONE',  ( -0.000000000000000000, -1.000000000000000000, -0.000000000000000000 ) ) ;
#6755 = LINE ( 'NONE', #6667, #6586 ) ;
#6756 = EDGE_CURVE ( 'NONE', #2452, #4206, #4738, .T. ) ;
#6757 =( NAMED_UNIT ( * ) SI_UNIT ( $, .STERADIAN. ) SOLID_ANGLE_UNIT ( ) );
#6758 = FACE_OUTER_BOUND ( 'NONE', #7249, .T. ) ;
#6759 =( GEOMETRIC_REPRESENTATION_CONTEXT ( 3 ) GLOBAL_UNCERTAINTY_ASSIGNED_CONTEXT ( ( #7701 ) ) GLOBAL_UNIT_ASSIGNED_CONTEXT ( ( #8017, #5767, #5001 ) ) REPRESENTATION_CONTEXT ( 'NONE', 'WORKASPACE' ) );
#6760 = CARTESIAN_POINT ( 'NONE',  ( -2.450781109342989872, -1.905000000000000027, 0.2489179246798422784 ) ) ;
#6761 = FACE_OUTER_BOUND ( 'NONE', #5233, .T. ) ;
#6762 = AXIS2_PLACEMENT_3D ( 'NONE', #2706, #7275, #1868 ) ;
#6763 = CARTESIAN_POINT ( 'NONE',  ( -5.551115123125779744E-16, 2.450000000000000178, 0.9250000000000010436 ) ) ;
#6764 =( LENGTH_UNIT ( ) NAMED_UNIT ( * ) SI_UNIT ( .MILLI., .METRE. ) );
#6765 = DIRECTION ( 'NONE',  ( 1.000000000000000000, 0.000000000000000000, 0.000000000000000000 ) ) ;
#6766 = DIRECTION ( 'NONE',  ( -1.000000000000000000, 0.000000000000000000, 1.779203565104420086E-16 ) ) ;
#6767 = DIRECTION ( 'NONE',  ( -0.000000000000000000, 0.000000000000000000, 1.000000000000000000 ) ) ;
#6768 = ADVANCED_FACE ( 'NONE', ( #617 ), #3516, .F. ) ;
#6769 = EDGE_LOOP ( 'NONE', ( #6071, #1229, #4421, #6335, #2854 ) ) ;
#6770 = VECTOR ( 'NONE', #4046, 1000.000000000000000 ) ;
#6771 = VECTOR ( 'NONE', #3979, 1000.000000000000000 ) ;
#6772 = VERTEX_POINT ( 'NONE', #5278 ) ;
#6773 = EDGE_LOOP ( 'NONE', ( #6416, #8512, #938, #2619 ) ) ;
#6774 = SURFACE_STYLE_USAGE ( .BOTH. , #623 ) ;
#6775 = CARTESIAN_POINT ( 'NONE',  ( -2.361081698735099987, 1.905000000000000027, 0.2551903184968640215 ) ) ;
#6776 = MECHANICAL_DESIGN_GEOMETRIC_PRESENTATION_REPRESENTATION (  '', ( #10 ), #4524 ) ;
#6777 = CARTESIAN_POINT ( 'NONE',  ( 1.870218527253805219, 2.449999403068538140, 0.8199943205765136689 ) ) ;
#6778 = FACE_OUTER_BOUND ( 'NONE', #3813, .T. ) ;
#6779 =( GEOMETRIC_REPRESENTATION_CONTEXT ( 3 ) GLOBAL_UNCERTAINTY_ASSIGNED_CONTEXT ( ( #3030 ) ) GLOBAL_UNIT_ASSIGNED_CONTEXT ( ( #9311, #1539, #2420 ) ) REPRESENTATION_CONTEXT ( 'NONE', 'WORKASPACE' ) );
#6780 = EDGE_CURVE ( 'NONE', #6065, #3779, #8352, .T. ) ;
#6781 = ADVANCED_FACE ( 'NONE', ( #1420 ), #6866, .T. ) ;
#6782 = UNCERTAINTY_MEASURE_WITH_UNIT (LENGTH_MEASURE( 1.000000000000000082E-05 ), #5830, 'distance_accuracy_value', 'NONE');
#6783 = ORIENTED_EDGE ( 'NONE', *, *, #2437, .F. ) ;
#6784 =( GEOMETRIC_REPRESENTATION_CONTEXT ( 3 ) GLOBAL_UNCERTAINTY_ASSIGNED_CONTEXT ( ( #5418 ) ) GLOBAL_UNIT_ASSIGNED_CONTEXT ( ( #8624, #6338, #3228 ) ) REPRESENTATION_CONTEXT ( 'NONE', 'WORKASPACE' ) );
#6785 = FILL_AREA_STYLE_COLOUR ( '', #1303 ) ;
#6786 = VECTOR ( 'NONE', #3789, 1000.000000000000000 ) ;
#6787 = ORIENTED_EDGE ( 'NONE', *, *, #3775, .F. ) ;
#6788 = SURFACE_SIDE_STYLE ('',( #8565 ) ) ;
#6789 = EDGE_LOOP ( 'NONE', ( #5431, #8630, #2251, #8590, #4251, #5021, #6625, #7857, #4517, #353, #309, #9444 ) ) ;
#6790 =( NAMED_UNIT ( * ) SI_UNIT ( $, .STERADIAN. ) SOLID_ANGLE_UNIT ( ) );
#6791 = CARTESIAN_POINT ( 'NONE',  ( 3.000000000000000000, -0.8900000000000000133, 0.000000000000000000 ) ) ;
#6792 =( GEOMETRIC_REPRESENTATION_CONTEXT ( 3 ) GLOBAL_UNCERTAINTY_ASSIGNED_CONTEXT ( ( #175 ) ) GLOBAL_UNIT_ASSIGNED_CONTEXT ( ( #6045, #6188, #9263 ) ) REPRESENTATION_CONTEXT ( 'NONE', 'WORKASPACE' ) );
#6793 = AXIS2_PLACEMENT_3D ( 'NONE', #6034, #8403, #9936 ) ;
#6794 = CARTESIAN_POINT ( 'NONE',  ( -1.468615827805880292, 2.302292627064889796, 1.749999999999999778 ) ) ;
#6795 = STYLED_ITEM ( 'NONE', ( #236 ), #2969 ) ;
#6796 = CYLINDRICAL_SURFACE ( 'NONE', #4103, 0.07999999999999998779 ) ;
#6797 = CIRCLE ( 'NONE', #8586, 0.2100000000000000755 ) ;
#6798 = LINE ( 'NONE', #2284, #1188 ) ;
#6799 = ORIENTED_EDGE ( 'NONE', *, *, #3354, .T. ) ;
#6800 =( NAMED_UNIT ( * ) SI_UNIT ( $, .STERADIAN. ) SOLID_ANGLE_UNIT ( ) );
#6801 =( LENGTH_UNIT ( ) NAMED_UNIT ( * ) SI_UNIT ( .MILLI., .METRE. ) );
#6802 = FILL_AREA_STYLE_COLOUR ( '', #8777 ) ;
#6803 = COLOUR_RGB ( '',0.2862745098039215508, 0.2862745098039215508, 0.2862745098039215508 ) ;
#6804 = AXIS2_PLACEMENT_3D ( 'NONE', #763, #7350, #342 ) ;
#6805 = DIRECTION ( 'NONE',  ( 1.000000000000000000, 0.000000000000000000, 0.000000000000000000 ) ) ;
#6806 = CARTESIAN_POINT ( 'NONE',  ( -1.189405335455050006, 0.8900000000000000133, 0.8200000000000009504 ) ) ;
#6807 = PRESENTATION_LAYER_ASSIGNMENT (  '', '', ( #6489 ) ) ;
#6808 = COLOUR_RGB ( '',0.8313725490196077761, 0.8313725490196077761, 0.8313725490196077761 ) ;
#6809 = PRESENTATION_STYLE_ASSIGNMENT (( #1506 ) ) ;
#6810 = LINE ( 'NONE', #9032, #4880 ) ;
#6811 = PRESENTATION_LAYER_ASSIGNMENT (  '', '', ( #1649 ) ) ;
#6812 = PRESENTATION_LAYER_ASSIGNMENT (  '', '', ( #2123 ) ) ;
#6813 = CARTESIAN_POINT ( 'NONE',  ( 1.802292627064890018, -2.302292627064889796, 0.09999999999999995004 ) ) ;
#6814 = ADVANCED_FACE ( 'NONE', ( #2994 ), #6115, .T. ) ;
#6815 = DIRECTION ( 'NONE',  ( 0.000000000000000000, 0.000000000000000000, -1.000000000000000000 ) ) ;
#6816 = PRESENTATION_STYLE_ASSIGNMENT (( #2248 ) ) ;
#6817 = STYLED_ITEM ( 'NONE', ( #501 ), #3543 ) ;
#6818 =( NAMED_UNIT ( * ) SI_UNIT ( $, .STERADIAN. ) SOLID_ANGLE_UNIT ( ) );
#6819 = CARTESIAN_POINT ( 'NONE',  ( -2.005945153285420446, 2.160000000000000142, 0.7150000000000019673 ) ) ;
#6820 = CARTESIAN_POINT ( 'NONE',  ( -1.928793852439659950, -2.160000000000000142, 0.8200000000000019496 ) ) ;
#6821 = ORIENTED_EDGE ( 'NONE', *, *, #435, .T. ) ;
#6822 = DIRECTION ( 'NONE',  ( 0.9975640502598241977, 0.000000000000000000, -0.06975647374412552448 ) ) ;
#6823 =( GEOMETRIC_REPRESENTATION_CONTEXT ( 3 ) GLOBAL_UNCERTAINTY_ASSIGNED_CONTEXT ( ( #2356 ) ) GLOBAL_UNIT_ASSIGNED_CONTEXT ( ( #872, #3706, #2952 ) ) REPRESENTATION_CONTEXT ( 'NONE', 'WORKASPACE' ) );
#6824 = COLOUR_RGB ( '',0.8313725490196077761, 0.8313725490196077761, 0.8313725490196077761 ) ;
#6825 = ORIENTED_EDGE ( 'NONE', *, *, #5209, .T. ) ;
#6826 = ORIENTED_EDGE ( 'NONE', *, *, #2257, .F. ) ;
#6827 = VERTEX_POINT ( 'NONE', #4861 ) ;
#6828 = EDGE_CURVE ( 'NONE', #268, #5559, #9719, .T. ) ;
#6829 =( NAMED_UNIT ( * ) SI_UNIT ( $, .STERADIAN. ) SOLID_ANGLE_UNIT ( ) );
#6830 = LINE ( 'NONE', #6037, #9355 ) ;
#6831 = COLOUR_RGB ( '',0.8313725490196077761, 0.8313725490196077761, 0.8313725490196077761 ) ;
#6832 = CYLINDRICAL_SURFACE ( 'NONE', #697, 0.1050000000000000655 ) ;
#6833 = FILL_AREA_STYLE_COLOUR ( '', #1113 ) ;
#6834 = UNCERTAINTY_MEASURE_WITH_UNIT (LENGTH_MEASURE( 1.000000000000000082E-05 ), #6411, 'distance_accuracy_value', 'NONE');
#6835 = FILL_AREA_STYLE ('',( #2409 ) ) ;
#6836 = MECHANICAL_DESIGN_GEOMETRIC_PRESENTATION_REPRESENTATION (  '', ( #9740 ), #9252 ) ;
#6837 = ORIENTED_EDGE ( 'NONE', *, *, #3715, .T. ) ;
#6838 = SURFACE_STYLE_USAGE ( .BOTH. , #2129 ) ;
#6839 = AXIS2_PLACEMENT_3D ( 'NONE', #7374, #618, #2163 ) ;
#6840 = ORIENTED_EDGE ( 'NONE', *, *, #6399, .F. ) ;
#6841 = EDGE_CURVE ( 'NONE', #3991, #1531, #1121, .T. ) ;
#6842 = ORIENTED_EDGE ( 'NONE', *, *, #2505, .F. ) ;
#6843 = EDGE_CURVE ( 'NONE', #6743, #257, #8598, .T. ) ;
#6844 = DIRECTION ( 'NONE',  ( -1.000000000000000000, -0.000000000000000000, -0.000000000000000000 ) ) ;
#6845 = CARTESIAN_POINT ( 'NONE',  ( 1.189405335455050006, 2.160000000000000142, 1.030000000000000027 ) ) ;
#6846 = MECHANICAL_DESIGN_GEOMETRIC_PRESENTATION_REPRESENTATION (  '', ( #8953 ), #4770 ) ;
#6847 = CARTESIAN_POINT ( 'NONE',  ( -1.368316686139116056, 2.065726909907066311, 1.749999999999999556 ) ) ;
#6848 = AXIS2_PLACEMENT_3D ( 'NONE', #3179, #1794, #1102 ) ;
#6849 = EDGE_CURVE ( 'NONE', #5673, #4129, #2453, .T. ) ;
#6850 = EDGE_LOOP ( 'NONE', ( #2317, #2781, #5978, #9100 ) ) ;
#6851 = AXIS2_PLACEMENT_3D ( 'NONE', #1150, #1278, #2778 ) ;
#6852 = EDGE_CURVE ( 'NONE', #7066, #85, #3576, .T. ) ;
#6853 = SURFACE_SIDE_STYLE ('',( #6751 ) ) ;
#6854 = FILL_AREA_STYLE_COLOUR ( '', #6459 ) ;
#6855 = ORIENTED_EDGE ( 'NONE', *, *, #8259, .T. ) ;
#6856 = CYLINDRICAL_SURFACE ( 'NONE', #6991, 0.1000000000000000056 ) ;
#6857 = DIRECTION ( 'NONE',  ( 0.000000000000000000, -1.000000000000000000, -0.000000000000000000 ) ) ;
#6858 = CARTESIAN_POINT ( 'NONE',  ( -2.346432839248831836, 0.3800000000000000044, 0.04570186794230108457 ) ) ;
#6859 = APPLICATION_CONTEXT ( 'automotive_design' ) ;
#6860 = ORIENTED_EDGE ( 'NONE', *, *, #5637, .T. ) ;
#6861 = FILL_AREA_STYLE ('',( #2703 ) ) ;
#6862 = DIRECTION ( 'NONE',  ( 0.000000000000000000, -0.000000000000000000, -1.000000000000000000 ) ) ;
#6863 = CARTESIAN_POINT ( 'NONE',  ( 3.000000000000000000, 0.6350000000000000089, 0.000000000000000000 ) ) ;
#6864 = SURFACE_STYLE_FILL_AREA ( #6026 ) ;
#6865 = ORIENTED_EDGE ( 'NONE', *, *, #4954, .T. ) ;
#6866 = PLANE ( 'NONE',  #2443 ) ;
#6867 = CARTESIAN_POINT ( 'NONE',  ( -2.295355339586480081, 0.6350000000000000089, 1.030000000000000027 ) ) ;
#6868 = VERTEX_POINT ( 'NONE', #215 ) ;
#6869 = VERTEX_POINT ( 'NONE', #7067 ) ;
#6870 = DIRECTION ( 'NONE',  ( 1.000000000000000000, 0.000000000000000000, 0.000000000000000000 ) ) ;
#6871 = DIRECTION ( 'NONE',  ( -0.06975647374412553836, 0.000000000000000000, -0.9975640502598243087 ) ) ;
#6872 = CARTESIAN_POINT ( 'NONE',  ( 3.000000000000000000, -1.905000000000000027, 0.000000000000000000 ) ) ;
#6873 = DIRECTION ( 'NONE',  ( -0.000000000000000000, -0.000000000000000000, -1.000000000000000000 ) ) ;
#6874 = CARTESIAN_POINT ( 'NONE',  ( -1.144999999999999796, 0.000000000000000000, 0.1000000000000005607 ) ) ;
#6875 = CARTESIAN_POINT ( 'NONE',  ( 2.167034018033049847, 1.649999999999999911, 0.05824665557634479962 ) ) ;
#6876 = CARTESIAN_POINT ( 'NONE',  ( 0.2285000000000000364, -1.145000000000000018, 0.1000000000000010048 ) ) ;
#6877 = ADVANCED_FACE ( 'NONE', ( #163 ), #3604, .F. ) ;
#6878 = DIRECTION ( 'NONE',  ( -0.000000000000000000, -1.000000000000000000, -0.000000000000000000 ) ) ;
#6879 = ORIENTED_EDGE ( 'NONE', *, *, #7765, .T. ) ;
#6880 = FACE_OUTER_BOUND ( 'NONE', #4977, .T. ) ;
#6881 = VERTEX_POINT ( 'NONE', #1358 ) ;
#6882 = LINE ( 'NONE', #2174, #2584 ) ;
#6883 = EDGE_LOOP ( 'NONE', ( #6860, #1039, #4943, #33 ) ) ;
#6884 =( LENGTH_UNIT ( ) NAMED_UNIT ( * ) SI_UNIT ( .MILLI., .METRE. ) );
#6885 = PRESENTATION_STYLE_ASSIGNMENT (( #7444 ) ) ;
#6886 = MECHANICAL_DESIGN_GEOMETRIC_PRESENTATION_REPRESENTATION (  '', ( #6571 ), #1565 ) ;
#6887 = UNCERTAINTY_MEASURE_WITH_UNIT (LENGTH_MEASURE( 1.000000000000000082E-05 ), #5239, 'distance_accuracy_value', 'NONE');
#6888 = EDGE_CURVE ( 'NONE', #583, #3140, #4245, .T. ) ;
#6889 = CARTESIAN_POINT ( 'NONE',  ( -1.471322712095431751, 2.279456144886532698, 1.770928324479166704 ) ) ;
#6890 = FILL_AREA_STYLE_COLOUR ( '', #4295 ) ;
#6892 = ORIENTED_EDGE ( 'NONE', *, *, #7026, .F. ) ;
#6891 = COLOUR_RGB ( '',0.8313725490196077761, 0.8313725490196077761, 0.8313725490196077761 ) ;
#6893 = AXIS2_PLACEMENT_3D ( 'NONE', #8850, #9483, #6514 ) ;
#6894 = CARTESIAN_POINT ( 'NONE',  ( -0.2285000000000000364, -1.401000000000000023, 0.1000000000000010186 ) ) ;
#6895 =( LENGTH_UNIT ( ) NAMED_UNIT ( * ) SI_UNIT ( .MILLI., .METRE. ) );
#6896 =( LENGTH_UNIT ( ) NAMED_UNIT ( * ) SI_UNIT ( .MILLI., .METRE. ) );
#6897 = SURFACE_STYLE_FILL_AREA ( #4842 ) ;
#6898 = VECTOR ( 'NONE', #2096, 1000.000000000000000 ) ;
#6899 = PLANE ( 'NONE',  #8537 ) ;
#6900 = UNCERTAINTY_MEASURE_WITH_UNIT (LENGTH_MEASURE( 1.000000000000000082E-05 ), #3602, 'distance_accuracy_value', 'NONE');
#6901 = ADVANCED_FACE ( 'NONE', ( #8340 ), #6856, .T. ) ;
#6902 =( GEOMETRIC_REPRESENTATION_CONTEXT ( 3 ) GLOBAL_UNCERTAINTY_ASSIGNED_CONTEXT ( ( #9821 ) ) GLOBAL_UNIT_ASSIGNED_CONTEXT ( ( #8081, #3443, #4273 ) ) REPRESENTATION_CONTEXT ( 'NONE', 'WORKASPACE' ) );
#6903 = EDGE_CURVE ( 'NONE', #2955, #7139, #4377, .T. ) ;
#6904 = AXIS2_PLACEMENT_3D ( 'NONE', #6622, #4331, #9697 ) ;
#6905 = AXIS2_PLACEMENT_3D ( 'NONE', #4063, #2587, #5616 ) ;
#6906 =( NAMED_UNIT ( * ) SI_UNIT ( $, .STERADIAN. ) SOLID_ANGLE_UNIT ( ) );
#6907 = STYLED_ITEM ( 'NONE', ( #5358 ), #9248 ) ;
#6908 = SURFACE_SIDE_STYLE ('',( #9969 ) ) ;
#6909 = ORIENTED_EDGE ( 'NONE', *, *, #1514, .T. ) ;
#6910 = CARTESIAN_POINT ( 'NONE',  ( -1.145000000000000018, 1.044999999999999929, 0.3000000000000009881 ) ) ;
#6911 = PRESENTATION_STYLE_ASSIGNMENT (( #4701 ) ) ;
#6912 = ORIENTED_EDGE ( 'NONE', *, *, #2493, .T. ) ;
#6913 = MECHANICAL_DESIGN_GEOMETRIC_PRESENTATION_REPRESENTATION (  '', ( #9966 ), #5671 ) ;
#6914 = FILL_AREA_STYLE_COLOUR ( '', #7483 ) ;
#6915 = ORIENTED_EDGE ( 'NONE', *, *, #5479, .T. ) ;
#6916 = ORIENTED_EDGE ( 'NONE', *, *, #3170, .T. ) ;
#6917 = COLOUR_RGB ( '',0.2862745098039215508, 0.2862745098039215508, 0.2862745098039215508 ) ;
#6918 = VERTEX_POINT ( 'NONE', #6155 ) ;
#6919 = SURFACE_STYLE_USAGE ( .BOTH. , #4500 ) ;
#6920 = FILL_AREA_STYLE ('',( #4713 ) ) ;
#6921 = DIRECTION ( 'NONE',  ( 0.000000000000000000, 0.000000000000000000, 1.000000000000000000 ) ) ;
#6922 = SURFACE_SIDE_STYLE ('',( #9438 ) ) ;
#6923 = UNCERTAINTY_MEASURE_WITH_UNIT (LENGTH_MEASURE( 1.000000000000000082E-05 ), #3113, 'distance_accuracy_value', 'NONE');
#6924 = CARTESIAN_POINT ( 'NONE',  ( 1.873719365689376248, -2.336567908382720216, 0.1688902700279256430 ) ) ;
#6925 = CARTESIAN_POINT ( 'NONE',  ( -2.151833221588803635, -2.160000000000000142, 0.2374399716845533859 ) ) ;
#6926 = VERTEX_POINT ( 'NONE', #2977 ) ;
#6927 = VECTOR ( 'NONE', #9143, 1000.000000000000000 ) ;
#6928 =( GEOMETRIC_REPRESENTATION_CONTEXT ( 3 ) GLOBAL_UNCERTAINTY_ASSIGNED_CONTEXT ( ( #5133 ) ) GLOBAL_UNIT_ASSIGNED_CONTEXT ( ( #6309, #967, #8647 ) ) REPRESENTATION_CONTEXT ( 'NONE', 'WORKASPACE' ) );
#6929 = VERTEX_POINT ( 'NONE', #9879 ) ;
#6930 = ORIENTED_EDGE ( 'NONE', *, *, #5680, .T. ) ;
#6931 =( NAMED_UNIT ( * ) SI_UNIT ( $, .STERADIAN. ) SOLID_ANGLE_UNIT ( ) );
#6932 = COLOUR_RGB ( '',0.8313725490196077761, 0.8313725490196077761, 0.8313725490196077761 ) ;
#6933 = ADVANCED_FACE ( 'NONE', ( #6062 ), #5307, .T. ) ;
#6934 = CARTESIAN_POINT ( 'NONE',  ( 1.189405335455050006, -1.905000000000000027, 0.8200000000000009504 ) ) ;
#6935 = DIRECTION ( 'NONE',  ( -0.000000000000000000, -1.000000000000000000, 0.000000000000000000 ) ) ;
#6936 = SURFACE_SIDE_STYLE ('',( #791 ) ) ;
#6937 = DIRECTION ( 'NONE',  ( 0.9975640502598241977, 0.000000000000000000, -0.06975647374412552448 ) ) ;
#6938 = ORIENTED_EDGE ( 'NONE', *, *, #1976, .T. ) ;
#6939 = DIRECTION ( 'NONE',  ( -1.000000000000000000, 0.000000000000000000, -0.000000000000000000 ) ) ;
#6940 = COLOUR_RGB ( '',0.8313725490196077761, 0.8313725490196077761, 0.8313725490196077761 ) ;
#6941 = DIRECTION ( 'NONE',  ( -0.1045284632676530545, 0.000000000000000000, 0.9945218953682735119 ) ) ;
#6942 = EDGE_CURVE ( 'NONE', #2921, #6956, #2623, .T. ) ;
#6943 = SURFACE_STYLE_USAGE ( .BOTH. , #4007 ) ;
#6944 = MECHANICAL_DESIGN_GEOMETRIC_PRESENTATION_REPRESENTATION (  '', ( #194 ), #8074 ) ;
#6945 = FILL_AREA_STYLE ('',( #4634 ) ) ;
#6946 = CARTESIAN_POINT ( 'NONE',  ( -0.2285000000000000364, 0.000000000000000000, 0.3000000000000010436 ) ) ;
#6947 = CARTESIAN_POINT ( 'NONE',  ( -3.000000000000000444, -2.160000000000000142, 0.2105127985970459692 ) ) ;
#6948 = MECHANICAL_DESIGN_GEOMETRIC_PRESENTATION_REPRESENTATION (  '', ( #9043 ), #2407 ) ;
#6949 =( BOUNDED_SURFACE ( )  B_SPLINE_SURFACE ( 3, 3, ( 
 ( #5102, #5207, #7401, #8290 ),
 ( #8335, #1496, #7552, #643 ),
 ( #8474, #746, #6889, #5410 ),
 ( #7704, #2182, #9121, #1444 ) ),
 .UNSPECIFIED., .F., .F., .T. ) 
 B_SPLINE_SURFACE_WITH_KNOTS ( ( 4, 4 ),
 ( 4, 4 ),
 ( 0.000000000000000000, 1.000000000000000000 ),
 ( 0.000000000000000000, 1.000000000000000000 ),
 .UNSPECIFIED. ) 
 GEOMETRIC_REPRESENTATION_ITEM ( )  RATIONAL_B_SPLINE_SURFACE ( (
 ( 1.000000000000000000, 0.3333333333333309834, 0.3333333333333309834, 1.000000000000000000),
 ( 0.9701154189421181684, 0.3233718063140371135, 0.3233718063140371135, 0.9701154189421181684),
 ( 0.9701154189421181684, 0.3233718063140371135, 0.3233718063140371135, 0.9701154189421181684),
 ( 1.000000000000000000, 0.3333333333333309834, 0.3333333333333309834, 1.000000000000000000) ) ) 
 REPRESENTATION_ITEM ( '' )  SURFACE ( )  );
#6950 = FACE_OUTER_BOUND ( 'NONE', #8313, .T. ) ;
#6951 = SURFACE_STYLE_USAGE ( .BOTH. , #9372 ) ;
#6952 = PRESENTATION_LAYER_ASSIGNMENT (  '', '', ( #1166 ) ) ;
#6953 =( GEOMETRIC_REPRESENTATION_CONTEXT ( 3 ) GLOBAL_UNCERTAINTY_ASSIGNED_CONTEXT ( ( #3823 ) ) GLOBAL_UNIT_ASSIGNED_CONTEXT ( ( #138, #4006, #6296 ) ) REPRESENTATION_CONTEXT ( 'NONE', 'WORKASPACE' ) );
#6954 = STYLED_ITEM ( 'NONE', ( #1091 ), #2922 ) ;
#6955 =( LENGTH_UNIT ( ) NAMED_UNIT ( * ) SI_UNIT ( .MILLI., .METRE. ) );
#6956 = VERTEX_POINT ( 'NONE', #6206 ) ;
#6957 = FILL_AREA_STYLE ('',( #8746 ) ) ;
#6958 = EDGE_CURVE ( 'NONE', #9011, #5355, #9428, .T. ) ;
#6959 = ADVANCED_FACE ( 'NONE', ( #8637 ), #3957, .F. ) ;
#6960 = CARTESIAN_POINT ( 'NONE',  ( -1.802292627064890018, -2.302292627064889796, 0.1000000000000006717 ) ) ;
#6961 =( GEOMETRIC_REPRESENTATION_CONTEXT ( 3 ) GLOBAL_UNCERTAINTY_ASSIGNED_CONTEXT ( ( #3985 ) ) GLOBAL_UNIT_ASSIGNED_CONTEXT ( ( #5580, #6303, #7978 ) ) REPRESENTATION_CONTEXT ( 'NONE', 'WORKASPACE' ) );
#6962 = SURFACE_SIDE_STYLE ('',( #2340 ) ) ;
#6963 = FILL_AREA_STYLE_COLOUR ( '', #5344 ) ;
#6964 =( GEOMETRIC_REPRESENTATION_CONTEXT ( 3 ) GLOBAL_UNCERTAINTY_ASSIGNED_CONTEXT ( ( #126 ) ) GLOBAL_UNIT_ASSIGNED_CONTEXT ( ( #4932, #7030, #7848 ) ) REPRESENTATION_CONTEXT ( 'NONE', 'WORKASPACE' ) );
#6965 = SURFACE_SIDE_STYLE ('',( #8442 ) ) ;
#6966 = VECTOR ( 'NONE', #7380, 1000.000000000000000 ) ;
#6967 = VERTEX_POINT ( 'NONE', #7766 ) ;
#6968 = DIRECTION ( 'NONE',  ( 1.000000000000000000, 0.000000000000000000, 6.608470384673550038E-16 ) ) ;
#6969 = AXIS2_PLACEMENT_3D ( 'NONE', #8568, #6240, #4049 ) ;
#6970 = CIRCLE ( 'NONE', #2600, 0.1000000000000000472 ) ;
#6971 = ORIENTED_EDGE ( 'NONE', *, *, #4608, .F. ) ;
#6972 = STYLED_ITEM ( 'NONE', ( #3646 ), #4373 ) ;
#6973 = AXIS2_PLACEMENT_3D ( 'NONE', #1222, #8044, #8154 ) ;
#6974 = ORIENTED_EDGE ( 'NONE', *, *, #4513, .T. ) ;
#6975 =( NAMED_UNIT ( * ) SI_UNIT ( $, .STERADIAN. ) SOLID_ANGLE_UNIT ( ) );
#6976 = ADVANCED_FACE ( 'NONE', ( #4061 ), #850, .T. ) ;
#6977 = DIRECTION ( 'NONE',  ( 0.000000000000000000, 1.000000000000000000, 0.000000000000000000 ) ) ;
#6978 =( NAMED_UNIT ( * ) PLANE_ANGLE_UNIT ( ) SI_UNIT ( $, .RADIAN. ) );
#6980 = VERTEX_POINT ( 'NONE', #7200 ) ;
#6979 = MECHANICAL_DESIGN_GEOMETRIC_PRESENTATION_REPRESENTATION (  '', ( #1491 ), #7138 ) ;
#6981 = CARTESIAN_POINT ( 'NONE',  ( 1.189405335455050006, 1.905000000000000027, 1.030000000000000027 ) ) ;
#6982 = PLANE ( 'NONE',  #1601 ) ;
#6983 = DIRECTION ( 'NONE',  ( 0.000000000000000000, -1.000000000000000000, 0.000000000000000000 ) ) ;
#6984 = SURFACE_STYLE_FILL_AREA ( #3063 ) ;
#6985 = CARTESIAN_POINT ( 'NONE',  ( -1.916803581098483367, -2.337171350119499280, 1.345813218002318790 ) ) ;
#6986 = COLOUR_RGB ( '',0.2862745098039215508, 0.2862745098039215508, 0.2862745098039215508 ) ;
#6987 = UNCERTAINTY_MEASURE_WITH_UNIT (LENGTH_MEASURE( 1.000000000000000082E-05 ), #7338, 'distance_accuracy_value', 'NONE');
#6988 = DIRECTION ( 'NONE',  ( 0.000000000000000000, -1.000000000000000000, 0.000000000000000000 ) ) ;
#6989 = ORIENTED_EDGE ( 'NONE', *, *, #2007, .T. ) ;
#6990 = CARTESIAN_POINT ( 'NONE',  ( -1.145000000000000018, -1.145000000000000018, 0.3000000000000009881 ) ) ;
#6991 = AXIS2_PLACEMENT_3D ( 'NONE', #3694, #1300, #5357 ) ;
#6992 = ORIENTED_EDGE ( 'NONE', *, *, #253, .T. ) ;
#6993 = STYLED_ITEM ( 'NONE', ( #2696 ), #4856 ) ;
#6994 = DIRECTION ( 'NONE',  ( -0.9945218953682734009, 0.000000000000000000, -0.1045284632676535680 ) ) ;
#6995 = FILL_AREA_STYLE_COLOUR ( '', #8073 ) ;
#6996 = CARTESIAN_POINT ( 'NONE',  ( -0.1285000000000000031, 1.501000000000000112, 0.3000000000000009881 ) ) ;
#6997 =( NAMED_UNIT ( * ) PLANE_ANGLE_UNIT ( ) SI_UNIT ( $, .RADIAN. ) );
#6998 =( GEOMETRIC_REPRESENTATION_CONTEXT ( 3 ) GLOBAL_UNCERTAINTY_ASSIGNED_CONTEXT ( ( #2170 ) ) GLOBAL_UNIT_ASSIGNED_CONTEXT ( ( #669, #8401, #9900 ) ) REPRESENTATION_CONTEXT ( 'NONE', 'WORKASPACE' ) );
#6999 = UNCERTAINTY_MEASURE_WITH_UNIT (LENGTH_MEASURE( 1.000000000000000082E-05 ), #5163, 'distance_accuracy_value', 'NONE');
#7000 =( GEOMETRIC_REPRESENTATION_CONTEXT ( 3 ) GLOBAL_UNCERTAINTY_ASSIGNED_CONTEXT ( ( #7184 ) ) GLOBAL_UNIT_ASSIGNED_CONTEXT ( ( #2838, #2006, #5068 ) ) REPRESENTATION_CONTEXT ( 'NONE', 'WORKASPACE' ) );
#7001 = DIRECTION ( 'NONE',  ( -0.9975640502598241977, 0.000000000000000000, 0.06975647374412685675 ) ) ;
#7002 = LINE ( 'NONE', #8301, #1940 ) ;
#7003 = ORIENTED_EDGE ( 'NONE', *, *, #9659, .F. ) ;
#7004 =( LENGTH_UNIT ( ) NAMED_UNIT ( * ) SI_UNIT ( .MILLI., .METRE. ) );
#7005 = VECTOR ( 'NONE', #4899, 1000.000000000000000 ) ;
#7006 = CARTESIAN_POINT ( 'NONE',  ( -2.450781109342988096, 1.649999999999999911, 0.2489179246798427503 ) ) ;
#7007 = CARTESIAN_POINT ( 'NONE',  ( 1.145000000000000018, 1.044999999999999929, 0.3000000000000009881 ) ) ;
#7008 =( GEOMETRIC_REPRESENTATION_CONTEXT ( 3 ) GLOBAL_UNCERTAINTY_ASSIGNED_CONTEXT ( ( #3320 ) ) GLOBAL_UNIT_ASSIGNED_CONTEXT ( ( #9648, #581, #9097 ) ) REPRESENTATION_CONTEXT ( 'NONE', 'WORKASPACE' ) );
#7009 = DIRECTION ( 'NONE',  ( -0.06975647374412553836, 0.000000000000000000, 0.9975640502598243087 ) ) ;
#7010 = DIRECTION ( 'NONE',  ( 0.1039620511844975281, 0.1039620511844869394, 0.9891328443778549806 ) ) ;
#7011 = SURFACE_STYLE_FILL_AREA ( #4798 ) ;
#7012 = UNCERTAINTY_MEASURE_WITH_UNIT (LENGTH_MEASURE( 1.000000000000000082E-05 ), #1301, 'distance_accuracy_value', 'NONE');
#7013 = FILL_AREA_STYLE_COLOUR ( '', #5149 ) ;
#7014 = AXIS2_PLACEMENT_3D ( 'NONE', #489, #6546, #595 ) ;
#7015 = EDGE_CURVE ( 'NONE', #1596, #1063, #1158, .T. ) ;
#7016 = VECTOR ( 'NONE', #2193, 1000.000000000000227 ) ;
#7017 = SURFACE_SIDE_STYLE ('',( #7621 ) ) ;
#7018 = ORIENTED_EDGE ( 'NONE', *, *, #7466, .F. ) ;
#7019 = CARTESIAN_POINT ( 'NONE',  ( 1.845189659078854794, -2.345189659078863453, 1.722150640348744322 ) ) ;
#7020 = DIRECTION ( 'NONE',  ( -0.9964213197442519654, 0.000000000000000000, 0.08452546101100759379 ) ) ;
#7021 = CARTESIAN_POINT ( 'NONE',  ( -1.468615827805880292, -2.302292627064889796, 1.749999999999999778 ) ) ;
#7022 = FILL_AREA_STYLE ('',( #6963 ) ) ;
#7023 = LINE ( 'NONE', #7930, #1130 ) ;
#7024 = ORIENTED_EDGE ( 'NONE', *, *, #3480, .T. ) ;
#7025 = ORIENTED_EDGE ( 'NONE', *, *, #6537, .F. ) ;
#7026 = EDGE_CURVE ( 'NONE', #1063, #9381, #292, .T. ) ;
#7027 = ORIENTED_EDGE ( 'NONE', *, *, #3223, .F. ) ;
#7028 = ORIENTED_EDGE ( 'NONE', *, *, #8319, .F. ) ;
#7029 = LINE ( 'NONE', #2349, #4057 ) ;
#7030 =( NAMED_UNIT ( * ) PLANE_ANGLE_UNIT ( ) SI_UNIT ( $, .RADIAN. ) );
#7031 = ORIENTED_EDGE ( 'NONE', *, *, #9416, .F. ) ;
#7032 =( NAMED_UNIT ( * ) SI_UNIT ( $, .STERADIAN. ) SOLID_ANGLE_UNIT ( ) );
#7033 = DIRECTION ( 'NONE',  ( -1.000000000000000000, 0.000000000000000000, 0.000000000000000000 ) ) ;
#7034 = FACE_OUTER_BOUND ( 'NONE', #9207, .T. ) ;
#7035 = UNCERTAINTY_MEASURE_WITH_UNIT (LENGTH_MEASURE( 1.000000000000000082E-05 ), #8616, 'distance_accuracy_value', 'NONE');
#7036 = LINE ( 'NONE', #82, #3973 ) ;
#7037 = EDGE_CURVE ( 'NONE', #286, #3520, #493, .T. ) ;
#7038 = FILL_AREA_STYLE ('',( #3943 ) ) ;
#7039 = EDGE_CURVE ( 'NONE', #5355, #9010, #873, .T. ) ;
#7040 = ORIENTED_EDGE ( 'NONE', *, *, #5741, .F. ) ;
#7041 = ORIENTED_EDGE ( 'NONE', *, *, #864, .T. ) ;
#7042 = DIRECTION ( 'NONE',  ( 1.000000000000000000, 0.000000000000000000, 0.000000000000000000 ) ) ;
#7043 = DIRECTION ( 'NONE',  ( 0.000000000000000000, 0.000000000000000000, 1.000000000000000000 ) ) ;
#7044 = DIRECTION ( 'NONE',  ( 0.000000000000000000, 0.000000000000000000, 1.000000000000000000 ) ) ;
#7045 = PLANE ( 'NONE',  #346 ) ;
#7046 = CARTESIAN_POINT ( 'NONE',  ( 3.000000000000000000, -1.649999999999999911, 0.2105127985970459692 ) ) ;
#7047 = CARTESIAN_POINT ( 'NONE',  ( -1.807731438172855531, -2.388693427578348683, 0.1328221854291394832 ) ) ;
#7048 = ORIENTED_EDGE ( 'NONE', *, *, #2093, .T. ) ;
#7049 = PRESENTATION_STYLE_ASSIGNMENT (( #4743 ) ) ;
#7050 = CARTESIAN_POINT ( 'NONE',  ( 1.928793852439659950, -0.8900000000000000133, 0.7114753820237430526 ) ) ;
#7051 =( GEOMETRIC_REPRESENTATION_CONTEXT ( 3 ) GLOBAL_UNCERTAINTY_ASSIGNED_CONTEXT ( ( #3746 ) ) GLOBAL_UNIT_ASSIGNED_CONTEXT ( ( #2532, #8740, #1159 ) ) REPRESENTATION_CONTEXT ( 'NONE', 'WORKASPACE' ) );
#7052 = FILL_AREA_STYLE ('',( #5514 ) ) ;
#7053 = DIRECTION ( 'NONE',  ( 0.7431448254773942441, 0.000000000000000000, 0.6691306063588582376 ) ) ;
#7054 = PRESENTATION_STYLE_ASSIGNMENT (( #6951 ) ) ;
#7055 = CARTESIAN_POINT ( 'NONE',  ( 1.778333972310207178, -2.327900865654993989, 0.1080958903910342467 ) ) ;
#7056 = DIRECTION ( 'NONE',  ( 0.000000000000000000, -1.000000000000000000, 0.000000000000000000 ) ) ;
#7057 = EDGE_LOOP ( 'NONE', ( #4349, #8762, #2976, #2336 ) ) ;
#7058 =( NAMED_UNIT ( * ) PLANE_ANGLE_UNIT ( ) SI_UNIT ( $, .RADIAN. ) );
#7059 = SURFACE_SIDE_STYLE ('',( #5320 ) ) ;
#7060 = EDGE_CURVE ( 'NONE', #3511, #7654, #2585, .T. ) ;
#7061 =( NAMED_UNIT ( * ) PLANE_ANGLE_UNIT ( ) SI_UNIT ( $, .RADIAN. ) );
#7062 = CIRCLE ( 'NONE', #4483, 0.07999999999999977962 ) ;
#7063 = STYLED_ITEM ( 'NONE', ( #1758 ), #190 ) ;
#7064 =( LENGTH_UNIT ( ) NAMED_UNIT ( * ) SI_UNIT ( .MILLI., .METRE. ) );
#7065 = LINE ( 'NONE', #8650, #290 ) ;
#7066 = VERTEX_POINT ( 'NONE', #3485 ) ;
#7067 = CARTESIAN_POINT ( 'NONE',  ( 1.881854378694346464, 2.302292627064889796, 1.678362277061413721 ) ) ;
#7068 = MECHANICAL_DESIGN_GEOMETRIC_PRESENTATION_REPRESENTATION (  '', ( #9641 ), #5808 ) ;
#7069 = CARTESIAN_POINT ( 'NONE',  ( 1.189405335455050006, 0.3800000000000000044, 1.030000000000000027 ) ) ;
#7070 = EDGE_LOOP ( 'NONE', ( #5103, #3673, #1593, #557 ) ) ;
#7071 = AXIS2_PLACEMENT_3D ( 'NONE', #9926, #753, #7669 ) ;
#7072 = VERTEX_POINT ( 'NONE', #9666 ) ;
#7073 = CARTESIAN_POINT ( 'NONE',  ( -1.286622366282401009, 1.877014106498447576, 1.749999999999999778 ) ) ;
#7074 = PRESENTATION_LAYER_ASSIGNMENT (  '', '', ( #9809 ) ) ;
#7075 = CARTESIAN_POINT ( 'NONE',  ( -5.551115123125779744E-16, -2.450000000000000178, 0.9250000000000010436 ) ) ;
#7076 = SURFACE_STYLE_USAGE ( .BOTH. , #3110 ) ;
#7077 = EDGE_CURVE ( 'NONE', #6926, #3737, #6507, .T. ) ;
#7078 = SURFACE_SIDE_STYLE ('',( #3982 ) ) ;
#7079 = UNCERTAINTY_MEASURE_WITH_UNIT (LENGTH_MEASURE( 1.000000000000000082E-05 ), #3919, 'distance_accuracy_value', 'NONE');
#7080 = MECHANICAL_DESIGN_GEOMETRIC_PRESENTATION_REPRESENTATION (  '', ( #9331 ), #4162 ) ;
#7081 = ORIENTED_EDGE ( 'NONE', *, *, #6727, .T. ) ;
#7082 = ORIENTED_EDGE ( 'NONE', *, *, #7683, .T. ) ;
#7083 = SURFACE_STYLE_FILL_AREA ( #989 ) ;
#7084 = CIRCLE ( 'NONE', #6445, 0.1050000000000000655 ) ;
#7085 = DIRECTION ( 'NONE',  ( -1.000000000000000000, 0.000000000000000000, -0.000000000000000000 ) ) ;
#7086 = DIRECTION ( 'NONE',  ( 0.000000000000000000, 0.000000000000000000, 1.000000000000000000 ) ) ;
#7087 = ADVANCED_FACE ( 'NONE', ( #7399 ), #7351, .T. ) ;
#7088 = DIRECTION ( 'NONE',  ( 0.000000000000000000, 0.000000000000000000, 1.000000000000000000 ) ) ;
#7089 = CIRCLE ( 'NONE', #7408, 0.08000000000000004330 ) ;
#7090 = CARTESIAN_POINT ( 'NONE',  ( -1.890701798628208641, 0.000000000000000000, 1.397602703198708163 ) ) ;
#7091 = AXIS2_PLACEMENT_3D ( 'NONE', #3714, #8266, #4456 ) ;
#7092 = AXIS2_PLACEMENT_3D ( 'NONE', #4488, #7567, #6815 ) ;
#7093 = DIRECTION ( 'NONE',  ( -0.9975640502598241977, 0.000000000000000000, -0.06975647374412685675 ) ) ;
#7094 = VECTOR ( 'NONE', #4075, 1000.000000000000227 ) ;
#7095 = CARTESIAN_POINT ( 'NONE',  ( 1.145000000000000018, 1.044999999999999929, 0.1000000000000009076 ) ) ;
#7096 = ORIENTED_EDGE ( 'NONE', *, *, #9920, .T. ) ;
#7097 = CARTESIAN_POINT ( 'NONE',  ( -2.102415215385780023, 0.3800000000000000044, 0.8200000000000009504 ) ) ;
#7098 = SURFACE_SIDE_STYLE ('',( #3243 ) ) ;
#7099 = CARTESIAN_POINT ( 'NONE',  ( -2.102415215385780023, 0.6350000000000000089, 0.8200000000000019496 ) ) ;
#7100 =( NAMED_UNIT ( * ) PLANE_ANGLE_UNIT ( ) SI_UNIT ( $, .RADIAN. ) );
#7101 = CARTESIAN_POINT ( 'NONE',  ( 1.877467758999779912, -2.327900865654993989, 0.1896393804201365052 ) ) ;
#7102 =( LENGTH_UNIT ( ) NAMED_UNIT ( * ) SI_UNIT ( .MILLI., .METRE. ) );
#7103 = PLANE ( 'NONE',  #8423 ) ;
#7104 = CIRCLE ( 'NONE', #3855, 0.08000000000000005718 ) ;
#7105 = VERTEX_POINT ( 'NONE', #5771 ) ;
#7106 = PRESENTATION_LAYER_ASSIGNMENT (  '', '', ( #3046 ) ) ;
#7107 =( NAMED_UNIT ( * ) PLANE_ANGLE_UNIT ( ) SI_UNIT ( $, .RADIAN. ) );
#7108 = SURFACE_STYLE_FILL_AREA ( #4853 ) ;
#7109 = CARTESIAN_POINT ( 'NONE',  ( 3.000000000000000000, 1.905000000000000027, 0.000000000000000000 ) ) ;
#7110 = PRESENTATION_LAYER_ASSIGNMENT (  '', '', ( #4878 ) ) ;
#7111 = CARTESIAN_POINT ( 'NONE',  ( -1.802292627064890018, 2.302292627064889796, 0.1800000000000009925 ) ) ;
#7112 = DIRECTION ( 'NONE',  ( 1.000000000000000000, 0.000000000000000000, 0.000000000000000000 ) ) ;
#7113 =( NAMED_UNIT ( * ) PLANE_ANGLE_UNIT ( ) SI_UNIT ( $, .RADIAN. ) );
#7114 = VECTOR ( 'NONE', #4176, 1000.000000000000114 ) ;
#7115 = VECTOR ( 'NONE', #1566, 1000.000000000000000 ) ;
#7116 = VERTEX_POINT ( 'NONE', #8836 ) ;
#7117 = MECHANICAL_DESIGN_GEOMETRIC_PRESENTATION_REPRESENTATION (  '', ( #5211 ), #839 ) ;
#7118 = FILL_AREA_STYLE ('',( #6320 ) ) ;
#7119 = VERTEX_POINT ( 'NONE', #2731 ) ;
#7120 = PRODUCT_RELATED_PRODUCT_CATEGORY ( 'part', '', ( #7214 ) ) ;
#7121 = COLOUR_RGB ( '',0.8313725490196077761, 0.8313725490196077761, 0.8313725490196077761 ) ;
#7122 = ORIENTED_EDGE ( 'NONE', *, *, #6219, .T. ) ;
#7123 = DIRECTION ( 'NONE',  ( 0.000000000000000000, 0.000000000000000000, -1.000000000000000000 ) ) ;
#7124 = ORIENTED_EDGE ( 'NONE', *, *, #5657, .F. ) ;
#7125 = CYLINDRICAL_SURFACE ( 'NONE', #3703, 0.2100000000000000755 ) ;
#7126 = DIRECTION ( 'NONE',  ( 0.000000000000000000, -1.000000000000000000, 0.000000000000000000 ) ) ;
#7127 = AXIS2_PLACEMENT_3D ( 'NONE', #5281, #9139, #8314 ) ;
#7128 = EDGE_LOOP ( 'NONE', ( #2131, #3067, #2472, #500 ) ) ;
#7129 = CARTESIAN_POINT ( 'NONE',  ( -1.801300639614446197, 2.338986644132700743, 0.1043914680145907464 ) ) ;
#7130 = CARTESIAN_POINT ( 'NONE',  ( -0.2285000000000000364, -1.145000000000000018, 0.1000000000000010048 ) ) ;
#7131 = CARTESIAN_POINT ( 'NONE',  ( 2.005945153285420446, 0.3800000000000000044, 0.7150000000000019673 ) ) ;
#7132 = DIRECTION ( 'NONE',  ( -1.779203565104420086E-16, 0.000000000000000000, -1.000000000000000000 ) ) ;
#7133 = VECTOR ( 'NONE', #7741, 1000.000000000000000 ) ;
#7134 = AXIS2_PLACEMENT_3D ( 'NONE', #2103, #4285, #5787 ) ;
#7135 = AXIS2_PLACEMENT_3D ( 'NONE', #8097, #1177, #9691 ) ;
#7136 = EDGE_LOOP ( 'NONE', ( #5947, #7944, #1873, #6696 ) ) ;
#7137 = EDGE_CURVE ( 'NONE', #9149, #7788, #5100, .T. ) ;
#7138 =( GEOMETRIC_REPRESENTATION_CONTEXT ( 3 ) GLOBAL_UNCERTAINTY_ASSIGNED_CONTEXT ( ( #6599 ) ) GLOBAL_UNIT_ASSIGNED_CONTEXT ( ( #2496, #7061, #2391 ) ) REPRESENTATION_CONTEXT ( 'NONE', 'WORKASPACE' ) );
#7139 = VERTEX_POINT ( 'NONE', #3539 ) ;
#7140 = SURFACE_STYLE_USAGE ( .BOTH. , #2517 ) ;
#7141 = LINE ( 'NONE', #3424, #1157 ) ;
#7142 = VECTOR ( 'NONE', #8175, 1000.000000000000000 ) ;
#7143 = DIRECTION ( 'NONE',  ( 1.000000000000000000, 0.000000000000000000, 0.000000000000000000 ) ) ;
#7144 =( GEOMETRIC_REPRESENTATION_CONTEXT ( 3 ) GLOBAL_UNCERTAINTY_ASSIGNED_CONTEXT ( ( #7692 ) ) GLOBAL_UNIT_ASSIGNED_CONTEXT ( ( #105, #7927, #7204 ) ) REPRESENTATION_CONTEXT ( 'NONE', 'WORKASPACE' ) );
#7145 = DIRECTION ( 'NONE',  ( -0.08452546101100759379, -0.000000000000000000, -0.9964213197442519654 ) ) ;
#7146 = AXIS2_PLACEMENT_3D ( 'NONE', #8079, #7356, #4317 ) ;
#7147 = FILL_AREA_STYLE_COLOUR ( '', #6932 ) ;
#7148 =( GEOMETRIC_REPRESENTATION_CONTEXT ( 3 ) GLOBAL_UNCERTAINTY_ASSIGNED_CONTEXT ( ( #2266 ) ) GLOBAL_UNIT_ASSIGNED_CONTEXT ( ( #2853, #430, #4248 ) ) REPRESENTATION_CONTEXT ( 'NONE', 'WORKASPACE' ) );
#7149 = EDGE_CURVE ( 'NONE', #1730, #6645, #1239, .T. ) ;
#7150 =( NAMED_UNIT ( * ) PLANE_ANGLE_UNIT ( ) SI_UNIT ( $, .RADIAN. ) );
#7151 = EDGE_CURVE ( 'NONE', #1063, #3705, #1798, .T. ) ;
#7152 = AXIS2_PLACEMENT_3D ( 'NONE', #7823, #197, #5463 ) ;
#7153 = DIRECTION ( 'NONE',  ( 1.000000000000000000, 0.000000000000000000, 0.000000000000000000 ) ) ;
#7154 = ORIENTED_EDGE ( 'NONE', *, *, #9416, .T. ) ;
#7155 = SURFACE_STYLE_FILL_AREA ( #6440 ) ;
#7156 = DIRECTION ( 'NONE',  ( 0.000000000000000000, 1.000000000000000000, 0.000000000000000000 ) ) ;
#7157 = DIRECTION ( 'NONE',  ( -0.000000000000000000, -0.000000000000000000, -1.000000000000000000 ) ) ;
#7158 = VECTOR ( 'NONE', #3334, 1000.000000000000000 ) ;
#7159 =( LENGTH_UNIT ( ) NAMED_UNIT ( * ) SI_UNIT ( .MILLI., .METRE. ) );
#7160 = PLANE ( 'NONE',  #6905 ) ;
#7161 = SURFACE_STYLE_FILL_AREA ( #8741 ) ;
#7162 = EDGE_CURVE ( 'NONE', #1543, #6226, #3595, .T. ) ;
#7163 = VECTOR ( 'NONE', #1875, 1000.000000000000000 ) ;
#7164 = CYLINDRICAL_SURFACE ( 'NONE', #3556, 0.07999999999999998779 ) ;
#7165 = VECTOR ( 'NONE', #7855, 1000.000000000000000 ) ;
#7166 = CARTESIAN_POINT ( 'NONE',  ( -0.2284999999999999809, -1.145000000000000018, 0.3000000000000009881 ) ) ;
#7167 = SURFACE_STYLE_FILL_AREA ( #4807 ) ;
#7168 = CARTESIAN_POINT ( 'NONE',  ( -1.145000000000000018, 1.044999999999999929, 0.1000000000000010048 ) ) ;
#7169 = CARTESIAN_POINT ( 'NONE',  ( 1.189405335455050228, 0.3799999999999999489, 0.8200000000000009504 ) ) ;
#7170 = DIRECTION ( 'NONE',  ( 0.000000000000000000, -0.000000000000000000, -1.000000000000000000 ) ) ;
#7171 =( GEOMETRIC_REPRESENTATION_CONTEXT ( 3 ) GLOBAL_UNCERTAINTY_ASSIGNED_CONTEXT ( ( #9255 ) ) GLOBAL_UNIT_ASSIGNED_CONTEXT ( ( #7004, #47, #1594 ) ) REPRESENTATION_CONTEXT ( 'NONE', 'WORKASPACE' ) );
#7172 = ORIENTED_EDGE ( 'NONE', *, *, #5574, .F. ) ;
#7173 = PRESENTATION_LAYER_ASSIGNMENT (  '', '', ( #4434 ) ) ;
#7174 = SURFACE_SIDE_STYLE ('',( #5734 ) ) ;
#7175 =( NAMED_UNIT ( * ) PLANE_ANGLE_UNIT ( ) SI_UNIT ( $, .RADIAN. ) );
#7176 = ORIENTED_EDGE ( 'NONE', *, *, #6085, .T. ) ;
#7177 = CARTESIAN_POINT ( 'NONE',  ( 3.000000000000000000, -0.3800000000000000044, 0.7114753820237430526 ) ) ;
#7178 = PLANE ( 'NONE',  #7620 ) ;
#7179 = MECHANICAL_DESIGN_GEOMETRIC_PRESENTATION_REPRESENTATION (  '', ( #1693 ), #3608 ) ;
#7180 = CYLINDRICAL_SURFACE ( 'NONE', #4535, 0.1000000000000000056 ) ;
#7181 = ORIENTED_EDGE ( 'NONE', *, *, #8714, .T. ) ;
#7182 = CARTESIAN_POINT ( 'NONE',  ( -1.877467758999779912, 2.327900865654995322, 0.1896393804201364219 ) ) ;
#7183 = PRESENTATION_STYLE_ASSIGNMENT (( #225 ) ) ;
#7184 = UNCERTAINTY_MEASURE_WITH_UNIT (LENGTH_MEASURE( 1.000000000000000082E-05 ), #2838, 'distance_accuracy_value', 'NONE');
#7185 = ORIENTED_EDGE ( 'NONE', *, *, #122, .T. ) ;
#7186 = ORIENTED_EDGE ( 'NONE', *, *, #7683, .F. ) ;
#7187 = SURFACE_SIDE_STYLE ('',( #7083 ) ) ;
#7188 = SURFACE_STYLE_FILL_AREA ( #5499 ) ;
#7189 = SURFACE_STYLE_USAGE ( .BOTH. , #6536 ) ;
#7190 = SURFACE_STYLE_FILL_AREA ( #6636 ) ;
#7191 = EDGE_CURVE ( 'NONE', #9704, #1531, #9417, .T. ) ;
#7192 = VERTEX_POINT ( 'NONE', #6704 ) ;
#7193 = CARTESIAN_POINT ( 'NONE',  ( 2.346432839248830060, 0.8900000000000000133, 0.04570186794230124416 ) ) ;
#7194 = FILL_AREA_STYLE_COLOUR ( '', #1306 ) ;
#7195 = ORIENTED_EDGE ( 'NONE', *, *, #5921, .T. ) ;
#7196 = SURFACE_STYLE_USAGE ( .BOTH. , #2640 ) ;
#7197 = DIRECTION ( 'NONE',  ( 0.000000000000000000, -0.000000000000000000, 1.000000000000000000 ) ) ;
#7198 = CARTESIAN_POINT ( 'NONE',  ( -2.102415215385780023, -1.649999999999999911, 0.8200000000000019496 ) ) ;
#7199 = ADVANCED_FACE ( 'NONE', ( #5256 ), #6052, .T. ) ;
#7200 = CARTESIAN_POINT ( 'NONE',  ( 1.870218527253805441, 2.449999403068540360, 1.030005679423485310 ) ) ;
#7201 = CARTESIAN_POINT ( 'NONE',  ( 2.458105539086119951, -0.8900000000000000133, 0.3536621499571240279 ) ) ;
#7202 = DIRECTION ( 'NONE',  ( 0.7413137835818656152, -0.07015517768342456606, 0.6674819288308456722 ) ) ;
#7203 = SURFACE_STYLE_USAGE ( .BOTH. , #3251 ) ;
#7204 =( NAMED_UNIT ( * ) SI_UNIT ( $, .STERADIAN. ) SOLID_ANGLE_UNIT ( ) );
#7205 = ADVANCED_FACE ( 'NONE', ( #6747 ), #4846, .T. ) ;
#7206 = CARTESIAN_POINT ( 'NONE',  ( 1.768056511363093941, 2.421364504079362323, 1.705193088427950698 ) ) ;
#7207 = DIRECTION ( 'NONE',  ( 1.000000000000000000, 0.000000000000000000, 0.000000000000000000 ) ) ;
#7208 = EDGE_CURVE ( 'NONE', #523, #4496, #6579, .T. ) ;
#7209 = DIRECTION ( 'NONE',  ( -0.1039620511844980000, -0.1039620511844980000, 0.9891328443778539814 ) ) ;
#7210 = FACE_OUTER_BOUND ( 'NONE', #3532, .T. ) ;
#7211 = AXIS2_PLACEMENT_3D ( 'NONE', #325, #8865, #2624 ) ;
#7212 =( BOUNDED_CURVE ( )  B_SPLINE_CURVE ( 3, ( #5179, #1326, #6733, #6777 ),
 .UNSPECIFIED., .F., .T. ) 
 B_SPLINE_CURVE_WITH_KNOTS ( ( 4, 4 ),
 ( 5.500522448470987591, 7.065848165888174215 ),
 .UNSPECIFIED. ) 
 CURVE ( )  GEOMETRIC_REPRESENTATION_ITEM ( )  RATIONAL_B_SPLINE_CURVE ( ( 1.000000000000000000, 0.8060255240148347378, 0.8060255240148347378, 1.000000000000000000 ) ) 
 REPRESENTATION_ITEM ( '' )  );
#7213 = ORIENTED_EDGE ( 'NONE', *, *, #4116, .T. ) ;
#7214 = PRODUCT ( 'pins', 'pins', '', ( #5908 ) ) ;
#7215 = DIRECTION ( 'NONE',  ( 0.000000000000000000, 1.000000000000000000, 0.000000000000000000 ) ) ;
#7216 = VERTEX_POINT ( 'NONE', #2021 ) ;
#7217 = DIRECTION ( 'NONE',  ( 0.000000000000000000, 0.000000000000000000, 1.000000000000000000 ) ) ;
#7218 = EDGE_LOOP ( 'NONE', ( #5692, #4203, #5868, #2551 ) ) ;
#7219 = CARTESIAN_POINT ( 'NONE',  ( 2.102415215385780023, 0.6350000000000000089, 1.030000000000000915 ) ) ;
#7220 = FILL_AREA_STYLE_COLOUR ( '', #802 ) ;
#7221 = CARTESIAN_POINT ( 'NONE',  ( 2.353481300512978436, 1.905000000000000027, 0.3447869765509687379 ) ) ;
#7222 = STYLED_ITEM ( 'NONE', ( #9736 ), #9119 ) ;
#7223 = FILL_AREA_STYLE ('',( #9500 ) ) ;
#7224 = SURFACE_STYLE_USAGE ( .BOTH. , #4941 ) ;
#7225 = CIRCLE ( 'NONE', #3990, 0.1050000000000000100 ) ;
#7226 = ORIENTED_EDGE ( 'NONE', *, *, #2140, .F. ) ;
#7227 = VERTEX_POINT ( 'NONE', #8205 ) ;
#7228 = CARTESIAN_POINT ( 'NONE',  ( -1.513228997242766605, -2.309373549556427374, 1.745392322350550307 ) ) ;
#7229 = PRESENTATION_STYLE_ASSIGNMENT (( #5562 ) ) ;
#7230 =( LENGTH_UNIT ( ) NAMED_UNIT ( * ) SI_UNIT ( .MILLI., .METRE. ) );
#7231 = UNCERTAINTY_MEASURE_WITH_UNIT (LENGTH_MEASURE( 1.000000000000000082E-05 ), #7894, 'distance_accuracy_value', 'NONE');
#7232 = MECHANICAL_DESIGN_GEOMETRIC_PRESENTATION_REPRESENTATION (  '', ( #4838 ), #5008 ) ;
#7233 = ORIENTED_EDGE ( 'NONE', *, *, #8002, .F. ) ;
#7234 =( LENGTH_UNIT ( ) NAMED_UNIT ( * ) SI_UNIT ( .MILLI., .METRE. ) );
#7235 = COLOUR_RGB ( '',0.8313725490196077761, 0.8313725490196077761, 0.8313725490196077761 ) ;
#7236 = DIRECTION ( 'NONE',  ( 0.000000000000000000, 0.000000000000000000, 1.000000000000000000 ) ) ;
#7237 = ADVANCED_FACE ( 'NONE', ( #1090 ), #6628, .F. ) ;
#7238 = EDGE_LOOP ( 'NONE', ( #6059, #4986, #6243, #701, #3808 ) ) ;
#7239 = FILL_AREA_STYLE_COLOUR ( '', #7828 ) ;
#7240 = CIRCLE ( 'NONE', #4850, 0.07999999999999998779 ) ;
#7241 = CARTESIAN_POINT ( 'NONE',  ( 2.353481300512978436, 1.649999999999999911, 0.3447869765509686824 ) ) ;
#7242 = FILL_AREA_STYLE ('',( #4158 ) ) ;
#7243 = CIRCLE ( 'NONE', #8388, 0.07999999999999998779 ) ;
#7244 =( LENGTH_UNIT ( ) NAMED_UNIT ( * ) SI_UNIT ( .MILLI., .METRE. ) );
#7245 = FACE_OUTER_BOUND ( 'NONE', #6043, .T. ) ;
#7246 = COLOUR_RGB ( '',0.8313725490196077761, 0.8313725490196077761, 0.8313725490196077761 ) ;
#7247 = DIRECTION ( 'NONE',  ( -1.000000000000000000, -0.000000000000000000, -0.000000000000000000 ) ) ;
#7248 = EDGE_CURVE ( 'NONE', #7495, #5151, #8829, .T. ) ;
#7249 = EDGE_LOOP ( 'NONE', ( #6131, #9122, #5447, #1217, #2577 ) ) ;
#7250 = COLOUR_RGB ( '',0.2862745098039215508, 0.2862745098039215508, 0.2862745098039215508 ) ;
#7251 = ORIENTED_EDGE ( 'NONE', *, *, #6054, .F. ) ;
#7252 = CIRCLE ( 'NONE', #8724, 0.08000000000000034861 ) ;
#7253 = LINE ( 'NONE', #354, #9723 ) ;
#7254 = CARTESIAN_POINT ( 'NONE',  ( 1.768056511363093497, -2.421364504079359214, 1.705193088427951809 ) ) ;
#7255 = AXIS2_PLACEMENT_3D ( 'NONE', #9160, #5145, #2231 ) ;
#7256 = CARTESIAN_POINT ( 'NONE',  ( -1.882647879984872930, -2.301685890579379112, 0.1228765338733731061 ) ) ;
#7257 = CARTESIAN_POINT ( 'NONE',  ( -1.044999999999999929, 1.145000000000000018, 0.1000000000000007827 ) ) ;
#7258 = FILL_AREA_STYLE_COLOUR ( '', #9015 ) ;
#7259 = ORIENTED_EDGE ( 'NONE', *, *, #3330, .T. ) ;
#7260 = CIRCLE ( 'NONE', #6129, 0.1050000000000000100 ) ;
#7261 = PLANE ( 'NONE',  #6693 ) ;
#7262 = COLOUR_RGB ( '',0.8313725490196077761, 0.8313725490196077761, 0.8313725490196077761 ) ;
#7263 = SURFACE_STYLE_USAGE ( .BOTH. , #4865 ) ;
#7264 = VERTEX_POINT ( 'NONE', #8058 ) ;
#7265 = EDGE_CURVE ( 'NONE', #7693, #6772, #1142, .T. ) ;
#7266 = EDGE_CURVE ( 'NONE', #9113, #1543, #9605, .T. ) ;
#7267 = PRESENTATION_STYLE_ASSIGNMENT (( #315 ) ) ;
#7268 = EDGE_LOOP ( 'NONE', ( #8393, #8166, #3571, #5811, #1672 ) ) ;
#7269 = VECTOR ( 'NONE', #2013, 1000.000000000000114 ) ;
#7270 = SURFACE_STYLE_FILL_AREA ( #2662 ) ;
#7271 = PLANE ( 'NONE',  #9235 ) ;
#7272 = MECHANICAL_DESIGN_GEOMETRIC_PRESENTATION_REPRESENTATION (  '', ( #6316 ), #6792 ) ;
#7273 = EDGE_LOOP ( 'NONE', ( #1720, #2667, #2864, #7213 ) ) ;
#7274 = COLOUR_RGB ( '',0.8313725490196077761, 0.8313725490196077761, 0.8313725490196077761 ) ;
#7275 = DIRECTION ( 'NONE',  ( 0.000000000000000000, 0.000000000000000000, 1.000000000000000000 ) ) ;
#7276 = AXIS2_PLACEMENT_3D ( 'NONE', #3278, #6281, #3371 ) ;
#7277 = FILL_AREA_STYLE_COLOUR ( '', #7605 ) ;
#7278 =( LENGTH_UNIT ( ) NAMED_UNIT ( * ) SI_UNIT ( .MILLI., .METRE. ) );
#7279 = DIRECTION ( 'NONE',  ( 0.000000000000000000, 1.000000000000000000, 0.000000000000000000 ) ) ;
#7280 =( GEOMETRIC_REPRESENTATION_CONTEXT ( 3 ) GLOBAL_UNCERTAINTY_ASSIGNED_CONTEXT ( ( #5407 ) ) GLOBAL_UNIT_ASSIGNED_CONTEXT ( ( #6764, #4287, #6818 ) ) REPRESENTATION_CONTEXT ( 'NONE', 'WORKASPACE' ) );
#7281 = ORIENTED_EDGE ( 'NONE', *, *, #2721, .F. ) ;
#7282 = ADVANCED_FACE ( 'NONE', ( #4192 ), #6533, .T. ) ;
#7283 =( GEOMETRIC_REPRESENTATION_CONTEXT ( 3 ) GLOBAL_UNCERTAINTY_ASSIGNED_CONTEXT ( ( #9301 ) ) GLOBAL_UNIT_ASSIGNED_CONTEXT ( ( #5510, #8316, #4901 ) ) REPRESENTATION_CONTEXT ( 'NONE', 'WORKASPACE' ) );
#7284 = ORIENTED_EDGE ( 'NONE', *, *, #6355, .F. ) ;
#7285 = DIRECTION ( 'NONE',  ( -0.000000000000000000, -1.000000000000000000, -0.000000000000000000 ) ) ;
#7286 = DIRECTION ( 'NONE',  ( 0.000000000000000000, 0.000000000000000000, 1.000000000000000000 ) ) ;
#7287 = CARTESIAN_POINT ( 'NONE',  ( 1.802292627064890018, 2.302292627064889352, 0.1800000000000004652 ) ) ;
#7288 = PRESENTATION_LAYER_ASSIGNMENT (  '', '', ( #9699 ) ) ;
#7289 = DIRECTION ( 'NONE',  ( 0.000000000000000000, 0.000000000000000000, -1.000000000000000000 ) ) ;
#7290 = FILL_AREA_STYLE_COLOUR ( '', #9845 ) ;
#7291 = FILL_AREA_STYLE ('',( #5091 ) ) ;
#7292 = AXIS2_PLACEMENT_3D ( 'NONE', #9495, #8608, #4134 ) ;
#7293 = ORIENTED_EDGE ( 'NONE', *, *, #380, .T. ) ;
#7294 = STYLED_ITEM ( 'NONE', ( #9806 ), #2128 ) ;
#7295 = DIRECTION ( 'NONE',  ( 0.000000000000000000, 0.000000000000000000, 1.000000000000000000 ) ) ;
#7296 = PRESENTATION_LAYER_ASSIGNMENT (  '', '', ( #3564 ) ) ;
#7297 = SURFACE_SIDE_STYLE ('',( #2524 ) ) ;
#7298 = ORIENTED_EDGE ( 'NONE', *, *, #3641, .T. ) ;
#7299 = STYLED_ITEM ( 'NONE', ( #6661 ), #4353 ) ;
#7300 =( LENGTH_UNIT ( ) NAMED_UNIT ( * ) SI_UNIT ( .MILLI., .METRE. ) );
#7301 = VECTOR ( 'NONE', #861, 1000.000000000000000 ) ;
#7302 = PRESENTATION_STYLE_ASSIGNMENT (( #8019 ) ) ;
#7303 = CARTESIAN_POINT ( 'NONE',  ( 1.834544767865788684, 2.256608784186039163, 0.06397602445713002073 ) ) ;
#7304 = DIRECTION ( 'NONE',  ( 0.000000000000000000, 0.000000000000000000, 1.000000000000000000 ) ) ;
#7305 = DIRECTION ( 'NONE',  ( 0.000000000000000000, 1.000000000000000000, 0.000000000000000000 ) ) ;
#7306 = VECTOR ( 'NONE', #4577, 1000.000000000000000 ) ;
#7307 = STYLED_ITEM ( 'NONE', ( #7582 ), #3972 ) ;
#7308 = SURFACE_STYLE_FILL_AREA ( #204 ) ;
#7309 = ORIENTED_EDGE ( 'NONE', *, *, #7394, .F. ) ;
#7310 = ORIENTED_EDGE ( 'NONE', *, *, #2201, .F. ) ;
#7311 = PRESENTATION_LAYER_ASSIGNMENT (  '', '', ( #3735 ) ) ;
#7312 = FACE_OUTER_BOUND ( 'NONE', #6382, .T. ) ;
#7313 = DIRECTION ( 'NONE',  ( 0.9975640502598241977, 0.000000000000000000, 0.06975647374412549673 ) ) ;
#7314 = CARTESIAN_POINT ( 'NONE',  ( 1.833743087720903109, 2.436249167634579216, 1.607203804313747320 ) ) ;
#7315 = DIRECTION ( 'NONE',  ( -0.000000000000000000, -0.000000000000000000, -1.000000000000000000 ) ) ;
#7316 = ADVANCED_FACE ( 'NONE', ( #9849 ), #723, .T. ) ;
#7317 = EDGE_LOOP ( 'NONE', ( #5992, #6187, #7018, #7172, #3252 ) ) ;
#7318 = DIRECTION ( 'NONE',  ( 0.000000000000000000, 0.000000000000000000, 1.000000000000000000 ) ) ;
#7319 = AXIS2_PLACEMENT_3D ( 'NONE', #4030, #877, #7123 ) ;
#7320 = DIRECTION ( 'NONE',  ( -0.1039620511844980000, 0.1039620511844980000, 0.9891328443778539814 ) ) ;
#7321 = LINE ( 'NONE', #3889, #5856 ) ;
#7322 = ORIENTED_EDGE ( 'NONE', *, *, #7039, .F. ) ;
#7323 = LINE ( 'NONE', #3507, #1686 ) ;
#7324 =( LENGTH_UNIT ( ) NAMED_UNIT ( * ) SI_UNIT ( .MILLI., .METRE. ) );
#7325 = FILL_AREA_STYLE ('',( #1180 ) ) ;
#7326 = VECTOR ( 'NONE', #6467, 1000.000000000000000 ) ;
#7327 = ORIENTED_EDGE ( 'NONE', *, *, #123, .F. ) ;
#7328 =( NAMED_UNIT ( * ) PLANE_ANGLE_UNIT ( ) SI_UNIT ( $, .RADIAN. ) );
#7329 = EDGE_CURVE ( 'NONE', #7375, #7227, #1674, .T. ) ;
#7330 = PLANE ( 'NONE',  #2680 ) ;
#7331 = DIRECTION ( 'NONE',  ( -0.9975640502598241977, 0.000000000000000000, 0.06975647374412552448 ) ) ;
#7332 = VERTEX_POINT ( 'NONE', #5433 ) ;
#7333 = CIRCLE ( 'NONE', #5596, 0.1000000000000000472 ) ;
#7334 = VERTEX_POINT ( 'NONE', #5545 ) ;
#7335 = CARTESIAN_POINT ( 'NONE',  ( -1.477617972942844471, -2.338417127732530965, 1.742655881788300443 ) ) ;
#7336 = CARTESIAN_POINT ( 'NONE',  ( 2.102415215385780023, 0.8900000000000000133, 0.8200000000000009504 ) ) ;
#7337 = FILL_AREA_STYLE_COLOUR ( '', #2889 ) ;
#7338 =( LENGTH_UNIT ( ) NAMED_UNIT ( * ) SI_UNIT ( .MILLI., .METRE. ) );
#7339 =( NAMED_UNIT ( * ) PLANE_ANGLE_UNIT ( ) SI_UNIT ( $, .RADIAN. ) );
#7340 =( NAMED_UNIT ( * ) PLANE_ANGLE_UNIT ( ) SI_UNIT ( $, .RADIAN. ) );
#7341 = CARTESIAN_POINT ( 'NONE',  ( 1.189405335455050006, 1.905000000000000027, 1.030000000000000027 ) ) ;
#7342 = EDGE_CURVE ( 'NONE', #4125, #1191, #5595, .T. ) ;
#7343 = UNCERTAINTY_MEASURE_WITH_UNIT (LENGTH_MEASURE( 1.000000000000000082E-05 ), #4658, 'distance_accuracy_value', 'NONE');
#7344 = EDGE_CURVE ( 'NONE', #9732, #5403, #1766, .T. ) ;
#7345 = ORIENTED_EDGE ( 'NONE', *, *, #7574, .T. ) ;
#7346 = PRESENTATION_STYLE_ASSIGNMENT (( #4354 ) ) ;
#7347 = EDGE_LOOP ( 'NONE', ( #5526, #6369, #821, #9455 ) ) ;
#7348 = FILL_AREA_STYLE_COLOUR ( '', #7235 ) ;
#7349 = DIRECTION ( 'NONE',  ( -0.9945218953682734009, 0.000000000000000000, 0.1045284632676532210 ) ) ;
#7350 = DIRECTION ( 'NONE',  ( 0.000000000000000000, -1.000000000000000000, 0.000000000000000000 ) ) ;
#7351 = CYLINDRICAL_SURFACE ( 'NONE', #8629, 0.2100000000000000200 ) ;
#7352 = EDGE_CURVE ( 'NONE', #1082, #9593, #9251, .T. ) ;
#7353 = SURFACE_STYLE_USAGE ( .BOTH. , #4363 ) ;
#7354 = PRESENTATION_STYLE_ASSIGNMENT (( #2689 ) ) ;
#7355 = VERTEX_POINT ( 'NONE', #9292 ) ;
#7356 = DIRECTION ( 'NONE',  ( -0.000000000000000000, -0.000000000000000000, -1.000000000000000000 ) ) ;
#7357 = FACE_OUTER_BOUND ( 'NONE', #1342, .T. ) ;
#7358 = DIRECTION ( 'NONE',  ( -0.000000000000000000, -1.000000000000000000, 0.000000000000000000 ) ) ;
#7359 = FILL_AREA_STYLE ('',( #4280 ) ) ;
#7360 = ORIENTED_EDGE ( 'NONE', *, *, #8339, .T. ) ;
#7361 = CARTESIAN_POINT ( 'NONE',  ( -2.376389666031580195, 1.905000000000000027, 0.07473362777057840356 ) ) ;
#7362 = DIRECTION ( 'NONE',  ( -0.000000000000000000, -1.000000000000000000, 0.000000000000000000 ) ) ;
#7363 = CARTESIAN_POINT ( 'NONE',  ( -2.295355339586480081, -0.3800000000000000044, 1.030000000000000027 ) ) ;
#7364 = VERTEX_POINT ( 'NONE', #2458 ) ;
#7365 = EDGE_CURVE ( 'NONE', #1327, #3599, #3873, .T. ) ;
#7366 = CARTESIAN_POINT ( 'NONE',  ( -2.167034018033049847, -1.905000000000000027, 0.05824665557634479962 ) ) ;
#7367 = CARTESIAN_POINT ( 'NONE',  ( -3.000000000000000444, -1.649999999999999689, 0.2105127985970459970 ) ) ;
#7368 = ORIENTED_EDGE ( 'NONE', *, *, #3660, .F. ) ;
#7369 = CIRCLE ( 'NONE', #9469, 0.2100000000000000477 ) ;
#7370 = CLOSED_SHELL ( 'NONE', ( #6230, #427, #3126, #9270, #486, #7940, #3467, #1295, #7777, #6781, #9614, #3837, #5295, #6901, #5505, #6077, #3741, #6538, #1759, #169, #1361, #8461 ) ) ;
#7371 =( LENGTH_UNIT ( ) NAMED_UNIT ( * ) SI_UNIT ( .MILLI., .METRE. ) );
#7372 = CARTESIAN_POINT ( 'NONE',  ( -1.877467758999779690, 2.327900865654994877, 0.1896393804201373656 ) ) ;
#7373 = SURFACE_STYLE_FILL_AREA ( #9752 ) ;
#7374 = CARTESIAN_POINT ( 'NONE',  ( 1.189405335455050006, 1.905000000000000027, 0.8200000000000009504 ) ) ;
#7375 = VERTEX_POINT ( 'NONE', #8606 ) ;
#7376 = STYLED_ITEM ( 'NONE', ( #6528 ), #663 ) ;
#7377 = PRESENTATION_LAYER_ASSIGNMENT (  '', '', ( #6092 ) ) ;
#7378 = ORIENTED_EDGE ( 'NONE', *, *, #4825, .F. ) ;
#7379 = CARTESIAN_POINT ( 'NONE',  ( -1.482622977077630022, -2.309373549556429150, 1.756476221736917864 ) ) ;
#7380 = DIRECTION ( 'NONE',  ( 0.000000000000000000, 1.000000000000000000, 0.000000000000000000 ) ) ;
#7381 = ADVANCED_FACE ( 'NONE', ( #3266 ), #7889, .T. ) ;
#7382 = CIRCLE ( 'NONE', #298, 0.08000000000000000167 ) ;
#7383 = DIRECTION ( 'NONE',  ( 0.000000000000000000, 0.000000000000000000, 1.000000000000000000 ) ) ;
#7384 =( NAMED_UNIT ( * ) SI_UNIT ( $, .STERADIAN. ) SOLID_ANGLE_UNIT ( ) );
#7385 = DIRECTION ( 'NONE',  ( 0.000000000000000000, 0.000000000000000000, 1.000000000000000000 ) ) ;
#7386 = DIRECTION ( 'NONE',  ( -0.08452546101099935039, 0.000000000000000000, 0.9964213197442525205 ) ) ;
#7387 =( NAMED_UNIT ( * ) SI_UNIT ( $, .STERADIAN. ) SOLID_ANGLE_UNIT ( ) );
#7388 = PRESENTATION_LAYER_ASSIGNMENT (  '', '', ( #1257 ) ) ;
#7389 = ADVANCED_BREP_SHAPE_REPRESENTATION ( '', ( #7507, #1043, #853, #7718, #4262, #4373, #4353, #4463, #7690, #7071 ), #5442 ) ;
#7390 = EDGE_LOOP ( 'NONE', ( #7698, #4118, #9674, #2327, #9580 ) ) ;
#7391 =( LENGTH_UNIT ( ) NAMED_UNIT ( * ) SI_UNIT ( .MILLI., .METRE. ) );
#7392 = ADVANCED_FACE ( 'NONE', ( #4086 ), #8153, .T. ) ;
#7393 = ORIENTED_EDGE ( 'NONE', *, *, #8714, .F. ) ;
#7394 = EDGE_CURVE ( 'NONE', #8414, #3578, #6618, .T. ) ;
#7395 = SURFACE_STYLE_USAGE ( .BOTH. , #9012 ) ;
#7396 =( LENGTH_UNIT ( ) NAMED_UNIT ( * ) SI_UNIT ( .MILLI., .METRE. ) );
#7397 = DIRECTION ( 'NONE',  ( -0.9945218953682731788, -1.084202172485503487E-14, 0.1045284632676549003 ) ) ;
#7398 = CIRCLE ( 'NONE', #7561, 0.1050000000000000655 ) ;
#7399 = FACE_OUTER_BOUND ( 'NONE', #7218, .T. ) ;
#7400 = PRESENTATION_LAYER_ASSIGNMENT (  '', '', ( #6441 ) ) ;
#7401 = CARTESIAN_POINT ( 'NONE',  ( -1.492920983025412651, 2.338417127732531409, 1.737113932095117441 ) ) ;
#7402 = EDGE_LOOP ( 'NONE', ( #2210, #7455, #9944, #6372 ) ) ;
#7403 = PLANE ( 'NONE',  #8604 ) ;
#7404 =( GEOMETRIC_REPRESENTATION_CONTEXT ( 3 ) GLOBAL_UNCERTAINTY_ASSIGNED_CONTEXT ( ( #4676 ) ) GLOBAL_UNIT_ASSIGNED_CONTEXT ( ( #7230, #9609, #7384 ) ) REPRESENTATION_CONTEXT ( 'NONE', 'WORKASPACE' ) );
#7405 =( LENGTH_UNIT ( ) NAMED_UNIT ( * ) SI_UNIT ( .MILLI., .METRE. ) );
#7406 = SURFACE_SIDE_STYLE ('',( #8032 ) ) ;
#7407 = FILL_AREA_STYLE ('',( #5109 ) ) ;
#7408 = AXIS2_PLACEMENT_3D ( 'NONE', #9055, #7918, #6391 ) ;
#7409 = CARTESIAN_POINT ( 'NONE',  ( -1.189405335455050228, 1.905000000000000027, 0.8200000000000009504 ) ) ;
#7410 = UNCERTAINTY_MEASURE_WITH_UNIT (LENGTH_MEASURE( 1.000000000000000082E-05 ), #959, 'distance_accuracy_value', 'NONE');
#7411 = AXIS2_PLACEMENT_3D ( 'NONE', #1424, #5938, #9853 ) ;
#7412 = MECHANICAL_DESIGN_GEOMETRIC_PRESENTATION_REPRESENTATION (  '', ( #5825 ), #3679 ) ;
#7413 = CARTESIAN_POINT ( 'NONE',  ( -2.361081698735099987, -2.160000000000000142, 0.2551903184968640215 ) ) ;
#7414 = DIRECTION ( 'NONE',  ( 0.000000000000000000, -1.000000000000000000, -0.000000000000000000 ) ) ;
#7415 = CARTESIAN_POINT ( 'NONE',  ( 2.295355339586480081, -2.160000000000000142, 1.030000000000000027 ) ) ;
#7416 = ORIENTED_EDGE ( 'NONE', *, *, #4498, .F. ) ;
#7417 = PRESENTATION_STYLE_ASSIGNMENT (( #9788 ) ) ;
#7418 = CARTESIAN_POINT ( 'NONE',  ( 1.928793852439659950, -1.649999999999999911, 0.8200000000000009504 ) ) ;
#7419 = STYLED_ITEM ( 'NONE', ( #9227 ), #8226 ) ;
#7420 =( GEOMETRIC_REPRESENTATION_CONTEXT ( 3 ) GLOBAL_UNCERTAINTY_ASSIGNED_CONTEXT ( ( #5854 ) ) GLOBAL_UNIT_ASSIGNED_CONTEXT ( ( #7300, #7498, #6744 ) ) REPRESENTATION_CONTEXT ( 'NONE', 'WORKASPACE' ) );
#7421 = ORIENTED_EDGE ( 'NONE', *, *, #1890, .T. ) ;
#7422 = ORIENTED_EDGE ( 'NONE', *, *, #6828, .F. ) ;
#7423 = VERTEX_POINT ( 'NONE', #269 ) ;
#7424 = CARTESIAN_POINT ( 'NONE',  ( -1.446119965521905026, -2.332084914963575617, 1.740755605868808065 ) ) ;
#7425 = PRESENTATION_STYLE_ASSIGNMENT (( #8915 ) ) ;
#7426 = MECHANICAL_DESIGN_GEOMETRIC_PRESENTATION_REPRESENTATION (  '', ( #1629 ), #7601 ) ;
#7427 = CARTESIAN_POINT ( 'NONE',  ( 2.151833221588803635, -0.3800000000000000044, 0.2374399716845534414 ) ) ;
#7428 = AXIS2_PLACEMENT_3D ( 'NONE', #1202, #6544, #5195 ) ;
#7429 =( NAMED_UNIT ( * ) PLANE_ANGLE_UNIT ( ) SI_UNIT ( $, .RADIAN. ) );
#7430 = SURFACE_STYLE_FILL_AREA ( #4345 ) ;
#7431 = CARTESIAN_POINT ( 'NONE',  ( -1.417831752426138348, 2.321499329462846095, 1.728754406394933607 ) ) ;
#7432 = VECTOR ( 'NONE', #1416, 999.9999999999998863 ) ;
#7433 = PRESENTATION_STYLE_ASSIGNMENT (( #5134 ) ) ;
#7434 = VECTOR ( 'NONE', #5879, 1000.000000000000114 ) ;
#7435 = EDGE_CURVE ( 'NONE', #2062, #583, #3309, .T. ) ;
#7436 = VECTOR ( 'NONE', #2855, 1000.000000000000114 ) ;
#7437 = ORIENTED_EDGE ( 'NONE', *, *, #1976, .F. ) ;
#7438 = PRESENTATION_STYLE_ASSIGNMENT (( #9009 ) ) ;
#7439 = SURFACE_STYLE_FILL_AREA ( #9813 ) ;
#7440 = COLOUR_RGB ( '',0.2862745098039215508, 0.2862745098039215508, 0.2862745098039215508 ) ;
#7441 = ORIENTED_EDGE ( 'NONE', *, *, #562, .F. ) ;
#7442 = SURFACE_STYLE_USAGE ( .BOTH. , #1283 ) ;
#7443 = MECHANICAL_DESIGN_GEOMETRIC_PRESENTATION_REPRESENTATION (  '', ( #6015 ), #7617 ) ;
#7444 = SURFACE_STYLE_USAGE ( .BOTH. , #4576 ) ;
#7445 = AXIS2_PLACEMENT_3D ( 'NONE', #1555, #3803, #6068 ) ;
#7446 = SURFACE_SIDE_STYLE ('',( #2278 ) ) ;
#7447 = FILL_AREA_STYLE_COLOUR ( '', #7440 ) ;
#7448 = SURFACE_SIDE_STYLE ('',( #1290 ) ) ;
#7449 = CARTESIAN_POINT ( 'NONE',  ( -3.000000000000000000, 0.6350000000000000089, 0.2105127985970459970 ) ) ;
#7450 = PRESENTATION_LAYER_ASSIGNMENT (  '', '', ( #533 ) ) ;
#7451 = EDGE_CURVE ( 'NONE', #8974, #1839, #3453, .T. ) ;
#7452 = STYLED_ITEM ( 'NONE', ( #3426 ), #2028 ) ;
#7453 = MECHANICAL_DESIGN_GEOMETRIC_PRESENTATION_REPRESENTATION (  '', ( #1488 ), #6964 ) ;
#7454 = CARTESIAN_POINT ( 'NONE',  ( 1.845189659078864342, -2.345189659078864786, 0.1278493596512556008 ) ) ;
#7455 = ORIENTED_EDGE ( 'NONE', *, *, #3672, .T. ) ;
#7456 = CIRCLE ( 'NONE', #216, 0.1000000000000000472 ) ;
#7457 = DIRECTION ( 'NONE',  ( 0.000000000000000000, 1.000000000000000000, 0.000000000000000000 ) ) ;
#7458 = FILL_AREA_STYLE_COLOUR ( '', #9807 ) ;
#7459 = LINE ( 'NONE', #6709, #181 ) ;
#7460 =( NAMED_UNIT ( * ) PLANE_ANGLE_UNIT ( ) SI_UNIT ( $, .RADIAN. ) );
#7461 = AXIS2_PLACEMENT_3D ( 'NONE', #4811, #4079, #3404 ) ;
#7462 = DIRECTION ( 'NONE',  ( -0.000000000000000000, 1.000000000000000000, -0.000000000000000000 ) ) ;
#7463 = DIRECTION ( 'NONE',  ( 0.000000000000000000, 0.000000000000000000, 1.000000000000000000 ) ) ;
#7464 = VECTOR ( 'NONE', #5963, 999.9999999999998863 ) ;
#7465 = PLANE ( 'NONE',  #5958 ) ;
#7466 = EDGE_CURVE ( 'NONE', #8841, #243, #7323, .T. ) ;
#7467 = EDGE_CURVE ( 'NONE', #9933, #1920, #4283, .T. ) ;
#7468 = CARTESIAN_POINT ( 'NONE',  ( -2.102415215385780023, 2.160000000000000142, 0.8200000000000009504 ) ) ;
#7469 = SURFACE_SIDE_STYLE ('',( #9689 ) ) ;
#7470 =( NAMED_UNIT ( * ) SI_UNIT ( $, .STERADIAN. ) SOLID_ANGLE_UNIT ( ) );
#7471 = CARTESIAN_POINT ( 'NONE',  ( 1.189405335455050006, -0.6350000000000000089, 0.8200000000000009504 ) ) ;
#7472 = CARTESIAN_POINT ( 'NONE',  ( -1.880153323855735747, 2.337171350119470414, 1.418532311308639438 ) ) ;
#7473 = FILL_AREA_STYLE ('',( #5840 ) ) ;
#7474 = CARTESIAN_POINT ( 'NONE',  ( -1.468615827805880292, 2.302292627064889796, 1.670000000000000151 ) ) ;
#7475 =( NAMED_UNIT ( * ) SI_UNIT ( $, .STERADIAN. ) SOLID_ANGLE_UNIT ( ) );
#7476 = ORIENTED_EDGE ( 'NONE', *, *, #4044, .T. ) ;
#7477 = MECHANICAL_DESIGN_GEOMETRIC_PRESENTATION_REPRESENTATION (  '', ( #3735 ), #7000 ) ;
#7478 = ADVANCED_FACE ( 'NONE', ( #2614 ), #8817, .F. ) ;
#7479 = PRESENTATION_STYLE_ASSIGNMENT (( #2018 ) ) ;
#7480 = ORIENTED_EDGE ( 'NONE', *, *, #740, .T. ) ;
#7481 = ORIENTED_EDGE ( 'NONE', *, *, #5695, .F. ) ;
#7482 = CYLINDRICAL_SURFACE ( 'NONE', #1943, 0.1050000000000000100 ) ;
#7483 = COLOUR_RGB ( '',0.2862745098039215508, 0.2862745098039215508, 0.2862745098039215508 ) ;
#7484 = DIRECTION ( 'NONE',  ( 1.000000000000000000, -0.000000000000000000, -1.779203565104420086E-16 ) ) ;
#7485 = DIRECTION ( 'NONE',  ( 0.000000000000000000, 0.000000000000000000, -1.000000000000000000 ) ) ;
#7486 = PRESENTATION_STYLE_ASSIGNMENT (( #2813 ) ) ;
#7487 = SURFACE_STYLE_FILL_AREA ( #4409 ) ;
#7488 = SURFACE_STYLE_FILL_AREA ( #8318 ) ;
#7489 = CARTESIAN_POINT ( 'NONE',  ( -0.1285000000000000031, -1.401000000000000023, 0.3000000000000009881 ) ) ;
#7490 = CARTESIAN_POINT ( 'NONE',  ( 1.044999999999999929, 1.145000000000000018, 0.1000000000000010048 ) ) ;
#7491 = STYLED_ITEM ( 'NONE', ( #7049 ), #7631 ) ;
#7492 = MECHANICAL_DESIGN_GEOMETRIC_PRESENTATION_REPRESENTATION (  '', ( #4098 ), #3108 ) ;
#7493 = ORIENTED_EDGE ( 'NONE', *, *, #7435, .T. ) ;
#7494 = DIRECTION ( 'NONE',  ( -1.000000000000000000, -0.000000000000000000, 0.000000000000000000 ) ) ;
#7495 = VERTEX_POINT ( 'NONE', #6894 ) ;
#7496 = FILL_AREA_STYLE_COLOUR ( '', #9524 ) ;
#7497 = ORIENTED_EDGE ( 'NONE', *, *, #8341, .F. ) ;
#7498 =( NAMED_UNIT ( * ) PLANE_ANGLE_UNIT ( ) SI_UNIT ( $, .RADIAN. ) );
#7499 = EDGE_CURVE ( 'NONE', #760, #811, #8523, .T. ) ;
#7500 =( LENGTH_UNIT ( ) NAMED_UNIT ( * ) SI_UNIT ( .MILLI., .METRE. ) );
#7501 = SURFACE_STYLE_USAGE ( .BOTH. , #692 ) ;
#7502 = LINE ( 'NONE', #3732, #7750 ) ;
#7503 = CARTESIAN_POINT ( 'NONE',  ( -1.468615827805880958, -2.302292627064887132, 1.669999999999998375 ) ) ;
#7504 = DIRECTION ( 'NONE',  ( 0.9945218953682734009, -5.421010862427518226E-15, -0.1045284632676532210 ) ) ;
#7505 =( NAMED_UNIT ( * ) SI_UNIT ( $, .STERADIAN. ) SOLID_ANGLE_UNIT ( ) );
#7506 = UNCERTAINTY_MEASURE_WITH_UNIT (LENGTH_MEASURE( 1.000000000000000082E-05 ), #4, 'distance_accuracy_value', 'NONE');
#7507 = MANIFOLD_SOLID_BREP ( 'Imported1', #7370 ) ;
#7508 = LINE ( 'NONE', #5960, #3391 ) ;
#7509 = ORIENTED_EDGE ( 'NONE', *, *, #9607, .F. ) ;
#7510 = CARTESIAN_POINT ( 'NONE',  ( 1.802292627064880914, 2.381854378694352903, 1.678362277061411278 ) ) ;
#7511 = EDGE_CURVE ( 'NONE', #1920, #8067, #2150, .T. ) ;
#7512 = CARTESIAN_POINT ( 'NONE',  ( 3.000000000000000000, 2.160000000000000142, 0.2105127985970459692 ) ) ;
#7513 = DIRECTION ( 'NONE',  ( -0.08452546101099935039, 0.000000000000000000, -0.9964213197442525205 ) ) ;
#7514 = CARTESIAN_POINT ( 'NONE',  ( -0.2285000000000000642, 1.145000000000000018, 0.1000000000000010603 ) ) ;
#7515 =( LENGTH_UNIT ( ) NAMED_UNIT ( * ) SI_UNIT ( .MILLI., .METRE. ) );
#7516 = DIRECTION ( 'NONE',  ( 0.000000000000000000, 1.000000000000000000, 0.000000000000000000 ) ) ;
#7517 = LINE ( 'NONE', #609, #9215 ) ;
#7518 = LINE ( 'NONE', #6760, #9390 ) ;
#7519 = EDGE_CURVE ( 'NONE', #1220, #9588, #1367, .T. ) ;
#7520 = EDGE_CURVE ( 'NONE', #5095, #1933, #6051, .T. ) ;
#7521 = SURFACE_SIDE_STYLE ('',( #3699 ) ) ;
#7522 =( NAMED_UNIT ( * ) PLANE_ANGLE_UNIT ( ) SI_UNIT ( $, .RADIAN. ) );
#7523 = DIRECTION ( 'NONE',  ( 0.000000000000000000, -0.000000000000000000, -1.000000000000000000 ) ) ;
#7524 = LINE ( 'NONE', #2250, #3814 ) ;
#7525 = FACE_OUTER_BOUND ( 'NONE', #7652, .T. ) ;
#7526 = ORIENTED_EDGE ( 'NONE', *, *, #5871, .T. ) ;
#7527 = DIRECTION ( 'NONE',  ( 1.000000000000000000, 0.000000000000000000, -1.779203565104420086E-16 ) ) ;
#7528 = ORIENTED_EDGE ( 'NONE', *, *, #9595, .F. ) ;
#7529 = ORIENTED_EDGE ( 'NONE', *, *, #240, .T. ) ;
#7530 =( LENGTH_UNIT ( ) NAMED_UNIT ( * ) SI_UNIT ( .MILLI., .METRE. ) );
#7531 = PRESENTATION_STYLE_ASSIGNMENT (( #5386 ) ) ;
#7532 = SURFACE_SIDE_STYLE ('',( #586 ) ) ;
#7533 = LINE ( 'NONE', #587, #3361 ) ;
#7534 = CARTESIAN_POINT ( 'NONE',  ( 1.802292627064890018, -2.302292627064889796, 0.1799999999999999378 ) ) ;
#7535 = UNCERTAINTY_MEASURE_WITH_UNIT (LENGTH_MEASURE( 1.000000000000000082E-05 ), #8547, 'distance_accuracy_value', 'NONE');
#7536 = AXIS2_PLACEMENT_3D ( 'NONE', #3098, #4602, #3922 ) ;
#7537 = VERTEX_POINT ( 'NONE', #8576 ) ;
#7538 = LINE ( 'NONE', #2224, #4528 ) ;
#7539 = ORIENTED_EDGE ( 'NONE', *, *, #6888, .F. ) ;
#7540 = ORIENTED_EDGE ( 'NONE', *, *, #3900, .T. ) ;
#7541 =( NAMED_UNIT ( * ) PLANE_ANGLE_UNIT ( ) SI_UNIT ( $, .RADIAN. ) );
#7542 = VECTOR ( 'NONE', #6125, 1000.000000000000000 ) ;
#7543 = CARTESIAN_POINT ( 'NONE',  ( -1.044999999999999929, -1.145000000000000018, 0.1000000000000010048 ) ) ;
#7544 = SURFACE_SIDE_STYLE ('',( #638 ) ) ;
#7545 = CARTESIAN_POINT ( 'NONE',  ( 2.005945153285420446, -1.649999999999999911, 0.8200000000000015055 ) ) ;
#7546 = CARTESIAN_POINT ( 'NONE',  ( -2.295355339586480081, -1.905000000000000027, 1.030000000000000027 ) ) ;
#7547 = VECTOR ( 'NONE', #9028, 1000.000000000000000 ) ;
#7548 = PRESENTATION_STYLE_ASSIGNMENT (( #7353 ) ) ;
#7549 = ADVANCED_FACE ( 'NONE', ( #5924 ), #2841, .T. ) ;
#7550 = SURFACE_SIDE_STYLE ('',( #9120 ) ) ;
#7551 =( GEOMETRIC_REPRESENTATION_CONTEXT ( 3 ) GLOBAL_UNCERTAINTY_ASSIGNED_CONTEXT ( ( #554 ) ) GLOBAL_UNIT_ASSIGNED_CONTEXT ( ( #6896, #2144, #2092 ) ) REPRESENTATION_CONTEXT ( 'NONE', 'WORKASPACE' ) );
#7552 = CARTESIAN_POINT ( 'NONE',  ( -1.482622977077631132, 2.309373549556428706, 1.756476221736918308 ) ) ;
#7553 = ORIENTED_EDGE ( 'NONE', *, *, #3340, .F. ) ;
#7554 = CIRCLE ( 'NONE', #3176, 0.07999999999999998779 ) ;
#7555 = CARTESIAN_POINT ( 'NONE',  ( 1.877467758999780356, 2.327900865654993545, 0.1896393804201360611 ) ) ;
#7556 = FILL_AREA_STYLE ('',( #2973 ) ) ;
#7557 = SURFACE_STYLE_USAGE ( .BOTH. , #9169 ) ;
#7558 = PLANE ( 'NONE',  #7152 ) ;
#7559 = CARTESIAN_POINT ( 'NONE',  ( -2.151833221588806300, -0.3800000000000000044, 0.2374399716845529695 ) ) ;
#7560 = CARTESIAN_POINT ( 'NONE',  ( 1.845189659078863897, -2.345189659078863453, 0.1278493596512555452 ) ) ;
#7561 = AXIS2_PLACEMENT_3D ( 'NONE', #8849, #2747, #8034 ) ;
#7562 = EDGE_CURVE ( 'NONE', #7726, #4998, #84, .T. ) ;
#7563 = CARTESIAN_POINT ( 'NONE',  ( 1.802292627064890018, 2.302292627064889796, 0.09999999999999995004 ) ) ;
#7564 =( LENGTH_UNIT ( ) NAMED_UNIT ( * ) SI_UNIT ( .MILLI., .METRE. ) );
#7565 = AXIS2_PLACEMENT_3D ( 'NONE', #238, #893, #7086 ) ;
#7566 = DIRECTION ( 'NONE',  ( 0.000000000000000000, 0.000000000000000000, -1.000000000000000000 ) ) ;
#7567 = DIRECTION ( 'NONE',  ( -0.000000000000000000, 1.000000000000000000, -0.000000000000000000 ) ) ;
#7568 = AXIS2_PLACEMENT_3D ( 'NONE', #7130, #7033, #119 ) ;
#7569 = DIRECTION ( 'NONE',  ( -0.000000000000000000, 0.000000000000000000, 1.000000000000000000 ) ) ;
#7570 = FILL_AREA_STYLE ('',( #1417 ) ) ;
#7571 = DIRECTION ( 'NONE',  ( -0.000000000000000000, -0.000000000000000000, -1.000000000000000000 ) ) ;
#7572 = ORIENTED_EDGE ( 'NONE', *, *, #1241, .F. ) ;
#7573 = PRESENTATION_LAYER_ASSIGNMENT (  '', '', ( #654 ) ) ;
#7574 = EDGE_CURVE ( 'NONE', #7636, #1582, #8478, .T. ) ;
#7575 = EDGE_CURVE ( 'NONE', #316, #6967, #9516, .T. ) ;
#7576 = VECTOR ( 'NONE', #8347, 1000.000000000000000 ) ;
#7577 = ORIENTED_EDGE ( 'NONE', *, *, #7149, .T. ) ;
#7578 = ORIENTED_EDGE ( 'NONE', *, *, #380, .F. ) ;
#7579 = PRESENTATION_STYLE_ASSIGNMENT (( #6919 ) ) ;
#7580 = MECHANICAL_DESIGN_GEOMETRIC_PRESENTATION_REPRESENTATION (  '', ( #4017 ), #8885 ) ;
#7581 = LINE ( 'NONE', #774, #9050 ) ;
#7582 = PRESENTATION_STYLE_ASSIGNMENT (( #4502 ) ) ;
#7583 = VECTOR ( 'NONE', #7513, 1000.000000000000227 ) ;
#7584 = FACE_OUTER_BOUND ( 'NONE', #4041, .T. ) ;
#7585 = SURFACE_SIDE_STYLE ('',( #4505 ) ) ;
#7586 = FILL_AREA_STYLE ('',( #2311 ) ) ;
#7587 = CARTESIAN_POINT ( 'NONE',  ( 1.881854378694346908, -2.302292627064885799, 1.678362277061413499 ) ) ;
#7588 = LINE ( 'NONE', #1276, #1493 ) ;
#7589 = UNCERTAINTY_MEASURE_WITH_UNIT (LENGTH_MEASURE( 1.000000000000000082E-05 ), #8871, 'distance_accuracy_value', 'NONE');
#7590 = ADVANCED_FACE ( 'NONE', ( #1000 ), #5766, .T. ) ;
#7591 = EDGE_CURVE ( 'NONE', #9401, #5341, #9366, .T. ) ;
#7592 = ORIENTED_EDGE ( 'NONE', *, *, #835, .F. ) ;
#7593 = MECHANICAL_DESIGN_GEOMETRIC_PRESENTATION_REPRESENTATION (  '', ( #502 ), #7754 ) ;
#7594 = ORIENTED_EDGE ( 'NONE', *, *, #5437, .T. ) ;
#7595 = FILL_AREA_STYLE_COLOUR ( '', #2890 ) ;
#7596 = VERTEX_POINT ( 'NONE', #7817 ) ;
#7597 = CARTESIAN_POINT ( 'NONE',  ( -0.2284999999999999809, -1.145000000000000018, 0.1000000000000004080 ) ) ;
#7598 = DIRECTION ( 'NONE',  ( 0.000000000000000000, 0.000000000000000000, -1.000000000000000000 ) ) ;
#7599 = APPLICATION_PROTOCOL_DEFINITION ( 'draft international standard', 'automotive_design', 1998, #4611 ) ;
#7600 = VECTOR ( 'NONE', #6741, 1000.000000000000000 ) ;
#7601 =( GEOMETRIC_REPRESENTATION_CONTEXT ( 3 ) GLOBAL_UNCERTAINTY_ASSIGNED_CONTEXT ( ( #7343 ) ) GLOBAL_UNIT_ASSIGNED_CONTEXT ( ( #4658, #7685, #4501 ) ) REPRESENTATION_CONTEXT ( 'NONE', 'WORKASPACE' ) );
#7602 = DIRECTION ( 'NONE',  ( 1.000000000000000000, 0.000000000000000000, -0.000000000000000000 ) ) ;
#7603 = UNCERTAINTY_MEASURE_WITH_UNIT (LENGTH_MEASURE( 1.000000000000000082E-05 ), #2467, 'distance_accuracy_value', 'NONE');
#7604 =( BOUNDED_CURVE ( )  B_SPLINE_CURVE ( 3, ( #2094, #9228, #9963, #3027 ),
 .UNSPECIFIED., .F., .T. ) 
 B_SPLINE_CURVE_WITH_KNOTS ( ( 4, 4 ),
 ( 2.358929794881169162, 3.924255512298423731 ),
 .UNSPECIFIED. ) 
 CURVE ( )  GEOMETRIC_REPRESENTATION_ITEM ( )  RATIONAL_B_SPLINE_CURVE ( ( 1.000000000000000000, 0.8060255240148187506, 0.8060255240148187506, 1.000000000000000000 ) ) 
 REPRESENTATION_ITEM ( '' )  );
#7605 = COLOUR_RGB ( '',0.8313725490196077761, 0.8313725490196077761, 0.8313725490196077761 ) ;
#7606 = AXIS2_PLACEMENT_3D ( 'NONE', #2988, #7630, #156 ) ;
#7607 = FACE_OUTER_BOUND ( 'NONE', #5591, .T. ) ;
#7608 = ORIENTED_EDGE ( 'NONE', *, *, #8715, .T. ) ;
#7609 = MECHANICAL_DESIGN_GEOMETRIC_PRESENTATION_REPRESENTATION (  '', ( #8109 ), #9236 ) ;
#7610 = CARTESIAN_POINT ( 'NONE',  ( 1.845189659078864786, 2.345189659078863897, 0.1278493596512551567 ) ) ;
#7611 =( NAMED_UNIT ( * ) SI_UNIT ( $, .STERADIAN. ) SOLID_ANGLE_UNIT ( ) );
#7612 = CARTESIAN_POINT ( 'NONE',  ( -2.311663692532070158, 0.3800000000000000044, 0.8377503468123129737 ) ) ;
#7613 = ORIENTED_EDGE ( 'NONE', *, *, #9796, .T. ) ;
#7614 = CIRCLE ( 'NONE', #9385, 0.08000000000000004330 ) ;
#7615 = SURFACE_STYLE_FILL_AREA ( #4531 ) ;
#7616 = CARTESIAN_POINT ( 'NONE',  ( -2.005945153285420446, -0.3800000000000000044, 0.7150000000000019673 ) ) ;
#7617 =( GEOMETRIC_REPRESENTATION_CONTEXT ( 3 ) GLOBAL_UNCERTAINTY_ASSIGNED_CONTEXT ( ( #777 ) ) GLOBAL_UNIT_ASSIGNED_CONTEXT ( ( #2829, #9731, #6656 ) ) REPRESENTATION_CONTEXT ( 'NONE', 'WORKASPACE' ) );
#7618 = COLOUR_RGB ( '',0.8313725490196077761, 0.8313725490196077761, 0.8313725490196077761 ) ;
#7619 = UNCERTAINTY_MEASURE_WITH_UNIT (LENGTH_MEASURE( 1.000000000000000082E-05 ), #9968, 'distance_accuracy_value', 'NONE');
#7620 = AXIS2_PLACEMENT_3D ( 'NONE', #6417, #7847, #7217 ) ;
#7621 = SURFACE_STYLE_FILL_AREA ( #2335 ) ;
#7622 = PRESENTATION_LAYER_ASSIGNMENT (  '', '', ( #7294 ) ) ;
#7623 = ORIENTED_EDGE ( 'NONE', *, *, #3600, .T. ) ;
#7624 = CIRCLE ( 'NONE', #5222, 0.07999999999999998779 ) ;
#7625 = DIRECTION ( 'NONE',  ( 0.000000000000000000, 1.000000000000000000, -0.000000000000000000 ) ) ;
#7626 = PRESENTATION_LAYER_ASSIGNMENT (  '', '', ( #1970 ) ) ;
#7627 = DIRECTION ( 'NONE',  ( -0.1537578504548349490, 0.8922426494788275875, 0.4245722292784951390 ) ) ;
#7628 = LINE ( 'NONE', #7720, #8767 ) ;
#7629 = MECHANICAL_DESIGN_GEOMETRIC_PRESENTATION_REPRESENTATION (  '', ( #4402 ), #4066 ) ;
#7630 = DIRECTION ( 'NONE',  ( 0.9964213197442519654, 0.000000000000000000, -0.08452546101100746889 ) ) ;
#7631 = ADVANCED_FACE ( 'NONE', ( #1052 ), #6494, .T. ) ;
#7632 = LINE ( 'NONE', #3041, #6137 ) ;
#7633 = CARTESIAN_POINT ( 'NONE',  ( 1.949999999999999956, 1.500999999999999890, 0.1000000000000000056 ) ) ;
#7634 = COLOUR_RGB ( '',0.8313725490196077761, 0.8313725490196077761, 0.8313725490196077761 ) ;
#7635 = ORIENTED_EDGE ( 'NONE', *, *, #2721, .T. ) ;
#7636 = VERTEX_POINT ( 'NONE', #9421 ) ;
#7637 = ORIENTED_EDGE ( 'NONE', *, *, #1336, .F. ) ;
#7638 = PRESENTATION_STYLE_ASSIGNMENT (( #6121 ) ) ;
#7639 = PLANE ( 'NONE',  #1470 ) ;
#7640 = CARTESIAN_POINT ( 'NONE',  ( 3.000000000000000000, -0.6350000000000000089, 0.2105127985970459970 ) ) ;
#7641 = AXIS2_PLACEMENT_3D ( 'NONE', #4113, #1057, #6444 ) ;
#7642 = DIRECTION ( 'NONE',  ( -0.000000000000000000, -0.000000000000000000, 1.000000000000000000 ) ) ;
#7643 = ADVANCED_FACE ( 'NONE', ( #6295 ), #4154, .F. ) ;
#7644 = VECTOR ( 'NONE', #2470, 1000.000000000000000 ) ;
#7645 = SURFACE_STYLE_USAGE ( .BOTH. , #3767 ) ;
#7646 = UNCERTAINTY_MEASURE_WITH_UNIT (LENGTH_MEASURE( 1.000000000000000082E-05 ), #5454, 'distance_accuracy_value', 'NONE');
#7647 = LINE ( 'NONE', #3885, #7980 ) ;
#7648 =( GEOMETRIC_REPRESENTATION_CONTEXT ( 3 ) GLOBAL_UNCERTAINTY_ASSIGNED_CONTEXT ( ( #1571 ) ) GLOBAL_UNIT_ASSIGNED_CONTEXT ( ( #8021, #4159, #8131 ) ) REPRESENTATION_CONTEXT ( 'NONE', 'WORKASPACE' ) );
#7649 = ORIENTED_EDGE ( 'NONE', *, *, #1256, .F. ) ;
#7650 =( NAMED_UNIT ( * ) PLANE_ANGLE_UNIT ( ) SI_UNIT ( $, .RADIAN. ) );
#7651 = PRESENTATION_LAYER_ASSIGNMENT (  '', '', ( #1995 ) ) ;
#7652 = EDGE_LOOP ( 'NONE', ( #6627, #816, #3406, #4603 ) ) ;
#7653 = LINE ( 'NONE', #2919, #4195 ) ;
#7654 = VERTEX_POINT ( 'NONE', #2822 ) ;
#7655 = CARTESIAN_POINT ( 'NONE',  ( 1.870000000000000107, 2.450000000000000178, 0.9250000000000010436 ) ) ;
#7656 = ADVANCED_FACE ( 'NONE', ( #9616 ), #4207, .T. ) ;
#7657 = SURFACE_STYLE_USAGE ( .BOTH. , #7544 ) ;
#7658 = CARTESIAN_POINT ( 'NONE',  ( -1.522146276314590763, 2.302292627064888908, 1.729451586038190491 ) ) ;
#7659 = PRESENTATION_LAYER_ASSIGNMENT (  '', '', ( #6523 ) ) ;
#7660 = VECTOR ( 'NONE', #5877, 1000.000000000000000 ) ;
#7661 = MANIFOLD_SOLID_BREP ( 'Wrap1', #1729 ) ;
#7662 = CARTESIAN_POINT ( 'NONE',  ( 1.387778780781450113E-16, 1.145000000000000018, 0.3000000000000009881 ) ) ;
#7663 = VECTOR ( 'NONE', #949, 1000.000000000000000 ) ;
#7664 = CARTESIAN_POINT ( 'NONE',  ( -2.005945153285420446, 0.8900000000000000133, 0.7150000000000019673 ) ) ;
#7665 = PRESENTATION_STYLE_ASSIGNMENT (( #4585 ) ) ;
#7666 = VERTEX_POINT ( 'NONE', #1934 ) ;
#7667 = FACE_OUTER_BOUND ( 'NONE', #579, .T. ) ;
#7668 = SURFACE_STYLE_FILL_AREA ( #7556 ) ;
#7669 = DIRECTION ( 'NONE',  ( 1.000000000000000000, 0.000000000000000000, 0.000000000000000000 ) ) ;
#7670 = ADVANCED_FACE ( 'NONE', ( #444 ), #6594, .F. ) ;
#7671 = DIRECTION ( 'NONE',  ( 2.975638632011122629E-17, -0.9945218953682735119, 0.1045284632676530545 ) ) ;
#7672 = PRESENTATION_STYLE_ASSIGNMENT (( #4591 ) ) ;
#7673 = DIRECTION ( 'NONE',  ( -0.000000000000000000, -0.000000000000000000, 1.000000000000000000 ) ) ;
#7674 = FILL_AREA_STYLE_COLOUR ( '', #2427 ) ;
#7675 = ORIENTED_EDGE ( 'NONE', *, *, #1465, .F. ) ;
#7676 = DIRECTION ( 'NONE',  ( -0.000000000000000000, 0.000000000000000000, 1.000000000000000000 ) ) ;
#7677 = CARTESIAN_POINT ( 'NONE',  ( 1.870000000000000107, -2.450000000000000178, 0.9250000000000010436 ) ) ;
#7678 = CARTESIAN_POINT ( 'NONE',  ( 2.353481300512969998, -1.649999999999999911, 0.3447869765509680717 ) ) ;
#7679 = DIRECTION ( 'NONE',  ( 0.000000000000000000, -1.000000000000000000, 0.000000000000000000 ) ) ;
#7680 = ORIENTED_EDGE ( 'NONE', *, *, #2818, .T. ) ;
#7681 = PRESENTATION_STYLE_ASSIGNMENT (( #9137 ) ) ;
#7682 = VERTEX_POINT ( 'NONE', #7597 ) ;
#7683 = EDGE_CURVE ( 'NONE', #2451, #5699, #7104, .T. ) ;
#7684 = ORIENTED_EDGE ( 'NONE', *, *, #5794, .F. ) ;
#7685 =( NAMED_UNIT ( * ) PLANE_ANGLE_UNIT ( ) SI_UNIT ( $, .RADIAN. ) );
#7686 = DIRECTION ( 'NONE',  ( 0.9975640502598241977, 0.000000000000000000, -0.06975647374412549673 ) ) ;
#7687 = FILL_AREA_STYLE ('',( #9199 ) ) ;
#7688 =( LENGTH_UNIT ( ) NAMED_UNIT ( * ) SI_UNIT ( .MILLI., .METRE. ) );
#7689 =( NAMED_UNIT ( * ) SI_UNIT ( $, .STERADIAN. ) SOLID_ANGLE_UNIT ( ) );
#7690 = MANIFOLD_SOLID_BREP ( 'Imported9', #6251 ) ;
#7691 = CARTESIAN_POINT ( 'NONE',  ( 1.044999999999999929, -1.044999999999999929, 0.3000000000000009881 ) ) ;
#7692 = UNCERTAINTY_MEASURE_WITH_UNIT (LENGTH_MEASURE( 1.000000000000000082E-05 ), #105, 'distance_accuracy_value', 'NONE');
#7693 = VERTEX_POINT ( 'NONE', #3781 ) ;
#7694 = ADVANCED_FACE ( 'NONE', ( #834 ), #9268, .T. ) ;
#7695 = STYLED_ITEM ( 'NONE', ( #7665 ), #2633 ) ;
#7696 = ORIENTED_EDGE ( 'NONE', *, *, #1152, .F. ) ;
#7697 = FILL_AREA_STYLE ('',( #7595 ) ) ;
#7698 = ORIENTED_EDGE ( 'NONE', *, *, #7765, .F. ) ;
#7699 = CARTESIAN_POINT ( 'NONE',  ( -0.1285000000000000031, 1.501000000000000112, 0.1000000000000010048 ) ) ;
#7700 = VECTOR ( 'NONE', #495, 1000.000000000000000 ) ;
#7701 = UNCERTAINTY_MEASURE_WITH_UNIT (LENGTH_MEASURE( 1.000000000000000082E-05 ), #8017, 'distance_accuracy_value', 'NONE');
#7702 = ADVANCED_FACE ( 'NONE', ( #1836 ), #3946, .T. ) ;
#7703 = ADVANCED_FACE ( 'NONE', ( #9507 ), #939, .F. ) ;
#7704 = CARTESIAN_POINT ( 'NONE',  ( -1.531201167776182315, 2.332084914963575173, 1.709943645333938944 ) ) ;
#7706 = VERTEX_POINT ( 'NONE', #4045 ) ;
#7705 = CIRCLE ( 'NONE', #6250, 0.08000000000000005718 ) ;
#7707 = DIRECTION ( 'NONE',  ( 0.000000000000000000, 0.000000000000000000, -1.000000000000000000 ) ) ;
#7708 = DIRECTION ( 'NONE',  ( -0.000000000000000000, -1.000000000000000000, -0.000000000000000000 ) ) ;
#7709 = EDGE_LOOP ( 'NONE', ( #2639, #4655, #366, #5795 ) ) ;
#7710 =( LENGTH_UNIT ( ) NAMED_UNIT ( * ) SI_UNIT ( .MILLI., .METRE. ) );
#7711 = LINE ( 'NONE', #3849, #8868 ) ;
#7712 = UNCERTAINTY_MEASURE_WITH_UNIT (LENGTH_MEASURE( 1.000000000000000082E-05 ), #2212, 'distance_accuracy_value', 'NONE');
#7713 = COLOUR_RGB ( '',0.8313725490196077761, 0.8313725490196077761, 0.8313725490196077761 ) ;
#7714 =( GEOMETRIC_REPRESENTATION_CONTEXT ( 3 ) GLOBAL_UNCERTAINTY_ASSIGNED_CONTEXT ( ( #1452 ) ) GLOBAL_UNIT_ASSIGNED_CONTEXT ( ( #3798, #8483, #7768 ) ) REPRESENTATION_CONTEXT ( 'NONE', 'WORKASPACE' ) );
#7715 =( NAMED_UNIT ( * ) SI_UNIT ( $, .STERADIAN. ) SOLID_ANGLE_UNIT ( ) );
#7716 = PRESENTATION_STYLE_ASSIGNMENT (( #5525 ) ) ;
#7717 = ORIENTED_EDGE ( 'NONE', *, *, #3415, .F. ) ;
#7718 = MANIFOLD_SOLID_BREP ( 'Imported4', #8355 ) ;
#7719 = STYLED_ITEM ( 'NONE', ( #5213 ), #909 ) ;
#7720 = CARTESIAN_POINT ( 'NONE',  ( -3.000000000000000000, -0.8900000000000000133, 0.7114753820237430526 ) ) ;
#7721 = SURFACE_STYLE_USAGE ( .BOTH. , #6962 ) ;
#7722 = FILL_AREA_STYLE_COLOUR ( '', #7915 ) ;
#7723 = CARTESIAN_POINT ( 'NONE',  ( -2.311663692532074599, 2.160000000000000142, 0.8377503468123129737 ) ) ;
#7724 = MECHANICAL_DESIGN_GEOMETRIC_PRESENTATION_REPRESENTATION (  '', ( #160 ), #3338 ) ;
#7725 =( NAMED_UNIT ( * ) PLANE_ANGLE_UNIT ( ) SI_UNIT ( $, .RADIAN. ) );
#7726 = VERTEX_POINT ( 'NONE', #6685 ) ;
#7727 = AXIS2_PLACEMENT_3D ( 'NONE', #7050, #3242, #2330 ) ;
#7728 = LINE ( 'NONE', #814, #6361 ) ;
#7729 = VERTEX_POINT ( 'NONE', #8059 ) ;
#7730 = ORIENTED_EDGE ( 'NONE', *, *, #7151, .T. ) ;
#7731 = ORIENTED_EDGE ( 'NONE', *, *, #9260, .F. ) ;
#7732 = FILL_AREA_STYLE_COLOUR ( '', #9379 ) ;
#7733 = SURFACE_SIDE_STYLE ('',( #819 ) ) ;
#7734 = ORIENTED_EDGE ( 'NONE', *, *, #8399, .T. ) ;
#7735 = CARTESIAN_POINT ( 'NONE',  ( 0.1285000000000000031, 1.501000000000000112, 0.3000000000000009881 ) ) ;
#7736 = AXIS2_PLACEMENT_3D ( 'NONE', #6384, #7751, #130 ) ;
#7737 =( NAMED_UNIT ( * ) PLANE_ANGLE_UNIT ( ) SI_UNIT ( $, .RADIAN. ) );
#7738 = DIRECTION ( 'NONE',  ( 0.000000000000000000, -1.000000000000000000, 0.000000000000000000 ) ) ;
#7739 = DIRECTION ( 'NONE',  ( 0.000000000000000000, 0.000000000000000000, -1.000000000000000000 ) ) ;
#7740 = UNCERTAINTY_MEASURE_WITH_UNIT (LENGTH_MEASURE( 1.000000000000000082E-05 ), #6148, 'distance_accuracy_value', 'NONE');
#7741 = DIRECTION ( 'NONE',  ( 0.000000000000000000, 1.000000000000000000, 0.000000000000000000 ) ) ;
#7742 = CIRCLE ( 'NONE', #4680, 0.1050000000000000655 ) ;
#7743 = SURFACE_STYLE_USAGE ( .BOTH. , #178 ) ;
#7744 = ORIENTED_EDGE ( 'NONE', *, *, #6355, .T. ) ;
#7745 = DIRECTION ( 'NONE',  ( 0.000000000000000000, 0.000000000000000000, 1.000000000000000000 ) ) ;
#7746 = PRESENTATION_LAYER_ASSIGNMENT (  '', '', ( #3194 ) ) ;
#7747 = ORIENTED_EDGE ( 'NONE', *, *, #6715, .F. ) ;
#7748 = ORIENTED_EDGE ( 'NONE', *, *, #9808, .F. ) ;
#7749 = DIRECTION ( 'NONE',  ( 0.06975647374412553836, 0.000000000000000000, -0.9975640502598243087 ) ) ;
#7750 = VECTOR ( 'NONE', #8371, 1000.000000000000000 ) ;
#7751 = DIRECTION ( 'NONE',  ( -0.000000000000000000, 1.000000000000000000, -0.000000000000000000 ) ) ;
#7752 = CARTESIAN_POINT ( 'NONE',  ( 2.376389666031580195, -0.6350000000000000089, 0.07473362777057840356 ) ) ;
#7753 = EDGE_CURVE ( 'NONE', #1111, #2066, #7141, .T. ) ;
#7754 =( GEOMETRIC_REPRESENTATION_CONTEXT ( 3 ) GLOBAL_UNCERTAINTY_ASSIGNED_CONTEXT ( ( #1095 ) ) GLOBAL_UNIT_ASSIGNED_CONTEXT ( ( #4730, #4949, #8720 ) ) REPRESENTATION_CONTEXT ( 'NONE', 'WORKASPACE' ) );
#7755 =( LENGTH_UNIT ( ) NAMED_UNIT ( * ) SI_UNIT ( .MILLI., .METRE. ) );
#7756 = ORIENTED_EDGE ( 'NONE', *, *, #4547, .F. ) ;
#7757 = CARTESIAN_POINT ( 'NONE',  ( -1.468615827805881180, 2.302292627064887576, 1.669999999999998153 ) ) ;
#7758 = STYLED_ITEM ( 'NONE', ( #1884 ), #5864 ) ;
#7759 = CARTESIAN_POINT ( 'NONE',  ( -1.912162475304360232, 0.000000000000000000, 0.4600000000000010192 ) ) ;
#7760 =( NAMED_UNIT ( * ) PLANE_ANGLE_UNIT ( ) SI_UNIT ( $, .RADIAN. ) );
#7761 = COLOUR_RGB ( '',0.8313725490196077761, 0.8313725490196077761, 0.8313725490196077761 ) ;
#7762 = SURFACE_STYLE_USAGE ( .BOTH. , #49 ) ;
#7763 = CYLINDRICAL_SURFACE ( 'NONE', #2923, 0.07999999999999998779 ) ;
#7764 = AXIS2_PLACEMENT_3D ( 'NONE', #6383, #5606, #8783 ) ;
#7765 = EDGE_CURVE ( 'NONE', #59, #283, #2405, .T. ) ;
#7766 = CARTESIAN_POINT ( 'NONE',  ( -1.881854378694352015, -2.302292627064890684, 0.1716377229385887826 ) ) ;
#7767 = FILL_AREA_STYLE ('',( #2380 ) ) ;
#7768 =( NAMED_UNIT ( * ) SI_UNIT ( $, .STERADIAN. ) SOLID_ANGLE_UNIT ( ) );
#7769 = VECTOR ( 'NONE', #149, 1000.000000000000000 ) ;
#7770 = FACE_OUTER_BOUND ( 'NONE', #9465, .T. ) ;
#7771 = STYLED_ITEM ( 'NONE', ( #6245 ), #3837 ) ;
#7772 = ORIENTED_EDGE ( 'NONE', *, *, #5584, .F. ) ;
#7773 = LINE ( 'NONE', #9478, #7301 ) ;
#7774 = FILL_AREA_STYLE_COLOUR ( '', #7913 ) ;
#7775 = PRESENTATION_STYLE_ASSIGNMENT (( #8542 ) ) ;
#7776 = FACE_OUTER_BOUND ( 'NONE', #3575, .T. ) ;
#7777 = ADVANCED_FACE ( 'NONE', ( #8114 ), #9707, .T. ) ;
#7778 = CARTESIAN_POINT ( 'NONE',  ( 2.450781109342988540, 1.649999999999999911, 0.2489179246798423339 ) ) ;
#7779 = EDGE_CURVE ( 'NONE', #9443, #421, #670, .T. ) ;
#7780 = CARTESIAN_POINT ( 'NONE',  ( -1.189405335455050228, -0.3799999999999999489, 0.8200000000000009504 ) ) ;
#7781 = ORIENTED_EDGE ( 'NONE', *, *, #4608, .T. ) ;
#7782 = ORIENTED_EDGE ( 'NONE', *, *, #363, .T. ) ;
#7783 = DIRECTION ( 'NONE',  ( 6.608470384673550038E-16, 0.000000000000000000, -1.000000000000000000 ) ) ;
#7784 = SURFACE_SIDE_STYLE ('',( #6070 ) ) ;
#7785 = VERTEX_POINT ( 'NONE', #6535 ) ;
#7786 = PRESENTATION_LAYER_ASSIGNMENT (  '', '', ( #4565 ) ) ;
#7787 = VECTOR ( 'NONE', #7414, 1000.000000000000000 ) ;
#7788 = VERTEX_POINT ( 'NONE', #8207 ) ;
#7789 = DIRECTION ( 'NONE',  ( 0.000000000000000000, -1.000000000000000000, 0.000000000000000000 ) ) ;
#7790 = DIRECTION ( 'NONE',  ( 0.000000000000000000, 0.000000000000000000, 1.000000000000000000 ) ) ;
#7791 = SURFACE_STYLE_FILL_AREA ( #3268 ) ;
#7792 = SURFACE_STYLE_FILL_AREA ( #6920 ) ;
#7793 = VERTEX_POINT ( 'NONE', #9608 ) ;
#7794 = DIRECTION ( 'NONE',  ( -0.000000000000000000, -1.000000000000000000, -0.000000000000000000 ) ) ;
#7795 =( NAMED_UNIT ( * ) PLANE_ANGLE_UNIT ( ) SI_UNIT ( $, .RADIAN. ) );
#7796 = FACE_OUTER_BOUND ( 'NONE', #4142, .T. ) ;
#7797 =( GEOMETRIC_REPRESENTATION_CONTEXT ( 3 ) GLOBAL_UNCERTAINTY_ASSIGNED_CONTEXT ( ( #679 ) ) GLOBAL_UNIT_ASSIGNED_CONTEXT ( ( #6368, #9539, #6516 ) ) REPRESENTATION_CONTEXT ( 'NONE', 'WORKASPACE' ) );
#7798 = CIRCLE ( 'NONE', #9405, 0.08000000000000005718 ) ;
#7799 = CARTESIAN_POINT ( 'NONE',  ( 0.2285000000000000364, 1.401000000000000023, 0.1000000000000006717 ) ) ;
#7800 = DIRECTION ( 'NONE',  ( 0.000000000000000000, 1.000000000000000000, -0.000000000000000000 ) ) ;
#7801 = VECTOR ( 'NONE', #151, 1000.000000000000227 ) ;
#7802 = UNCERTAINTY_MEASURE_WITH_UNIT (LENGTH_MEASURE( 1.000000000000000082E-05 ), #913, 'distance_accuracy_value', 'NONE');
#7803 = CARTESIAN_POINT ( 'NONE',  ( -2.110569391858569954, 0.8900000000000000133, 0.7238751734061580345 ) ) ;
#7804 = VERTEX_POINT ( 'NONE', #5801 ) ;
#7805 = VECTOR ( 'NONE', #4213, 1000.000000000000000 ) ;
#7806 = VERTEX_POINT ( 'NONE', #1924 ) ;
#7807 = DIRECTION ( 'NONE',  ( 0.000000000000000000, 1.000000000000000000, 0.000000000000000000 ) ) ;
#7808 = VECTOR ( 'NONE', #6714, 1000.000000000000000 ) ;
#7809 = SURFACE_STYLE_USAGE ( .BOTH. , #8008 ) ;
#7810 = DIRECTION ( 'NONE',  ( 0.000000000000000000, 0.000000000000000000, 1.000000000000000000 ) ) ;
#7811 = DIRECTION ( 'NONE',  ( -0.9964213197442519654, 0.000000000000000000, -0.08452546101100759379 ) ) ;
#7812 =( NAMED_UNIT ( * ) SI_UNIT ( $, .STERADIAN. ) SOLID_ANGLE_UNIT ( ) );
#7813 = UNCERTAINTY_MEASURE_WITH_UNIT (LENGTH_MEASURE( 1.000000000000000082E-05 ), #1880, 'distance_accuracy_value', 'NONE');
#7814 = LINE ( 'NONE', #2578, #9906 ) ;
#7815 = ADVANCED_FACE ( 'NONE', ( #5038 ), #4255, .F. ) ;
#7816 = ORIENTED_EDGE ( 'NONE', *, *, #790, .T. ) ;
#7817 = CARTESIAN_POINT ( 'NONE',  ( -2.450781109342988096, -0.8900000000000000133, 0.2489179246798427503 ) ) ;
#7818 = CARTESIAN_POINT ( 'NONE',  ( -0.2285000000000000642, 1.145000000000000018, 0.3000000000000009881 ) ) ;
#7819 =( NAMED_UNIT ( * ) SI_UNIT ( $, .STERADIAN. ) SOLID_ANGLE_UNIT ( ) );
#7820 = COLOUR_RGB ( '',0.8313725490196077761, 0.8313725490196077761, 0.8313725490196077761 ) ;
#7821 = CARTESIAN_POINT ( 'NONE',  ( 0.2285000000000000364, -1.401000000000000023, 0.3000000000000009881 ) ) ;
#7822 = ORIENTED_EDGE ( 'NONE', *, *, #2169, .T. ) ;
#7823 = CARTESIAN_POINT ( 'NONE',  ( 1.928793852439659950, -0.3800000000000000044, 0.7114753820237430526 ) ) ;
#7824 = DIRECTION ( 'NONE',  ( 1.000000000000000000, 0.000000000000000000, 0.000000000000000000 ) ) ;
#7825 = UNCERTAINTY_MEASURE_WITH_UNIT (LENGTH_MEASURE( 1.000000000000000082E-05 ), #1426, 'distance_accuracy_value', 'NONE');
#7826 = FACE_OUTER_BOUND ( 'NONE', #9505, .T. ) ;
#7827 = SURFACE_STYLE_FILL_AREA ( #201 ) ;
#7828 = COLOUR_RGB ( '',0.8313725490196077761, 0.8313725490196077761, 0.8313725490196077761 ) ;
#7829 = SURFACE_SIDE_STYLE ('',( #8804 ) ) ;
#7830 =( GEOMETRIC_REPRESENTATION_CONTEXT ( 3 ) GLOBAL_UNCERTAINTY_ASSIGNED_CONTEXT ( ( #5242 ) ) GLOBAL_UNIT_ASSIGNED_CONTEXT ( ( #7102, #2687, #2038 ) ) REPRESENTATION_CONTEXT ( 'NONE', 'WORKASPACE' ) );
#7831 = CARTESIAN_POINT ( 'NONE',  ( 1.801300639614435095, -2.338986644132698967, 1.745608531985409995 ) ) ;
#7832 = EDGE_CURVE ( 'NONE', #4998, #7785, #7581, .T. ) ;
#7833 = ORIENTED_EDGE ( 'NONE', *, *, #6828, .T. ) ;
#7834 = CARTESIAN_POINT ( 'NONE',  ( 2.110569391858573063, 1.649999999999999911, 0.7238751734061582566 ) ) ;
#7835 = CYLINDRICAL_SURFACE ( 'NONE', #4687, 0.08000000000000005718 ) ;
#7836 =( LENGTH_UNIT ( ) NAMED_UNIT ( * ) SI_UNIT ( .MILLI., .METRE. ) );
#7837 = CARTESIAN_POINT ( 'NONE',  ( 1.044999999999999929, -1.044999999999999929, 0.3000000000000009881 ) ) ;
#7838 = CARTESIAN_POINT ( 'NONE',  ( 1.145000000000000018, 0.000000000000000000, 0.1000000000000008105 ) ) ;
#7839 = DIRECTION ( 'NONE',  ( 1.000000000000000000, -0.000000000000000000, -3.040008243693350015E-16 ) ) ;
#7840 = ORIENTED_EDGE ( 'NONE', *, *, #4155, .F. ) ;
#7841 = DIRECTION ( 'NONE',  ( 1.000000000000000000, 0.000000000000000000, 0.000000000000000000 ) ) ;
#7842 =( NAMED_UNIT ( * ) PLANE_ANGLE_UNIT ( ) SI_UNIT ( $, .RADIAN. ) );
#7843 = VERTEX_POINT ( 'NONE', #9142 ) ;
#7844 = ADVANCED_FACE ( 'NONE', ( #6122 ), #7639, .T. ) ;
#7845 = ORIENTED_EDGE ( 'NONE', *, *, #5316, .F. ) ;
#7846 =( NAMED_UNIT ( * ) PLANE_ANGLE_UNIT ( ) SI_UNIT ( $, .RADIAN. ) );
#7847 = DIRECTION ( 'NONE',  ( -1.000000000000000000, 0.000000000000000000, 0.000000000000000000 ) ) ;
#7848 =( NAMED_UNIT ( * ) SI_UNIT ( $, .STERADIAN. ) SOLID_ANGLE_UNIT ( ) );
#7849 = ORIENTED_EDGE ( 'NONE', *, *, #4642, .T. ) ;
#7850 = FACE_OUTER_BOUND ( 'NONE', #2206, .T. ) ;
#7851 = SURFACE_SIDE_STYLE ('',( #8665 ) ) ;
#7852 = UNCERTAINTY_MEASURE_WITH_UNIT (LENGTH_MEASURE( 1.000000000000000082E-05 ), #4679, 'distance_accuracy_value', 'NONE');
#7853 = DIRECTION ( 'NONE',  ( 0.000000000000000000, 0.000000000000000000, -1.000000000000000000 ) ) ;
#7854 = CARTESIAN_POINT ( 'NONE',  ( -1.916803581098483145, -2.344400359577539561, 1.343020005889896673 ) ) ;
#7855 = DIRECTION ( 'NONE',  ( 0.000000000000000000, 1.000000000000000000, 0.000000000000000000 ) ) ;
#7856 = ORIENTED_EDGE ( 'NONE', *, *, #8986, .T. ) ;
#7857 = ORIENTED_EDGE ( 'NONE', *, *, #5722, .F. ) ;
#7858 = CYLINDRICAL_SURFACE ( 'NONE', #8273, 0.2100000000000000200 ) ;
#7859 = PLANE ( 'NONE',  #8408 ) ;
#7860 = SURFACE_STYLE_FILL_AREA ( #35 ) ;
#7861 =( NAMED_UNIT ( * ) SI_UNIT ( $, .STERADIAN. ) SOLID_ANGLE_UNIT ( ) );
#7862 = ORIENTED_EDGE ( 'NONE', *, *, #1636, .T. ) ;
#7863 = DIRECTION ( 'NONE',  ( -3.040008243693350015E-16, 0.000000000000000000, -1.000000000000000000 ) ) ;
#7864 = FILL_AREA_STYLE_COLOUR ( '', #1753 ) ;
#7865 = SURFACE_STYLE_USAGE ( .BOTH. , #754 ) ;
#7866 = VERTEX_POINT ( 'NONE', #5434 ) ;
#7867 = LINE ( 'NONE', #9370, #8795 ) ;
#7868 = DIRECTION ( 'NONE',  ( 1.000000000000000000, 0.000000000000000000, 0.000000000000000000 ) ) ;
#7869 = EDGE_CURVE ( 'NONE', #4829, #583, #2165, .T. ) ;
#7870 = DIRECTION ( 'NONE',  ( 0.000000000000000000, 0.000000000000000000, -1.000000000000000000 ) ) ;
#7871 = PRESENTATION_LAYER_ASSIGNMENT (  '', '', ( #3325 ) ) ;
#7872 = AXIS2_PLACEMENT_3D ( 'NONE', #4172, #5066, #1022 ) ;
#7873 = DIRECTION ( 'NONE',  ( 0.9964213197442519654, 0.000000000000000000, 0.08452546101100746889 ) ) ;
#7874 = ORIENTED_EDGE ( 'NONE', *, *, #1234, .T. ) ;
#7875 = CARTESIAN_POINT ( 'NONE',  ( -1.949999403068538584, -2.370218527253806329, 1.030005679423485088 ) ) ;
#7876 = DIRECTION ( 'NONE',  ( -0.5362129001746755996, 0.5362129001746837043, -0.6518830043593084600 ) ) ;
#7877 = CARTESIAN_POINT ( 'NONE',  ( 0.1285000000000000031, -1.401000000000000023, 0.3000000000000009881 ) ) ;
#7878 = VECTOR ( 'NONE', #6474, 1000.000000000000000 ) ;
#7879 = CARTESIAN_POINT ( 'NONE',  ( -0.2285000000000000364, -1.401000000000000023, 0.1000000000000010048 ) ) ;
#7880 = STYLED_ITEM ( 'NONE', ( #3745 ), #413 ) ;
#7881 = CARTESIAN_POINT ( 'NONE',  ( -1.949999403068539028, -2.370218527253807217, 0.8199943205765136689 ) ) ;
#7882 = EDGE_CURVE ( 'NONE', #2704, #7903, #8906, .T. ) ;
#7883 = ORIENTED_EDGE ( 'NONE', *, *, #288, .F. ) ;
#7884 = SURFACE_STYLE_USAGE ( .BOTH. , #7174 ) ;
#7885 = DIRECTION ( 'NONE',  ( -0.000000000000000000, -1.000000000000000000, 0.000000000000000000 ) ) ;
#7886 = ORIENTED_EDGE ( 'NONE', *, *, #1562, .T. ) ;
#7887 = COLOUR_RGB ( '',0.7921568627450980005, 0.8196078431372548767, 0.9333333333333333481 ) ;
#7888 = EDGE_LOOP ( 'NONE', ( #3104, #3710, #3592, #5180, #2363, #9134, #3476, #9776, #1149, #6492, #3826, #3643 ) ) ;
#7889 = CYLINDRICAL_SURFACE ( 'NONE', #3923, 0.2100000000000000477 ) ;
#7890 = SURFACE_SIDE_STYLE ('',( #7939 ) ) ;
#7891 = AXIS2_PLACEMENT_3D ( 'NONE', #9919, #4441, #3647 ) ;
#7892 = DIRECTION ( 'NONE',  ( 0.000000000000000000, 0.000000000000000000, -1.000000000000000000 ) ) ;
#7893 = VERTEX_POINT ( 'NONE', #3311 ) ;
#7894 =( LENGTH_UNIT ( ) NAMED_UNIT ( * ) SI_UNIT ( .MILLI., .METRE. ) );
#7895 = DIRECTION ( 'NONE',  ( 0.08452546101100089082, 0.000000000000000000, -0.9964213197442524095 ) ) ;
#7896 = EDGE_CURVE ( 'NONE', #5885, #1203, #4913, .T. ) ;
#7897 = MECHANICAL_DESIGN_GEOMETRIC_PRESENTATION_REPRESENTATION (  '', ( #8066 ), #479 ) ;
#7898 = EDGE_CURVE ( 'NONE', #5403, #3676, #2402, .T. ) ;
#7899 = SURFACE_STYLE_USAGE ( .BOTH. , #3940 ) ;
#7900 = FILL_AREA_STYLE ('',( #1919 ) ) ;
#7901 = UNCERTAINTY_MEASURE_WITH_UNIT (LENGTH_MEASURE( 1.000000000000000082E-05 ), #8188, 'distance_accuracy_value', 'NONE');
#7902 = MECHANICAL_DESIGN_GEOMETRIC_PRESENTATION_REPRESENTATION (  '', ( #2375 ), #6435 ) ;
#7903 = VERTEX_POINT ( 'NONE', #1615 ) ;
#7904 = ORIENTED_EDGE ( 'NONE', *, *, #7208, .T. ) ;
#7905 = FILL_AREA_STYLE_COLOUR ( '', #2738 ) ;
#7906 = STYLED_ITEM ( 'NONE', ( #1093 ), #1295 ) ;
#7907 = SURFACE_STYLE_USAGE ( .BOTH. , #4831 ) ;
#7908 = PRESENTATION_LAYER_ASSIGNMENT (  '', '', ( #5168 ) ) ;
#7909 = SURFACE_STYLE_USAGE ( .BOTH. , #8673 ) ;
#7910 = EDGE_CURVE ( 'NONE', #6645, #9315, #2736, .T. ) ;
#7911 = ADVANCED_FACE ( 'NONE', ( #4818, #2556 ), #170, .T. ) ;
#7912 = AXIS2_PLACEMENT_3D ( 'NONE', #8454, #4660, #6921 ) ;
#7913 = COLOUR_RGB ( '',0.2862745098039215508, 0.2862745098039215508, 0.2862745098039215508 ) ;
#7914 = CARTESIAN_POINT ( 'NONE',  ( -1.778333972310207400, -2.327900865654994433, 0.1080958903910350932 ) ) ;
#7915 = COLOUR_RGB ( '',0.8313725490196077761, 0.8313725490196077761, 0.8313725490196077761 ) ;
#7916 = ORIENTED_EDGE ( 'NONE', *, *, #9868, .T. ) ;
#7917 = FACE_OUTER_BOUND ( 'NONE', #2236, .T. ) ;
#7918 = DIRECTION ( 'NONE',  ( 0.1039620511844980000, 0.1039620511844980000, 0.9891328443778539814 ) ) ;
#7919 = AXIS2_PLACEMENT_3D ( 'NONE', #3184, #6246, #3795 ) ;
#7920 = STYLED_ITEM ( 'NONE', ( #237 ), #7718 ) ;
#7921 = DIRECTION ( 'NONE',  ( 1.000000000000000000, 0.000000000000000000, 6.608470384673550038E-16 ) ) ;
#7922 = PLANE ( 'NONE',  #2789 ) ;
#7923 = ORIENTED_EDGE ( 'NONE', *, *, #7575, .T. ) ;
#7924 = CARTESIAN_POINT ( 'NONE',  ( 1.189405335455050006, 1.649999999999999689, 1.030000000000000027 ) ) ;
#7925 = DIRECTION ( 'NONE',  ( 1.000000000000000000, 0.000000000000000000, 3.040008243693350015E-16 ) ) ;
#7926 = PRESENTATION_STYLE_ASSIGNMENT (( #63 ) ) ;
#7927 =( NAMED_UNIT ( * ) PLANE_ANGLE_UNIT ( ) SI_UNIT ( $, .RADIAN. ) );
#7928 = CARTESIAN_POINT ( 'NONE',  ( -2.005945153285420446, -0.3800000000000000044, 0.8200000000000011724 ) ) ;
#7929 = CARTESIAN_POINT ( 'NONE',  ( -1.044999999999999929, 1.145000000000000018, 0.1000000000000010048 ) ) ;
#7930 = CARTESIAN_POINT ( 'NONE',  ( -2.110569391858566846, 1.905000000000000027, 0.7238751734061577015 ) ) ;
#7931 = ORIENTED_EDGE ( 'NONE', *, *, #3530, .T. ) ;
#7932 = MECHANICAL_DESIGN_GEOMETRIC_PRESENTATION_REPRESENTATION (  '', ( #6795 ), #2099 ) ;
#7933 = PRESENTATION_STYLE_ASSIGNMENT (( #4175 ) ) ;
#7934 =( BOUNDED_SURFACE ( )  B_SPLINE_SURFACE ( 3, 3, ( 
 ( #1044, #1782, #3324, #3374 ),
 ( #2631, #8116, #8831, #8060 ),
 ( #8172, #389, #9459, #4196 ),
 ( #4101, #8916, #5702, #6486 ) ),
 .UNSPECIFIED., .F., .F., .T. ) 
 B_SPLINE_SURFACE_WITH_KNOTS ( ( 4, 4 ),
 ( 4, 4 ),
 ( 0.000000000000000000, 1.000000000000000000 ),
 ( 0.000000000000000000, 1.000000000000000000 ),
 .UNSPECIFIED. ) 
 GEOMETRIC_REPRESENTATION_ITEM ( )  RATIONAL_B_SPLINE_SURFACE ( (
 ( 1.000000000000000000, 0.3333333333333337034, 0.3333333333333337034, 1.000000000000000000),
 ( 0.9290532412555501107, 0.3096844137518504070, 0.3096844137518504070, 0.9290532412555501107),
 ( 0.9290532412555501107, 0.3096844137518504070, 0.3096844137518504070, 0.9290532412555501107),
 ( 1.000000000000000000, 0.3333333333333337034, 0.3333333333333337034, 1.000000000000000000) ) ) 
 REPRESENTATION_ITEM ( '' )  SURFACE ( )  );
#7935 = EDGE_LOOP ( 'NONE', ( #5085, #4527, #6491, #9812 ) ) ;
#7936 = CIRCLE ( 'NONE', #9219, 0.07999999999999984901 ) ;
#7937 = DIRECTION ( 'NONE',  ( 0.000000000000000000, 0.000000000000000000, -1.000000000000000000 ) ) ;
#7938 = ORIENTED_EDGE ( 'NONE', *, *, #8399, .F. ) ;
#7939 = SURFACE_STYLE_FILL_AREA ( #3977 ) ;
#7940 = ADVANCED_FACE ( 'NONE', ( #223 ), #7180, .T. ) ;
#7941 =( GEOMETRIC_REPRESENTATION_CONTEXT ( 3 ) GLOBAL_UNCERTAINTY_ASSIGNED_CONTEXT ( ( #5396 ) ) GLOBAL_UNIT_ASSIGNED_CONTEXT ( ( #2213, #6978, #2907 ) ) REPRESENTATION_CONTEXT ( 'NONE', 'WORKASPACE' ) );
#7942 = SURFACE_SIDE_STYLE ('',( #7791 ) ) ;
#7943 =( LENGTH_UNIT ( ) NAMED_UNIT ( * ) SI_UNIT ( .MILLI., .METRE. ) );
#7944 = ORIENTED_EDGE ( 'NONE', *, *, #2836, .T. ) ;
#7945 = CARTESIAN_POINT ( 'NONE',  ( -1.847535415049511798, 2.388693427578347794, 0.1655633456324104857 ) ) ;
#7946 =( NAMED_UNIT ( * ) SI_UNIT ( $, .STERADIAN. ) SOLID_ANGLE_UNIT ( ) );
#7947 = CARTESIAN_POINT ( 'NONE',  ( -1.189405335455050006, -0.6350000000000000089, 1.030000000000000027 ) ) ;
#7948 = MECHANICAL_DESIGN_GEOMETRIC_PRESENTATION_REPRESENTATION (  '', ( #9382 ), #5558 ) ;
#7949 = COLOUR_RGB ( '',0.8313725490196077761, 0.8313725490196077761, 0.8313725490196077761 ) ;
#7950 = FACE_OUTER_BOUND ( 'NONE', #6118, .T. ) ;
#7951 = VECTOR ( 'NONE', #1387, 1000.000000000000000 ) ;
#7952 = VECTOR ( 'NONE', #2197, 1000.000000000000000 ) ;
#7953 = ORIENTED_EDGE ( 'NONE', *, *, #4044, .F. ) ;
#7954 = ADVANCED_FACE ( 'NONE', ( #8552 ), #1769, .F. ) ;
#7955 = MECHANICAL_DESIGN_GEOMETRIC_PRESENTATION_REPRESENTATION (  '', ( #8125 ), #7144 ) ;
#7956 = DIRECTION ( 'NONE',  ( -0.000000000000000000, 1.000000000000000000, -0.000000000000000000 ) ) ;
#7957 = AXIS2_PLACEMENT_3D ( 'NONE', #6010, #5304, #8379 ) ;
#7958 = DIRECTION ( 'NONE',  ( 0.000000000000000000, -0.000000000000000000, 1.000000000000000000 ) ) ;
#7959 = DIRECTION ( 'NONE',  ( 0.000000000000000000, 1.626303258728256967E-14, -1.000000000000000000 ) ) ;
#7960 = MECHANICAL_DESIGN_GEOMETRIC_PRESENTATION_REPRESENTATION (  '', ( #5400 ), #7648 ) ;
#7961 = EDGE_LOOP ( 'NONE', ( #3687, #3743, #416, #1462 ) ) ;
#7962 = CARTESIAN_POINT ( 'NONE',  ( -2.450781109342989872, -0.8900000000000000133, 0.2489179246798429723 ) ) ;
#7963 = PRESENTATION_LAYER_ASSIGNMENT (  '', '', ( #3584 ) ) ;
#7964 = SURFACE_STYLE_USAGE ( .BOTH. , #4997 ) ;
#7965 = ADVANCED_FACE ( 'NONE', ( #8196 ), #1258, .T. ) ;
#7966 = EDGE_LOOP ( 'NONE', ( #8336, #8497, #4704, #6912 ) ) ;
#7967 = ADVANCED_FACE ( 'NONE', ( #3358 ), #8820, .F. ) ;
#7968 =( NAMED_UNIT ( * ) SI_UNIT ( $, .STERADIAN. ) SOLID_ANGLE_UNIT ( ) );
#7969 = DIRECTION ( 'NONE',  ( 0.000000000000000000, 0.000000000000000000, 1.000000000000000000 ) ) ;
#7970 = DIRECTION ( 'NONE',  ( -0.000000000000000000, 1.000000000000000000, -0.000000000000000000 ) ) ;
#7971 = PRESENTATION_LAYER_ASSIGNMENT (  '', '', ( #9740 ) ) ;
#7972 = FILL_AREA_STYLE_COLOUR ( '', #2065 ) ;
#7973 = CARTESIAN_POINT ( 'NONE',  ( -1.928793852439659950, -0.8900000000000000133, 0.8200000000000019496 ) ) ;
#7974 = STYLED_ITEM ( 'NONE', ( #2382 ), #4944 ) ;
#7975 = CARTESIAN_POINT ( 'NONE',  ( 1.044999999999999929, 1.044999999999999929, 0.3000000000000009881 ) ) ;
#7976 = CARTESIAN_POINT ( 'NONE',  ( -2.102415215385780023, 0.8900000000000000133, 1.030000000000000027 ) ) ;
#7977 = DIRECTION ( 'NONE',  ( 0.000000000000000000, 0.000000000000000000, -1.000000000000000000 ) ) ;
#7978 =( NAMED_UNIT ( * ) SI_UNIT ( $, .STERADIAN. ) SOLID_ANGLE_UNIT ( ) );
#7979 = EDGE_LOOP ( 'NONE', ( #2516, #8549, #829, #5081 ) ) ;
#7980 = VECTOR ( 'NONE', #6186, 1000.000000000000000 ) ;
#7981 = EDGE_CURVE ( 'NONE', #361, #7793, #5925, .T. ) ;
#7982 = CARTESIAN_POINT ( 'NONE',  ( 3.000000000000000000, -0.3800000000000000044, 0.2105127985970459692 ) ) ;
#7983 = FACE_OUTER_BOUND ( 'NONE', #2255, .T. ) ;
#7984 = FILL_AREA_STYLE_COLOUR ( '', #9396 ) ;
#7985 = CARTESIAN_POINT ( 'NONE',  ( -2.102415215385780023, 1.905000000000000027, 0.8200000000000019496 ) ) ;
#7986 = DIRECTION ( 'NONE',  ( 1.000000000000000000, -0.000000000000000000, -1.779203565104420086E-16 ) ) ;
#7987 = DIRECTION ( 'NONE',  ( 0.000000000000000000, 1.000000000000000000, 0.000000000000000000 ) ) ;
#7988 = CARTESIAN_POINT ( 'NONE',  ( -2.450781109342989872, -2.160000000000000142, 0.2489179246798429723 ) ) ;
#7989 = CARTESIAN_POINT ( 'NONE',  ( -2.102415215385780023, 1.649999999999999911, 1.030000000000000027 ) ) ;
#7990 = MECHANICAL_DESIGN_GEOMETRIC_PRESENTATION_REPRESENTATION (  '', ( #5093 ), #3099 ) ;
#7991 = COLOUR_RGB ( '',0.8313725490196077761, 0.8313725490196077761, 0.8313725490196077761 ) ;
#7992 = CARTESIAN_POINT ( 'NONE',  ( 1.870437054507610108, 2.449998806137078766, 0.8199886411530262764 ) ) ;
#7993 = DIRECTION ( 'NONE',  ( 0.5362129001746819279, 0.5362129001746791523, -0.6518830043593070167 ) ) ;
#7994 = ORIENTED_EDGE ( 'NONE', *, *, #6085, .F. ) ;
#7995 = ORIENTED_EDGE ( 'NONE', *, *, #3317, .F. ) ;
#7996 = VECTOR ( 'NONE', #3786, 1000.000000000000000 ) ;
#7997 = PRESENTATION_STYLE_ASSIGNMENT (( #8951 ) ) ;
#7998 = DIRECTION ( 'NONE',  ( 0.08452546101100089082, 0.000000000000000000, -0.9964213197442524095 ) ) ;
#7999 = ORIENTED_EDGE ( 'NONE', *, *, #621, .F. ) ;
#8000 = SURFACE_STYLE_USAGE ( .BOTH. , #4982 ) ;
#8001 =( NAMED_UNIT ( * ) PLANE_ANGLE_UNIT ( ) SI_UNIT ( $, .RADIAN. ) );
#8002 = EDGE_CURVE ( 'NONE', #1430, #2629, #1864, .T. ) ;
#8003 = COLOUR_RGB ( '',0.8313725490196077761, 0.8313725490196077761, 0.8313725490196077761 ) ;
#8004 = ORIENTED_EDGE ( 'NONE', *, *, #9128, .F. ) ;
#8005 = ORIENTED_EDGE ( 'NONE', *, *, #4872, .T. ) ;
#8006 = DIRECTION ( 'NONE',  ( 6.608470384673550038E-16, 0.000000000000000000, -1.000000000000000000 ) ) ;
#8007 = CARTESIAN_POINT ( 'NONE',  ( 2.311663692532071934, 2.160000000000000142, 0.8377503468123118635 ) ) ;
#8008 = SURFACE_SIDE_STYLE ('',( #7188 ) ) ;
#8009 =( GEOMETRIC_REPRESENTATION_CONTEXT ( 3 ) GLOBAL_UNCERTAINTY_ASSIGNED_CONTEXT ( ( #2673 ) ) GLOBAL_UNIT_ASSIGNED_CONTEXT ( ( #4686, #8129, #1155 ) ) REPRESENTATION_CONTEXT ( 'NONE', 'WORKASPACE' ) );
#8010 = CARTESIAN_POINT ( 'NONE',  ( -1.492920983025413095, 2.338417127732530965, 1.737113932095116997 ) ) ;
#8011 = ADVANCED_FACE ( 'NONE', ( #4978 ), #423, .F. ) ;
#8012 = EDGE_LOOP ( 'NONE', ( #2898, #2117, #8561, #7041, #5687, #4173 ) ) ;
#8013 = CARTESIAN_POINT ( 'NONE',  ( -1.845189659078865230, -2.345189659078863009, 0.1278493596512562669 ) ) ;
#8014 = DIRECTION ( 'NONE',  ( -1.000000000000000000, 0.000000000000000000, 0.000000000000000000 ) ) ;
#8015 = ORIENTED_EDGE ( 'NONE', *, *, #4427, .T. ) ;
#8016 =( NAMED_UNIT ( * ) PLANE_ANGLE_UNIT ( ) SI_UNIT ( $, .RADIAN. ) );
#8017 =( LENGTH_UNIT ( ) NAMED_UNIT ( * ) SI_UNIT ( .MILLI., .METRE. ) );
#8018 = DIRECTION ( 'NONE',  ( 1.000000000000000000, 0.000000000000000000, 0.000000000000000000 ) ) ;
#8019 = SURFACE_STYLE_USAGE ( .BOTH. , #2644 ) ;
#8020 = CYLINDRICAL_SURFACE ( 'NONE', #6112, 0.1050000000000000100 ) ;
#8021 =( LENGTH_UNIT ( ) NAMED_UNIT ( * ) SI_UNIT ( .MILLI., .METRE. ) );
#8022 = EDGE_CURVE ( 'NONE', #2142, #4054, #7252, .T. ) ;
#8023 = EDGE_CURVE ( 'NONE', #5324, #4042, #761, .T. ) ;
#8024 = DIRECTION ( 'NONE',  ( -1.000000000000000000, 0.000000000000000000, 1.779203565104420086E-16 ) ) ;
#8025 = SURFACE_SIDE_STYLE ('',( #4015 ) ) ;
#8027 = ORIENTED_EDGE ( 'NONE', *, *, #4234, .F. ) ;
#8026 = AXIS2_PLACEMENT_3D ( 'NONE', #4214, #7305, #1292 ) ;
#8028 = CARTESIAN_POINT ( 'NONE',  ( -2.311663692532074599, -1.649999999999999911, 0.8377503468123129737 ) ) ;
#8029 = PRESENTATION_STYLE_ASSIGNMENT (( #2740 ) ) ;
#8030 = CARTESIAN_POINT ( 'NONE',  ( 1.865091647517183482, -2.345189659078863009, 1.705780060247107155 ) ) ;
#8031 = CYLINDRICAL_SURFACE ( 'NONE', #4734, 0.1050000000000000100 ) ;
#8032 = SURFACE_STYLE_FILL_AREA ( #5107 ) ;
#8033 = FILL_AREA_STYLE_COLOUR ( '', #9477 ) ;
#8034 = DIRECTION ( 'NONE',  ( 0.000000000000000000, 0.000000000000000000, 1.000000000000000000 ) ) ;
#8035 = CARTESIAN_POINT ( 'NONE',  ( 1.802292627064890018, 2.381854378694349350, 0.1716377229385880610 ) ) ;
#8036 = ORIENTED_EDGE ( 'NONE', *, *, #9745, .F. ) ;
#8037 = CIRCLE ( 'NONE', #9313, 0.07999999999999979350 ) ;
#8038 = ADVANCED_FACE ( 'NONE', ( #6761 ), #611, .F. ) ;
#8039 = LINE ( 'NONE', #267, #8807 ) ;
#8040 = CARTESIAN_POINT ( 'NONE',  ( 2.346432839248831836, -2.160000000000000142, 0.04570186794230132743 ) ) ;
#8041 = EDGE_LOOP ( 'NONE', ( #1563, #3724, #2321, #5989 ) ) ;
#8042 = SURFACE_SIDE_STYLE ('',( #3409 ) ) ;
#8043 = ORIENTED_EDGE ( 'NONE', *, *, #3848, .T. ) ;
#8044 = DIRECTION ( 'NONE',  ( 0.000000000000000000, -1.000000000000000000, 0.000000000000000000 ) ) ;
#8045 = PRESENTATION_LAYER_ASSIGNMENT (  '', '', ( #1739 ) ) ;
#8046 = COLOUR_RGB ( '',0.8313725490196077761, 0.8313725490196077761, 0.8313725490196077761 ) ;
#8047 = SURFACE_STYLE_USAGE ( .BOTH. , #9636 ) ;
#8048 = CARTESIAN_POINT ( 'NONE',  ( -0.2285000000000000364, 1.401000000000000023, 0.3000000000000009881 ) ) ;
#8049 = ORIENTED_EDGE ( 'NONE', *, *, #9297, .T. ) ;
#8050 = CARTESIAN_POINT ( 'NONE',  ( -1.833743087720908882, 2.436249167634576107, 0.2427961956862478010 ) ) ;
#8051 = SURFACE_STYLE_USAGE ( .BOTH. , #2059 ) ;
#8052 = CARTESIAN_POINT ( 'NONE',  ( -1.834544767865788240, 2.256608784186040051, 0.06397602445713121422 ) ) ;
#8053 = SURFACE_STYLE_USAGE ( .BOTH. , #4983 ) ;
#8054 = PRESENTATION_STYLE_ASSIGNMENT (( #8776 ) ) ;
#8055 = VECTOR ( 'NONE', #2511, 1000.000000000000000 ) ;
#8056 =( GEOMETRIC_REPRESENTATION_CONTEXT ( 3 ) GLOBAL_UNCERTAINTY_ASSIGNED_CONTEXT ( ( #8532 ) ) GLOBAL_UNIT_ASSIGNED_CONTEXT ( ( #9429, #8738, #4751 ) ) REPRESENTATION_CONTEXT ( 'NONE', 'WORKASPACE' ) );
#8057 = ORIENTED_EDGE ( 'NONE', *, *, #3961, .F. ) ;
#8058 = CARTESIAN_POINT ( 'NONE',  ( -2.151833221588806300, 0.8900000000000000133, 0.2374399716845529695 ) ) ;
#8059 = CARTESIAN_POINT ( 'NONE',  ( -1.044999999999999929, -1.145000000000000018, 0.3000000000000009881 ) ) ;
#8060 = CARTESIAN_POINT ( 'NONE',  ( 1.865091647517184148, 2.345189659078863897, 1.705780060247109153 ) ) ;
#8061 = AXIS2_PLACEMENT_3D ( 'NONE', #5265, #8338, #602 ) ;
#8062 = UNCERTAINTY_MEASURE_WITH_UNIT (LENGTH_MEASURE( 1.000000000000000082E-05 ), #1826, 'distance_accuracy_value', 'NONE');
#8063 = PRESENTATION_LAYER_ASSIGNMENT (  '', '', ( #9494 ) ) ;
#8064 = ORIENTED_EDGE ( 'NONE', *, *, #5899, .T. ) ;
#8065 = DIRECTION ( 'NONE',  ( -6.608470384673550038E-16, 0.000000000000000000, -1.000000000000000000 ) ) ;
#8066 = STYLED_ITEM ( 'NONE', ( #691 ), #1074 ) ;
#8067 = VERTEX_POINT ( 'NONE', #8344 ) ;
#8068 = FILL_AREA_STYLE ('',( #4356 ) ) ;
#8069 = EDGE_CURVE ( 'NONE', #2808, #7804, #9031, .T. ) ;
#8070 = CARTESIAN_POINT ( 'NONE',  ( -1.949999403068538362, 2.370218527253804108, 1.030005679423485088 ) ) ;
#8071 = CARTESIAN_POINT ( 'NONE',  ( 1.865091647517194140, 2.345189659078863897, 0.1442199397528922677 ) ) ;
#8072 = DIRECTION ( 'NONE',  ( 0.000000000000000000, 1.000000000000000000, 0.000000000000000000 ) ) ;
#8073 = COLOUR_RGB ( '',0.2862745098039215508, 0.2862745098039215508, 0.2862745098039215508 ) ;
#8074 =( GEOMETRIC_REPRESENTATION_CONTEXT ( 3 ) GLOBAL_UNCERTAINTY_ASSIGNED_CONTEXT ( ( #3586 ) ) GLOBAL_UNIT_ASSIGNED_CONTEXT ( ( #3934, #1722, #8607 ) ) REPRESENTATION_CONTEXT ( 'NONE', 'WORKASPACE' ) );
#8075 = AXIS2_PLACEMENT_3D ( 'NONE', #2159, #715, #6765 ) ;
#8076 = ORIENTED_EDGE ( 'NONE', *, *, #610, .F. ) ;
#8077 = ORIENTED_EDGE ( 'NONE', *, *, #9070, .T. ) ;
#8078 = VECTOR ( 'NONE', #5025, 1000.000000000000000 ) ;
#8079 = CARTESIAN_POINT ( 'NONE',  ( -0.1285000000000000031, 1.401000000000000023, 0.3000000000000009881 ) ) ;
#8080 = EDGE_CURVE ( 'NONE', #9357, #4617, #2563, .T. ) ;
#8081 =( LENGTH_UNIT ( ) NAMED_UNIT ( * ) SI_UNIT ( .MILLI., .METRE. ) );
#8082 = CARTESIAN_POINT ( 'NONE',  ( 1.877467758999770142, -2.327900865654993101, 1.660360619579862140 ) ) ;
#8083 = PRESENTATION_LAYER_ASSIGNMENT (  '', '', ( #9513 ) ) ;
#8084 = CARTESIAN_POINT ( 'NONE',  ( 1.877467758999771696, 2.327900865654992213, 1.660360619579863917 ) ) ;
#8085 = LINE ( 'NONE', #2045, #3809 ) ;
#8086 = CARTESIAN_POINT ( 'NONE',  ( 0.2285000000000000642, -1.145000000000000018, 0.3000000000000009881 ) ) ;
#8087 = ORIENTED_EDGE ( 'NONE', *, *, #7910, .F. ) ;
#8088 = CARTESIAN_POINT ( 'NONE',  ( 0.2285000000000000364, 1.401000000000000023, 0.3000000000000009881 ) ) ;
#8089 = STYLED_ITEM ( 'NONE', ( #4589 ), #8199 ) ;
#8090 = AXIS2_PLACEMENT_3D ( 'NONE', #4342, #1877, #2670 ) ;
#8091 = CARTESIAN_POINT ( 'NONE',  ( 0.2285000000000000364, 1.145000000000000018, 0.1000000000000010048 ) ) ;
#8092 = AXIS2_PLACEMENT_3D ( 'NONE', #4002, #8014, #9419 ) ;
#8093 = CARTESIAN_POINT ( 'NONE',  ( -1.837171350119500168, -2.337171350119500168, 1.338151117160520043 ) ) ;
#8094 = EDGE_LOOP ( 'NONE', ( #6530, #9814, #1673, #4683 ) ) ;
#8095 = FILL_AREA_STYLE_COLOUR ( '', #6692 ) ;
#8096 = ORIENTED_EDGE ( 'NONE', *, *, #9913, .T. ) ;
#8097 = CARTESIAN_POINT ( 'NONE',  ( -1.802292627064890018, -2.302292627064889796, 0.1800000000000009093 ) ) ;
#8098 = ADVANCED_FACE ( 'NONE', ( #9923 ), #2986, .T. ) ;
#8099 = ADVANCED_FACE ( 'NONE', ( #104 ), #7835, .T. ) ;
#8100 = DIRECTION ( 'NONE',  ( -0.9975640502598241977, 0.000000000000000000, -0.06975647374412552448 ) ) ;
#8101 = MECHANICAL_DESIGN_GEOMETRIC_PRESENTATION_REPRESENTATION (  '', ( #8577 ), #1467 ) ;
#8102 = ORIENTED_EDGE ( 'NONE', *, *, #7591, .T. ) ;
#8103 = CARTESIAN_POINT ( 'NONE',  ( -1.836467642440389625, 2.412646522551076256, 1.388985220855219804 ) ) ;
#8104 =( GEOMETRIC_REPRESENTATION_CONTEXT ( 3 ) GLOBAL_UNCERTAINTY_ASSIGNED_CONTEXT ( ( #7712 ) ) GLOBAL_UNIT_ASSIGNED_CONTEXT ( ( #2212, #4556, #3817 ) ) REPRESENTATION_CONTEXT ( 'NONE', 'WORKASPACE' ) );
#8105 = PRESENTATION_LAYER_ASSIGNMENT (  '', '', ( #3055 ) ) ;
#8106 = CARTESIAN_POINT ( 'NONE',  ( -2.110569391858566846, 0.6350000000000000089, 0.7238751734061577015 ) ) ;
#8107 = FILL_AREA_STYLE_COLOUR ( '', #7634 ) ;
#8108 = ORIENTED_EDGE ( 'NONE', *, *, #790, .F. ) ;
#8109 = STYLED_ITEM ( 'NONE', ( #1821 ), #3235 ) ;
#8110 = ORIENTED_EDGE ( 'NONE', *, *, #3303, .T. ) ;
#8111 = CARTESIAN_POINT ( 'NONE',  ( -1.492920983025412873, -2.338417127732530965, 1.737113932095116997 ) ) ;
#8112 = DIRECTION ( 'NONE',  ( 0.000000000000000000, -1.000000000000000000, 0.000000000000000000 ) ) ;
#8113 = EDGE_CURVE ( 'NONE', #3721, #6980, #8489, .T. ) ;
#8114 = FACE_OUTER_BOUND ( 'NONE', #5753, .T. ) ;
#8115 =( GEOMETRIC_REPRESENTATION_CONTEXT ( 3 ) GLOBAL_UNCERTAINTY_ASSIGNED_CONTEXT ( ( #9912 ) ) GLOBAL_UNIT_ASSIGNED_CONTEXT ( ( #1033, #1086, #3319 ) ) REPRESENTATION_CONTEXT ( 'NONE', 'WORKASPACE' ) );
#8116 = CARTESIAN_POINT ( 'NONE',  ( 1.842843903108207115, 2.301685890579379112, 1.759864626329899817 ) ) ;
#8117 = CARTESIAN_POINT ( 'NONE',  ( -1.439148849708498323, 2.332265751666330100, 1.743660209412069229 ) ) ;
#8118 = LINE ( 'NONE', #7341, #849 ) ;
#8119 = COLOUR_RGB ( '',0.2862745098039215508, 0.2862745098039215508, 0.2862745098039215508 ) ;
#8120 = PRESENTATION_LAYER_ASSIGNMENT (  '', '', ( #9714 ) ) ;
#8121 = ORIENTED_EDGE ( 'NONE', *, *, #9067, .F. ) ;
#8122 = AXIS2_PLACEMENT_3D ( 'NONE', #5564, #2520, #7959 ) ;
#8123 = SURFACE_SIDE_STYLE ('',( #4352 ) ) ;
#8124 = ORIENTED_EDGE ( 'NONE', *, *, #6958, .T. ) ;
#8125 = STYLED_ITEM ( 'NONE', ( #7775 ), #4262 ) ;
#8126 = PRESENTATION_STYLE_ASSIGNMENT (( #7442 ) ) ;
#8127 = CIRCLE ( 'NONE', #8440, 0.1050000000000000655 ) ;
#8128 = SURFACE_STYLE_FILL_AREA ( #4958 ) ;
#8129 =( NAMED_UNIT ( * ) PLANE_ANGLE_UNIT ( ) SI_UNIT ( $, .RADIAN. ) );
#8130 = SURFACE_STYLE_FILL_AREA ( #4309 ) ;
#8131 =( NAMED_UNIT ( * ) SI_UNIT ( $, .STERADIAN. ) SOLID_ANGLE_UNIT ( ) );
#8132 = SURFACE_STYLE_USAGE ( .BOTH. , #8886 ) ;
#8133 = MECHANICAL_DESIGN_GEOMETRIC_PRESENTATION_REPRESENTATION (  '', ( #3398 ), #8446 ) ;
#8134 = UNCERTAINTY_MEASURE_WITH_UNIT (LENGTH_MEASURE( 1.000000000000000082E-05 ), #6345, 'distance_accuracy_value', 'NONE');
#8135 = VECTOR ( 'NONE', #4211, 999.9999999999998863 ) ;
#8136 = CARTESIAN_POINT ( 'NONE',  ( 1.865091647517193918, -2.345189659078864786, 0.1442199397528924620 ) ) ;
#8137 = ORIENTED_EDGE ( 'NONE', *, *, #9607, .T. ) ;
#8138 = COLOUR_RGB ( '',0.8313725490196077761, 0.8313725490196077761, 0.8313725490196077761 ) ;
#8139 = DIRECTION ( 'NONE',  ( -0.000000000000000000, 1.000000000000000000, -0.000000000000000000 ) ) ;
#8140 = SURFACE_SIDE_STYLE ('',( #9582 ) ) ;
#8141 = PRESENTATION_LAYER_ASSIGNMENT (  '', '', ( #2455 ) ) ;
#8142 = CARTESIAN_POINT ( 'NONE',  ( 3.000000000000000000, -0.6350000000000000089, 0.000000000000000000 ) ) ;
#8143 = CARTESIAN_POINT ( 'NONE',  ( 1.845189659078856126, 2.345189659078864342, 1.722150640348744322 ) ) ;
#8144 = SURFACE_STYLE_FILL_AREA ( #6513 ) ;
#8145 = DIRECTION ( 'NONE',  ( 1.000000000000000000, 0.000000000000000000, 0.000000000000000000 ) ) ;
#8146 = VERTEX_POINT ( 'NONE', #5822 ) ;
#8147 = UNCERTAINTY_MEASURE_WITH_UNIT (LENGTH_MEASURE( 1.000000000000000082E-05 ), #5970, 'distance_accuracy_value', 'NONE');
#8148 = COLOUR_RGB ( '',0.8313725490196077761, 0.8313725490196077761, 0.8313725490196077761 ) ;
#8149 = ADVANCED_FACE ( 'NONE', ( #5777 ), #6197, .T. ) ;
#8150 = FILL_AREA_STYLE_COLOUR ( '', #7820 ) ;
#8151 = MECHANICAL_DESIGN_GEOMETRIC_PRESENTATION_REPRESENTATION (  '', ( #2637 ), #4937 ) ;
#8152 = ORIENTED_EDGE ( 'NONE', *, *, #6477, .T. ) ;
#8153 = CYLINDRICAL_SURFACE ( 'NONE', #3594, 0.08000000000000004330 ) ;
#8154 = DIRECTION ( 'NONE',  ( 0.000000000000000000, -0.000000000000000000, -1.000000000000000000 ) ) ;
#8155 = ORIENTED_EDGE ( 'NONE', *, *, #3428, .F. ) ;
#8156 = FACE_OUTER_BOUND ( 'NONE', #6305, .T. ) ;
#8157 = SURFACE_SIDE_STYLE ('',( #5887 ) ) ;
#8158 = MECHANICAL_DESIGN_GEOMETRIC_PRESENTATION_REPRESENTATION (  '', ( #9901 ), #5754 ) ;
#8159 = DIRECTION ( 'NONE',  ( 0.000000000000000000, 0.000000000000000000, 1.000000000000000000 ) ) ;
#8160 = FACE_OUTER_BOUND ( 'NONE', #8718, .T. ) ;
#8161 = VERTEX_POINT ( 'NONE', #4226 ) ;
#8162 = DIRECTION ( 'NONE',  ( -0.000000000000000000, -1.000000000000000000, -0.000000000000000000 ) ) ;
#8163 = LINE ( 'NONE', #5120, #6342 ) ;
#8164 = ADVANCED_FACE ( 'NONE', ( #7312 ), #411, .T. ) ;
#8165 = EDGE_CURVE ( 'NONE', #9111, #4617, #6061, .T. ) ;
#8166 = ORIENTED_EDGE ( 'NONE', *, *, #9745, .T. ) ;
#8167 = COLOUR_RGB ( '',0.2862745098039215508, 0.2862745098039215508, 0.2862745098039215508 ) ;
#8168 = VERTEX_POINT ( 'NONE', #1500 ) ;
#8169 = CARTESIAN_POINT ( 'NONE',  ( -1.521377130698046809, -2.336241368489415215, 1.722236224947832461 ) ) ;
#8170 = SURFACE_SIDE_STYLE ('',( #5800 ) ) ;
#8171 = CARTESIAN_POINT ( 'NONE',  ( 3.000000000000000000, -0.6350000000000000089, 0.000000000000000000 ) ) ;
#8172 = CARTESIAN_POINT ( 'NONE',  ( 1.801300639614437538, 2.338986644132700299, 1.745608531985410883 ) ) ;
#8173 =( NAMED_UNIT ( * ) PLANE_ANGLE_UNIT ( ) SI_UNIT ( $, .RADIAN. ) );
#8174 = UNCERTAINTY_MEASURE_WITH_UNIT (LENGTH_MEASURE( 1.000000000000000082E-05 ), #9789, 'distance_accuracy_value', 'NONE');
#8175 = DIRECTION ( 'NONE',  ( -0.000000000000000000, -0.000000000000000000, -1.000000000000000000 ) ) ;
#8176 = ORIENTED_EDGE ( 'NONE', *, *, #8376, .F. ) ;
#8177 = FILL_AREA_STYLE_COLOUR ( '', #6940 ) ;
#8178 =( LENGTH_UNIT ( ) NAMED_UNIT ( * ) SI_UNIT ( .MILLI., .METRE. ) );
#8179 = EDGE_LOOP ( 'NONE', ( #8220, #9, #2580, #7994 ) ) ;
#8180 = PRESENTATION_STYLE_ASSIGNMENT (( #1990 ) ) ;
#8181 = SURFACE_STYLE_USAGE ( .BOTH. , #9573 ) ;
#8182 = LINE ( 'NONE', #291, #1660 ) ;
#8183 = CARTESIAN_POINT ( 'NONE',  ( -3.000000000000000000, 1.905000000000000027, 0.2105127985970459970 ) ) ;
#8184 = SURFACE_SIDE_STYLE ('',( #2039 ) ) ;
#8185 = ORIENTED_EDGE ( 'NONE', *, *, #1160, .T. ) ;
#8186 = DIRECTION ( 'NONE',  ( 0.9975640502598241977, 0.000000000000000000, -0.06975647374412552448 ) ) ;
#8187 = PRESENTATION_STYLE_ASSIGNMENT (( #1897 ) ) ;
#8188 =( LENGTH_UNIT ( ) NAMED_UNIT ( * ) SI_UNIT ( .MILLI., .METRE. ) );
#8189 = LINE ( 'NONE', #1249, #2060 ) ;
#8190 = SURFACE_SIDE_STYLE ('',( #565 ) ) ;
#8191 = SURFACE_STYLE_FILL_AREA ( #9126 ) ;
#8192 = CARTESIAN_POINT ( 'NONE',  ( -1.949999999999999734, 0.000000000000000000, 0.8200000000000009504 ) ) ;
#8193 = MECHANICAL_DESIGN_GEOMETRIC_PRESENTATION_REPRESENTATION (  '', ( #8508 ), #8987 ) ;
#8194 = LINE ( 'NONE', #2153, #7434 ) ;
#8195 = CARTESIAN_POINT ( 'NONE',  ( -1.468615827805880292, 0.000000000000000000, 1.749999999999999778 ) ) ;
#8196 = FACE_OUTER_BOUND ( 'NONE', #3590, .T. ) ;
#8197 = PRESENTATION_STYLE_ASSIGNMENT (( #1313 ) ) ;
#8198 = ORIENTED_EDGE ( 'NONE', *, *, #2083, .T. ) ;
#8199 = ADVANCED_FACE ( 'NONE', ( #3742 ), #2185, .F. ) ;
#8200 = CARTESIAN_POINT ( 'NONE',  ( -1.044999999999999929, 1.044999999999999929, 0.3000000000000009881 ) ) ;
#8201 = DIRECTION ( 'NONE',  ( -0.000000000000000000, -0.000000000000000000, -1.000000000000000000 ) ) ;
#8202 = CARTESIAN_POINT ( 'NONE',  ( 1.145000000000000018, -1.145000000000000018, 0.3000000000000009881 ) ) ;
#8203 = ORIENTED_EDGE ( 'NONE', *, *, #3614, .F. ) ;
#8204 = VERTEX_POINT ( 'NONE', #4372 ) ;
#8205 = CARTESIAN_POINT ( 'NONE',  ( 1.881854378694349350, 2.302292627064886243, 0.1716377229385884495 ) ) ;
#8206 = DIRECTION ( 'NONE',  ( 0.1039620511844979861, 0.1039620511844979861, -0.9891328443778538704 ) ) ;
#8207 = CARTESIAN_POINT ( 'NONE',  ( -3.000000000000000444, 2.160000000000000142, 0.2105127985970459970 ) ) ;
#8208 = VECTOR ( 'NONE', #5966, 1000.000000000000000 ) ;
#8209 = CARTESIAN_POINT ( 'NONE',  ( 1.928793852439659950, -1.649999999999999911, 1.030000000000000027 ) ) ;
#8210 = CARTESIAN_POINT ( 'NONE',  ( 1.044999999999999929, 1.044999999999999929, 0.1000000000000010048 ) ) ;
#8211 = EDGE_CURVE ( 'NONE', #5715, #2041, #1405, .T. ) ;
#8212 = FACE_OUTER_BOUND ( 'NONE', #1750, .T. ) ;
#8213 = EDGE_CURVE ( 'NONE', #8861, #3449, #7459, .T. ) ;
#8214 = SURFACE_SIDE_STYLE ('',( #7488 ) ) ;
#8215 = CARTESIAN_POINT ( 'NONE',  ( 0.1285000000000000031, 1.501000000000000112, 0.1000000000000009909 ) ) ;
#8216 = PRESENTATION_LAYER_ASSIGNMENT (  '', '', ( #5310 ) ) ;
#8217 = VECTOR ( 'NONE', #5841, 1000.000000000000000 ) ;
#8218 = AXIS2_PLACEMENT_3D ( 'NONE', #8432, #3188, #800 ) ;
#8219 = VECTOR ( 'NONE', #6857, 1000.000000000000000 ) ;
#8220 = ORIENTED_EDGE ( 'NONE', *, *, #9310, .F. ) ;
#8221 = FILL_AREA_STYLE ('',( #4261 ) ) ;
#8222 = ORIENTED_EDGE ( 'NONE', *, *, #6146, .T. ) ;
#8223 =( NAMED_UNIT ( * ) PLANE_ANGLE_UNIT ( ) SI_UNIT ( $, .RADIAN. ) );
#8224 = CARTESIAN_POINT ( 'NONE',  ( 0.2285000000000000642, 1.145000000000000018, 0.3000000000000009881 ) ) ;
#8225 = EDGE_CURVE ( 'NONE', #182, #3369, #4437, .T. ) ;
#8226 = ADVANCED_FACE ( 'NONE', ( #603 ), #700, .F. ) ;
#8227 =( NAMED_UNIT ( * ) SI_UNIT ( $, .STERADIAN. ) SOLID_ANGLE_UNIT ( ) );
#8228 = VECTOR ( 'NONE', #3305, 1000.000000000000000 ) ;
#8229 = DIRECTION ( 'NONE',  ( 0.000000000000000000, 1.000000000000000000, 0.000000000000000000 ) ) ;
#8230 = CARTESIAN_POINT ( 'NONE',  ( 1.825287670640535431, 2.345189659078863897, 0.1114787795496187950 ) ) ;
#8231 = SURFACE_STYLE_FILL_AREA ( #5146 ) ;
#8232 = FILL_AREA_STYLE_COLOUR ( '', #9305 ) ;
#8233 = UNCERTAINTY_MEASURE_WITH_UNIT (LENGTH_MEASURE( 1.000000000000000082E-05 ), #2564, 'distance_accuracy_value', 'NONE');
#8234 = PRESENTATION_LAYER_ASSIGNMENT (  '', '', ( #5666 ) ) ;
#8235 = EDGE_LOOP ( 'NONE', ( #545, #7176, #6916, #6619, #547, #8043, #5636, #5755, #1153, #3774, #1552, #7886, #973, #8539, #8185, #1378, #7493, #485, #7096, #4499 ) ) ;
#8236 = DIRECTION ( 'NONE',  ( 0.000000000000000000, 1.000000000000000000, -0.000000000000000000 ) ) ;
#8237 = SURFACE_STYLE_FILL_AREA ( #6452 ) ;
#8238 = VECTOR ( 'NONE', #7289, 1000.000000000000000 ) ;
#8239 = DIRECTION ( 'NONE',  ( 0.000000000000000000, -0.1045284632676530545, -0.9945218953682735119 ) ) ;
#8240 = CARTESIAN_POINT ( 'NONE',  ( -1.842843903108214665, -2.301685890579380889, 0.09013537367010142354 ) ) ;
#8241 = PRESENTATION_STYLE_ASSIGNMENT (( #9918 ) ) ;
#8242 = CARTESIAN_POINT ( 'NONE',  ( -1.949999999999999956, 0.000000000000000000, 1.750000000000000000 ) ) ;
#8243 = DIRECTION ( 'NONE',  ( 0.000000000000000000, 0.000000000000000000, 1.000000000000000000 ) ) ;
#8244 = STYLED_ITEM ( 'NONE', ( #5370 ), #8585 ) ;
#8245 = UNCERTAINTY_MEASURE_WITH_UNIT (LENGTH_MEASURE( 1.000000000000000082E-05 ), #8802, 'distance_accuracy_value', 'NONE');
#8246 = CARTESIAN_POINT ( 'NONE',  ( 2.295355339586480081, -0.8900000000000000133, 1.030000000000000027 ) ) ;
#8247 = COLOUR_RGB ( '',0.8313725490196077761, 0.8313725490196077761, 0.8313725490196077761 ) ;
#8248 = CARTESIAN_POINT ( 'NONE',  ( 1.189405335455050006, -0.3800000000000000044, 0.7114753820237430526 ) ) ;
#8249 = DIRECTION ( 'NONE',  ( 0.000000000000000000, 0.000000000000000000, 1.000000000000000000 ) ) ;
#8250 = PRESENTATION_STYLE_ASSIGNMENT (( #3509 ) ) ;
#8251 = DIRECTION ( 'NONE',  ( -0.1039620511844866202, 0.1039620511844972089, 0.9891328443778550916 ) ) ;
#8252 = DIRECTION ( 'NONE',  ( 0.000000000000000000, -1.000000000000000000, 0.000000000000000000 ) ) ;
#8253 =( NAMED_UNIT ( * ) PLANE_ANGLE_UNIT ( ) SI_UNIT ( $, .RADIAN. ) );
#8254 = DIRECTION ( 'NONE',  ( 0.000000000000000000, -1.000000000000000000, 0.000000000000000000 ) ) ;
#8255 = SURFACE_STYLE_USAGE ( .BOTH. , #4451 ) ;
#8256 = COLOUR_RGB ( '',0.8313725490196077761, 0.8313725490196077761, 0.8313725490196077761 ) ;
#8257 = FILL_AREA_STYLE ('',( #8959 ) ) ;
#8258 = ORIENTED_EDGE ( 'NONE', *, *, #3317, .T. ) ;
#8259 = EDGE_CURVE ( 'NONE', #5559, #3369, #3847, .T. ) ;
#8260 = DIRECTION ( 'NONE',  ( 2.975638632011122629E-17, 0.9945218953682735119, 0.1045284632676530545 ) ) ;
#8261 = FACE_OUTER_BOUND ( 'NONE', #4316, .T. ) ;
#8262 = MECHANICAL_DESIGN_GEOMETRIC_PRESENTATION_REPRESENTATION (  '', ( #9696 ), #4703 ) ;
#8263 = CARTESIAN_POINT ( 'NONE',  ( 2.450781109342988540, -2.160000000000000142, 0.2489179246798423339 ) ) ;
#8264 = VECTOR ( 'NONE', #8677, 1000.000000000000000 ) ;
#8265 = EDGE_LOOP ( 'NONE', ( #5293, #8869, #6119, #1830, #4641 ) ) ;
#8266 = DIRECTION ( 'NONE',  ( -0.000000000000000000, -0.000000000000000000, -1.000000000000000000 ) ) ;
#8267 = CARTESIAN_POINT ( 'NONE',  ( -1.189405335455050006, 1.905000000000000027, 1.030000000000000027 ) ) ;
#8268 = CYLINDRICAL_SURFACE ( 'NONE', #5869, 0.2100000000000000200 ) ;
#8269 = UNCERTAINTY_MEASURE_WITH_UNIT (LENGTH_MEASURE( 1.000000000000000082E-05 ), #2377, 'distance_accuracy_value', 'NONE');
#8270 = MECHANICAL_DESIGN_GEOMETRIC_PRESENTATION_REPRESENTATION (  '', ( #1166 ), #36 ) ;
#8271 = DIRECTION ( 'NONE',  ( 6.608470384673550038E-16, 0.000000000000000000, -1.000000000000000000 ) ) ;
#8272 = COLOUR_RGB ( '',0.2862745098039215508, 0.2862745098039215508, 0.2862745098039215508 ) ;
#8273 = AXIS2_PLACEMENT_3D ( 'NONE', #4100, #3167, #8623 ) ;
#8274 = ORIENTED_EDGE ( 'NONE', *, *, #6219, .F. ) ;
#8275 = EDGE_CURVE ( 'NONE', #3831, #9604, #795, .T. ) ;
#8276 = CARTESIAN_POINT ( 'NONE',  ( -1.010926527647242779, 2.044916436039914132, 1.749999999999999778 ) ) ;
#8277 = ORIENTED_EDGE ( 'NONE', *, *, #2758, .T. ) ;
#8278 = SURFACE_STYLE_USAGE ( .BOTH. , #5139 ) ;
#8279 = PRESENTATION_LAYER_ASSIGNMENT (  '', '', ( #2589 ) ) ;
#8280 = ORIENTED_EDGE ( 'NONE', *, *, #1059, .T. ) ;
#8281 = MECHANICAL_DESIGN_GEOMETRIC_PRESENTATION_REPRESENTATION (  '', ( #1801 ), #4550 ) ;
#8282 =( GEOMETRIC_REPRESENTATION_CONTEXT ( 3 ) GLOBAL_UNCERTAINTY_ASSIGNED_CONTEXT ( ( #3942 ) ) GLOBAL_UNIT_ASSIGNED_CONTEXT ( ( #7943, #6269, #2508 ) ) REPRESENTATION_CONTEXT ( 'NONE', 'WORKASPACE' ) );
#8283 = PRESENTATION_STYLE_ASSIGNMENT (( #7501 ) ) ;
#8284 = DIRECTION ( 'NONE',  ( 0.000000000000000000, 0.000000000000000000, 1.000000000000000000 ) ) ;
#8285 = SURFACE_STYLE_USAGE ( .BOTH. , #2085 ) ;
#8286 =( GEOMETRIC_REPRESENTATION_CONTEXT ( 3 ) GLOBAL_UNCERTAINTY_ASSIGNED_CONTEXT ( ( #7813 ) ) GLOBAL_UNIT_ASSIGNED_CONTEXT ( ( #1880, #8173, #5804 ) ) REPRESENTATION_CONTEXT ( 'NONE', 'WORKASPACE' ) );
#8287 = VECTOR ( 'NONE', #230, 1000.000000000000000 ) ;
#8288 = ADVANCED_FACE ( 'NONE', ( #4009 ), #4747, .T. ) ;
#8289 = AXIS2_PLACEMENT_3D ( 'NONE', #5272, #3801, #8303 ) ;
#8290 = CARTESIAN_POINT ( 'NONE',  ( -1.492920983025413095, 2.338417127732530965, 1.737113932095117219 ) ) ;
#8291 = ORIENTED_EDGE ( 'NONE', *, *, #5317, .F. ) ;
#8292 = LINE ( 'NONE', #698, #64 ) ;
#8293 = CARTESIAN_POINT ( 'NONE',  ( 2.102415215385780023, -0.8900000000000000133, 0.8200000000000019496 ) ) ;
#8294 =( NAMED_UNIT ( * ) SI_UNIT ( $, .STERADIAN. ) SOLID_ANGLE_UNIT ( ) );
#8295 = COLOUR_RGB ( '',0.8313725490196077761, 0.8313725490196077761, 0.8313725490196077761 ) ;
#8296 = CARTESIAN_POINT ( 'NONE',  ( 0.1285000000000000031, 1.500999999999999890, 0.1000000000000010048 ) ) ;
#8297 = PRESENTATION_LAYER_ASSIGNMENT (  '', '', ( #2613 ) ) ;
#8298 = DIRECTION ( 'NONE',  ( 1.000000000000000000, -0.000000000000000000, -3.040008243693350015E-16 ) ) ;
#8299 = CARTESIAN_POINT ( 'NONE',  ( 2.102415215385780023, -0.3800000000000000044, 1.030000000000000471 ) ) ;
#8300 = AXIS2_PLACEMENT_3D ( 'NONE', #8530, #3245, #3085 ) ;
#8301 = CARTESIAN_POINT ( 'NONE',  ( 1.189405335455050006, 2.160000000000000142, 0.7114753820237430526 ) ) ;
#8302 = SURFACE_SIDE_STYLE ('',( #3565 ) ) ;
#8303 = DIRECTION ( 'NONE',  ( 0.000000000000000000, 0.000000000000000000, -1.000000000000000000 ) ) ;
#8304 = DIRECTION ( 'NONE',  ( 0.000000000000000000, -1.000000000000000000, 0.000000000000000000 ) ) ;
#8305 = CARTESIAN_POINT ( 'NONE',  ( 3.000000000000000000, 0.8900000000000000133, 0.7114753820237430526 ) ) ;
#8306 = SURFACE_STYLE_USAGE ( .BOTH. , #5273 ) ;
#8307 = CARTESIAN_POINT ( 'NONE',  ( 1.802292627064880026, 2.302292627064889796, 1.670000000000000151 ) ) ;
#8308 = DIRECTION ( 'NONE',  ( 0.000000000000000000, 0.000000000000000000, -1.000000000000000000 ) ) ;
#8309 = DIRECTION ( 'NONE',  ( 0.000000000000000000, -0.000000000000000000, -1.000000000000000000 ) ) ;
#8310 = MECHANICAL_DESIGN_GEOMETRIC_PRESENTATION_REPRESENTATION (  '', ( #2628 ), #6517 ) ;
#8311 = COLOUR_RGB ( '',0.2862745098039215508, 0.2862745098039215508, 0.2862745098039215508 ) ;
#8312 = CARTESIAN_POINT ( 'NONE',  ( 1.870218527253805219, 2.449999403068538140, 0.8199943205765136689 ) ) ;
#8313 = EDGE_LOOP ( 'NONE', ( #5190, #2485, #3763, #8811 ) ) ;
#8314 = DIRECTION ( 'NONE',  ( 1.000000000000000000, 0.000000000000000000, 0.000000000000000000 ) ) ;
#8315 = PRESENTATION_LAYER_ASSIGNMENT (  '', '', ( #2637 ) ) ;
#8316 =( NAMED_UNIT ( * ) PLANE_ANGLE_UNIT ( ) SI_UNIT ( $, .RADIAN. ) );
#8317 = LINE ( 'NONE', #9054, #334 ) ;
#8318 = FILL_AREA_STYLE ('',( #7972 ) ) ;
#8319 = EDGE_CURVE ( 'NONE', #7537, #9793, #2432, .T. ) ;
#8320 = SURFACE_STYLE_USAGE ( .BOTH. , #5243 ) ;
#8321 = AXIS2_PLACEMENT_3D ( 'NONE', #3239, #7863, #2581 ) ;
#8322 = VECTOR ( 'NONE', #4383, 1000.000000000000000 ) ;
#8323 = EDGE_LOOP ( 'NONE', ( #4554, #9503, #6323, #2627 ) ) ;
#8324 = ORIENTED_EDGE ( 'NONE', *, *, #1480, .T. ) ;
#8325 = CARTESIAN_POINT ( 'NONE',  ( -1.436932122683900026, -2.299294199122860149, 1.698528136230170071 ) ) ;
#8326 = ORIENTED_EDGE ( 'NONE', *, *, #748, .T. ) ;
#8327 = DIRECTION ( 'NONE',  ( -0.1039620511844980000, -0.1039620511844980000, -0.9891328443778539814 ) ) ;
#8328 = LINE ( 'NONE', #7543, #79 ) ;
#8329 =( LENGTH_UNIT ( ) NAMED_UNIT ( * ) SI_UNIT ( .MILLI., .METRE. ) );
#8330 = ADVANCED_FACE ( 'NONE', ( #3133 ), #8579, .F. ) ;
#8331 =( NAMED_UNIT ( * ) PLANE_ANGLE_UNIT ( ) SI_UNIT ( $, .RADIAN. ) );
#8332 = SURFACE_STYLE_FILL_AREA ( #5258 ) ;
#8333 = UNCERTAINTY_MEASURE_WITH_UNIT (LENGTH_MEASURE( 1.000000000000000082E-05 ), #6621, 'distance_accuracy_value', 'NONE');
#8334 = SURFACE_STYLE_USAGE ( .BOTH. , #6936 ) ;
#8335 = CARTESIAN_POINT ( 'NONE',  ( -1.508223993107981720, 2.338417127732530965, 1.731571982401933329 ) ) ;
#8336 = ORIENTED_EDGE ( 'NONE', *, *, #1234, .F. ) ;
#8337 = CARTESIAN_POINT ( 'NONE',  ( 1.845189659078864786, 2.345189659078864342, 0.1278493596512556008 ) ) ;
#8338 = DIRECTION ( 'NONE',  ( 0.000000000000000000, 0.000000000000000000, 1.000000000000000000 ) ) ;
#8339 = EDGE_CURVE ( 'NONE', #1235, #2629, #1795, .T. ) ;
#8340 = FACE_OUTER_BOUND ( 'NONE', #7136, .T. ) ;
#8341 = EDGE_CURVE ( 'NONE', #6046, #616, #7260, .T. ) ;
#8342 = CARTESIAN_POINT ( 'NONE',  ( 2.450781109342989872, -1.905000000000000027, 0.2489179246798422229 ) ) ;
#8343 = DIRECTION ( 'NONE',  ( 1.000000000000000000, 0.000000000000000000, 0.000000000000000000 ) ) ;
#8344 = CARTESIAN_POINT ( 'NONE',  ( -2.311663692532074599, -0.3800000000000000044, 0.8377503468123129737 ) ) ;
#8345 = LINE ( 'NONE', #8305, #5708 ) ;
#8346 = CARTESIAN_POINT ( 'NONE',  ( -2.151833221588803635, 1.649999999999999911, 0.2374399716845533859 ) ) ;
#8347 = DIRECTION ( 'NONE',  ( 0.000000000000000000, 1.000000000000000000, -0.000000000000000000 ) ) ;
#8348 = EDGE_CURVE ( 'NONE', #4369, #5774, #8732, .T. ) ;
#8349 =( NAMED_UNIT ( * ) SI_UNIT ( $, .STERADIAN. ) SOLID_ANGLE_UNIT ( ) );
#8350 = PRESENTATION_STYLE_ASSIGNMENT (( #8255 ) ) ;
#8351 = ORIENTED_EDGE ( 'NONE', *, *, #6715, .T. ) ;
#8352 = LINE ( 'NONE', #112, #5566 ) ;
#8353 = EDGE_LOOP ( 'NONE', ( #5640, #4188, #8781, #1 ) ) ;
#8354 = DIRECTION ( 'NONE',  ( 0.000000000000000000, 0.000000000000000000, -1.000000000000000000 ) ) ;
#8355 = CLOSED_SHELL ( 'NONE', ( #2028, #1822, #8827, #563, #6707, #3235, #3543, #7381, #6267, #4486, #4259, #6959, #8330, #5912 ) ) ;
#8356 = DIRECTION ( 'NONE',  ( 0.1045284632676530545, 0.000000000000000000, 0.9945218953682735119 ) ) ;
#8357 = DIRECTION ( 'NONE',  ( -0.000000000000000000, -1.000000000000000000, -0.000000000000000000 ) ) ;
#8358 =( NAMED_UNIT ( * ) SI_UNIT ( $, .STERADIAN. ) SOLID_ANGLE_UNIT ( ) );
#8359 = UNCERTAINTY_MEASURE_WITH_UNIT (LENGTH_MEASURE( 1.000000000000000082E-05 ), #1776, 'distance_accuracy_value', 'NONE');
#8360 = FACE_OUTER_BOUND ( 'NONE', #9602, .T. ) ;
#8361 =( GEOMETRIC_REPRESENTATION_CONTEXT ( 3 ) GLOBAL_UNCERTAINTY_ASSIGNED_CONTEXT ( ( #4364 ) ) GLOBAL_UNIT_ASSIGNED_CONTEXT ( ( #1707, #7058, #6255 ) ) REPRESENTATION_CONTEXT ( 'NONE', 'WORKASPACE' ) );
#8362 = VERTEX_POINT ( 'NONE', #9654 ) ;
#8363 = SURFACE_STYLE_USAGE ( .BOTH. , #5290 ) ;
#8364 = ORIENTED_EDGE ( 'NONE', *, *, #5380, .F. ) ;
#8365 = DIRECTION ( 'NONE',  ( 1.000000000000000000, 0.000000000000000000, 3.040008243693350015E-16 ) ) ;
#8366 = ORIENTED_EDGE ( 'NONE', *, *, #472, .T. ) ;
#8367 = FILL_AREA_STYLE ('',( #4422 ) ) ;
#8368 = APPLICATION_PROTOCOL_DEFINITION ( 'draft international standard', 'automotive_design', 1998, #6859 ) ;
#8369 = VECTOR ( 'NONE', #1262, 1000.000000000000000 ) ;
#8370 = DIRECTION ( 'NONE',  ( -1.000000000000000000, 1.084202172485500095E-15, 0.000000000000000000 ) ) ;
#8371 = DIRECTION ( 'NONE',  ( 0.000000000000000000, 1.000000000000000000, -0.000000000000000000 ) ) ;
#8372 = SURFACE_SIDE_STYLE ('',( #4468 ) ) ;
#8373 = VECTOR ( 'NONE', #4022, 1000.000000000000000 ) ;
#8374 = CARTESIAN_POINT ( 'NONE',  ( -1.802292627064890018, -2.381854378694352015, 0.1716377229385888659 ) ) ;
#8375 =( GEOMETRIC_REPRESENTATION_CONTEXT ( 3 ) GLOBAL_UNCERTAINTY_ASSIGNED_CONTEXT ( ( #144 ) ) GLOBAL_UNIT_ASSIGNED_CONTEXT ( ( #2161, #6025, #8392 ) ) REPRESENTATION_CONTEXT ( 'NONE', 'WORKASPACE' ) );
#8376 = EDGE_CURVE ( 'NONE', #5435, #7227, #7240, .T. ) ;
#8377 = ORIENTED_EDGE ( 'NONE', *, *, #318, .T. ) ;
#8378 = CIRCLE ( 'NONE', #2222, 0.1050000000000000655 ) ;
#8379 = DIRECTION ( 'NONE',  ( 0.000000000000000000, -1.626303258728256335E-14, 1.000000000000000000 ) ) ;
#8380 = DIRECTION ( 'NONE',  ( 0.08452546101100089082, 0.000000000000000000, -0.9964213197442524095 ) ) ;
#8381 = ORIENTED_EDGE ( 'NONE', *, *, #5933, .T. ) ;
#8382 = FILL_AREA_STYLE ('',( #6802 ) ) ;
#8383 = FILL_AREA_STYLE_COLOUR ( '', #8138 ) ;
#8384 = STYLED_ITEM ( 'NONE', ( #3536 ), #1061 ) ;
#8385 = SURFACE_STYLE_USAGE ( .BOTH. , #9087 ) ;
#8386 =( NAMED_UNIT ( * ) PLANE_ANGLE_UNIT ( ) SI_UNIT ( $, .RADIAN. ) );
#8387 = EDGE_CURVE ( 'NONE', #7227, #7072, #7089, .T. ) ;
#8388 = AXIS2_PLACEMENT_3D ( 'NONE', #3072, #2419, #1537 ) ;
#8389 = DIRECTION ( 'NONE',  ( 1.000000000000000000, 0.000000000000000000, 0.000000000000000000 ) ) ;
#8390 = SURFACE_STYLE_FILL_AREA ( #5319 ) ;
#8391 = LINE ( 'NONE', #9092, #7576 ) ;
#8392 =( NAMED_UNIT ( * ) SI_UNIT ( $, .STERADIAN. ) SOLID_ANGLE_UNIT ( ) );
#8393 = ORIENTED_EDGE ( 'NONE', *, *, #4350, .F. ) ;
#8394 = COLOUR_RGB ( '',0.8313725490196077761, 0.8313725490196077761, 0.8313725490196077761 ) ;
#8395 = SURFACE_STYLE_FILL_AREA ( #9844 ) ;
#8396 = CARTESIAN_POINT ( 'NONE',  ( -1.545245070560124390, -2.321499329462848760, 1.682611968042592610 ) ) ;
#8397 = PRESENTATION_LAYER_ASSIGNMENT (  '', '', ( #5825 ) ) ;
#8398 = ORIENTED_EDGE ( 'NONE', *, *, #9671, .F. ) ;
#8399 = EDGE_CURVE ( 'NONE', #6679, #4883, #9823, .T. ) ;
#8400 = VERTEX_POINT ( 'NONE', #5089 ) ;
#8401 =( NAMED_UNIT ( * ) PLANE_ANGLE_UNIT ( ) SI_UNIT ( $, .RADIAN. ) );
#8402 =( LENGTH_UNIT ( ) NAMED_UNIT ( * ) SI_UNIT ( .MILLI., .METRE. ) );
#8403 = DIRECTION ( 'NONE',  ( -0.06975647374412553836, 0.000000000000000000, -0.9975640502598243087 ) ) ;
#8404 = CARTESIAN_POINT ( 'NONE',  ( -1.912162475304360232, 0.000000000000000000, 1.389999999999999902 ) ) ;
#8405 = FILL_AREA_STYLE_COLOUR ( '', #3683 ) ;
#8406 = CARTESIAN_POINT ( 'NONE',  ( -3.000000000000000000, -1.905000000000000027, 0.2105127985970459970 ) ) ;
#8407 = SURFACE_SIDE_STYLE ('',( #5985 ) ) ;
#8408 = AXIS2_PLACEMENT_3D ( 'NONE', #1635, #7811, #788 ) ;
#8409 = SURFACE_STYLE_USAGE ( .BOTH. , #9762 ) ;
#8410 = LINE ( 'NONE', #1474, #6310 ) ;
#8411 = UNCERTAINTY_MEASURE_WITH_UNIT (LENGTH_MEASURE( 1.000000000000000082E-05 ), #3290, 'distance_accuracy_value', 'NONE');
#8412 = DIRECTION ( 'NONE',  ( -1.859774145006951258E-17, -0.9945218953682735119, -0.1045284632676530545 ) ) ;
#8413 = MECHANICAL_DESIGN_GEOMETRIC_PRESENTATION_REPRESENTATION (  '', ( #7758 ), #5202 ) ;
#8414 = VERTEX_POINT ( 'NONE', #6634 ) ;
#8415 = ADVANCED_FACE ( 'NONE', ( #8212 ), #6734, .T. ) ;
#8416 = ORIENTED_EDGE ( 'NONE', *, *, #3172, .T. ) ;
#8417 = ORIENTED_EDGE ( 'NONE', *, *, #4513, .F. ) ;
#8418 = SURFACE_STYLE_FILL_AREA ( #6049 ) ;
#8419 = CARTESIAN_POINT ( 'NONE',  ( 1.802292627064890018, 0.000000000000000000, 0.09999999999999997780 ) ) ;
#8420 = AXIS2_PLACEMENT_3D ( 'NONE', #2550, #5685, #9541 ) ;
#8421 = UNCERTAINTY_MEASURE_WITH_UNIT (LENGTH_MEASURE( 1.000000000000000082E-05 ), #5172, 'distance_accuracy_value', 'NONE');
#8422 = VECTOR ( 'NONE', #2802, 1000.000000000000000 ) ;
#8423 = AXIS2_PLACEMENT_3D ( 'NONE', #3339, #7873, #6358 ) ;
#8424 = CARTESIAN_POINT ( 'NONE',  ( 1.950000000000003730, 0.000000000000000000, 1.030000000000000471 ) ) ;
#8425 = ORIENTED_EDGE ( 'NONE', *, *, #7077, .F. ) ;
#8426 = CIRCLE ( 'NONE', #6169, 0.1000000000000000472 ) ;
#8427 = CARTESIAN_POINT ( 'NONE',  ( 1.876672648650954844, 2.338986644132700299, 0.1663894696302017639 ) ) ;
#8428 = CARTESIAN_POINT ( 'NONE',  ( 1.949999403068537696, -2.370218527253804108, 0.8199943205765131138 ) ) ;
#8429 = CARTESIAN_POINT ( 'NONE',  ( 2.311663692532073267, 0.6350000000000000089, 0.8377503468123131958 ) ) ;
#8430 = FILL_AREA_STYLE_COLOUR ( '', #4833 ) ;
#8431 = UNCERTAINTY_MEASURE_WITH_UNIT (LENGTH_MEASURE( 1.000000000000000082E-05 ), #3797, 'distance_accuracy_value', 'NONE');
#8432 = CARTESIAN_POINT ( 'NONE',  ( -1.468615827805880292, -2.302292627064889796, 1.670000000000000151 ) ) ;
#8433 = ADVANCED_FACE ( 'NONE', ( #9105 ), #6982, .T. ) ;
#8434 = AXIS2_PLACEMENT_3D ( 'NONE', #7075, #7126, #3213 ) ;
#8435 = AXIS2_PLACEMENT_3D ( 'NONE', #9594, #3454, #2616 ) ;
#8436 = CARTESIAN_POINT ( 'NONE',  ( 1.189405335455050006, 0.6350000000000000089, 1.030000000000000027 ) ) ;
#8437 = DIRECTION ( 'NONE',  ( 0.9975640502598241977, 0.000000000000000000, -0.06975647374412552448 ) ) ;
#8438 = VERTEX_POINT ( 'NONE', #1678 ) ;
#8439 = VECTOR ( 'NONE', #4319, 1000.000000000000000 ) ;
#8440 = AXIS2_PLACEMENT_3D ( 'NONE', #1896, #8139, #4272 ) ;
#8441 = FILL_AREA_STYLE ('',( #7722 ) ) ;
#8442 = SURFACE_STYLE_FILL_AREA ( #9187 ) ;
#8443 = CARTESIAN_POINT ( 'NONE',  ( -0.1284999999999999754, 1.500999999999999890, 0.1000000000000010048 ) ) ;
#8444 = ADVANCED_FACE ( 'NONE', ( #2510 ), #323, .F. ) ;
#8445 = EDGE_LOOP ( 'NONE', ( #9824, #2196, #6478, #8654 ) ) ;
#8446 =( GEOMETRIC_REPRESENTATION_CONTEXT ( 3 ) GLOBAL_UNCERTAINTY_ASSIGNED_CONTEXT ( ( #8359 ) ) GLOBAL_UNIT_ASSIGNED_CONTEXT ( ( #1776, #8001, #2625 ) ) REPRESENTATION_CONTEXT ( 'NONE', 'WORKASPACE' ) );
#8447 = DIRECTION ( 'NONE',  ( 0.000000000000000000, 0.000000000000000000, 1.000000000000000000 ) ) ;
#8448 = VECTOR ( 'NONE', #2728, 999.9999999999998863 ) ;
#8449 = EDGE_LOOP ( 'NONE', ( #5248, #6865, #8005, #3622, #8610, #2583, #833, #8725, #9959, #2077, #4099, #9131 ) ) ;
#8450 = ORIENTED_EDGE ( 'NONE', *, *, #8838, .T. ) ;
#8451 =( NAMED_UNIT ( * ) PLANE_ANGLE_UNIT ( ) SI_UNIT ( $, .RADIAN. ) );
#8452 = PLANE ( 'NONE',  #5371 ) ;
#8453 = PRESENTATION_LAYER_ASSIGNMENT (  '', '', ( #5890 ) ) ;
#8454 = CARTESIAN_POINT ( 'NONE',  ( -2.361081698735099987, -1.649999999999999911, 0.2551903184968640215 ) ) ;
#8455 = CARTESIAN_POINT ( 'NONE',  ( -1.462500000000000133, -2.302292627064889796, 1.670000000000000151 ) ) ;
#8456 = AXIS2_PLACEMENT_3D ( 'NONE', #5453, #7956, #4991 ) ;
#8457 = PLANE ( 'NONE',  #3165 ) ;
#8458 =( NAMED_UNIT ( * ) SI_UNIT ( $, .STERADIAN. ) SOLID_ANGLE_UNIT ( ) );
#8459 = ADVANCED_FACE ( 'NONE', ( #4936 ), #1084, .F. ) ;
#8460 = UNCERTAINTY_MEASURE_WITH_UNIT (LENGTH_MEASURE( 1.000000000000000082E-05 ), #1204, 'distance_accuracy_value', 'NONE');
#8461 = ADVANCED_FACE ( 'NONE', ( #3158 ), #6272, .T. ) ;
#8462 = SURFACE_SIDE_STYLE ('',( #5394 ) ) ;
#8463 = CARTESIAN_POINT ( 'NONE',  ( 0.2285000000000000364, 0.000000000000000000, 0.3000000000000009881 ) ) ;
#8464 = COLOUR_RGB ( '',0.8313725490196077761, 0.8313725490196077761, 0.8313725490196077761 ) ;
#8465 = ORIENTED_EDGE ( 'NONE', *, *, #4732, .T. ) ;
#8466 = DIRECTION ( 'NONE',  ( 0.000000000000000000, -0.000000000000000000, 1.000000000000000000 ) ) ;
#8467 = AXIS2_PLACEMENT_3D ( 'NONE', #6867, #1464, #874 ) ;
#8468 = VERTEX_POINT ( 'NONE', #2058 ) ;
#8469 = DIRECTION ( 'NONE',  ( 0.9975640502598241977, 0.000000000000000000, 0.06975647374412552448 ) ) ;
#8470 = EDGE_LOOP ( 'NONE', ( #4163, #736, #7578, #5173 ) ) ;
#8471 = CARTESIAN_POINT ( 'NONE',  ( 1.189405335455050006, 2.160000000000000142, 0.8200000000000009504 ) ) ;
#8472 = LINE ( 'NONE', #940, #5080 ) ;
#8473 = DIRECTION ( 'NONE',  ( 0.000000000000000000, 0.000000000000000000, 1.000000000000000000 ) ) ;
#8474 = CARTESIAN_POINT ( 'NONE',  ( -1.521377130698047031, 2.336241368489416548, 1.722236224947833350 ) ) ;
#8475 = DIRECTION ( 'NONE',  ( -0.1039620511844980000, -0.1039620511844980000, 0.9891328443778539814 ) ) ;
#8476 = ORIENTED_EDGE ( 'NONE', *, *, #3088, .T. ) ;
#8477 = COLOUR_RGB ( '',0.2862745098039215508, 0.2862745098039215508, 0.2862745098039215508 ) ;
#8478 = LINE ( 'NONE', #3844, #5255 ) ;
#8479 = SURFACE_SIDE_STYLE ('',( #8680 ) ) ;
#8480 = FILL_AREA_STYLE_COLOUR ( '', #3995 ) ;
#8481 = FILL_AREA_STYLE_COLOUR ( '', #382 ) ;
#8482 = SURFACE_STYLE_USAGE ( .BOTH. , #3292 ) ;
#8483 =( NAMED_UNIT ( * ) PLANE_ANGLE_UNIT ( ) SI_UNIT ( $, .RADIAN. ) );
#8484 = CARTESIAN_POINT ( 'NONE',  ( -0.2285000000000000087, -1.145000000000000018, 0.3000000000000009881 ) ) ;
#8485 = CARTESIAN_POINT ( 'NONE',  ( 1.778333972310196298, -2.327900865654992657, 1.741904109608965356 ) ) ;
#8486 = ORIENTED_EDGE ( 'NONE', *, *, #9180, .T. ) ;
#8487 = FACE_OUTER_BOUND ( 'NONE', #5027, .T. ) ;
#8488 = AXIS2_PLACEMENT_3D ( 'NONE', #5719, #5768, #8018 ) ;
#8489 = LINE ( 'NONE', #4643, #9511 ) ;
#8490 = SURFACE_SIDE_STYLE ('',( #4489 ) ) ;
#8491 = DIRECTION ( 'NONE',  ( 0.000000000000000000, -1.000000000000000000, 0.000000000000000000 ) ) ;
#8492 =( NAMED_UNIT ( * ) SI_UNIT ( $, .STERADIAN. ) SOLID_ANGLE_UNIT ( ) );
#8493 = VERTEX_POINT ( 'NONE', #1134 ) ;
#8494 = SURFACE_STYLE_USAGE ( .BOTH. , #5475 ) ;
#8495 = SURFACE_STYLE_FILL_AREA ( #68 ) ;
#8496 = ORIENTED_EDGE ( 'NONE', *, *, #6726, .T. ) ;
#8497 = ORIENTED_EDGE ( 'NONE', *, *, #9897, .F. ) ;
#8498 = DIRECTION ( 'NONE',  ( 0.000000000000000000, 1.000000000000000000, 0.000000000000000000 ) ) ;
#8499 = EDGE_CURVE ( 'NONE', #4494, #2175, #374, .T. ) ;
#8500 = ORIENTED_EDGE ( 'NONE', *, *, #266, .T. ) ;
#8501 = LINE ( 'NONE', #5548, #1291 ) ;
#8502 =( NAMED_UNIT ( * ) PLANE_ANGLE_UNIT ( ) SI_UNIT ( $, .RADIAN. ) );
#8503 = CARTESIAN_POINT ( 'NONE',  ( -2.353481300512975771, -0.3800000000000000044, 0.3447869765509684603 ) ) ;
#8504 = PLANE ( 'NONE',  #5713 ) ;
#8505 = UNCERTAINTY_MEASURE_WITH_UNIT (LENGTH_MEASURE( 1.000000000000000082E-05 ), #4597, 'distance_accuracy_value', 'NONE');
#8506 = ORIENTED_EDGE ( 'NONE', *, *, #6056, .T. ) ;
#8507 = DIRECTION ( 'NONE',  ( -0.000000000000000000, 1.000000000000000000, -0.000000000000000000 ) ) ;
#8508 = STYLED_ITEM ( 'NONE', ( #9322 ), #427 ) ;
#8509 = ORIENTED_EDGE ( 'NONE', *, *, #4801, .T. ) ;
#8510 = FILL_AREA_STYLE ('',( #5448 ) ) ;
#8511 = ADVANCED_FACE ( 'NONE', ( #5747 ), #9640, .T. ) ;
#8512 = ORIENTED_EDGE ( 'NONE', *, *, #9155, .F. ) ;
#8513 = CARTESIAN_POINT ( 'NONE',  ( -2.167034018033049847, -0.6350000000000000089, 0.05824665557634479962 ) ) ;
#8514 = LINE ( 'NONE', #6934, #6770 ) ;
#8515 = DIRECTION ( 'NONE',  ( -0.1045284632676530545, 0.000000000000000000, -0.9945218953682735119 ) ) ;
#8516 = SURFACE_STYLE_USAGE ( .BOTH. , #9312 ) ;
#8517 = PRESENTATION_LAYER_ASSIGNMENT (  '', '', ( #4478 ) ) ;
#8518 = DIRECTION ( 'NONE',  ( 1.000000000000000000, 0.000000000000000000, -2.846725704167069772E-16 ) ) ;
#8519 = CYLINDRICAL_SURFACE ( 'NONE', #5204, 0.07999999999999998779 ) ;
#8520 = EDGE_CURVE ( 'NONE', #1920, #8826, #7632, .T. ) ;
#8521 = ORIENTED_EDGE ( 'NONE', *, *, #1269, .F. ) ;
#8522 = EDGE_CURVE ( 'NONE', #2862, #7334, #2989, .T. ) ;
#8523 = LINE ( 'NONE', #2374, #9261 ) ;
#8524 = LINE ( 'NONE', #2376, #6030 ) ;
#8525 =( NAMED_UNIT ( * ) PLANE_ANGLE_UNIT ( ) SI_UNIT ( $, .RADIAN. ) );
#8526 = SURFACE_STYLE_FILL_AREA ( #6945 ) ;
#8527 = VERTEX_POINT ( 'NONE', #9839 ) ;
#8528 =( NAMED_UNIT ( * ) SI_UNIT ( $, .STERADIAN. ) SOLID_ANGLE_UNIT ( ) );
#8529 = VECTOR ( 'NONE', #9389, 1000.000000000000000 ) ;
#8530 = CARTESIAN_POINT ( 'NONE',  ( 2.102415215385780023, 2.160000000000000142, 0.8200000000000009504 ) ) ;
#8531 = DIRECTION ( 'NONE',  ( 1.000000000000000000, 0.000000000000000000, 0.000000000000000000 ) ) ;
#8532 = UNCERTAINTY_MEASURE_WITH_UNIT (LENGTH_MEASURE( 1.000000000000000082E-05 ), #9429, 'distance_accuracy_value', 'NONE');
#8533 = SURFACE_SIDE_STYLE ('',( #908 ) ) ;
#8534 = VECTOR ( 'NONE', #226, 999.9999999999998863 ) ;
#8535 =( GEOMETRIC_REPRESENTATION_CONTEXT ( 3 ) GLOBAL_UNCERTAINTY_ASSIGNED_CONTEXT ( ( #1253 ) ) GLOBAL_UNIT_ASSIGNED_CONTEXT ( ( #2005, #4482, #2097 ) ) REPRESENTATION_CONTEXT ( 'NONE', 'WORKASPACE' ) );
#8536 = DIRECTION ( 'NONE',  ( -1.000000000000000000, 0.000000000000000000, 3.040008243693350015E-16 ) ) ;
#8537 = AXIS2_PLACEMENT_3D ( 'NONE', #8296, #7516, #9280 ) ;
#8538 = CARTESIAN_POINT ( 'NONE',  ( 1.877467758999769920, -2.327900865654993989, 1.660360619579862140 ) ) ;
#8539 = ORIENTED_EDGE ( 'NONE', *, *, #6547, .T. ) ;
#8540 = SURFACE_STYLE_FILL_AREA ( #1658 ) ;
#8541 = DIRECTION ( 'NONE',  ( 0.06975647374412553836, 0.000000000000000000, -0.9975640502598243087 ) ) ;
#8542 = SURFACE_STYLE_USAGE ( .BOTH. , #5469 ) ;
#8543 = DIRECTION ( 'NONE',  ( -0.000000000000000000, -0.000000000000000000, -1.000000000000000000 ) ) ;
#8544 = PRESENTATION_STYLE_ASSIGNMENT (( #3144 ) ) ;
#8545 = SURFACE_STYLE_USAGE ( .BOTH. , #2342 ) ;
#8546 = ORIENTED_EDGE ( 'NONE', *, *, #3012, .T. ) ;
#8547 =( LENGTH_UNIT ( ) NAMED_UNIT ( * ) SI_UNIT ( .MILLI., .METRE. ) );
#8548 = CARTESIAN_POINT ( 'NONE',  ( -1.524409163746803797, -2.442408178308086875, 1.625077686842624436 ) ) ;
#8549 = ORIENTED_EDGE ( 'NONE', *, *, #7981, .F. ) ;
#8550 = AXIS2_PLACEMENT_3D ( 'NONE', #4903, #7970, #4111 ) ;
#8551 = ORIENTED_EDGE ( 'NONE', *, *, #6031, .F. ) ;
#8552 = FACE_OUTER_BOUND ( 'NONE', #3992, .T. ) ;
#8553 = VERTEX_POINT ( 'NONE', #6024 ) ;
#8554 = CARTESIAN_POINT ( 'NONE',  ( -2.102415215385780023, 0.6350000000000000089, 1.030000000000000027 ) ) ;
#8555 = CYLINDRICAL_SURFACE ( 'NONE', #304, 0.1000000000000000472 ) ;
#8556 = FILL_AREA_STYLE ('',( #1621 ) ) ;
#8557 = UNCERTAINTY_MEASURE_WITH_UNIT (LENGTH_MEASURE( 1.000000000000000082E-05 ), #5286, 'distance_accuracy_value', 'NONE');
#8558 = SURFACE_STYLE_FILL_AREA ( #5490 ) ;
#8559 = CARTESIAN_POINT ( 'NONE',  ( -1.880153323855741077, -2.337171350119492175, 1.418532311308638327 ) ) ;
#8560 = EDGE_CURVE ( 'NONE', #1909, #4242, #8391, .T. ) ;
#8561 = ORIENTED_EDGE ( 'NONE', *, *, #9671, .T. ) ;
#8562 = PRESENTATION_LAYER_ASSIGNMENT (  '', '', ( #4017 ) ) ;
#8563 =( GEOMETRIC_REPRESENTATION_CONTEXT ( 3 ) GLOBAL_UNCERTAINTY_ASSIGNED_CONTEXT ( ( #9232 ) ) GLOBAL_UNIT_ASSIGNED_CONTEXT ( ( #3094, #1554, #4763 ) ) REPRESENTATION_CONTEXT ( 'NONE', 'WORKASPACE' ) );
#8564 = EDGE_LOOP ( 'NONE', ( #1687, #5934, #1023, #4795, #224 ) ) ;
#8565 = SURFACE_STYLE_FILL_AREA ( #7697 ) ;
#8566 =( LENGTH_UNIT ( ) NAMED_UNIT ( * ) SI_UNIT ( .MILLI., .METRE. ) );
#8567 =( NAMED_UNIT ( * ) PLANE_ANGLE_UNIT ( ) SI_UNIT ( $, .RADIAN. ) );
#8568 = CARTESIAN_POINT ( 'NONE',  ( -2.005945153285420446, -2.160000000000000142, 0.7150000000000019673 ) ) ;
#8569 =( GEOMETRIC_REPRESENTATION_CONTEXT ( 3 ) GLOBAL_UNCERTAINTY_ASSIGNED_CONTEXT ( ( #1651 ) ) GLOBAL_UNIT_ASSIGNED_CONTEXT ( ( #7405, #1947, #503 ) ) REPRESENTATION_CONTEXT ( 'NONE', 'WORKASPACE' ) );
#8570 = EDGE_CURVE ( 'NONE', #6869, #7706, #2389, .T. ) ;
#8571 =( GEOMETRIC_REPRESENTATION_CONTEXT ( 3 ) GLOBAL_UNCERTAINTY_ASSIGNED_CONTEXT ( ( #2332 ) ) GLOBAL_UNIT_ASSIGNED_CONTEXT ( ( #9460, #480, #4992 ) ) REPRESENTATION_CONTEXT ( 'NONE', 'WORKASPACE' ) );
#8572 = VECTOR ( 'NONE', #6047, 1000.000000000000000 ) ;
#8573 = CARTESIAN_POINT ( 'NONE',  ( -1.801300639614446419, -2.338986644132700299, 0.1043914680145907881 ) ) ;
#8574 = PLANE ( 'NONE',  #5193 ) ;
#8575 = ORIENTED_EDGE ( 'NONE', *, *, #1588, .T. ) ;
#8576 = CARTESIAN_POINT ( 'NONE',  ( 0.2285000000000000642, -1.145000000000000018, 0.3000000000000009881 ) ) ;
#8577 = STYLED_ITEM ( 'NONE', ( #1431 ), #5997 ) ;
#8578 = FILL_AREA_STYLE ('',( #3182 ) ) ;
#8579 = PLANE ( 'NONE',  #5988 ) ;
#8580 = EDGE_LOOP ( 'NONE', ( #8881, #2903, #781, #4934 ) ) ;
#8581 = CIRCLE ( 'NONE', #8908, 0.07999999999999998779 ) ;
#8582 = DIRECTION ( 'NONE',  ( 0.000000000000000000, 0.000000000000000000, 1.000000000000000000 ) ) ;
#8583 = FILL_AREA_STYLE ('',( #3087 ) ) ;
#8584 = AXIS2_PLACEMENT_3D ( 'NONE', #9453, #6983, #7739 ) ;
#8585 = ADVANCED_FACE ( 'NONE', ( #2106 ), #6168, .F. ) ;
#8586 = AXIS2_PLACEMENT_3D ( 'NONE', #312, #3352, #8815 ) ;
#8587 = DIRECTION ( 'NONE',  ( 0.000000000000000000, 0.000000000000000000, 1.000000000000000000 ) ) ;
#8588 =( GEOMETRIC_REPRESENTATION_CONTEXT ( 3 ) GLOBAL_UNCERTAINTY_ASSIGNED_CONTEXT ( ( #7589 ) ) GLOBAL_UNIT_ASSIGNED_CONTEXT ( ( #8871, #4253, #2260 ) ) REPRESENTATION_CONTEXT ( 'NONE', 'WORKASPACE' ) );
#8589 = FACE_OUTER_BOUND ( 'NONE', #5197, .T. ) ;
#8590 = ORIENTED_EDGE ( 'NONE', *, *, #7467, .F. ) ;
#8591 = CARTESIAN_POINT ( 'NONE',  ( -2.450781109342989872, 0.6350000000000000089, 0.2489179246798422784 ) ) ;
#8592 = VECTOR ( 'NONE', #4699, 1000.000000000000000 ) ;
#8593 = SURFACE_STYLE_USAGE ( .BOTH. , #1754 ) ;
#8594 = STYLED_ITEM ( 'NONE', ( #6161 ), #6230 ) ;
#8595 = LINE ( 'NONE', #4647, #5797 ) ;
#8596 = ORIENTED_EDGE ( 'NONE', *, *, #8023, .T. ) ;
#8597 = EDGE_CURVE ( 'NONE', #8527, #1111, #3526, .T. ) ;
#8598 = LINE ( 'NONE', #7992, #6662 ) ;
#8599 = AXIS2_PLACEMENT_3D ( 'NONE', #1983, #1233, #4300 ) ;
#8600 = CARTESIAN_POINT ( 'NONE',  ( -1.492920983025413761, -2.338417127732530520, 1.737113932095116109 ) ) ;
#8601 = CIRCLE ( 'NONE', #2275, 0.1050000000000000100 ) ;
#8602 = ORIENTED_EDGE ( 'NONE', *, *, #6537, .T. ) ;
#8603 = COLOUR_RGB ( '',0.2862745098039215508, 0.2862745098039215508, 0.2862745098039215508 ) ;
#8604 = AXIS2_PLACEMENT_3D ( 'NONE', #3342, #3548, #8186 ) ;
#8605 = VERTEX_POINT ( 'NONE', #2200 ) ;
#8606 = CARTESIAN_POINT ( 'NONE',  ( 1.881854378694349350, -2.302292627064889796, 0.1716377229385880887 ) ) ;
#8607 =( NAMED_UNIT ( * ) SI_UNIT ( $, .STERADIAN. ) SOLID_ANGLE_UNIT ( ) );
#8608 = DIRECTION ( 'NONE',  ( 1.000000000000000000, 0.000000000000000000, 0.000000000000000000 ) ) ;
#8610 = ORIENTED_EDGE ( 'NONE', *, *, #8165, .T. ) ;
#8609 = MECHANICAL_DESIGN_GEOMETRIC_PRESENTATION_REPRESENTATION (  '', ( #5229 ), #8780 ) ;
#8611 =( NAMED_UNIT ( * ) PLANE_ANGLE_UNIT ( ) SI_UNIT ( $, .RADIAN. ) );
#8612 = FILL_AREA_STYLE_COLOUR ( '', #948 ) ;
#8613 = AXIS2_PLACEMENT_3D ( 'NONE', #3102, #6968, #7783 ) ;
#8614 = COLOUR_RGB ( '',0.2862745098039215508, 0.2862745098039215508, 0.2862745098039215508 ) ;
#8615 = CARTESIAN_POINT ( 'NONE',  ( 1.949999999999999956, 0.000000000000000000, 0.1000000000000000056 ) ) ;
#8616 =( LENGTH_UNIT ( ) NAMED_UNIT ( * ) SI_UNIT ( .MILLI., .METRE. ) );
#8617 = STYLED_ITEM ( 'NONE', ( #2770 ), #3880 ) ;
#8618 = UNCERTAINTY_MEASURE_WITH_UNIT (LENGTH_MEASURE( 1.000000000000000082E-05 ), #2927, 'distance_accuracy_value', 'NONE');
#8619 = CARTESIAN_POINT ( 'NONE',  ( -2.353481300512973551, 1.905000000000000027, 0.3447869765509682938 ) ) ;
#8620 = ORIENTED_EDGE ( 'NONE', *, *, #1349, .F. ) ;
#8621 = MECHANICAL_DESIGN_GEOMETRIC_PRESENTATION_REPRESENTATION (  '', ( #234 ), #1669 ) ;
#8622 = ORIENTED_EDGE ( 'NONE', *, *, #1190, .T. ) ;
#8623 = DIRECTION ( 'NONE',  ( 0.000000000000000000, 0.000000000000000000, 1.000000000000000000 ) ) ;
#8624 =( LENGTH_UNIT ( ) NAMED_UNIT ( * ) SI_UNIT ( .MILLI., .METRE. ) );
#8625 = EDGE_CURVE ( 'NONE', #4881, #9341, #7742, .T. ) ;
#8626 = CARTESIAN_POINT ( 'NONE',  ( -2.346432839248831836, 1.649999999999999911, 0.04570186794230108457 ) ) ;
#8627 = CARTESIAN_POINT ( 'NONE',  ( -1.468615827805880292, -2.302292627064889796, 1.670000000000000151 ) ) ;
#8628 = CYLINDRICAL_SURFACE ( 'NONE', #4386, 0.07999999999999998779 ) ;
#8629 = AXIS2_PLACEMENT_3D ( 'NONE', #3387, #9575, #2646 ) ;
#8630 = ORIENTED_EDGE ( 'NONE', *, *, #943, .F. ) ;
#8631 = LINE ( 'NONE', #3287, #527 ) ;
#8632 = EDGE_CURVE ( 'NONE', #3676, #7119, #1926, .T. ) ;
#8633 = LINE ( 'NONE', #5459, #153 ) ;
#8634 = COLOUR_RGB ( '',0.8313725490196077761, 0.8313725490196077761, 0.8313725490196077761 ) ;
#8635 = SURFACE_STYLE_FILL_AREA ( #5573 ) ;
#8636 = FILL_AREA_STYLE ('',( #9278 ) ) ;
#8637 = FACE_OUTER_BOUND ( 'NONE', #6396, .T. ) ;
#8638 = SURFACE_STYLE_FILL_AREA ( #4800 ) ;
#8639 = CARTESIAN_POINT ( 'NONE',  ( -2.450781109342988540, -1.649999999999999911, 0.2489179246798423339 ) ) ;
#8640 = VECTOR ( 'NONE', #4792, 1000.000000000000000 ) ;
#8641 = CARTESIAN_POINT ( 'NONE',  ( -1.145000000000000018, 1.044999999999999929, 0.1000000000000011019 ) ) ;
#8642 = ORIENTED_EDGE ( 'NONE', *, *, #7753, .F. ) ;
#8643 =( NAMED_UNIT ( * ) SI_UNIT ( $, .STERADIAN. ) SOLID_ANGLE_UNIT ( ) );
#8644 = ADVANCED_FACE ( 'NONE', ( #1515 ), #5274, .T. ) ;
#8645 = DIRECTION ( 'NONE',  ( -0.7413137835818658372, 0.07015517768341965332, -0.6674819288308457832 ) ) ;
#8646 = ADVANCED_FACE ( 'NONE', ( #5471 ), #6256, .T. ) ;
#8647 =( NAMED_UNIT ( * ) SI_UNIT ( $, .STERADIAN. ) SOLID_ANGLE_UNIT ( ) );
#8648 = LINE ( 'NONE', #9437, #2775 ) ;
#8649 = LINE ( 'NONE', #4700, #8228 ) ;
#8650 = CARTESIAN_POINT ( 'NONE',  ( -1.189405335455050006, 2.160000000000000142, 0.8200000000000009504 ) ) ;
#8651 = ORIENTED_EDGE ( 'NONE', *, *, #7575, .F. ) ;
#8652 = LINE ( 'NONE', #8759, #4429 ) ;
#8653 =( BOUNDED_SURFACE ( )  B_SPLINE_SURFACE ( 3, 3, ( 
 ( #6275, #125, #3161, #1477 ),
 ( #8559, #1684, #4783, #2220 ),
 ( #3719, #1528, #4566, #6078 ),
 ( #6985, #3941, #7854, #3822 ) ),
 .UNSPECIFIED., .F., .F., .T. ) 
 B_SPLINE_SURFACE_WITH_KNOTS ( ( 4, 4 ),
 ( 4, 4 ),
 ( 0.000000000000000000, 1.000000000000000000 ),
 ( 0.000000000000000000, 1.000000000000000000 ),
 .UNSPECIFIED. ) 
 GEOMETRIC_REPRESENTATION_ITEM ( )  RATIONAL_B_SPLINE_SURFACE ( (
 ( 1.000000000000000000, 0.8267964380044555694, 0.8267964380044555694, 1.000000000000000000),
 ( 0.8248201132795669466, 0.6819583316539774565, 0.6819583316539774565, 0.8248201132795669466),
 ( 0.8248201132795669466, 0.6819583316539774565, 0.6819583316539774565, 0.8248201132795669466),
 ( 1.000000000000000000, 0.8267964380044555694, 0.8267964380044555694, 1.000000000000000000) ) ) 
 REPRESENTATION_ITEM ( '' )  SURFACE ( )  );
#8654 = ORIENTED_EDGE ( 'NONE', *, *, #3641, .F. ) ;
#8655 = VERTEX_POINT ( 'NONE', #7778 ) ;
#8656 = FILL_AREA_STYLE_COLOUR ( '', #48 ) ;
#8657 = EDGE_CURVE ( 'NONE', #59, #2173, #1451, .T. ) ;
#8658 = EDGE_CURVE ( 'NONE', #7355, #2704, #868, .T. ) ;
#8659 = CARTESIAN_POINT ( 'NONE',  ( -1.156017538955886659, 1.853984951630013311, 1.749999999999999778 ) ) ;
#8660 = CARTESIAN_POINT ( 'NONE',  ( -1.870218527253805219, 2.449999403068539472, 0.8199943205765131138 ) ) ;
#8661 = ORIENTED_EDGE ( 'NONE', *, *, #6431, .F. ) ;
#8662 = CARTESIAN_POINT ( 'NONE',  ( -2.450781109342988096, 0.3800000000000000044, 0.2489179246798427503 ) ) ;
#8663 = CARTESIAN_POINT ( 'NONE',  ( 2.102415215385780023, 0.6350000000000000089, 0.8200000000000019496 ) ) ;
#8664 =( NAMED_UNIT ( * ) SI_UNIT ( $, .STERADIAN. ) SOLID_ANGLE_UNIT ( ) );
#8665 = SURFACE_STYLE_FILL_AREA ( #4662 ) ;
#8666 = FACE_OUTER_BOUND ( 'NONE', #441, .T. ) ;
#8667 =( GEOMETRIC_REPRESENTATION_CONTEXT ( 3 ) GLOBAL_UNCERTAINTY_ASSIGNED_CONTEXT ( ( #5043 ) ) GLOBAL_UNIT_ASSIGNED_CONTEXT ( ( #6497, #6346, #5050 ) ) REPRESENTATION_CONTEXT ( 'NONE', 'WORKASPACE' ) );
#8668 = ORIENTED_EDGE ( 'NONE', *, *, #2373, .F. ) ;
#8669 = EDGE_LOOP ( 'NONE', ( #128, #4221, #5631, #443 ) ) ;
#8670 = LINE ( 'NONE', #4948, #6319 ) ;
#8671 = SURFACE_STYLE_FILL_AREA ( #5607 ) ;
#8672 = DIRECTION ( 'NONE',  ( 0.000000000000000000, -1.000000000000000000, 0.000000000000000000 ) ) ;
#8673 = SURFACE_SIDE_STYLE ('',( #6239 ) ) ;
#8674 = LINE ( 'NONE', #1045, #2119 ) ;
#8675 = AXIS2_PLACEMENT_3D ( 'NONE', #3080, #8475, #2326 ) ;
#8676 = LINE ( 'NONE', #7193, #9274 ) ;
#8677 = DIRECTION ( 'NONE',  ( 0.000000000000000000, 1.000000000000000000, 0.000000000000000000 ) ) ;
#8678 = ORIENTED_EDGE ( 'NONE', *, *, #8080, .T. ) ;
#8679 = SURFACE_STYLE_FILL_AREA ( #4109 ) ;
#8680 = SURFACE_STYLE_FILL_AREA ( #9367 ) ;
#8681 = CARTESIAN_POINT ( 'NONE',  ( 1.044999999999999929, 1.145000000000000018, 0.1000000000000009076 ) ) ;
#8682 = DIRECTION ( 'NONE',  ( 1.682156097916899890E-16, 0.000000000000000000, 1.000000000000000000 ) ) ;
#8683 =( NAMED_UNIT ( * ) SI_UNIT ( $, .STERADIAN. ) SOLID_ANGLE_UNIT ( ) );
#8684 = SURFACE_STYLE_USAGE ( .BOTH. , #6446 ) ;
#8685 =( NAMED_UNIT ( * ) SI_UNIT ( $, .STERADIAN. ) SOLID_ANGLE_UNIT ( ) );
#8686 = EDGE_CURVE ( 'NONE', #4670, #94, #9387, .T. ) ;
#8687 = PRESENTATION_LAYER_ASSIGNMENT (  '', '', ( #7376 ) ) ;
#8688 = ORIENTED_EDGE ( 'NONE', *, *, #4032, .F. ) ;
#8689 = COLOUR_RGB ( '',0.2862745098039215508, 0.2862745098039215508, 0.2862745098039215508 ) ;
#8690 =( NAMED_UNIT ( * ) PLANE_ANGLE_UNIT ( ) SI_UNIT ( $, .RADIAN. ) );
#8691 = FILL_AREA_STYLE ('',( #7984 ) ) ;
#8692 =( NAMED_UNIT ( * ) PLANE_ANGLE_UNIT ( ) SI_UNIT ( $, .RADIAN. ) );
#8693 = DIRECTION ( 'NONE',  ( 0.000000000000000000, 1.000000000000000000, -0.000000000000000000 ) ) ;
#8694 = CIRCLE ( 'NONE', #4994, 0.1000000000000000472 ) ;
#8695 = CARTESIAN_POINT ( 'NONE',  ( 2.110569391858571286, 0.8900000000000000133, 0.7238751734061578125 ) ) ;
#8696 = AXIS2_PLACEMENT_3D ( 'NONE', #3440, #9577, #6394 ) ;
#8697 = CARTESIAN_POINT ( 'NONE',  ( 2.102415215385780023, -0.8900000000000000133, 1.030000000000000471 ) ) ;
#8698 = AXIS2_PLACEMENT_3D ( 'NONE', #8242, #3605, #6711 ) ;
#8699 = ADVANCED_FACE ( 'NONE', ( #3861 ), #2483, .T. ) ;
#8700 = CARTESIAN_POINT ( 'NONE',  ( 1.802292627064890018, 2.302292627064889796, 0.1799999999999999933 ) ) ;
#8701 = CARTESIAN_POINT ( 'NONE',  ( 0.2285000000000000364, 0.000000000000000000, 0.3000000000000009326 ) ) ;
#8702 = EDGE_LOOP ( 'NONE', ( #4694, #976, #9690, #1667 ) ) ;
#8703 = CARTESIAN_POINT ( 'NONE',  ( 2.361081698735099987, -1.905000000000000027, 0.2551903184968640215 ) ) ;
#8704 = ORIENTED_EDGE ( 'NONE', *, *, #1853, .F. ) ;
#8705 = SURFACE_STYLE_FILL_AREA ( #1675 ) ;
#8706 = SURFACE_STYLE_USAGE ( .BOTH. , #7733 ) ;
#8707 = COLOUR_RGB ( '',0.2862745098039215508, 0.2862745098039215508, 0.2862745098039215508 ) ;
#8708 = VERTEX_POINT ( 'NONE', #1163 ) ;
#8709 = CARTESIAN_POINT ( 'NONE',  ( -1.845189659078864119, 2.345189659078863897, 0.1278493596512564612 ) ) ;
#8710 = COLOUR_RGB ( '',0.2862745098039215508, 0.2862745098039215508, 0.2862745098039215508 ) ;
#8711 = DIRECTION ( 'NONE',  ( 6.608470384673550038E-16, -0.000000000000000000, 1.000000000000000000 ) ) ;
#8712 = DIRECTION ( 'NONE',  ( -0.000000000000000000, -0.000000000000000000, -1.000000000000000000 ) ) ;
#8713 = UNCERTAINTY_MEASURE_WITH_UNIT (LENGTH_MEASURE( 1.000000000000000082E-05 ), #3211, 'distance_accuracy_value', 'NONE');
#8714 = EDGE_CURVE ( 'NONE', #9604, #3511, #3497, .T. ) ;
#8715 = EDGE_CURVE ( 'NONE', #3705, #8826, #6608, .T. ) ;
#8716 = MECHANICAL_DESIGN_GEOMETRIC_PRESENTATION_REPRESENTATION (  '', ( #977 ), #1139 ) ;
#8717 = VERTEX_POINT ( 'NONE', #2744 ) ;
#8718 = EDGE_LOOP ( 'NONE', ( #5903, #3202, #2183, #3070 ) ) ;
#8719 = MECHANICAL_DESIGN_GEOMETRIC_PRESENTATION_REPRESENTATION (  '', ( #5821 ), #2079 ) ;
#8720 =( NAMED_UNIT ( * ) SI_UNIT ( $, .STERADIAN. ) SOLID_ANGLE_UNIT ( ) );
#8721 = SURFACE_STYLE_USAGE ( .BOTH. , #2518 ) ;
#8722 = STYLED_ITEM ( 'NONE', ( #1810 ), #8699 ) ;
#8723 = PRESENTATION_STYLE_ASSIGNMENT (( #3075 ) ) ;
#8724 = AXIS2_PLACEMENT_3D ( 'NONE', #658, #7627, #3615 ) ;
#8725 = ORIENTED_EDGE ( 'NONE', *, *, #1107, .T. ) ;
#8726 = CARTESIAN_POINT ( 'NONE',  ( -1.734609301031338591, -2.436249167634576995, 0.1612527056571494144 ) ) ;
#8727 = MECHANICAL_DESIGN_GEOMETRIC_PRESENTATION_REPRESENTATION (  '', ( #649 ), #3031 ) ;
#8728 = CARTESIAN_POINT ( 'NONE',  ( -3.000000000000000000, -0.6350000000000000089, 0.000000000000000000 ) ) ;
#8729 = VERTEX_POINT ( 'NONE', #4969 ) ;
#8730 = DIRECTION ( 'NONE',  ( -0.000000000000000000, -1.000000000000000000, -0.000000000000000000 ) ) ;
#8731 = DIRECTION ( 'NONE',  ( 1.000000000000000000, 0.000000000000000000, 0.000000000000000000 ) ) ;
#8732 = LINE ( 'NONE', #2530, #2075 ) ;
#8733 = CARTESIAN_POINT ( 'NONE',  ( 1.881854378694351348, 2.302292627064889796, 0.1716377229385878944 ) ) ;
#8734 =( GEOMETRIC_REPRESENTATION_CONTEXT ( 3 ) GLOBAL_UNCERTAINTY_ASSIGNED_CONTEXT ( ( #8269 ) ) GLOBAL_UNIT_ASSIGNED_CONTEXT ( ( #2377, #2331, #196 ) ) REPRESENTATION_CONTEXT ( 'NONE', 'WORKASPACE' ) );
#8735 = DIRECTION ( 'NONE',  ( 0.9964213197442519654, 0.000000000000000000, 0.08452546101100746889 ) ) ;
#8736 = MECHANICAL_DESIGN_GEOMETRIC_PRESENTATION_REPRESENTATION (  '', ( #6461 ), #5191 ) ;
#8737 = DIRECTION ( 'NONE',  ( 0.08452546101100089082, 0.000000000000000000, 0.9964213197442524095 ) ) ;
#8738 =( NAMED_UNIT ( * ) PLANE_ANGLE_UNIT ( ) SI_UNIT ( $, .RADIAN. ) );
#8739 = MECHANICAL_DESIGN_GEOMETRIC_PRESENTATION_REPRESENTATION (  '', ( #3036 ), #6624 ) ;
#8740 =( NAMED_UNIT ( * ) PLANE_ANGLE_UNIT ( ) SI_UNIT ( $, .RADIAN. ) );
#8741 = FILL_AREA_STYLE ('',( #910 ) ) ;
#8742 = PRODUCT_DEFINITION_CONTEXT ( 'detailed design', #4274, 'design' ) ;
#8743 = VECTOR ( 'NONE', #2318, 1000.000000000000000 ) ;
#8744 = AXIS2_PLACEMENT_3D ( 'NONE', #5689, #3212, #9447 ) ;
#8745 =( GEOMETRIC_REPRESENTATION_CONTEXT ( 3 ) GLOBAL_UNCERTAINTY_ASSIGNED_CONTEXT ( ( #5187 ) ) GLOBAL_UNIT_ASSIGNED_CONTEXT ( ( #4420, #3477, #3634 ) ) REPRESENTATION_CONTEXT ( 'NONE', 'WORKASPACE' ) );
#8746 = FILL_AREA_STYLE_COLOUR ( '', #9242 ) ;
#8747 = CARTESIAN_POINT ( 'NONE',  ( -1.928793852439659950, 0.3800000000000000044, 1.030000000000000027 ) ) ;
#8748 = PRESENTATION_LAYER_ASSIGNMENT (  '', '', ( #6158 ) ) ;
#8749 = ADVANCED_FACE ( 'NONE', ( #8942 ), #1848, .F. ) ;
#8750 = MECHANICAL_DESIGN_GEOMETRIC_PRESENTATION_REPRESENTATION (  '', ( #678 ), #7280 ) ;
#8751 = DIRECTION ( 'NONE',  ( 0.000000000000000000, -0.000000000000000000, -1.000000000000000000 ) ) ;
#8752 = DIRECTION ( 'NONE',  ( 1.000000000000000000, 0.000000000000000000, 0.000000000000000000 ) ) ;
#8753 = CARTESIAN_POINT ( 'NONE',  ( 2.353481300512978436, 0.6350000000000000089, 0.3447869765509687379 ) ) ;
#8754 = FILL_AREA_STYLE ('',( #1950 ) ) ;
#8755 = AXIS2_PLACEMENT_3D ( 'NONE', #8093, #4927, #9304 ) ;
#8756 = ORIENTED_EDGE ( 'NONE', *, *, #6176, .T. ) ;
#8757 =( NAMED_UNIT ( * ) SI_UNIT ( $, .STERADIAN. ) SOLID_ANGLE_UNIT ( ) );
#8758 = VECTOR ( 'NONE', #1876, 1000.000000000000000 ) ;
#8759 = CARTESIAN_POINT ( 'NONE',  ( 1.189405335455050006, 1.905000000000000027, 0.8200000000000009504 ) ) ;
#8760 = VECTOR ( 'NONE', #6767, 1000.000000000000000 ) ;
#8761 = CARTESIAN_POINT ( 'NONE',  ( -2.167034018033049847, 0.6350000000000000089, 0.05824665557634479962 ) ) ;
#8762 = ORIENTED_EDGE ( 'NONE', *, *, #9897, .T. ) ;
#8763 = PRESENTATION_LAYER_ASSIGNMENT (  '', '', ( #525 ) ) ;
#8764 = CARTESIAN_POINT ( 'NONE',  ( -1.436932122683900026, 2.299294199122860149, 1.698528136230170071 ) ) ;
#8765 = ORIENTED_EDGE ( 'NONE', *, *, #2411, .T. ) ;
#8766 = SURFACE_STYLE_USAGE ( .BOTH. , #4776 ) ;
#8767 = VECTOR ( 'NONE', #3, 1000.000000000000000 ) ;
#8768 = CARTESIAN_POINT ( 'NONE',  ( 2.376389666031580195, -2.160000000000000142, 0.07473362777057840356 ) ) ;
#8769 = ORIENTED_EDGE ( 'NONE', *, *, #3762, .F. ) ;
#8770 = PRESENTATION_STYLE_ASSIGNMENT (( #3879 ) ) ;
#8771 = EDGE_CURVE ( 'NONE', #7596, #6046, #7502, .T. ) ;
#8772 =( LENGTH_UNIT ( ) NAMED_UNIT ( * ) SI_UNIT ( .MILLI., .METRE. ) );
#8773 = CARTESIAN_POINT ( 'NONE',  ( -1.801300639614445531, 2.338986644132699855, 0.1043914680145909130 ) ) ;
#8774 = AXIS2_PLACEMENT_3D ( 'NONE', #8920, #2027, #5131 ) ;
#8775 =( NAMED_UNIT ( * ) SI_UNIT ( $, .STERADIAN. ) SOLID_ANGLE_UNIT ( ) );
#8776 = SURFACE_STYLE_USAGE ( .BOTH. , #4940 ) ;
#8777 = COLOUR_RGB ( '',0.8313725490196077761, 0.8313725490196077761, 0.8313725490196077761 ) ;
#8778 = STYLED_ITEM ( 'NONE', ( #1128 ), #3250 ) ;
#8779 = EDGE_LOOP ( 'NONE', ( #622, #6032, #8509, #9660 ) ) ;
#8780 =( GEOMETRIC_REPRESENTATION_CONTEXT ( 3 ) GLOBAL_UNCERTAINTY_ASSIGNED_CONTEXT ( ( #6887 ) ) GLOBAL_UNIT_ASSIGNED_CONTEXT ( ( #5239, #1383, #303 ) ) REPRESENTATION_CONTEXT ( 'NONE', 'WORKASPACE' ) );
#8781 = ORIENTED_EDGE ( 'NONE', *, *, #5657, .T. ) ;
#8782 = SURFACE_STYLE_USAGE ( .BOTH. , #9755 ) ;
#8783 = DIRECTION ( 'NONE',  ( 0.08452546101100759379, 0.000000000000000000, 0.9964213197442519654 ) ) ;
#8784 = VECTOR ( 'NONE', #4399, 1000.000000000000227 ) ;
#8785 = FILL_AREA_STYLE ('',( #2718 ) ) ;
#8786 = ADVANCED_FACE ( 'NONE', ( #5200 ), #2872, .T. ) ;
#8787 = PRODUCT_DEFINITION_SHAPE ( 'NONE', 'NONE',  #1320 ) ;
#8788 = EDGE_CURVE ( 'NONE', #4369, #8527, #2036, .T. ) ;
#8789 = VECTOR ( 'NONE', #9529, 1000.000000000000114 ) ;
#8790 = LINE ( 'NONE', #391, #5192 ) ;
#8791 = UNCERTAINTY_MEASURE_WITH_UNIT (LENGTH_MEASURE( 1.000000000000000082E-05 ), #6884, 'distance_accuracy_value', 'NONE');
#8792 =( GEOMETRIC_REPRESENTATION_CONTEXT ( 3 ) GLOBAL_UNCERTAINTY_ASSIGNED_CONTEXT ( ( #6834 ) ) GLOBAL_UNIT_ASSIGNED_CONTEXT ( ( #6411, #8813, #8757 ) ) REPRESENTATION_CONTEXT ( 'NONE', 'WORKASPACE' ) );
#8793 = VERTEX_POINT ( 'NONE', #5253 ) ;
#8794 = DIRECTION ( 'NONE',  ( 1.000000000000000000, 0.000000000000000000, 0.000000000000000000 ) ) ;
#8795 = VECTOR ( 'NONE', #3956, 1000.000000000000000 ) ;
#8796 = ORIENTED_EDGE ( 'NONE', *, *, #4069, .F. ) ;
#8797 = CARTESIAN_POINT ( 'NONE',  ( -2.458105539086119951, -1.649999999999999911, 0.3536621499571240279 ) ) ;
#8798 = ADVANCED_FACE ( 'NONE', ( #1397 ), #551, .T. ) ;
#8799 = VERTEX_POINT ( 'NONE', #1733 ) ;
#8800 = VECTOR ( 'NONE', #1889, 1000.000000000000000 ) ;
#8801 = CIRCLE ( 'NONE', #2928, 0.1050000000000000100 ) ;
#8802 =( LENGTH_UNIT ( ) NAMED_UNIT ( * ) SI_UNIT ( .MILLI., .METRE. ) );
#8803 = CARTESIAN_POINT ( 'NONE',  ( 1.909916776902297331, -2.256608784186041827, 0.1259740260727437999 ) ) ;
#8804 = SURFACE_STYLE_FILL_AREA ( #5617 ) ;
#8805 = AXIS2_PLACEMENT_3D ( 'NONE', #7757, #9742, #5509 ) ;
#8806 = ORIENTED_EDGE ( 'NONE', *, *, #9683, .F. ) ;
#8807 = VECTOR ( 'NONE', #5736, 1000.000000000000000 ) ;
#8808 = CARTESIAN_POINT ( 'NONE',  ( 1.734609301031327044, 2.436249167634581436, 1.688747294342851202 ) ) ;
#8809 = CARTESIAN_POINT ( 'NONE',  ( 1.497079004158460234E-33, 0.000000000000000000, 0.3000000000000009881 ) ) ;
#8810 = CARTESIAN_POINT ( 'NONE',  ( 3.000000000000000444, 0.3799999999999998934, 0.2105127985970459970 ) ) ;
#8811 = ORIENTED_EDGE ( 'NONE', *, *, #9920, .F. ) ;
#8812 = CIRCLE ( 'NONE', #9589, 0.2100000000000000200 ) ;
#8813 =( NAMED_UNIT ( * ) PLANE_ANGLE_UNIT ( ) SI_UNIT ( $, .RADIAN. ) );
#8814 = DIRECTION ( 'NONE',  ( 0.000000000000000000, 0.000000000000000000, -1.000000000000000000 ) ) ;
#8815 = DIRECTION ( 'NONE',  ( 0.000000000000000000, 0.000000000000000000, 1.000000000000000000 ) ) ;
#8816 = VERTEX_POINT ( 'NONE', #6996 ) ;
#8817 = CYLINDRICAL_SURFACE ( 'NONE', #9898, 0.1000000000000000056 ) ;
#8818 = ORIENTED_EDGE ( 'NONE', *, *, #4825, .T. ) ;
#8819 = PLANE ( 'NONE',  #6973 ) ;
#8820 = CYLINDRICAL_SURFACE ( 'NONE', #6299, 0.1050000000000000655 ) ;
#8821 = FACE_OUTER_BOUND ( 'NONE', #8580, .T. ) ;
#8822 = ORIENTED_EDGE ( 'NONE', *, *, #9070, .F. ) ;
#8823 = CARTESIAN_POINT ( 'NONE',  ( -1.949872071855467848, -2.416878544047198041, 1.032432000067761813 ) ) ;
#8824 = LINE ( 'NONE', #4244, #2265 ) ;
#8825 = PLANE ( 'NONE',  #3153 ) ;
#8826 = VERTEX_POINT ( 'NONE', #5609 ) ;
#8827 = ADVANCED_FACE ( 'NONE', ( #4832 ), #7859, .F. ) ;
#8828 = VERTEX_POINT ( 'NONE', #89 ) ;
#8829 = LINE ( 'NONE', #9705, #7163 ) ;
#8830 =( NAMED_UNIT ( * ) PLANE_ANGLE_UNIT ( ) SI_UNIT ( $, .RADIAN. ) );
#8831 = CARTESIAN_POINT ( 'NONE',  ( 1.882647879984864048, 2.301685890579379556, 1.727123466126627704 ) ) ;
#8832 = VERTEX_POINT ( 'NONE', #3835 ) ;
#8833 = ADVANCED_FACE ( 'NONE', ( #3123 ), #7045, .F. ) ;
#8834 = DIRECTION ( 'NONE',  ( -0.000000000000000000, 0.000000000000000000, 1.000000000000000000 ) ) ;
#8835 = ORIENTED_EDGE ( 'NONE', *, *, #9782, .F. ) ;
#8836 = CARTESIAN_POINT ( 'NONE',  ( 0.1284999999999999754, -1.500999999999999890, 0.1000000000000009909 ) ) ;
#8837 = LINE ( 'NONE', #5188, #9887 ) ;
#8838 = EDGE_CURVE ( 'NONE', #4883, #7139, #8790, .T. ) ;
#8839 = ADVANCED_FACE ( 'NONE', ( #4889 ), #2741, .T. ) ;
#8840 = FACE_OUTER_BOUND ( 'NONE', #6343, .T. ) ;
#8841 = VERTEX_POINT ( 'NONE', #7587 ) ;
#8842 = ORIENTED_EDGE ( 'NONE', *, *, #3103, .F. ) ;
#8843 = PRESENTATION_LAYER_ASSIGNMENT (  '', '', ( #6541 ) ) ;
#8844 = FILL_AREA_STYLE_COLOUR ( '', #3812 ) ;
#8845 = CARTESIAN_POINT ( 'NONE',  ( 1.734609301031327044, -2.436249167634577439, 1.688747294342852312 ) ) ;
#8846 = CARTESIAN_POINT ( 'NONE',  ( -1.845189659078864564, -2.345189659078864342, 0.1278493596512573216 ) ) ;
#8847 = CARTESIAN_POINT ( 'NONE',  ( 1.845189659078856126, 2.345189659078863009, 1.722150640348744988 ) ) ;
#8848 = CARTESIAN_POINT ( 'NONE',  ( -2.458105539086119951, 2.160000000000000142, 0.3536621499571240279 ) ) ;
#8849 = CARTESIAN_POINT ( 'NONE',  ( -2.005945153285420446, -1.649999999999999911, 0.7150000000000019673 ) ) ;
#8850 = CARTESIAN_POINT ( 'NONE',  ( 2.361081698735099987, 1.649999999999999911, 0.2551903184968640215 ) ) ;
#8851 = EDGE_LOOP ( 'NONE', ( #2546, #9024, #4708, #467, #8057, #1318, #9069, #7637, #2805, #3201, #7528, #9512 ) ) ;
#8852 = PRESENTATION_LAYER_ASSIGNMENT (  '', '', ( #2837 ) ) ;
#8853 = FILL_AREA_STYLE_COLOUR ( '', #4368 ) ;
#8854 = ORIENTED_EDGE ( 'NONE', *, *, #4497, .F. ) ;
#8855 =( LENGTH_UNIT ( ) NAMED_UNIT ( * ) SI_UNIT ( .MILLI., .METRE. ) );
#8856 = ORIENTED_EDGE ( 'NONE', *, *, #9682, .F. ) ;
#8857 =( GEOMETRIC_REPRESENTATION_CONTEXT ( 3 ) GLOBAL_UNCERTAINTY_ASSIGNED_CONTEXT ( ( #1881 ) ) GLOBAL_UNIT_ASSIGNED_CONTEXT ( ( #7371, #1965, #5171 ) ) REPRESENTATION_CONTEXT ( 'NONE', 'WORKASPACE' ) );
#8858 = VECTOR ( 'NONE', #7315, 1000.000000000000000 ) ;
#8859 =( LENGTH_UNIT ( ) NAMED_UNIT ( * ) SI_UNIT ( .MILLI., .METRE. ) );
#8860 = DIRECTION ( 'NONE',  ( -1.000000000000000000, 0.000000000000000000, -0.000000000000000000 ) ) ;
#8861 = VERTEX_POINT ( 'NONE', #1473 ) ;
#8862 = DIRECTION ( 'NONE',  ( -0.000000000000000000, 1.000000000000000000, -0.000000000000000000 ) ) ;
#8863 = AXIS2_PLACEMENT_3D ( 'NONE', #5732, #9202, #7112 ) ;
#8864 = CARTESIAN_POINT ( 'NONE',  ( -1.865091647517192586, 2.345189659078863897, 0.1442199397528927673 ) ) ;
#8865 = DIRECTION ( 'NONE',  ( -3.399335654088050097E-16, -1.000000000000000000, 0.000000000000000000 ) ) ;
#8866 = VECTOR ( 'NONE', #9226, 999.9999999999998863 ) ;
#8867 = VERTEX_POINT ( 'NONE', #5942 ) ;
#8868 = VECTOR ( 'NONE', #9125, 1000.000000000000000 ) ;
#8869 = ORIENTED_EDGE ( 'NONE', *, *, #5884, .F. ) ;
#8870 =( LENGTH_UNIT ( ) NAMED_UNIT ( * ) SI_UNIT ( .MILLI., .METRE. ) );
#8871 =( LENGTH_UNIT ( ) NAMED_UNIT ( * ) SI_UNIT ( .MILLI., .METRE. ) );
#8872 = CYLINDRICAL_SURFACE ( 'NONE', #9826, 0.1000000000000000472 ) ;
#8873 =( GEOMETRIC_REPRESENTATION_CONTEXT ( 3 ) GLOBAL_UNCERTAINTY_ASSIGNED_CONTEXT ( ( #2828 ) ) GLOBAL_UNIT_ASSIGNED_CONTEXT ( ( #7396, #6496, #6442 ) ) REPRESENTATION_CONTEXT ( 'NONE', 'WORKASPACE' ) );
#8874 = FILL_AREA_STYLE_COLOUR ( '', #3907 ) ;
#8875 =( LENGTH_UNIT ( ) NAMED_UNIT ( * ) SI_UNIT ( .MILLI., .METRE. ) );
#8876 = EDGE_CURVE ( 'NONE', #6967, #4206, #7382, .T. ) ;
#8877 = UNCERTAINTY_MEASURE_WITH_UNIT (LENGTH_MEASURE( 1.000000000000000082E-05 ), #6165, 'distance_accuracy_value', 'NONE');
#8878 = ORIENTED_EDGE ( 'NONE', *, *, #2256, .F. ) ;
#8879 =( NAMED_UNIT ( * ) SI_UNIT ( $, .STERADIAN. ) SOLID_ANGLE_UNIT ( ) );
#8880 = VECTOR ( 'NONE', #8672, 1000.000000000000000 ) ;
#8881 = ORIENTED_EDGE ( 'NONE', *, *, #1853, .T. ) ;
#8882 = PRESENTATION_LAYER_ASSIGNMENT (  '', '', ( #4013 ) ) ;
#8883 = EDGE_CURVE ( 'NONE', #6918, #936, #2772, .T. ) ;
#8884 = CARTESIAN_POINT ( 'NONE',  ( -1.189405335455050228, -0.6350000000000000089, 0.8200000000000009504 ) ) ;
#8885 =( GEOMETRIC_REPRESENTATION_CONTEXT ( 3 ) GLOBAL_UNCERTAINTY_ASSIGNED_CONTEXT ( ( #5205 ) ) GLOBAL_UNIT_ASSIGNED_CONTEXT ( ( #5982, #7429, #6687 ) ) REPRESENTATION_CONTEXT ( 'NONE', 'WORKASPACE' ) );
#8886 = SURFACE_SIDE_STYLE ('',( #5814 ) ) ;
#8887 = MECHANICAL_DESIGN_GEOMETRIC_PRESENTATION_REPRESENTATION (  '', ( #5832 ), #5032 ) ;
#8888 = ORIENTED_EDGE ( 'NONE', *, *, #1588, .F. ) ;
#8889 = VECTOR ( 'NONE', #7708, 1000.000000000000000 ) ;
#8890 = FACE_OUTER_BOUND ( 'NONE', #2965, .T. ) ;
#8891 = SURFACE_STYLE_FILL_AREA ( #9623 ) ;
#8892 = PRESENTATION_LAYER_ASSIGNMENT (  '', '', ( #9201 ) ) ;
#8893 = CARTESIAN_POINT ( 'NONE',  ( -2.458105539086119951, -0.6350000000000000089, 0.3536621499571240279 ) ) ;
#8894 = ADVANCED_FACE ( 'NONE', ( #2121 ), #6075, .T. ) ;
#8895 =( NAMED_UNIT ( * ) PLANE_ANGLE_UNIT ( ) SI_UNIT ( $, .RADIAN. ) );
#8896 = CARTESIAN_POINT ( 'NONE',  ( -0.2285000000000000364, -1.401000000000000023, 0.1000000000000006994 ) ) ;
#8897 = VERTEX_POINT ( 'NONE', #6363 ) ;
#8898 =( GEOMETRIC_REPRESENTATION_CONTEXT ( 3 ) GLOBAL_UNCERTAINTY_ASSIGNED_CONTEXT ( ( #9314 ) ) GLOBAL_UNIT_ASSIGNED_CONTEXT ( ( #5664, #4107, #4151 ) ) REPRESENTATION_CONTEXT ( 'NONE', 'WORKASPACE' ) );
#8899 = CARTESIAN_POINT ( 'NONE',  ( 1.845189659078854572, -2.345189659078863453, 1.722150640348743877 ) ) ;
#8900 = EDGE_LOOP ( 'NONE', ( #8416, #5783, #2344, #191 ) ) ;
#8901 = LINE ( 'NONE', #5075, #1021 ) ;
#8902 = CARTESIAN_POINT ( 'NONE',  ( 2.005945153285420446, -0.6350000000000000089, 0.7150000000000019673 ) ) ;
#8903 = FACE_OUTER_BOUND ( 'NONE', #6574, .T. ) ;
#8904 = VERTEX_POINT ( 'NONE', #729 ) ;
#8905 = CARTESIAN_POINT ( 'NONE',  ( -1.825287670640535209, 2.345189659078864342, 0.1114787795496205297 ) ) ;
#8906 = CIRCLE ( 'NONE', #4873, 0.2100000000000000755 ) ;
#8907 = DIRECTION ( 'NONE',  ( -0.1537578504548340608, -0.8922426494788284757, 0.4245722292784931406 ) ) ;
#8908 = AXIS2_PLACEMENT_3D ( 'NONE', #1485, #3068, #6191 ) ;
#8909 = FACE_OUTER_BOUND ( 'NONE', #7390, .T. ) ;
#8910 = ORIENTED_EDGE ( 'NONE', *, *, #1774, .F. ) ;
#8911 = COLOUR_RGB ( '',0.8313725490196077761, 0.8313725490196077761, 0.8313725490196077761 ) ;
#8912 = AXIS2_PLACEMENT_3D ( 'NONE', #6775, #9934, #9850 ) ;
#8913 = ORIENTED_EDGE ( 'NONE', *, *, #8876, .F. ) ;
#8914 = SURFACE_SIDE_STYLE ('',( #5799 ) ) ;
#8915 = SURFACE_STYLE_USAGE ( .BOTH. , #8170 ) ;
#8916 = CARTESIAN_POINT ( 'NONE',  ( 1.822058643589068216, 2.219552563675410983, 1.795060924875080177 ) ) ;
#8917 = COLOUR_RGB ( '',0.2862745098039215508, 0.2862745098039215508, 0.2862745098039215508 ) ;
#8918 = CARTESIAN_POINT ( 'NONE',  ( -2.151833221588806300, 2.160000000000000142, 0.2374399716845529695 ) ) ;
#8919 = CARTESIAN_POINT ( 'NONE',  ( 1.044999999999999929, 1.145000000000000018, 0.1000000000000010048 ) ) ;
#8920 = CARTESIAN_POINT ( 'NONE',  ( 1.928793852439659950, -1.649999999999999911, 0.7114753820237430526 ) ) ;
#8921 = PRESENTATION_LAYER_ASSIGNMENT (  '', '', ( #3709 ) ) ;
#8922 = AXIS2_PLACEMENT_3D ( 'NONE', #2541, #2447, #155 ) ;
#8923 = DIRECTION ( 'NONE',  ( -0.000000000000000000, 1.000000000000000000, -0.000000000000000000 ) ) ;
#8924 = PRESENTATION_LAYER_ASSIGNMENT (  '', '', ( #6333 ) ) ;
#8925 = VECTOR ( 'NONE', #8357, 1000.000000000000000 ) ;
#8926 = ORIENTED_EDGE ( 'NONE', *, *, #2534, .T. ) ;
#8927 = MECHANICAL_DESIGN_GEOMETRIC_PRESENTATION_REPRESENTATION (  '', ( #4731 ), #3071 ) ;
#8928 = PRESENTATION_STYLE_ASSIGNMENT (( #2820 ) ) ;
#8929 = EDGE_CURVE ( 'NONE', #7806, #1327, #6587, .T. ) ;
#8930 = ORIENTED_EDGE ( 'NONE', *, *, #7026, .T. ) ;
#8931 = COLOUR_RGB ( '',0.8313725490196077761, 0.8313725490196077761, 0.8313725490196077761 ) ;
#8932 = SURFACE_SIDE_STYLE ('',( #5863 ) ) ;
#8933 =( LENGTH_UNIT ( ) NAMED_UNIT ( * ) SI_UNIT ( .MILLI., .METRE. ) );
#8934 = UNCERTAINTY_MEASURE_WITH_UNIT (LENGTH_MEASURE( 1.000000000000000082E-05 ), #3967, 'distance_accuracy_value', 'NONE');
#8935 = ADVANCED_FACE ( 'NONE', ( #4970 ), #8457, .F. ) ;
#8936 = ORIENTED_EDGE ( 'NONE', *, *, #252, .F. ) ;
#8937 = CARTESIAN_POINT ( 'NONE',  ( -1.804822797260259959, 2.304822797260260181, 0.2040729613699560352 ) ) ;
#8938 = FACE_OUTER_BOUND ( 'NONE', #1815, .T. ) ;
#8939 = COLOUR_RGB ( '',0.2862745098039215508, 0.2862745098039215508, 0.2862745098039215508 ) ;
#8940 = FILL_AREA_STYLE ('',( #2002 ) ) ;
#8941 =( LENGTH_UNIT ( ) NAMED_UNIT ( * ) SI_UNIT ( .MILLI., .METRE. ) );
#8942 = FACE_OUTER_BOUND ( 'NONE', #3237, .T. ) ;
#8943 = CARTESIAN_POINT ( 'NONE',  ( 2.353481300512973995, -1.649999999999999911, 0.3447869765509687934 ) ) ;
#8944 = UNCERTAINTY_MEASURE_WITH_UNIT (LENGTH_MEASURE( 1.000000000000000082E-05 ), #9446, 'distance_accuracy_value', 'NONE');
#8945 = AXIS2_PLACEMENT_3D ( 'NONE', #7546, #3638, #7602 ) ;
#8946 = VECTOR ( 'NONE', #2659, 1000.000000000000227 ) ;
#8947 =( NAMED_UNIT ( * ) PLANE_ANGLE_UNIT ( ) SI_UNIT ( $, .RADIAN. ) );
#8948 = EDGE_CURVE ( 'NONE', #6827, #3465, #6313, .T. ) ;
#8949 = EDGE_CURVE ( 'NONE', #7495, #2223, #776, .T. ) ;
#8950 = SURFACE_SIDE_STYLE ('',( #422 ) ) ;
#8951 = SURFACE_STYLE_USAGE ( .BOTH. , #5076 ) ;
#8952 = LINE ( 'NONE', #7415, #5383 ) ;
#8953 = STYLED_ITEM ( 'NONE', ( #7267 ), #7392 ) ;
#8954 = ORIENTED_EDGE ( 'NONE', *, *, #2787, .T. ) ;
#8955 = FILL_AREA_STYLE ('',( #9037 ) ) ;
#8956 = PRESENTATION_LAYER_ASSIGNMENT (  '', '', ( #248 ) ) ;
#8957 = LINE ( 'NONE', #7418, #4153 ) ;
#8958 =( NAMED_UNIT ( * ) PLANE_ANGLE_UNIT ( ) SI_UNIT ( $, .RADIAN. ) );
#8959 = FILL_AREA_STYLE_COLOUR ( '', #8311 ) ;
#8960 =( GEOMETRIC_REPRESENTATION_CONTEXT ( 3 ) GLOBAL_UNCERTAINTY_ASSIGNED_CONTEXT ( ( #9348 ) ) GLOBAL_UNIT_ASSIGNED_CONTEXT ( ( #9466, #8016, #4004 ) ) REPRESENTATION_CONTEXT ( 'NONE', 'WORKASPACE' ) );
#8961 = ORIENTED_EDGE ( 'NONE', *, *, #5014, .T. ) ;
#8962 = EDGE_CURVE ( 'NONE', #1172, #1767, #9800, .T. ) ;
#8963 =( GEOMETRIC_REPRESENTATION_CONTEXT ( 3 ) GLOBAL_UNCERTAINTY_ASSIGNED_CONTEXT ( ( #7852 ) ) GLOBAL_UNIT_ASSIGNED_CONTEXT ( ( #4679, #4626, #9162 ) ) REPRESENTATION_CONTEXT ( 'NONE', 'WORKASPACE' ) );
#8964 = EDGE_CURVE ( 'NONE', #1468, #3265, #956, .T. ) ;
#8965 = CARTESIAN_POINT ( 'NONE',  ( 0.2285000000000000364, 1.145000000000000018, 0.1000000000000010048 ) ) ;
#8966 = CARTESIAN_POINT ( 'NONE',  ( 2.361081698735099987, 0.8900000000000000133, 0.2551903184968640215 ) ) ;
#8967 = CARTESIAN_POINT ( 'NONE',  ( -2.005945153285420446, -1.905000000000000027, 0.7150000000000019673 ) ) ;
#8968 = SURFACE_STYLE_USAGE ( .BOTH. , #6736 ) ;
#8969 = CARTESIAN_POINT ( 'NONE',  ( -1.802292627064890018, -2.302292627064889796, 0.1800000000000009925 ) ) ;
#8970 = PLANE ( 'NONE',  #8774 ) ;
#8971 = UNCERTAINTY_MEASURE_WITH_UNIT (LENGTH_MEASURE( 1.000000000000000082E-05 ), #1780, 'distance_accuracy_value', 'NONE');
#8972 = ORIENTED_EDGE ( 'NONE', *, *, #8715, .F. ) ;
#8973 =( BOUNDED_CURVE ( )  B_SPLINE_CURVE ( 3, ( #1887, #9519, #5002, #8070 ),
 .UNSPECIFIED., .F., .F. ) 
 B_SPLINE_CURVE_WITH_KNOTS ( ( 4, 4 ),
 ( 2.358929794881203357, 3.924255512298392645 ),
 .UNSPECIFIED. ) 
 CURVE ( )  GEOMETRIC_REPRESENTATION_ITEM ( )  RATIONAL_B_SPLINE_CURVE ( ( 1.000000000000000000, 0.8060255240148341827, 0.8060255240148341827, 1.000000000000000000 ) ) 
 REPRESENTATION_ITEM ( '' )  );
#8974 = VERTEX_POINT ( 'NONE', #3820 ) ;
#8975 = DIRECTION ( 'NONE',  ( 0.000000000000000000, 0.000000000000000000, 1.000000000000000000 ) ) ;
#8976 = ITEM_DEFINED_TRANSFORMATION ( 'NONE', 'NONE', #8488,  #7071 ) ;
#8977 = CARTESIAN_POINT ( 'NONE',  ( 1.845189659078864786, 2.345189659078863897, 0.1278493596512553510 ) ) ;
#8978 = SURFACE_STYLE_USAGE ( .BOTH. , #7448 ) ;
#8979 = SURFACE_STYLE_USAGE ( .BOTH. , #2785 ) ;
#8980 = CARTESIAN_POINT ( 'NONE',  ( 1.876672648650955733, -2.338986644132700299, 0.1663894696302034848 ) ) ;
#8981 = ORIENTED_EDGE ( 'NONE', *, *, #266, .F. ) ;
#8982 = DIRECTION ( 'NONE',  ( -0.000000000000000000, 1.000000000000000000, -0.000000000000000000 ) ) ;
#8983 =( NAMED_UNIT ( * ) PLANE_ANGLE_UNIT ( ) SI_UNIT ( $, .RADIAN. ) );
#8984 = FILL_AREA_STYLE_COLOUR ( '', #9556 ) ;
#8985 = PRESENTATION_STYLE_ASSIGNMENT (( #9737 ) ) ;
#8986 = EDGE_CURVE ( 'NONE', #7423, #4097, #1579, .T. ) ;
#8987 =( GEOMETRIC_REPRESENTATION_CONTEXT ( 3 ) GLOBAL_UNCERTAINTY_ASSIGNED_CONTEXT ( ( #7619 ) ) GLOBAL_UNIT_ASSIGNED_CONTEXT ( ( #9968, #3909, #2244 ) ) REPRESENTATION_CONTEXT ( 'NONE', 'WORKASPACE' ) );
#8988 = DIRECTION ( 'NONE',  ( -0.1039620511845025519, 0.1039620511844972783, 0.9891328443778534263 ) ) ;
#8989 = FACE_OUTER_BOUND ( 'NONE', #4668, .T. ) ;
#8990 = SURFACE_SIDE_STYLE ('',( #3130 ) ) ;
#8991 = DIRECTION ( 'NONE',  ( 0.000000000000000000, 0.000000000000000000, 1.000000000000000000 ) ) ;
#8992 = STYLED_ITEM ( 'NONE', ( #5148 ), #563 ) ;
#8993 = FILL_AREA_STYLE_COLOUR ( '', #9950 ) ;
#8994 = EDGE_CURVE ( 'NONE', #1294, #3721, #6096, .T. ) ;
#8995 = DIRECTION ( 'NONE',  ( -0.9975640502598241977, 0.000000000000000000, 0.06975647374412552448 ) ) ;
#8996 = EDGE_LOOP ( 'NONE', ( #7572, #9484, #3207, #2227 ) ) ;
#8997 = ORIENTED_EDGE ( 'NONE', *, *, #4642, .F. ) ;
#8998 = SURFACE_STYLE_FILL_AREA ( #1143 ) ;
#8999 = CARTESIAN_POINT ( 'NONE',  ( -1.189405335455050228, 2.160000000000000142, 0.8200000000000009504 ) ) ;
#9000 = DIRECTION ( 'NONE',  ( 0.000000000000000000, 0.000000000000000000, 1.000000000000000000 ) ) ;
#9001 = EDGE_CURVE ( 'NONE', #9899, #5828, #2449, .T. ) ;
#9002 = CIRCLE ( 'NONE', #2064, 0.08000000000000000167 ) ;
#9003 = COLOUR_RGB ( '',0.8313725490196077761, 0.8313725490196077761, 0.8313725490196077761 ) ;
#9004 =( GEOMETRIC_REPRESENTATION_CONTEXT ( 3 ) GLOBAL_UNCERTAINTY_ASSIGNED_CONTEXT ( ( #7410 ) ) GLOBAL_UNIT_ASSIGNED_CONTEXT ( ( #959, #6551, #8685 ) ) REPRESENTATION_CONTEXT ( 'NONE', 'WORKASPACE' ) );
#9005 = PRESENTATION_STYLE_ASSIGNMENT (( #8320 ) ) ;
#9006 =( NAMED_UNIT ( * ) SI_UNIT ( $, .STERADIAN. ) SOLID_ANGLE_UNIT ( ) );
#9007 = STYLED_ITEM ( 'NONE', ( #9473 ), #9270 ) ;
#9008 = ORIENTED_EDGE ( 'NONE', *, *, #7499, .F. ) ;
#9009 = SURFACE_STYLE_USAGE ( .BOTH. , #2676 ) ;
#9010 = VERTEX_POINT ( 'NONE', #8695 ) ;
#9011 = VERTEX_POINT ( 'NONE', #262 ) ;
#9012 = SURFACE_SIDE_STYLE ('',( #5949 ) ) ;
#9013 = CONTEXT_DEPENDENT_SHAPE_REPRESENTATION ( #2709, #1510 ) ;
#9014 = FILL_AREA_STYLE_COLOUR ( '', #2291 ) ;
#9015 = COLOUR_RGB ( '',0.2862745098039215508, 0.2862745098039215508, 0.2862745098039215508 ) ;
#9016 = PRESENTATION_STYLE_ASSIGNMENT (( #5954 ) ) ;
#9017 = FILL_AREA_STYLE_COLOUR ( '', #76 ) ;
#9018 = PLANE ( 'NONE',  #5460 ) ;
#9019 = UNCERTAINTY_MEASURE_WITH_UNIT (LENGTH_MEASURE( 1.000000000000000082E-05 ), #4146, 'distance_accuracy_value', 'NONE');
#9020 = PRESENTATION_LAYER_ASSIGNMENT (  '', '', ( #2226 ) ) ;
#9021 =( BOUNDED_CURVE ( )  B_SPLINE_CURVE ( 3, ( #487, #337, #3380, #9718 ),
 .UNSPECIFIED., .F., .T. ) 
 B_SPLINE_CURVE_WITH_KNOTS ( ( 4, 4 ),
 ( 2.358929794881205133, 3.924255512298391757 ),
 .UNSPECIFIED. ) 
 CURVE ( )  GEOMETRIC_REPRESENTATION_ITEM ( )  RATIONAL_B_SPLINE_CURVE ( ( 1.000000000000000000, 0.8060255240148347378, 0.8060255240148347378, 1.000000000000000000 ) ) 
 REPRESENTATION_ITEM ( '' )  );
#9022 = MECHANICAL_DESIGN_GEOMETRIC_PRESENTATION_REPRESENTATION (  '', ( #6441 ), #4675 ) ;
#9023 = SURFACE_SIDE_STYLE ('',( #3545 ) ) ;
#9024 = ORIENTED_EDGE ( 'NONE', *, *, #9757, .F. ) ;
#9025 = LINE ( 'NONE', #3689, #3078 ) ;
#9026 = PRESENTATION_LAYER_ASSIGNMENT (  '', '', ( #3350 ) ) ;
#9027 = SURFACE_SIDE_STYLE ('',( #2936 ) ) ;
#9028 = DIRECTION ( 'NONE',  ( -0.000000000000000000, -0.000000000000000000, -1.000000000000000000 ) ) ;
#9029 = DIRECTION ( 'NONE',  ( 0.000000000000000000, 0.000000000000000000, 1.000000000000000000 ) ) ;
#9030 = CARTESIAN_POINT ( 'NONE',  ( -0.1285000000000000031, -1.500999999999999890, 0.3000000000000009881 ) ) ;
#9031 = CIRCLE ( 'NONE', #7092, 0.1050000000000000655 ) ;
#9032 = CARTESIAN_POINT ( 'NONE',  ( 1.870437054507610108, -2.449998806137078322, 1.030011358846979697 ) ) ;
#9033 = CARTESIAN_POINT ( 'NONE',  ( 1.802292627064890018, 0.000000000000000000, 0.1799999999999999933 ) ) ;
#9034 =( NAMED_UNIT ( * ) SI_UNIT ( $, .STERADIAN. ) SOLID_ANGLE_UNIT ( ) );
#9035 = CARTESIAN_POINT ( 'NONE',  ( -2.353481300512971774, 0.3800000000000000044, 0.3447869765509685713 ) ) ;
#9036 = EDGE_CURVE ( 'NONE', #4242, #936, #1757, .T. ) ;
#9037 = FILL_AREA_STYLE_COLOUR ( '', #5046 ) ;
#9038 = DIRECTION ( 'NONE',  ( 0.000000000000000000, 0.000000000000000000, -1.000000000000000000 ) ) ;
#9039 = DIRECTION ( 'NONE',  ( 1.000000000000000000, 0.000000000000000000, 0.000000000000000000 ) ) ;
#9040 = PLANE ( 'NONE',  #2742 ) ;
#9041 = AXIS2_PLACEMENT_3D ( 'NONE', #990, #3323, #7085 ) ;
#9042 = EDGE_LOOP ( 'NONE', ( #1422, #8417, #4989, #5294, #3193 ) ) ;
#9043 = STYLED_ITEM ( 'NONE', ( #4956 ), #2743 ) ;
#9044 = VERTEX_POINT ( 'NONE', #2656 ) ;
#9045 = AXIS2_PLACEMENT_3D ( 'NONE', #5246, #1389, #8466 ) ;
#9046 = VERTEX_POINT ( 'NONE', #6609 ) ;
#9047 = FILL_AREA_STYLE_COLOUR ( '', #3587 ) ;
#9048 = FACE_OUTER_BOUND ( 'NONE', #917, .T. ) ;
#9049 = EDGE_CURVE ( 'NONE', #2558, #2808, #5779, .T. ) ;
#9050 = VECTOR ( 'NONE', #1381, 1000.000000000000000 ) ;
#9051 = CARTESIAN_POINT ( 'NONE',  ( -1.145000000000000018, -1.145000000000000018, 0.1000000000000010048 ) ) ;
#9052 = MECHANICAL_DESIGN_GEOMETRIC_PRESENTATION_REPRESENTATION (  '', ( #4371 ), #1630 ) ;
#9053 = ORIENTED_EDGE ( 'NONE', *, *, #9908, .F. ) ;
#9054 = CARTESIAN_POINT ( 'NONE',  ( -1.870000000000000107, 2.450000000000000178, 0.9250000000000010436 ) ) ;
#9055 = CARTESIAN_POINT ( 'NONE',  ( 1.802292627064884689, 2.302292627064884911, 0.1800000000000011868 ) ) ;
#9056 =( NAMED_UNIT ( * ) PLANE_ANGLE_UNIT ( ) SI_UNIT ( $, .RADIAN. ) );
#9057 = CARTESIAN_POINT ( 'NONE',  ( 2.311663692532073711, 1.649999999999999911, 0.8377503468123129737 ) ) ;
#9058 = UNCERTAINTY_MEASURE_WITH_UNIT (LENGTH_MEASURE( 1.000000000000000082E-05 ), #3598, 'distance_accuracy_value', 'NONE');
#9059 = LINE ( 'NONE', #9857, #7951 ) ;
#9060 = STYLED_ITEM ( 'NONE', ( #7716 ), #6228 ) ;
#9061 = PRESENTATION_LAYER_ASSIGNMENT (  '', '', ( #4892 ) ) ;
#9062 = CIRCLE ( 'NONE', #2750, 0.2100000000000000200 ) ;
#9063 = ORIENTED_EDGE ( 'NONE', *, *, #9868, .F. ) ;
#9064 = PRESENTATION_STYLE_ASSIGNMENT (( #6838 ) ) ;
#9065 = ORIENTED_EDGE ( 'NONE', *, *, #7329, .T. ) ;
#9066 = FILL_AREA_STYLE_COLOUR ( '', #3693 ) ;
#9067 = EDGE_CURVE ( 'NONE', #2819, #1793, #5476, .T. ) ;
#9068 = MECHANICAL_DESIGN_GEOMETRIC_PRESENTATION_REPRESENTATION (  '', ( #9863 ), #687 ) ;
#9069 = ORIENTED_EDGE ( 'NONE', *, *, #8213, .F. ) ;
#9070 = EDGE_CURVE ( 'NONE', #4085, #9337, #4378, .T. ) ;
#9071 = FILL_AREA_STYLE ('',( #6083 ) ) ;
#9072 = AXIS2_PLACEMENT_3D ( 'NONE', #1958, #2010, #6522 ) ;
#9073 = CARTESIAN_POINT ( 'NONE',  ( 0.1285000000000000031, -1.401000000000000023, 0.1000000000000010048 ) ) ;
#9074 = PRESENTATION_STYLE_ASSIGNMENT (( #4523 ) ) ;
#9075 = CYLINDRICAL_SURFACE ( 'NONE', #6086, 0.1050000000000000100 ) ;
#9076 =( GEOMETRIC_REPRESENTATION_CONTEXT ( 3 ) GLOBAL_UNCERTAINTY_ASSIGNED_CONTEXT ( ( #5300 ) ) GLOBAL_UNIT_ASSIGNED_CONTEXT ( ( #2368, #6997, #7812 ) ) REPRESENTATION_CONTEXT ( 'NONE', 'WORKASPACE' ) );
#9077 = AXIS2_PLACEMENT_3D ( 'NONE', #6090, #2930, #9164 ) ;
#9078 = VERTEX_POINT ( 'NONE', #7257 ) ;
#9079 = EDGE_CURVE ( 'NONE', #593, #9011, #5015, .T. ) ;
#9080 = CARTESIAN_POINT ( 'NONE',  ( 1.778333972310208067, 2.327900865654993989, 0.1080958903910337610 ) ) ;
#9081 = DIRECTION ( 'NONE',  ( -0.08452546101099935039, 0.000000000000000000, -0.9964213197442525205 ) ) ;
#9082 = SURFACE_STYLE_FILL_AREA ( #4480 ) ;
#9083 =( NAMED_UNIT ( * ) PLANE_ANGLE_UNIT ( ) SI_UNIT ( $, .RADIAN. ) );
#9084 = AXIS2_PLACEMENT_3D ( 'NONE', #3659, #4334, #7331 ) ;
#9085 =( GEOMETRIC_REPRESENTATION_CONTEXT ( 3 ) GLOBAL_UNCERTAINTY_ASSIGNED_CONTEXT ( ( #731 ) ) GLOBAL_UNIT_ASSIGNED_CONTEXT ( ( #1701, #3185, #9318 ) ) REPRESENTATION_CONTEXT ( 'NONE', 'WORKASPACE' ) );
#9086 =( GEOMETRIC_REPRESENTATION_CONTEXT ( 3 ) GLOBAL_UNCERTAINTY_ASSIGNED_CONTEXT ( ( #9408 ) ) GLOBAL_UNIT_ASSIGNED_CONTEXT ( ( #2237, #1698, #1646 ) ) REPRESENTATION_CONTEXT ( 'NONE', 'WORKASPACE' ) );
#9087 = SURFACE_SIDE_STYLE ('',( #8191 ) ) ;
#9088 = CARTESIAN_POINT ( 'NONE',  ( -1.044999999999999929, -1.044999999999999929, 0.1000000000000010048 ) ) ;
#9089 = VECTOR ( 'NONE', #7462, 1000.000000000000000 ) ;
#9090 = CARTESIAN_POINT ( 'NONE',  ( 1.189405335455050006, 0.6350000000000000089, 0.8200000000000009504 ) ) ;
#9091 = DIRECTION ( 'NONE',  ( -0.9975640502598241977, 0.000000000000000000, 0.06975647374412552448 ) ) ;
#9092 = CARTESIAN_POINT ( 'NONE',  ( -3.000000000000000000, 0.6350000000000000089, 0.2105127985970459970 ) ) ;
#9093 = LINE ( 'NONE', #2162, #4375 ) ;
#9094 = VERTEX_POINT ( 'NONE', #8943 ) ;
#9095 = MECHANICAL_DESIGN_GEOMETRIC_PRESENTATION_REPRESENTATION (  '', ( #2630 ), #7008 ) ;
#9096 = DIRECTION ( 'NONE',  ( 0.000000000000000000, -1.000000000000000000, -0.000000000000000000 ) ) ;
#9097 =( NAMED_UNIT ( * ) SI_UNIT ( $, .STERADIAN. ) SOLID_ANGLE_UNIT ( ) );
#9098 = EDGE_LOOP ( 'NONE', ( #9932, #2821, #2537, #8521 ) ) ;
#9099 = VECTOR ( 'NONE', #4130, 1000.000000000000000 ) ;
#9100 = ORIENTED_EDGE ( 'NONE', *, *, #7265, .T. ) ;
#9101 = CIRCLE ( 'NONE', #1999, 0.08000000000000014044 ) ;
#9102 = DIRECTION ( 'NONE',  ( 0.000000000000000000, 0.000000000000000000, 1.000000000000000000 ) ) ;
#9103 = FILL_AREA_STYLE_COLOUR ( '', #3875 ) ;
#9104 = DIRECTION ( 'NONE',  ( -0.000000000000000000, 1.000000000000000000, -0.000000000000000000 ) ) ;
#9105 = FACE_OUTER_BOUND ( 'NONE', #5613, .T. ) ;
#9106 = DIRECTION ( 'NONE',  ( -0.000000000000000000, 0.000000000000000000, -1.000000000000000000 ) ) ;
#9107 =( GEOMETRIC_REPRESENTATION_CONTEXT ( 3 ) GLOBAL_UNCERTAINTY_ASSIGNED_CONTEXT ( ( #6127 ) ) GLOBAL_UNIT_ASSIGNED_CONTEXT ( ( #192, #244, #7968 ) ) REPRESENTATION_CONTEXT ( 'NONE', 'WORKASPACE' ) );
#9108 = EDGE_CURVE ( 'NONE', #2808, #8493, #8085, .T. ) ;
#9109 = AXIS2_PLACEMENT_3D ( 'NONE', #3840, #8518, #1589 ) ;
#9110 = ORIENTED_EDGE ( 'NONE', *, *, #3593, .F. ) ;
#9111 = VERTEX_POINT ( 'NONE', #6665 ) ;
#9112 = DIRECTION ( 'NONE',  ( -0.06975647374412553836, 0.000000000000000000, 0.9975640502598243087 ) ) ;
#9113 = VERTEX_POINT ( 'NONE', #357 ) ;
#9114 = PRESENTATION_STYLE_ASSIGNMENT (( #2924 ) ) ;
#9115 = ORIENTED_EDGE ( 'NONE', *, *, #8771, .T. ) ;
#9116 = DIRECTION ( 'NONE',  ( 0.000000000000000000, 0.000000000000000000, 1.000000000000000000 ) ) ;
#9117 = DIRECTION ( 'NONE',  ( 0.000000000000000000, 0.000000000000000000, 1.000000000000000000 ) ) ;
#9118 = UNCERTAINTY_MEASURE_WITH_UNIT (LENGTH_MEASURE( 1.000000000000000082E-05 ), #9639, 'distance_accuracy_value', 'NONE');
#9119 = ADVANCED_FACE ( 'NONE', ( #1164 ), #506, .T. ) ;
#9120 = SURFACE_STYLE_FILL_AREA ( #3736 ) ;
#9121 = CARTESIAN_POINT ( 'NONE',  ( -1.460033299133321139, 2.251347121037539534, 1.779174555214289910 ) ) ;
#9122 = ORIENTED_EDGE ( 'NONE', *, *, #5198, .T. ) ;
#9123 = SURFACE_STYLE_USAGE ( .BOTH. , #9961 ) ;
#9124 =( LENGTH_UNIT ( ) NAMED_UNIT ( * ) SI_UNIT ( .MILLI., .METRE. ) );
#9125 = DIRECTION ( 'NONE',  ( 1.000000000000000000, 0.000000000000000000, 0.000000000000000000 ) ) ;
#9126 = FILL_AREA_STYLE ('',( #5919 ) ) ;
#9127 = EDGE_CURVE ( 'NONE', #8826, #3635, #5962, .T. ) ;
#9128 = EDGE_CURVE ( 'NONE', #9094, #7105, #564, .T. ) ;
#9129 = UNCERTAINTY_MEASURE_WITH_UNIT (LENGTH_MEASURE( 1.000000000000000082E-05 ), #4124, 'distance_accuracy_value', 'NONE');
#9130 = DIRECTION ( 'NONE',  ( -1.000000000000000000, 0.000000000000000000, 3.040008243693350015E-16 ) ) ;
#9131 = ORIENTED_EDGE ( 'NONE', *, *, #1117, .F. ) ;
#9132 = CARTESIAN_POINT ( 'NONE',  ( 2.361081698735099987, -0.8900000000000000133, 0.2551903184968640215 ) ) ;
#9133 = CARTESIAN_POINT ( 'NONE',  ( -1.912619368012793863, 2.364902454218218875, 1.389299753847282437 ) ) ;
#9134 = ORIENTED_EDGE ( 'NONE', *, *, #9435, .T. ) ;
#9135 = EDGE_CURVE ( 'NONE', #1909, #6918, #8189, .T. ) ;
#9136 =( NAMED_UNIT ( * ) PLANE_ANGLE_UNIT ( ) SI_UNIT ( $, .RADIAN. ) );
#9137 = SURFACE_STYLE_USAGE ( .BOTH. , #7784 ) ;
#9138 = ORIENTED_EDGE ( 'NONE', *, *, #1117, .T. ) ;
#9139 = DIRECTION ( 'NONE',  ( 0.000000000000000000, 0.000000000000000000, 1.000000000000000000 ) ) ;
#9140 = MECHANICAL_DESIGN_GEOMETRIC_PRESENTATION_REPRESENTATION (  '', ( #2040 ), #3799 ) ;
#9141 = CIRCLE ( 'NONE', #5945, 0.07999999999999998779 ) ;
#9142 = CARTESIAN_POINT ( 'NONE',  ( 1.189405335455050228, 1.649999999999999689, 0.8200000000000009504 ) ) ;
#9143 = DIRECTION ( 'NONE',  ( 6.608470384673550038E-16, 0.000000000000000000, -1.000000000000000000 ) ) ;
#9144 = CARTESIAN_POINT ( 'NONE',  ( -1.468615827805880292, 2.336667168252045013, 1.742238431033436452 ) ) ;
#9145 = LINE ( 'NONE', #2218, #667 ) ;
#9146 = UNCERTAINTY_MEASURE_WITH_UNIT (LENGTH_MEASURE( 1.000000000000000082E-05 ), #6955, 'distance_accuracy_value', 'NONE');
#9147 = MECHANICAL_DESIGN_GEOMETRIC_PRESENTATION_REPRESENTATION (  '', ( #3325 ), #780 ) ;
#9148 = VECTOR ( 'NONE', #2606, 1000.000000000000000 ) ;
#9149 = VERTEX_POINT ( 'NONE', #9967 ) ;
#9150 = VECTOR ( 'NONE', #2497, 1000.000000000000000 ) ;
#9151 = ORIENTED_EDGE ( 'NONE', *, *, #7753, .T. ) ;
#9152 = PRESENTATION_STYLE_ASSIGNMENT (( #3677 ) ) ;
#9153 = EDGE_LOOP ( 'NONE', ( #815, #6421, #8381, #27 ) ) ;
#9154 =( LENGTH_UNIT ( ) NAMED_UNIT ( * ) SI_UNIT ( .MILLI., .METRE. ) );
#9155 = EDGE_CURVE ( 'NONE', #2502, #8438, #8378, .T. ) ;
#9156 = DIRECTION ( 'NONE',  ( -0.9945218953682734009, 0.000000000000000000, -0.1045284632676532210 ) ) ;
#9157 = MECHANICAL_DESIGN_GEOMETRIC_PRESENTATION_REPRESENTATION (  '', ( #5653 ), #6902 ) ;
#9158 = VECTOR ( 'NONE', #7673, 1000.000000000000000 ) ;
#9159 = LINE ( 'NONE', #1396, #4073 ) ;
#9160 = CARTESIAN_POINT ( 'NONE',  ( -2.376389666031580195, -1.905000000000000027, 0.07473362777057840356 ) ) ;
#9161 = MECHANICAL_DESIGN_GEOMETRIC_PRESENTATION_REPRESENTATION (  '', ( #2849 ), #5484 ) ;
#9162 =( NAMED_UNIT ( * ) SI_UNIT ( $, .STERADIAN. ) SOLID_ANGLE_UNIT ( ) );
#9163 = VECTOR ( 'NONE', #5668, 1000.000000000000000 ) ;
#9164 = DIRECTION ( 'NONE',  ( 1.000000000000000000, 0.000000000000000000, 0.000000000000000000 ) ) ;
#9165 = VERTEX_POINT ( 'NONE', #5308 ) ;
#9166 = EDGE_CURVE ( 'NONE', #3265, #7537, #2292, .T. ) ;
#9167 = DIRECTION ( 'NONE',  ( 0.000000000000000000, 1.000000000000000000, 0.000000000000000000 ) ) ;
#9168 = PRESENTATION_STYLE_ASSIGNMENT (( #195 ) ) ;
#9169 = SURFACE_SIDE_STYLE ('',( #9082 ) ) ;
#9170 = FACE_OUTER_BOUND ( 'NONE', #4233, .T. ) ;
#9171 = SURFACE_SIDE_STYLE ('',( #7615 ) ) ;
#9172 = AXIS2_PLACEMENT_3D ( 'NONE', #1487, #8327, #2823 ) ;
#9173 = SURFACE_STYLE_FILL_AREA ( #1359 ) ;
#9174 = CYLINDRICAL_SURFACE ( 'NONE', #9929, 0.2100000000000000477 ) ;
#9175 = AXIS2_PLACEMENT_3D ( 'NONE', #414, #3447, #1119 ) ;
#9176 = LINE ( 'NONE', #653, #7016 ) ;
#9177 = EDGE_LOOP ( 'NONE', ( #2348, #9063, #2273 ) ) ;
#9178 = VECTOR ( 'NONE', #836, 1000.000000000000114 ) ;
#9179 = FILL_AREA_STYLE_COLOUR ( '', #5556 ) ;
#9180 = EDGE_CURVE ( 'NONE', #4003, #286, #9828, .T. ) ;
#9181 = ADVANCED_FACE ( 'NONE', ( #6950 ), #6899, .F. ) ;
#9182 = FILL_AREA_STYLE ('',( #6107 ) ) ;
#9183 = MECHANICAL_DESIGN_GEOMETRIC_PRESENTATION_REPRESENTATION (  '', ( #5168 ), #2861 ) ;
#9184 = DIRECTION ( 'NONE',  ( 0.000000000000000000, -0.000000000000000000, 1.000000000000000000 ) ) ;
#9185 = CARTESIAN_POINT ( 'NONE',  ( -1.044999999999999929, 1.044999999999999929, 0.3000000000000009881 ) ) ;
#9186 = DIRECTION ( 'NONE',  ( 0.9975640502598241977, 0.000000000000000000, -0.06975647374412552448 ) ) ;
#9187 = FILL_AREA_STYLE ('',( #5372 ) ) ;
#9188 = CARTESIAN_POINT ( 'NONE',  ( 3.000000000000000000, 1.649999999999999911, 0.000000000000000000 ) ) ;
#9189 = ORIENTED_EDGE ( 'NONE', *, *, #3775, .T. ) ;
#9190 = FILL_AREA_STYLE_COLOUR ( '', #2610 ) ;
#9191 = PRESENTATION_LAYER_ASSIGNMENT (  '', '', ( #3524 ) ) ;
#9192 = FACE_OUTER_BOUND ( 'NONE', #1368, .T. ) ;
#9193 = ORIENTED_EDGE ( 'NONE', *, *, #1107, .F. ) ;
#9194 = VERTEX_POINT ( 'NONE', #5215 ) ;
#9195 = FILL_AREA_STYLE_COLOUR ( '', #2594 ) ;
#9196 = EDGE_CURVE ( 'NONE', #4097, #5774, #3086, .T. ) ;
#9197 = CARTESIAN_POINT ( 'NONE',  ( 1.949872071855468514, 2.416878544047198041, 1.032432000067768918 ) ) ;
#9198 = PRESENTATION_LAYER_ASSIGNMENT (  '', '', ( #8089 ) ) ;
#9199 = FILL_AREA_STYLE_COLOUR ( '', #8394 ) ;
#9200 = PRESENTATION_LAYER_ASSIGNMENT (  '', '', ( #5037 ) ) ;
#9201 = STYLED_ITEM ( 'NONE', ( #1586 ), #8827 ) ;
#9202 = DIRECTION ( 'NONE',  ( 0.000000000000000000, 0.000000000000000000, 1.000000000000000000 ) ) ;
#9203 = DIRECTION ( 'NONE',  ( -0.1039620511844980000, 0.1039620511844980000, 0.9891328443778539814 ) ) ;
#9204 = FILL_AREA_STYLE ('',( #1573 ) ) ;
#9205 = UNCERTAINTY_MEASURE_WITH_UNIT (LENGTH_MEASURE( 1.000000000000000082E-05 ), #5121, 'distance_accuracy_value', 'NONE');
#9206 = LINE ( 'NONE', #5444, #2784 ) ;
#9207 = EDGE_LOOP ( 'NONE', ( #4727, #720, #8930, #6134 ) ) ;
#9208 = COLOUR_RGB ( '',0.8313725490196077761, 0.8313725490196077761, 0.8313725490196077761 ) ;
#9209 = STYLED_ITEM ( 'NONE', ( #398 ), #2806 ) ;
#9210 = ORIENTED_EDGE ( 'NONE', *, *, #3715, .F. ) ;
#9211 = EDGE_LOOP ( 'NONE', ( #7360, #5604, #4837, #373 ) ) ;
#9212 = SURFACE_STYLE_FILL_AREA ( #8367 ) ;
#9213 = SURFACE_SIDE_STYLE ('',( #3281 ) ) ;
#9214 = CARTESIAN_POINT ( 'NONE',  ( -2.102415215385780023, -0.3800000000000000044, 1.030000000000000027 ) ) ;
#9215 = VECTOR ( 'NONE', #2941, 1000.000000000000000 ) ;
#9216 = UNCERTAINTY_MEASURE_WITH_UNIT (LENGTH_MEASURE( 1.000000000000000082E-05 ), #549, 'distance_accuracy_value', 'NONE');
#9217 = AXIS2_PLACEMENT_3D ( 'NONE', #9185, #8543, #5369 ) ;
#9218 = FACE_OUTER_BOUND ( 'NONE', #5329, .T. ) ;
#9219 = AXIS2_PLACEMENT_3D ( 'NONE', #3019, #3841, #4526 ) ;
#9220 = DIRECTION ( 'NONE',  ( 0.000000000000000000, -0.000000000000000000, -1.000000000000000000 ) ) ;
#9221 = ORIENTED_EDGE ( 'NONE', *, *, #9867, .T. ) ;
#9222 = AXIS2_PLACEMENT_3D ( 'NONE', #7640, #6871, #9937 ) ;
#9223 = FILL_AREA_STYLE ('',( #2800 ) ) ;
#9224 =( GEOMETRIC_REPRESENTATION_CONTEXT ( 3 ) GLOBAL_UNCERTAINTY_ASSIGNED_CONTEXT ( ( #2221 ) ) GLOBAL_UNIT_ASSIGNED_CONTEXT ( ( #7530, #8451, #6975 ) ) REPRESENTATION_CONTEXT ( 'NONE', 'WORKASPACE' ) );
#9225 = FACE_OUTER_BOUND ( 'NONE', #7935, .T. ) ;
#9226 = DIRECTION ( 'NONE',  ( -0.08452546101100759379, -0.000000000000000000, -0.9964213197442519654 ) ) ;
#9227 = PRESENTATION_STYLE_ASSIGNMENT (( #2488 ) ) ;
#9228 = CARTESIAN_POINT ( 'NONE',  ( -1.916878544047198485, 2.449872071855471400, 0.8175679999321924241 ) ) ;
#9229 = AXIS2_PLACEMENT_3D ( 'NONE', #9073, #8473, #5610 ) ;
#9230 = FILL_AREA_STYLE_COLOUR ( '', #2289 ) ;
#9231 = FILL_AREA_STYLE_COLOUR ( '', #3333 ) ;
#9232 = UNCERTAINTY_MEASURE_WITH_UNIT (LENGTH_MEASURE( 1.000000000000000082E-05 ), #3094, 'distance_accuracy_value', 'NONE');
#9233 = LINE ( 'NONE', #1505, #9158 ) ;
#9234 = AXIS2_PLACEMENT_3D ( 'NONE', #4681, #3686, #3788 ) ;
#9235 = AXIS2_PLACEMENT_3D ( 'NONE', #6763, #3858, #9184 ) ;
#9236 =( GEOMETRIC_REPRESENTATION_CONTEXT ( 3 ) GLOBAL_UNCERTAINTY_ASSIGNED_CONTEXT ( ( #8944 ) ) GLOBAL_UNIT_ASSIGNED_CONTEXT ( ( #9446, #1768, #4930 ) ) REPRESENTATION_CONTEXT ( 'NONE', 'WORKASPACE' ) );
#9237 = EDGE_CURVE ( 'NONE', #7375, #3431, #3818, .T. ) ;
#9238 = SURFACE_STYLE_FILL_AREA ( #6160 ) ;
#9239 = VERTEX_POINT ( 'NONE', #7559 ) ;
#9240 = COLOUR_RGB ( '',0.8313725490196077761, 0.8313725490196077761, 0.8313725490196077761 ) ;
#9241 =( GEOMETRIC_REPRESENTATION_CONTEXT ( 3 ) GLOBAL_UNCERTAINTY_ASSIGNED_CONTEXT ( ( #7901 ) ) GLOBAL_UNIT_ASSIGNED_CONTEXT ( ( #8188, #7460, #3446 ) ) REPRESENTATION_CONTEXT ( 'NONE', 'WORKASPACE' ) );
#9242 = COLOUR_RGB ( '',0.2862745098039215508, 0.2862745098039215508, 0.2862745098039215508 ) ;
#9243 = DIRECTION ( 'NONE',  ( 1.000000000000000000, 0.000000000000000000, 0.000000000000000000 ) ) ;
#9244 = ORIENTED_EDGE ( 'NONE', *, *, #552, .F. ) ;
#9245 = ORIENTED_EDGE ( 'NONE', *, *, #4288, .F. ) ;
#9246 = SURFACE_STYLE_USAGE ( .BOTH. , #6170 ) ;
#9247 = EDGE_CURVE ( 'NONE', #8867, #9306, #7711, .T. ) ;
#9248 = ADVANCED_FACE ( 'NONE', ( #9880 ), #2978, .T. ) ;
#9249 = STYLED_ITEM ( 'NONE', ( #955 ), #4463 ) ;
#9250 = ORIENTED_EDGE ( 'NONE', *, *, #9135, .T. ) ;
#9251 = LINE ( 'NONE', #1564, #1207 ) ;
#9252 =( GEOMETRIC_REPRESENTATION_CONTEXT ( 3 ) GLOBAL_UNCERTAINTY_ASSIGNED_CONTEXT ( ( #6229 ) ) GLOBAL_UNIT_ASSIGNED_CONTEXT ( ( #9819, #2086, #553 ) ) REPRESENTATION_CONTEXT ( 'NONE', 'WORKASPACE' ) );
#9253 = ORIENTED_EDGE ( 'NONE', *, *, #8211, .T. ) ;
#9254 = FILL_AREA_STYLE_COLOUR ( '', #7250 ) ;
#9255 = UNCERTAINTY_MEASURE_WITH_UNIT (LENGTH_MEASURE( 1.000000000000000082E-05 ), #7004, 'distance_accuracy_value', 'NONE');
#9256 =( NAMED_UNIT ( * ) PLANE_ANGLE_UNIT ( ) SI_UNIT ( $, .RADIAN. ) );
#9257 = PRESENTATION_STYLE_ASSIGNMENT (( #3064 ) ) ;
#9258 = ADVANCED_FACE ( 'NONE', ( #3246 ), #6247, .T. ) ;
#9259 = LINE ( 'NONE', #3824, #7165 ) ;
#9260 = EDGE_CURVE ( 'NONE', #7116, #6265, #851, .T. ) ;
#9261 = VECTOR ( 'NONE', #844, 999.9999999999998863 ) ;
#9262 = ORIENTED_EDGE ( 'NONE', *, *, #4760, .F. ) ;
#9263 =( NAMED_UNIT ( * ) SI_UNIT ( $, .STERADIAN. ) SOLID_ANGLE_UNIT ( ) );
#9264 = MECHANICAL_DESIGN_GEOMETRIC_PRESENTATION_REPRESENTATION (  '', ( #5898 ), #5247 ) ;
#9265 = EDGE_LOOP ( 'NONE', ( #4742, #7497, #5245, #9559 ) ) ;
#9266 = FACE_OUTER_BOUND ( 'NONE', #734, .T. ) ;
#9267 = ORIENTED_EDGE ( 'NONE', *, *, #2505, .T. ) ;
#9268 = PLANE ( 'NONE',  #3216 ) ;
#9269 = FILL_AREA_STYLE ('',( #6995 ) ) ;
#9270 = ADVANCED_FACE ( 'NONE', ( #1650 ), #99, .T. ) ;
#9271 = PRESENTATION_STYLE_ASSIGNMENT (( #9956 ) ) ;
#9272 =( NAMED_UNIT ( * ) PLANE_ANGLE_UNIT ( ) SI_UNIT ( $, .RADIAN. ) );
#9273 = ORIENTED_EDGE ( 'NONE', *, *, #7137, .T. ) ;
#9274 = VECTOR ( 'NONE', #4835, 1000.000000000000227 ) ;
#9275 =( NAMED_UNIT ( * ) PLANE_ANGLE_UNIT ( ) SI_UNIT ( $, .RADIAN. ) );
#9276 =( NAMED_UNIT ( * ) SI_UNIT ( $, .STERADIAN. ) SOLID_ANGLE_UNIT ( ) );
#9277 = PRESENTATION_STYLE_ASSIGNMENT (( #7762 ) ) ;
#9278 = FILL_AREA_STYLE_COLOUR ( '', #2446 ) ;
#9279 = FILL_AREA_STYLE_COLOUR ( '', #1507 ) ;
#9280 = DIRECTION ( 'NONE',  ( 0.000000000000000000, -0.000000000000000000, 1.000000000000000000 ) ) ;
#9281 = PLANE ( 'NONE',  #5257 ) ;
#9282 = ORIENTED_EDGE ( 'NONE', *, *, #9452, .F. ) ;
#9283 = LINE ( 'NONE', #9383, #390 ) ;
#9284 =( NAMED_UNIT ( * ) SI_UNIT ( $, .STERADIAN. ) SOLID_ANGLE_UNIT ( ) );
#9285 = EDGE_CURVE ( 'NONE', #9633, #529, #5003, .T. ) ;
#9286 = PRESENTATION_STYLE_ASSIGNMENT (( #3198 ) ) ;
#9287 = LINE ( 'NONE', #6863, #6426 ) ;
#9288 = LINE ( 'NONE', #2992, #2831 ) ;
#9289 = ORIENTED_EDGE ( 'NONE', *, *, #5565, .F. ) ;
#9290 = EDGE_LOOP ( 'NONE', ( #859, #3924, #5844, #6742 ) ) ;
#9291 = ORIENTED_EDGE ( 'NONE', *, *, #5680, .F. ) ;
#9292 = CARTESIAN_POINT ( 'NONE',  ( -3.000000000000000444, -0.8900000000000001243, 1.120584445495009345E-17 ) ) ;
#9293 = CARTESIAN_POINT ( 'NONE',  ( -1.041165581326914280, 1.920294760284055435, 1.749999999999999778 ) ) ;
#9294 =( NAMED_UNIT ( * ) PLANE_ANGLE_UNIT ( ) SI_UNIT ( $, .RADIAN. ) );
#9295 = EDGE_LOOP ( 'NONE', ( #5544, #6578, #5788, #9603 ) ) ;
#9296 = CARTESIAN_POINT ( 'NONE',  ( 0.2285000000000000087, 1.145000000000000018, 0.1000000000000009631 ) ) ;
#9297 = EDGE_CURVE ( 'NONE', #3322, #9704, #7554, .T. ) ;
#9298 =( NAMED_UNIT ( * ) PLANE_ANGLE_UNIT ( ) SI_UNIT ( $, .RADIAN. ) );
#9299 = PRESENTATION_STYLE_ASSIGNMENT (( #5439 ) ) ;
#9300 = DIRECTION ( 'NONE',  ( 0.000000000000000000, 0.000000000000000000, -1.000000000000000000 ) ) ;
#9301 = UNCERTAINTY_MEASURE_WITH_UNIT (LENGTH_MEASURE( 1.000000000000000082E-05 ), #5510, 'distance_accuracy_value', 'NONE');
#9302 = CARTESIAN_POINT ( 'NONE',  ( -2.102415215385780023, 1.905000000000000027, 1.030000000000000027 ) ) ;
#9303 = EDGE_LOOP ( 'NONE', ( #394, #6825, #270, #644 ) ) ;
#9304 = DIRECTION ( 'NONE',  ( 2.710505431213761479E-15, 0.000000000000000000, -1.000000000000000000 ) ) ;
#9305 = COLOUR_RGB ( '',0.8313725490196077761, 0.8313725490196077761, 0.8313725490196077761 ) ;
#9306 = VERTEX_POINT ( 'NONE', #4906 ) ;
#9307 = CARTESIAN_POINT ( 'NONE',  ( 2.005945153285420446, -0.3800000000000000044, 0.8200000000000015055 ) ) ;
#9308 = CARTESIAN_POINT ( 'NONE',  ( 3.000000000000000000, 0.3800000000000000044, 0.000000000000000000 ) ) ;
#9309 = EDGE_CURVE ( 'NONE', #3658, #987, #4492, .T. ) ;
#9310 = EDGE_CURVE ( 'NONE', #3831, #7654, #9439, .T. ) ;
#9311 =( LENGTH_UNIT ( ) NAMED_UNIT ( * ) SI_UNIT ( .MILLI., .METRE. ) );
#9312 = SURFACE_SIDE_STYLE ('',( #239 ) ) ;
#9313 = AXIS2_PLACEMENT_3D ( 'NONE', #2445, #9327, #3254 ) ;
#9314 = UNCERTAINTY_MEASURE_WITH_UNIT (LENGTH_MEASURE( 1.000000000000000082E-05 ), #5664, 'distance_accuracy_value', 'NONE');
#9315 = VERTEX_POINT ( 'NONE', #5535 ) ;
#9316 = SURFACE_STYLE_USAGE ( .BOTH. , #4058 ) ;
#9317 = SURFACE_STYLE_FILL_AREA ( #5572 ) ;
#9318 =( NAMED_UNIT ( * ) SI_UNIT ( $, .STERADIAN. ) SOLID_ANGLE_UNIT ( ) );
#9319 =( GEOMETRIC_REPRESENTATION_CONTEXT ( 3 ) GLOBAL_UNCERTAINTY_ASSIGNED_CONTEXT ( ( #9321 ) ) GLOBAL_UNIT_ASSIGNED_CONTEXT ( ( #6406, #9939, #1712 ) ) REPRESENTATION_CONTEXT ( 'NONE', 'WORKASPACE' ) );
#9320 = FILL_AREA_STYLE ('',( #4062 ) ) ;
#9321 = UNCERTAINTY_MEASURE_WITH_UNIT (LENGTH_MEASURE( 1.000000000000000082E-05 ), #6406, 'distance_accuracy_value', 'NONE');
#9322 = PRESENTATION_STYLE_ASSIGNMENT (( #6209 ) ) ;
#9323 = CARTESIAN_POINT ( 'NONE',  ( 2.353481300512973995, 0.8900000000000000133, 0.3447869765509687934 ) ) ;
#9324 = SURFACE_STYLE_FILL_AREA ( #4638 ) ;
#9325 = ORIENTED_EDGE ( 'NONE', *, *, #3860, .F. ) ;
#9326 = SURFACE_SIDE_STYLE ('',( #6254 ) ) ;
#9327 = DIRECTION ( 'NONE',  ( 0.1537578504548341995, 0.8922426494788284757, -0.4245722292784932517 ) ) ;
#9328 = FILL_AREA_STYLE_COLOUR ( '', #8603 ) ;
#9329 = DIRECTION ( 'NONE',  ( 0.9964213197442519654, 0.000000000000000000, -0.08452546101100746889 ) ) ;
#9330 = PRESENTATION_STYLE_ASSIGNMENT (( #8545 ) ) ;
#9331 = STYLED_ITEM ( 'NONE', ( #5016 ), #9489 ) ;
#9332 = CARTESIAN_POINT ( 'NONE',  ( -2.450781109342989872, 0.3800000000000000044, 0.2489179246798429723 ) ) ;
#9333 = ORIENTED_EDGE ( 'NONE', *, *, #3785, .F. ) ;
#9334 = EDGE_LOOP ( 'NONE', ( #8015, #4515, #7594, #9065 ) ) ;
#9335 = EDGE_CURVE ( 'NONE', #2714, #172, #3970, .T. ) ;
#9336 = MECHANICAL_DESIGN_GEOMETRIC_PRESENTATION_REPRESENTATION (  '', ( #5666 ), #9502 ) ;
#9337 = VERTEX_POINT ( 'NONE', #2450 ) ;
#9338 = SURFACE_STYLE_USAGE ( .BOTH. , #6266 ) ;
#9339 = CARTESIAN_POINT ( 'NONE',  ( -0.1285000000000000031, 1.401000000000000023, 0.1000000000000010048 ) ) ;
#9340 = FILL_AREA_STYLE ('',( #3154 ) ) ;
#9341 = VERTEX_POINT ( 'NONE', #5629 ) ;
#9342 = CARTESIAN_POINT ( 'NONE',  ( 2.102415215385780023, -2.160000000000000142, 1.030000000000000471 ) ) ;
#9343 = AXIS2_PLACEMENT_3D ( 'NONE', #3525, #1979, #4297 ) ;
#9344 = FILL_AREA_STYLE ('',( #3271 ) ) ;
#9345 = CARTESIAN_POINT ( 'NONE',  ( -2.102415215385780023, 2.160000000000000142, 0.8200000000000019496 ) ) ;
#9346 =( NAMED_UNIT ( * ) PLANE_ANGLE_UNIT ( ) SI_UNIT ( $, .RADIAN. ) );
#9347 = AXIS2_PLACEMENT_3D ( 'NONE', #7287, #5900, #388 ) ;
#9348 = UNCERTAINTY_MEASURE_WITH_UNIT (LENGTH_MEASURE( 1.000000000000000082E-05 ), #9466, 'distance_accuracy_value', 'NONE');
#9349 = CARTESIAN_POINT ( 'NONE',  ( 2.458105539086119951, -1.905000000000000027, 0.3536621499571240279 ) ) ;
#9350 = SURFACE_SIDE_STYLE ('',( #4664 ) ) ;
#9351 = AXIS2_PLACEMENT_3D ( 'NONE', #3805, #3756, #4600 ) ;
#9352 = LINE ( 'NONE', #3004, #1835 ) ;
#9353 = VERTEX_POINT ( 'NONE', #8697 ) ;
#9354 = EDGE_CURVE ( 'NONE', #2554, #361, #5588, .T. ) ;
#9355 = VECTOR ( 'NONE', #2214, 1000.000000000000000 ) ;
#9356 = MECHANICAL_DESIGN_GEOMETRIC_PRESENTATION_REPRESENTATION (  '', ( #986 ), #813 ) ;
#9357 = VERTEX_POINT ( 'NONE', #971 ) ;
#9358 = CARTESIAN_POINT ( 'NONE',  ( -3.000000000000000000, 0.6350000000000000089, 0.000000000000000000 ) ) ;
#9359 = AXIS2_PLACEMENT_3D ( 'NONE', #4048, #3948, #8515 ) ;
#9360 = LINE ( 'NONE', #9308, #2386 ) ;
#9361 =( NAMED_UNIT ( * ) SI_UNIT ( $, .STERADIAN. ) SOLID_ANGLE_UNIT ( ) );
#9362 = COLOUR_RGB ( '',0.8313725490196077761, 0.8313725490196077761, 0.8313725490196077761 ) ;
#9363 = EDGE_CURVE ( 'NONE', #7866, #8605, #1069, .T. ) ;
#9364 = EDGE_CURVE ( 'NONE', #5605, #4085, #5472, .T. ) ;
#9365 = EDGE_LOOP ( 'NONE', ( #9592, #1893, #4648, #5645 ) ) ;
#9366 = LINE ( 'NONE', #340, #7663 ) ;
#9367 = FILL_AREA_STYLE ('',( #3131 ) ) ;
#9368 = DIRECTION ( 'NONE',  ( -0.000000000000000000, -1.000000000000000000, -0.000000000000000000 ) ) ;
#9369 = MECHANICAL_DESIGN_GEOMETRIC_PRESENTATION_REPRESENTATION (  '', ( #6152 ), #4361 ) ;
#9370 = CARTESIAN_POINT ( 'NONE',  ( -1.928793852439659950, -2.160000000000000142, 1.030000000000000027 ) ) ;
#9371 = SURFACE_SIDE_STYLE ('',( #5517 ) ) ;
#9372 = SURFACE_SIDE_STYLE ('',( #5419 ) ) ;
#9373 =( GEOMETRIC_REPRESENTATION_CONTEXT ( 3 ) GLOBAL_UNCERTAINTY_ASSIGNED_CONTEXT ( ( #6088 ) ) GLOBAL_UNIT_ASSIGNED_CONTEXT ( ( #2760, #2203, #7475 ) ) REPRESENTATION_CONTEXT ( 'NONE', 'WORKASPACE' ) );
#9374 =( LENGTH_UNIT ( ) NAMED_UNIT ( * ) SI_UNIT ( .MILLI., .METRE. ) );
#9375 =( GEOMETRIC_REPRESENTATION_CONTEXT ( 3 ) GLOBAL_UNCERTAINTY_ASSIGNED_CONTEXT ( ( #1386 ) ) GLOBAL_UNIT_ASSIGNED_CONTEXT ( ( #3750, #8386, #1551 ) ) REPRESENTATION_CONTEXT ( 'NONE', 'WORKASPACE' ) );
#9376 = DIRECTION ( 'NONE',  ( 6.608470384673550038E-16, -0.000000000000000000, 1.000000000000000000 ) ) ;
#9377 = EDGE_CURVE ( 'NONE', #4870, #1576, #8649, .T. ) ;
#9378 = AXIS2_PLACEMENT_3D ( 'NONE', #3082, #6204, #2329 ) ;
#9379 = COLOUR_RGB ( '',0.8313725490196077761, 0.8313725490196077761, 0.8313725490196077761 ) ;
#9380 = ORIENTED_EDGE ( 'NONE', *, *, #240, .F. ) ;
#9381 = VERTEX_POINT ( 'NONE', #7780 ) ;
#9382 = STYLED_ITEM ( 'NONE', ( #727 ), #2477 ) ;
#9383 = CARTESIAN_POINT ( 'NONE',  ( 2.151833221588806744, 1.905000000000000027, 0.2374399716845536912 ) ) ;
#9384 = CARTESIAN_POINT ( 'NONE',  ( 2.151833221588806744, 1.649999999999999911, 0.2374399716845530250 ) ) ;
#9385 = AXIS2_PLACEMENT_3D ( 'NONE', #7503, #639, #743 ) ;
#9386 = COLOUR_RGB ( '',0.2862745098039215508, 0.2862745098039215508, 0.2862745098039215508 ) ;
#9387 = LINE ( 'NONE', #3921, #2719 ) ;
#9388 = VECTOR ( 'NONE', #7892, 1000.000000000000000 ) ;
#9389 = DIRECTION ( 'NONE',  ( -0.000000000000000000, -0.000000000000000000, -1.000000000000000000 ) ) ;
#9390 = VECTOR ( 'NONE', #5422, 1000.000000000000000 ) ;
#9391 = CARTESIAN_POINT ( 'NONE',  ( 1.802292627064890018, 2.302292627064889796, 0.1799999999999999378 ) ) ;
#9392 = ORIENTED_EDGE ( 'NONE', *, *, #5072, .F. ) ;
#9393 =( NAMED_UNIT ( * ) PLANE_ANGLE_UNIT ( ) SI_UNIT ( $, .RADIAN. ) );
#9394 = CIRCLE ( 'NONE', #1333, 0.1050000000000000100 ) ;
#9395 = ORIENTED_EDGE ( 'NONE', *, *, #9734, .F. ) ;
#9396 = COLOUR_RGB ( '',0.8313725490196077761, 0.8313725490196077761, 0.8313725490196077761 ) ;
#9397 = ORIENTED_EDGE ( 'NONE', *, *, #4412, .T. ) ;
#9398 = DIRECTION ( 'NONE',  ( 1.000000000000000000, -0.000000000000000000, -1.779203565104420086E-16 ) ) ;
#9399 = FILL_AREA_STYLE ('',( #4868 ) ) ;
#9400 = SURFACE_STYLE_USAGE ( .BOTH. , #5743 ) ;
#9401 = VERTEX_POINT ( 'NONE', #7169 ) ;
#9402 = CARTESIAN_POINT ( 'NONE',  ( -0.2284999999999999809, 0.000000000000000000, 0.1000000000000003941 ) ) ;
#9403 =( NAMED_UNIT ( * ) PLANE_ANGLE_UNIT ( ) SI_UNIT ( $, .RADIAN. ) );
#9404 = VECTOR ( 'NONE', #9645, 1000.000000000000000 ) ;
#9405 = AXIS2_PLACEMENT_3D ( 'NONE', #6498, #2682, #7349 ) ;
#9406 =( NAMED_UNIT ( * ) SI_UNIT ( $, .STERADIAN. ) SOLID_ANGLE_UNIT ( ) );
#9407 = DIRECTION ( 'NONE',  ( 0.000000000000000000, 0.000000000000000000, 1.000000000000000000 ) ) ;
#9408 = UNCERTAINTY_MEASURE_WITH_UNIT (LENGTH_MEASURE( 1.000000000000000082E-05 ), #2237, 'distance_accuracy_value', 'NONE');
#9409 = PLANE ( 'NONE',  #6519 ) ;
#9410 = EDGE_LOOP ( 'NONE', ( #87, #9420, #2652, #4912 ) ) ;
#9411 = COLOUR_RGB ( '',0.2862745098039215508, 0.2862745098039215508, 0.2862745098039215508 ) ;
#9412 = EDGE_LOOP ( 'NONE', ( #1611, #5681, #7181, #6708 ) ) ;
#9413 = VECTOR ( 'NONE', #5500, 1000.000000000000000 ) ;
#9414 = FILL_AREA_STYLE_COLOUR ( '', #2253 ) ;
#9415 = FACE_OUTER_BOUND ( 'NONE', #6408, .T. ) ;
#9416 = EDGE_CURVE ( 'NONE', #4883, #1375, #2498, .T. ) ;
#9417 = CIRCLE ( 'NONE', #3089, 0.08000000000000005718 ) ;
#9418 = LINE ( 'NONE', #4739, #2481 ) ;
#9419 = DIRECTION ( 'NONE',  ( 0.000000000000000000, 0.000000000000000000, 1.000000000000000000 ) ) ;
#9420 = ORIENTED_EDGE ( 'NONE', *, *, #1376, .F. ) ;
#9421 = CARTESIAN_POINT ( 'NONE',  ( 2.102415215385780023, 0.3800000000000000044, 1.030000000000000471 ) ) ;
#9422 = MECHANICAL_DESIGN_GEOMETRIC_PRESENTATION_REPRESENTATION (  '', ( #4933 ), #7171 ) ;
#9423 = DIRECTION ( 'NONE',  ( -0.000000000000000000, 1.000000000000000000, -0.000000000000000000 ) ) ;
#9424 = VECTOR ( 'NONE', #3191, 1000.000000000000000 ) ;
#9425 = DIRECTION ( 'NONE',  ( 0.000000000000000000, -1.000000000000000000, -0.000000000000000000 ) ) ;
#9426 =( NAMED_UNIT ( * ) PLANE_ANGLE_UNIT ( ) SI_UNIT ( $, .RADIAN. ) );
#9427 = EDGE_CURVE ( 'NONE', #9341, #6645, #7023, .T. ) ;
#9428 = LINE ( 'NONE', #2489, #3734 ) ;
#9429 =( LENGTH_UNIT ( ) NAMED_UNIT ( * ) SI_UNIT ( .MILLI., .METRE. ) );
#9430 = MECHANICAL_DESIGN_GEOMETRIC_PRESENTATION_REPRESENTATION (  '', ( #4431 ), #1692 ) ;
#9431 = SURFACE_STYLE_USAGE ( .BOTH. , #7829 ) ;
#9432 = CIRCLE ( 'NONE', #3757, 0.2100000000000000755 ) ;
#9433 = PRESENTATION_STYLE_ASSIGNMENT (( #7203 ) ) ;
#9434 = ORIENTED_EDGE ( 'NONE', *, *, #4096, .F. ) ;
#9435 = EDGE_CURVE ( 'NONE', #2012, #4466, #108, .T. ) ;
#9436 = SURFACE_SIDE_STYLE ('',( #660 ) ) ;
#9437 = CARTESIAN_POINT ( 'NONE',  ( -2.450781109342989872, 1.905000000000000027, 0.2489179246798422784 ) ) ;
#9438 = SURFACE_STYLE_FILL_AREA ( #4858 ) ;
#9439 = LINE ( 'NONE', #5678, #9649 ) ;
#9440 = CARTESIAN_POINT ( 'NONE',  ( 1.145000000000000018, -1.145000000000000018, 0.1000000000000010048 ) ) ;
#9441 = VERTEX_POINT ( 'NONE', #4123 ) ;
#9442 = DIRECTION ( 'NONE',  ( -0.1039620511844862732, -0.1039620511844975281, -0.9891328443778550916 ) ) ;
#9443 = VERTEX_POINT ( 'NONE', #4921 ) ;
#9444 = ORIENTED_EDGE ( 'NONE', *, *, #1773, .F. ) ;
#9445 = ORIENTED_EDGE ( 'NONE', *, *, #1135, .F. ) ;
#9446 =( LENGTH_UNIT ( ) NAMED_UNIT ( * ) SI_UNIT ( .MILLI., .METRE. ) );
#9447 = DIRECTION ( 'NONE',  ( 1.000000000000000000, 0.000000000000000000, -2.846725704167069772E-16 ) ) ;
#9448 = CARTESIAN_POINT ( 'NONE',  ( 1.916878544047198263, 2.449872071855470512, 1.032432000067769140 ) ) ;
#9449 = ORIENTED_EDGE ( 'NONE', *, *, #1945, .T. ) ;
#9450 = CARTESIAN_POINT ( 'NONE',  ( -1.845189659078863897, 2.345189659078863897, 0.1278493596512567665 ) ) ;
#9451 = DIRECTION ( 'NONE',  ( -0.06975647374412553836, 0.000000000000000000, 0.9975640502598243087 ) ) ;
#9452 = EDGE_CURVE ( 'NONE', #431, #6575, #4005, .T. ) ;
#9453 = CARTESIAN_POINT ( 'NONE',  ( 2.361081698735099987, -0.6350000000000000089, 0.2551903184968640215 ) ) ;
#9454 = DIRECTION ( 'NONE',  ( 0.000000000000000000, 0.000000000000000000, -1.000000000000000000 ) ) ;
#9455 = ORIENTED_EDGE ( 'NONE', *, *, #4564, .F. ) ;
#9456 = ORIENTED_EDGE ( 'NONE', *, *, #2350, .T. ) ;
#9457 = FILL_AREA_STYLE_COLOUR ( '', #1006 ) ;
#9458 = DIRECTION ( 'NONE',  ( -1.000000000000000000, 0.000000000000000000, 0.000000000000000000 ) ) ;
#9459 = CARTESIAN_POINT ( 'NONE',  ( 1.909916776902287783, 2.256608784186042271, 1.724025973927256095 ) ) ;
#9460 =( LENGTH_UNIT ( ) NAMED_UNIT ( * ) SI_UNIT ( .MILLI., .METRE. ) );
#9461 = DIRECTION ( 'NONE',  ( -1.682156097916899890E-16, 0.000000000000000000, -1.000000000000000000 ) ) ;
#9462 = AXIS2_PLACEMENT_3D ( 'NONE', #2435, #3032, #4593 ) ;
#9463 = CARTESIAN_POINT ( 'NONE',  ( 3.000000000000000000, -0.8900000000000001243, 0.2105127985970459970 ) ) ;
#9464 = EDGE_CURVE ( 'NONE', #4327, #9588, #6407, .T. ) ;
#9465 = EDGE_LOOP ( 'NONE', ( #6892, #4078, #5230, #8465 ) ) ;
#9466 =( LENGTH_UNIT ( ) NAMED_UNIT ( * ) SI_UNIT ( .MILLI., .METRE. ) );
#9467 = DIRECTION ( 'NONE',  ( 0.000000000000000000, -1.000000000000000000, 0.000000000000000000 ) ) ;
#9468 = LINE ( 'NONE', #96, #9163 ) ;
#9469 = AXIS2_PLACEMENT_3D ( 'NONE', #6231, #229, #9300 ) ;
#9470 = DIRECTION ( 'NONE',  ( 0.000000000000000000, 0.000000000000000000, -1.000000000000000000 ) ) ;
#9471 = EDGE_LOOP ( 'NONE', ( #4953, #2658, #8155, #2346 ) ) ;
#9472 = SURFACE_STYLE_FILL_AREA ( #8636 ) ;
#9473 = PRESENTATION_STYLE_ASSIGNMENT (( #6393 ) ) ;
#9474 = FILL_AREA_STYLE ('',( #6500 ) ) ;
#9475 = ADVANCED_FACE ( 'NONE', ( #7210 ), #4023, .T. ) ;
#9476 = VERTEX_POINT ( 'NONE', #3606 ) ;
#9477 = COLOUR_RGB ( '',1.000000000000000000, 1.000000000000000000, 1.000000000000000000 ) ;
#9478 = CARTESIAN_POINT ( 'NONE',  ( 2.346432839248830060, -0.6350000000000000089, 0.04570186794230145233 ) ) ;
#9479 = SURFACE_STYLE_FILL_AREA ( #3257 ) ;
#9480 = VECTOR ( 'NONE', #6766, 1000.000000000000000 ) ;
#9481 = PRESENTATION_LAYER_ASSIGNMENT (  '', '', ( #2054 ) ) ;
#9482 = DIRECTION ( 'NONE',  ( -0.000000000000000000, -1.000000000000000000, -0.000000000000000000 ) ) ;
#9483 = DIRECTION ( 'NONE',  ( -0.000000000000000000, 1.000000000000000000, -0.000000000000000000 ) ) ;
#9484 = ORIENTED_EDGE ( 'NONE', *, *, #4180, .T. ) ;
#9485 = PRESENTATION_LAYER_ASSIGNMENT (  '', '', ( #9007 ) ) ;
#9486 = DIRECTION ( 'NONE',  ( 1.000000000000000000, 0.000000000000000000, 0.000000000000000000 ) ) ;
#9487 = ORIENTED_EDGE ( 'NONE', *, *, #5871, .F. ) ;
#9488 = EDGE_CURVE ( 'NONE', #5445, #8974, #7398, .T. ) ;
#9489 = ADVANCED_FACE ( 'NONE', ( #2793 ), #3554, .F. ) ;
#9490 = SURFACE_SIDE_STYLE ('',( #5836 ) ) ;
#9491 = ORIENTED_EDGE ( 'NONE', *, *, #2980, .T. ) ;
#9492 = DIRECTION ( 'NONE',  ( 0.000000000000000000, 0.000000000000000000, 1.000000000000000000 ) ) ;
#9493 = CARTESIAN_POINT ( 'NONE',  ( -1.357660905288240016, 1.961674540571300529, 1.749999999999999778 ) ) ;
#9494 = STYLED_ITEM ( 'NONE', ( #8985 ), #9553 ) ;
#9495 = CARTESIAN_POINT ( 'NONE',  ( 1.949999999999999956, 0.000000000000000000, 1.750000000000000000 ) ) ;
#9496 = ORIENTED_EDGE ( 'NONE', *, *, #3986, .T. ) ;
#9497 = FACE_OUTER_BOUND ( 'NONE', #5067, .T. ) ;
#9498 = CARTESIAN_POINT ( 'NONE',  ( 1.189405335455050006, -1.905000000000000027, 1.030000000000000027 ) ) ;
#9499 = PRESENTATION_LAYER_ASSIGNMENT (  '', '', ( #966 ) ) ;
#9500 = FILL_AREA_STYLE_COLOUR ( '', #2046 ) ;
#9501 = UNCERTAINTY_MEASURE_WITH_UNIT (LENGTH_MEASURE( 1.000000000000000082E-05 ), #3853, 'distance_accuracy_value', 'NONE');
#9502 =( GEOMETRIC_REPRESENTATION_CONTEXT ( 3 ) GLOBAL_UNCERTAINTY_ASSIGNED_CONTEXT ( ( #392 ) ) GLOBAL_UNIT_ASSIGNED_CONTEXT ( ( #8772, #4821, #7946 ) ) REPRESENTATION_CONTEXT ( 'NONE', 'WORKASPACE' ) );
#9503 = ORIENTED_EDGE ( 'NONE', *, *, #5452, .F. ) ;
#9504 = EDGE_CURVE ( 'NONE', #257, #5324, #1214, .T. ) ;
#9505 = EDGE_LOOP ( 'NONE', ( #6182, #1657, #5775, #4357 ) ) ;
#9506 =( NAMED_UNIT ( * ) PLANE_ANGLE_UNIT ( ) SI_UNIT ( $, .RADIAN. ) );
#9507 = FACE_OUTER_BOUND ( 'NONE', #9537, .T. ) ;
#9508 = PRESENTATION_STYLE_ASSIGNMENT (( #8721 ) ) ;
#9509 = LINE ( 'NONE', #1838, #4060 ) ;
#9510 = PRESENTATION_LAYER_ASSIGNMENT (  '', '', ( #4186 ) ) ;
#9511 = VECTOR ( 'NONE', #4318, 1000.000000000000000 ) ;
#9512 = ORIENTED_EDGE ( 'NONE', *, *, #6942, .F. ) ;
#9513 = STYLED_ITEM ( 'NONE', ( #3552 ), #8749 ) ;
#9514 = SURFACE_STYLE_USAGE ( .BOTH. , #7297 ) ;
#9515 = ORIENTED_EDGE ( 'NONE', *, *, #9908, .T. ) ;
#9516 = LINE ( 'NONE', #2429, #7005 ) ;
#9517 = PRESENTATION_STYLE_ASSIGNMENT (( #2035 ) ) ;
#9518 = STYLED_ITEM ( 'NONE', ( #7417 ), #1759 ) ;
#9519 = CARTESIAN_POINT ( 'NONE',  ( -1.916878544047198263, 2.449872071855468292, 1.032432000067762257 ) ) ;
#9520 = STYLED_ITEM ( 'NONE', ( #9804 ), #8330 ) ;
#9521 = PRESENTATION_LAYER_ASSIGNMENT (  '', '', ( #5353 ) ) ;
#9522 = DIRECTION ( 'NONE',  ( -0.000000000000000000, 1.000000000000000000, -0.000000000000000000 ) ) ;
#9523 = CARTESIAN_POINT ( 'NONE',  ( -3.000000000000000000, 1.905000000000000027, 1.965116437629976787E-16 ) ) ;
#9524 = COLOUR_RGB ( '',0.8313725490196077761, 0.8313725490196077761, 0.8313725490196077761 ) ;
#9525 = DIRECTION ( 'NONE',  ( 0.000000000000000000, -0.000000000000000000, -1.000000000000000000 ) ) ;
#9526 = AXIS2_PLACEMENT_3D ( 'NONE', #1987, #5096, #6643 ) ;
#9527 = EDGE_LOOP ( 'NONE', ( #1388, #9333, #8910, #7310 ) ) ;
#9528 = VECTOR ( 'NONE', #1366, 1000.000000000000000 ) ;
#9529 = DIRECTION ( 'NONE',  ( -0.9975640502598241977, 0.000000000000000000, 0.06975647374412685675 ) ) ;
#9530 = DIRECTION ( 'NONE',  ( 0.000000000000000000, 0.000000000000000000, 1.000000000000000000 ) ) ;
#9531 = CARTESIAN_POINT ( 'NONE',  ( 1.847535415049501806, -2.388693427578348683, 1.684436654367588826 ) ) ;
#9532 = FILL_AREA_STYLE ('',( #8984 ) ) ;
#9533 = CARTESIAN_POINT ( 'NONE',  ( 1.802292627064881358, 2.302292627064892017, 1.669999999999998153 ) ) ;
#9534 = CARTESIAN_POINT ( 'NONE',  ( 2.110569391858573063, -0.6350000000000000089, 0.7238751734061582566 ) ) ;
#9535 = MECHANICAL_DESIGN_GEOMETRIC_PRESENTATION_REPRESENTATION (  '', ( #2582 ), #9375 ) ;
#9536 = EDGE_CURVE ( 'NONE', #3927, #9194, #6610, .T. ) ;
#9537 = EDGE_LOOP ( 'NONE', ( #6915, #5399, #6542, #4433 ) ) ;
#9538 = VECTOR ( 'NONE', #3312, 999.9999999999998863 ) ;
#9539 =( NAMED_UNIT ( * ) PLANE_ANGLE_UNIT ( ) SI_UNIT ( $, .RADIAN. ) );
#9540 = AXIS2_PLACEMENT_3D ( 'NONE', #4043, #1689, #7042 ) ;
#9541 = DIRECTION ( 'NONE',  ( 0.000000000000000000, 0.000000000000000000, -1.000000000000000000 ) ) ;
#9542 = ORIENTED_EDGE ( 'NONE', *, *, #968, .T. ) ;
#9543 = MECHANICAL_DESIGN_GEOMETRIC_PRESENTATION_REPRESENTATION (  '', ( #2589 ), #4721 ) ;
#9544 = STYLED_ITEM ( 'NONE', ( #7354 ), #6306 ) ;
#9545 = DIRECTION ( 'NONE',  ( -0.7413137835818656152, 0.07015517768342456606, -0.6674819288308456722 ) ) ;
#9546 = EDGE_LOOP ( 'NONE', ( #1231, #3313, #162, #5280 ) ) ;
#9547 = DIRECTION ( 'NONE',  ( -0.000000000000000000, 0.000000000000000000, 1.000000000000000000 ) ) ;
#9548 = AXIS2_PLACEMENT_3D ( 'NONE', #3616, #6719, #4392 ) ;
#9549 = CARTESIAN_POINT ( 'NONE',  ( -1.870218527253805219, 2.449999403068539028, 1.030005679423489973 ) ) ;
#9550 = STYLED_ITEM ( 'NONE', ( #7579 ), #3183 ) ;
#9551 = VERTEX_POINT ( 'NONE', #8896 ) ;
#9552 = CARTESIAN_POINT ( 'NONE',  ( -1.778333972310206956, 2.327900865654993545, 0.1080958903910354540 ) ) ;
#9553 = ADVANCED_FACE ( 'NONE', ( #1949 ), #5065, .F. ) ;
#9554 = VECTOR ( 'NONE', #5758, 1000.000000000000000 ) ;
#9555 = FACE_OUTER_BOUND ( 'NONE', #3331, .T. ) ;
#9556 = COLOUR_RGB ( '',0.8313725490196077761, 0.8313725490196077761, 0.8313725490196077761 ) ;
#9557 = COLOUR_RGB ( '',0.2862745098039215508, 0.2862745098039215508, 0.2862745098039215508 ) ;
#9558 = ORIENTED_EDGE ( 'NONE', *, *, #801, .T. ) ;
#9559 = ORIENTED_EDGE ( 'NONE', *, *, #5029, .F. ) ;
#9560 = FILL_AREA_STYLE_COLOUR ( '', #8464 ) ;
#9561 = AXIS2_PLACEMENT_3D ( 'NONE', #50, #848, #7397 ) ;
#9562 = MECHANICAL_DESIGN_GEOMETRIC_PRESENTATION_REPRESENTATION (  '', ( #6817 ), #1971 ) ;
#9563 = DIRECTION ( 'NONE',  ( -6.608470384673550038E-16, 0.000000000000000000, -1.000000000000000000 ) ) ;
#9564 = ADVANCED_FACE ( 'NONE', ( #2858 ), #2814, .F. ) ;
#9565 = UNCERTAINTY_MEASURE_WITH_UNIT (LENGTH_MEASURE( 1.000000000000000082E-05 ), #4507, 'distance_accuracy_value', 'NONE');
#9566 = ADVANCED_FACE ( 'NONE', ( #4960 ), #8020, .F. ) ;
#9567 = AXIS2_PLACEMENT_3D ( 'NONE', #250, #7921, #797 ) ;
#9568 = ORIENTED_EDGE ( 'NONE', *, *, #3914, .T. ) ;
#9569 = CARTESIAN_POINT ( 'NONE',  ( -1.044999999999999929, 1.145000000000000018, 0.3000000000000009881 ) ) ;
#9570 = MECHANICAL_DESIGN_GEOMETRIC_PRESENTATION_REPRESENTATION (  '', ( #6993 ), #6198 ) ;
#9571 = FILL_AREA_STYLE ('',( #7194 ) ) ;
#9572 = ORIENTED_EDGE ( 'NONE', *, *, #6780, .T. ) ;
#9573 = SURFACE_SIDE_STYLE ('',( #8128 ) ) ;
#9574 = LINE ( 'NONE', #401, #4574 ) ;
#9575 = DIRECTION ( 'NONE',  ( 0.000000000000000000, -1.000000000000000000, 0.000000000000000000 ) ) ;
#9576 = CIRCLE ( 'NONE', #241, 0.2100000000000000200 ) ;
#9577 = DIRECTION ( 'NONE',  ( 0.000000000000000000, 0.000000000000000000, 1.000000000000000000 ) ) ;
#9578 = VECTOR ( 'NONE', #1221, 1000.000000000000000 ) ;
#9579 =( NAMED_UNIT ( * ) SI_UNIT ( $, .STERADIAN. ) SOLID_ANGLE_UNIT ( ) );
#9580 = ORIENTED_EDGE ( 'NONE', *, *, #2169, .F. ) ;
#9581 = ORIENTED_EDGE ( 'NONE', *, *, #918, .F. ) ;
#9582 = SURFACE_STYLE_FILL_AREA ( #9676 ) ;
#9583 = SURFACE_STYLE_FILL_AREA ( #6511 ) ;
#9584 = CARTESIAN_POINT ( 'NONE',  ( 1.928793852439659950, -0.3800000000000000044, 0.8200000000000009504 ) ) ;
#9585 =( NAMED_UNIT ( * ) SI_UNIT ( $, .STERADIAN. ) SOLID_ANGLE_UNIT ( ) );
#9586 = DIRECTION ( 'NONE',  ( -1.000000000000000000, 0.000000000000000000, 1.779203565104420086E-16 ) ) ;
#9587 = STYLED_ITEM ( 'NONE', ( #1843 ), #7590 ) ;
#9588 = VERTEX_POINT ( 'NONE', #2263 ) ;
#9589 = AXIS2_PLACEMENT_3D ( 'NONE', #7468, #3610, #2839 ) ;
#9590 = CARTESIAN_POINT ( 'NONE',  ( -0.1285000000000000309, 1.501000000000000112, 0.1000000000000006994 ) ) ;
#9591 = CARTESIAN_POINT ( 'NONE',  ( -0.2285000000000000364, -1.145000000000000018, 0.1000000000000010048 ) ) ;
#9592 = ORIENTED_EDGE ( 'NONE', *, *, #4677, .T. ) ;
#9593 = VERTEX_POINT ( 'NONE', #3669 ) ;
#9594 = CARTESIAN_POINT ( 'NONE',  ( 1.870000000000000107, -2.370000000000000107, 1.337499999999999911 ) ) ;
#9595 = EDGE_CURVE ( 'NONE', #6956, #1894, #3000, .T. ) ;
#9596 = FILL_AREA_STYLE_COLOUR ( '', #7274 ) ;
#9597 =( LENGTH_UNIT ( ) NAMED_UNIT ( * ) SI_UNIT ( .MILLI., .METRE. ) );
#9598 = ORIENTED_EDGE ( 'NONE', *, *, #620, .F. ) ;
#9599 = LINE ( 'NONE', #1867, #1148 ) ;
#9600 = DIRECTION ( 'NONE',  ( 0.3406351650717770463, -0.8440827718217361886, 0.4141158758490890990 ) ) ;
#9601 = DIRECTION ( 'NONE',  ( 0.000000000000000000, 1.000000000000000000, 0.000000000000000000 ) ) ;
#9602 = EDGE_LOOP ( 'NONE', ( #1210, #6253, #2127, #8806 ) ) ;
#9603 = ORIENTED_EDGE ( 'NONE', *, *, #4963, .F. ) ;
#9604 = VERTEX_POINT ( 'NONE', #4661 ) ;
#9605 = LINE ( 'NONE', #2716, #1046 ) ;
#9606 = SURFACE_STYLE_USAGE ( .BOTH. , #4990 ) ;
#9607 = EDGE_CURVE ( 'NONE', #4617, #3901, #4561, .T. ) ;
#9608 = CARTESIAN_POINT ( 'NONE',  ( 2.311663692532071934, -0.3800000000000000044, 0.8377503468123118635 ) ) ;
#9609 =( NAMED_UNIT ( * ) PLANE_ANGLE_UNIT ( ) SI_UNIT ( $, .RADIAN. ) );
#9610 = AXIS2_PLACEMENT_3D ( 'NONE', #1004, #3435, #4156 ) ;
#9611 = CARTESIAN_POINT ( 'NONE',  ( 3.000000000000000444, 1.649999999999999689, 0.2105127985970459970 ) ) ;
#9612 = ORIENTED_EDGE ( 'NONE', *, *, #4053, .T. ) ;
#9613 = FILL_AREA_STYLE ('',( #8177 ) ) ;
#9614 = ADVANCED_FACE ( 'NONE', ( #6778 ), #8555, .T. ) ;
#9615 = ORIENTED_EDGE ( 'NONE', *, *, #3984, .F. ) ;
#9616 = FACE_OUTER_BOUND ( 'NONE', #3150, .T. ) ;
#9617 = CARTESIAN_POINT ( 'NONE',  ( 1.877467758999780800, 2.327900865654993101, 0.1896393804201379485 ) ) ;
#9618 = FILL_AREA_STYLE_COLOUR ( '', #3316 ) ;
#9619 = FACE_OUTER_BOUND ( 'NONE', #4551, .T. ) ;
#9621 = ORIENTED_EDGE ( 'NONE', *, *, #9166, .F. ) ;
#9620 = STYLED_ITEM ( 'NONE', ( #3597 ), #539 ) ;
#9622 =( NAMED_UNIT ( * ) SI_UNIT ( $, .STERADIAN. ) SOLID_ANGLE_UNIT ( ) );
#9623 = FILL_AREA_STYLE ('',( #3445 ) ) ;
#9624 = CARTESIAN_POINT ( 'NONE',  ( -1.778333972310208067, -2.327900865654994877, 0.1080958903910355373 ) ) ;
#9625 =( NAMED_UNIT ( * ) PLANE_ANGLE_UNIT ( ) SI_UNIT ( $, .RADIAN. ) );
#9626 = CARTESIAN_POINT ( 'NONE',  ( -1.462500000000000133, 2.381854378694351571, 1.678362277061411056 ) ) ;
#9627 = ORIENTED_EDGE ( 'NONE', *, *, #5270, .F. ) ;
#9628 = CIRCLE ( 'NONE', #5796, 0.1050000000000000100 ) ;
#9629 = VECTOR ( 'NONE', #264, 1000.000000000000000 ) ;
#9630 = SURFACE_STYLE_FILL_AREA ( #3503 ) ;
#9631 = CARTESIAN_POINT ( 'NONE',  ( -1.802292627064890240, -2.302292627064889796, 0.1800000000000005485 ) ) ;
#9632 = ORIENTED_EDGE ( 'NONE', *, *, #1648, .F. ) ;
#9633 = VERTEX_POINT ( 'NONE', #9144 ) ;
#9634 = STYLED_ITEM ( 'NONE', ( #1317 ), #9838 ) ;
#9635 = MECHANICAL_DESIGN_GEOMETRIC_PRESENTATION_REPRESENTATION (  '', ( #1240 ), #9004 ) ;
#9636 = SURFACE_SIDE_STYLE ('',( #319 ) ) ;
#9637 = DIRECTION ( 'NONE',  ( -0.000000000000000000, -1.000000000000000000, 0.000000000000000000 ) ) ;
#9638 = ORIENTED_EDGE ( 'NONE', *, *, #472, .F. ) ;
#9639 =( LENGTH_UNIT ( ) NAMED_UNIT ( * ) SI_UNIT ( .MILLI., .METRE. ) );
#9640 = PLANE ( 'NONE',  #9351 ) ;
#9641 = STYLED_ITEM ( 'NONE', ( #4562 ), #8894 ) ;
#9642 = DIRECTION ( 'NONE',  ( -0.000000000000000000, 0.000000000000000000, 1.000000000000000000 ) ) ;
#9643 = ORIENTED_EDGE ( 'NONE', *, *, #5817, .F. ) ;
#9644 = FACE_OUTER_BOUND ( 'NONE', #114, .T. ) ;
#9645 = DIRECTION ( 'NONE',  ( 0.000000000000000000, 1.000000000000000000, 0.000000000000000000 ) ) ;
#9646 = EDGE_CURVE ( 'NONE', #3465, #988, #3768, .T. ) ;
#9647 =( GEOMETRIC_REPRESENTATION_CONTEXT ( 3 ) GLOBAL_UNCERTAINTY_ASSIGNED_CONTEXT ( ( #3015 ) ) GLOBAL_UNIT_ASSIGNED_CONTEXT ( ( #6801, #2184, #7611 ) ) REPRESENTATION_CONTEXT ( 'NONE', 'WORKASPACE' ) );
#9648 =( LENGTH_UNIT ( ) NAMED_UNIT ( * ) SI_UNIT ( .MILLI., .METRE. ) );
#9649 = VECTOR ( 'NONE', #3145, 1000.000000000000000 ) ;
#9650 = EDGE_LOOP ( 'NONE', ( #3759, #7481 ) ) ;
#9651 = FILL_AREA_STYLE_COLOUR ( '', #4893 ) ;
#9652 = PRESENTATION_STYLE_ASSIGNMENT (( #6580 ) ) ;
#9653 = CARTESIAN_POINT ( 'NONE',  ( 1.949999999999999956, -1.145000000000000018, 0.1000000000000000056 ) ) ;
#9654 = CARTESIAN_POINT ( 'NONE',  ( -1.044999999999999929, -1.145000000000000018, 0.1000000000000007827 ) ) ;
#9655 = CARTESIAN_POINT ( 'NONE',  ( -0.1285000000000000031, -1.500999999999999890, 0.3000000000000009881 ) ) ;
#9656 = SURFACE_STYLE_USAGE ( .BOTH. , #2720 ) ;
#9657 = UNCERTAINTY_MEASURE_WITH_UNIT (LENGTH_MEASURE( 1.000000000000000082E-05 ), #5513, 'distance_accuracy_value', 'NONE');
#9658 =( NAMED_UNIT ( * ) PLANE_ANGLE_UNIT ( ) SI_UNIT ( $, .RADIAN. ) );
#9659 = EDGE_CURVE ( 'NONE', #4773, #9341, #20, .T. ) ;
#9660 = ORIENTED_EDGE ( 'NONE', *, *, #8002, .T. ) ;
#9661 =( NAMED_UNIT ( * ) PLANE_ANGLE_UNIT ( ) SI_UNIT ( $, .RADIAN. ) );
#9662 = ORIENTED_EDGE ( 'NONE', *, *, #5317, .T. ) ;
#9663 = FILL_AREA_STYLE_COLOUR ( '', #5990 ) ;
#9664 = SURFACE_SIDE_STYLE ('',( #1991 ) ) ;
#9665 = DIRECTION ( 'NONE',  ( -1.000000000000000000, -0.000000000000000000, 0.000000000000000000 ) ) ;
#9666 = CARTESIAN_POINT ( 'NONE',  ( 1.873719365689376470, 2.336567908382719327, 0.1688902700279256708 ) ) ;
#9667 = VECTOR ( 'NONE', #7794, 1000.000000000000000 ) ;
#9668 = DIRECTION ( 'NONE',  ( 0.9975640502598241977, 0.000000000000000000, 0.06975647374412552448 ) ) ;
#9669 = AXIS2_PLACEMENT_3D ( 'NONE', #9132, #1457, #3753 ) ;
#9670 = EDGE_CURVE ( 'NONE', #2862, #8146, #5749, .T. ) ;
#9671 = EDGE_CURVE ( 'NONE', #4206, #3431, #2561, .T. ) ;
#9672 =( GEOMETRIC_REPRESENTATION_CONTEXT ( 3 ) GLOBAL_UNCERTAINTY_ASSIGNED_CONTEXT ( ( #8174 ) ) GLOBAL_UNIT_ASSIGNED_CONTEXT ( ( #9789, #6109, #8492 ) ) REPRESENTATION_CONTEXT ( 'NONE', 'WORKASPACE' ) );
#9673 = FILL_AREA_STYLE ('',( #4270 ) ) ;
#9674 = ORIENTED_EDGE ( 'NONE', *, *, #4115, .F. ) ;
#9675 = PRESENTATION_LAYER_ASSIGNMENT (  '', '', ( #7419 ) ) ;
#9676 = FILL_AREA_STYLE ('',( #8844 ) ) ;
#9677 = CARTESIAN_POINT ( 'NONE',  ( 1.845189659078854127, -2.345189659078863897, 1.722150640348744322 ) ) ;
#9678 = CARTESIAN_POINT ( 'NONE',  ( -3.000000000000000444, 2.160000000000000142, 1.310077625086651109E-16 ) ) ;
#9679 = CARTESIAN_POINT ( 'NONE',  ( -1.928793852439659950, -0.8900000000000000133, 1.030000000000000027 ) ) ;
#9680 = DIRECTION ( 'NONE',  ( 0.000000000000000000, 0.000000000000000000, 1.000000000000000000 ) ) ;
#9681 = CARTESIAN_POINT ( 'NONE',  ( 1.189405335455050006, -0.6350000000000000089, 1.030000000000000027 ) ) ;
#9682 = EDGE_CURVE ( 'NONE', #3451, #3209, #4169, .T. ) ;
#9683 = EDGE_CURVE ( 'NONE', #9441, #4494, #2406, .T. ) ;
#9684 =( NAMED_UNIT ( * ) PLANE_ANGLE_UNIT ( ) SI_UNIT ( $, .RADIAN. ) );
#9685 = CIRCLE ( 'NONE', #5351, 0.2100000000000000755 ) ;
#9686 = COLOUR_RGB ( '',0.8313725490196077761, 0.8313725490196077761, 0.8313725490196077761 ) ;
#9687 = CARTESIAN_POINT ( 'NONE',  ( 2.005945153285420446, 0.3800000000000000044, 0.8200000000000016165 ) ) ;
#9688 = VECTOR ( 'NONE', #1100, 1000.000000000000000 ) ;
#9689 = SURFACE_STYLE_FILL_AREA ( #2100 ) ;
#9690 = ORIENTED_EDGE ( 'NONE', *, *, #835, .T. ) ;
#9691 = DIRECTION ( 'NONE',  ( -0.5362129001746803736, -0.5362129001746775980, -0.6518830043593094592 ) ) ;
#9692 = PRESENTATION_LAYER_ASSIGNMENT (  '', '', ( #2579 ) ) ;
#9693 = SURFACE_STYLE_FILL_AREA ( #9747 ) ;
#9694 = VERTEX_POINT ( 'NONE', #6377 ) ;
#9695 = CARTESIAN_POINT ( 'NONE',  ( -1.916803581098482478, 2.344798227419738534, 1.338884964526895427 ) ) ;
#9696 = STYLED_ITEM ( 'NONE', ( #4182 ), #7965 ) ;
#9697 = DIRECTION ( 'NONE',  ( 0.000000000000000000, 0.000000000000000000, -1.000000000000000000 ) ) ;
#9698 = PRESENTATION_STYLE_ASSIGNMENT (( #9794 ) ) ;
#9699 = STYLED_ITEM ( 'NONE', ( #1185 ), #2294 ) ;
#9700 = PRESENTATION_LAYER_ASSIGNMENT (  '', '', ( #9863 ) ) ;
#9701 = COLOUR_RGB ( '',0.2862745098039215508, 0.2862745098039215508, 0.2862745098039215508 ) ;
#9702 = EDGE_LOOP ( 'NONE', ( #8036, #1957, #1914, #7696 ) ) ;
#9703 = AXIS2_PLACEMENT_3D ( 'NONE', #772, #818, #74 ) ;
#9704 = VERTEX_POINT ( 'NONE', #3938 ) ;
#9705 = CARTESIAN_POINT ( 'NONE',  ( -0.2285000000000000364, 0.000000000000000000, 0.1000000000000010464 ) ) ;
#9706 = LINE ( 'NONE', #2810, #8758 ) ;
#9707 = CYLINDRICAL_SURFACE ( 'NONE', #9851, 0.1000000000000000472 ) ;
#9708 = DIRECTION ( 'NONE',  ( 0.08452546101100089082, 0.000000000000000000, 0.9964213197442524095 ) ) ;
#9709 = VECTOR ( 'NONE', #837, 1000.000000000000114 ) ;
#9710 = SURFACE_STYLE_USAGE ( .BOTH. , #8407 ) ;
#9711 = CIRCLE ( 'NONE', #9077, 0.1000000000000000194 ) ;
#9712 = MECHANICAL_DESIGN_GEOMETRIC_PRESENTATION_REPRESENTATION (  '', ( #9869 ), #1178 ) ;
#9713 = FILL_AREA_STYLE ('',( #3528 ) ) ;
#9714 = STYLED_ITEM ( 'NONE', ( #711 ), #3402 ) ;
#9715 = AXIS2_PLACEMENT_3D ( 'NONE', #3199, #2542, #5586 ) ;
#9716 = ORIENTED_EDGE ( 'NONE', *, *, #8632, .F. ) ;
#9717 = CIRCLE ( 'NONE', #6969, 0.1050000000000000655 ) ;
#9718 = CARTESIAN_POINT ( 'NONE',  ( 1.949999403068537696, -2.370218527253804108, 0.8199943205765131138 ) ) ;
#9719 = CIRCLE ( 'NONE', #7461, 0.1050000000000000100 ) ;
#9720 = SURFACE_STYLE_FILL_AREA ( #3534 ) ;
#9721 = VERTEX_POINT ( 'NONE', #4875 ) ;
#9722 = MECHANICAL_DESIGN_GEOMETRIC_PRESENTATION_REPRESENTATION (  '', ( #6972 ), #4401 ) ;
#9723 = VECTOR ( 'NONE', #5820, 1000.000000000000000 ) ;
#9724 = ADVANCED_FACE ( 'NONE', ( #7034 ), #120, .T. ) ;
#9725 = CARTESIAN_POINT ( 'NONE',  ( 1.882647879984875594, 2.301685890579377780, 0.1228765338733729812 ) ) ;
#9726 = DIRECTION ( 'NONE',  ( 0.000000000000000000, -0.000000000000000000, -1.000000000000000000 ) ) ;
#9727 = MECHANICAL_DESIGN_GEOMETRIC_PRESENTATION_REPRESENTATION (  '', ( #9884 ), #4748 ) ;
#9728 = UNCERTAINTY_MEASURE_WITH_UNIT (LENGTH_MEASURE( 1.000000000000000082E-05 ), #8933, 'distance_accuracy_value', 'NONE');
#9729 = AXIS2_PLACEMENT_3D ( 'NONE', #905, #7157, #6348 ) ;
#9730 = CIRCLE ( 'NONE', #2626, 0.1000000000000000194 ) ;
#9731 =( NAMED_UNIT ( * ) PLANE_ANGLE_UNIT ( ) SI_UNIT ( $, .RADIAN. ) );
#9732 = VERTEX_POINT ( 'NONE', #6573 ) ;
#9733 = AXIS2_PLACEMENT_3D ( 'NONE', #5813, #8072, #7304 ) ;
#9734 = EDGE_CURVE ( 'NONE', #7119, #988, #2759, .T. ) ;
#9735 = CARTESIAN_POINT ( 'NONE',  ( 1.778333972310196964, 2.327900865654993989, 1.741904109608966689 ) ) ;
#9736 = PRESENTATION_STYLE_ASSIGNMENT (( #4230 ) ) ;
#9737 = SURFACE_STYLE_USAGE ( .BOTH. , #8190 ) ;
#9738 =( LENGTH_UNIT ( ) NAMED_UNIT ( * ) SI_UNIT ( .MILLI., .METRE. ) );
#9739 = LINE ( 'NONE', #7409, #1356 ) ;
#9740 = STYLED_ITEM ( 'NONE', ( #2135 ), #7199 ) ;
#9741 = CARTESIAN_POINT ( 'NONE',  ( 1.825287670640524995, -2.345189659078864342, 1.738521220450380600 ) ) ;
#9742 = DIRECTION ( 'NONE',  ( 0.7413137835818656152, -0.07015517768342456606, 0.6674819288308456722 ) ) ;
#9743 = CARTESIAN_POINT ( 'NONE',  ( -2.102415215385780023, 2.160000000000000142, 1.030000000000000027 ) ) ;
#9744 = EDGE_CURVE ( 'NONE', #3779, #8828, #4243, .T. ) ;
#9745 = EDGE_CURVE ( 'NONE', #9694, #4477, #2360, .T. ) ;
#9746 = FILL_AREA_STYLE ('',( #2617 ) ) ;
#9747 = FILL_AREA_STYLE ('',( #1962 ) ) ;
#9748 = CARTESIAN_POINT ( 'NONE',  ( -1.916803581098482478, 2.337171350119497060, 1.345813218002327671 ) ) ;
#9749 = FACE_OUTER_BOUND ( 'NONE', #4336, .T. ) ;
#9750 = CARTESIAN_POINT ( 'NONE',  ( -1.949999999999999956, 0.000000000000000000, 0.1000000000000010048 ) ) ;
#9751 = ORIENTED_EDGE ( 'NONE', *, *, #5899, .F. ) ;
#9752 = FILL_AREA_STYLE ('',( #8107 ) ) ;
#9753 = ORIENTED_EDGE ( 'NONE', *, *, #5817, .T. ) ;
#9754 = ORIENTED_EDGE ( 'NONE', *, *, #363, .F. ) ;
#9755 = SURFACE_SIDE_STYLE ('',( #3421 ) ) ;
#9756 =( LENGTH_UNIT ( ) NAMED_UNIT ( * ) SI_UNIT ( .MILLI., .METRE. ) );
#9757 = EDGE_CURVE ( 'NONE', #7364, #9441, #7225, .T. ) ;
#9758 =( LENGTH_UNIT ( ) NAMED_UNIT ( * ) SI_UNIT ( .MILLI., .METRE. ) );
#9759 = DIRECTION ( 'NONE',  ( -1.000000000000000000, 0.000000000000000000, 0.000000000000000000 ) ) ;
#9760 = FILL_AREA_STYLE_COLOUR ( '', #6917 ) ;
#9761 =( NAMED_UNIT ( * ) SI_UNIT ( $, .STERADIAN. ) SOLID_ANGLE_UNIT ( ) );
#9762 = SURFACE_SIDE_STYLE ('',( #5333 ) ) ;
#9763 = SURFACE_STYLE_FILL_AREA ( #6691 ) ;
#9764 = UNCERTAINTY_MEASURE_WITH_UNIT (LENGTH_MEASURE( 1.000000000000000082E-05 ), #7244, 'distance_accuracy_value', 'NONE');
#9765 = DIRECTION ( 'NONE',  ( 1.000000000000000000, 0.000000000000000000, 0.000000000000000000 ) ) ;
#9766 = ORIENTED_EDGE ( 'NONE', *, *, #5398, .T. ) ;
#9767 = FACE_OUTER_BOUND ( 'NONE', #4416, .T. ) ;
#9768 = ORIENTED_EDGE ( 'NONE', *, *, #4308, .F. ) ;
#9769 = ORIENTED_EDGE ( 'NONE', *, *, #9796, .F. ) ;
#9770 = SURFACE_STYLE_FILL_AREA ( #1288 ) ;
#9771 = PRESENTATION_STYLE_ASSIGNMENT (( #8285 ) ) ;
#9772 = SURFACE_SIDE_STYLE ('',( #8231 ) ) ;
#9773 = LINE ( 'NONE', #2875, #7700 ) ;
#9774 = EDGE_CURVE ( 'NONE', #4803, #3511, #2208, .T. ) ;
#9775 = CARTESIAN_POINT ( 'NONE',  ( 1.847535415049512464, -2.388693427578350459, 0.1655633456324119290 ) ) ;
#9776 = ORIENTED_EDGE ( 'NONE', *, *, #4096, .T. ) ;
#9777 = CARTESIAN_POINT ( 'NONE',  ( 1.807731438172855531, 2.388693427578349127, 0.1328221854291385950 ) ) ;
#9778 = DIRECTION ( 'NONE',  ( 0.000000000000000000, 1.000000000000000000, 0.000000000000000000 ) ) ;
#9779 = CARTESIAN_POINT ( 'NONE',  ( -1.145000000000000018, 1.044999999999999929, 0.1000000000000010048 ) ) ;
#9780 = CARTESIAN_POINT ( 'NONE',  ( 1.928793852439659950, 2.160000000000000142, 0.7114753820237430526 ) ) ;
#9781 = SURFACE_SIDE_STYLE ('',( #9630 ) ) ;
#9782 = EDGE_CURVE ( 'NONE', #900, #2175, #4314, .T. ) ;
#9783 = LINE ( 'NONE', #8192, #91 ) ;
#9784 = VECTOR ( 'NONE', #1407, 1000.000000000000114 ) ;
#9785 = CARTESIAN_POINT ( 'NONE',  ( 2.458105539086119951, -1.649999999999999911, 0.3536621499571240279 ) ) ;
#9786 = DIRECTION ( 'NONE',  ( -1.000000000000000000, 0.000000000000000000, 1.779203565104420086E-16 ) ) ;
#9787 = FACE_OUTER_BOUND ( 'NONE', #3155, .T. ) ;
#9788 = SURFACE_STYLE_USAGE ( .BOTH. , #9837 ) ;
#9789 =( LENGTH_UNIT ( ) NAMED_UNIT ( * ) SI_UNIT ( .MILLI., .METRE. ) );
#9790 = COLOUR_RGB ( '',0.2862745098039215508, 0.2862745098039215508, 0.2862745098039215508 ) ;
#9791 = DIRECTION ( 'NONE',  ( 0.000000000000000000, 0.000000000000000000, 1.000000000000000000 ) ) ;
#9792 = LINE ( 'NONE', #615, #8760 ) ;
#9793 = VERTEX_POINT ( 'NONE', #1916 ) ;
#9794 = SURFACE_STYLE_USAGE ( .BOTH. , #1377 ) ;
#9795 = EDGE_CURVE ( 'NONE', #5828, #5140, #8694, .T. ) ;
#9796 = EDGE_CURVE ( 'NONE', #7334, #1885, #8957, .T. ) ;
#9797 = PRESENTATION_LAYER_ASSIGNMENT (  '', '', ( #5951 ) ) ;
#9798 = EDGE_LOOP ( 'NONE', ( #3044, #8856, #876, #5798 ) ) ;
#9799 = PLANE ( 'NONE',  #2897 ) ;
#9800 = CIRCLE ( 'NONE', #8863, 0.1000000000000000194 ) ;
#9801 = FACE_OUTER_BOUND ( 'NONE', #6359, .T. ) ;
#9802 = ORIENTED_EDGE ( 'NONE', *, *, #8964, .T. ) ;
#9803 = CARTESIAN_POINT ( 'NONE',  ( -1.950000000000000178, -2.370000000000000107, 0.5125000000000010658 ) ) ;
#9804 = PRESENTATION_STYLE_ASSIGNMENT (( #2072 ) ) ;
#9805 =( NAMED_UNIT ( * ) SI_UNIT ( $, .STERADIAN. ) SOLID_ANGLE_UNIT ( ) );
#9806 = PRESENTATION_STYLE_ASSIGNMENT (( #6126 ) ) ;
#9807 = COLOUR_RGB ( '',0.8313725490196077761, 0.8313725490196077761, 0.8313725490196077761 ) ;
#9808 = EDGE_CURVE ( 'NONE', #6604, #7264, #3649, .T. ) ;
#9809 = STYLED_ITEM ( 'NONE', ( #6100 ), #9181 ) ;
#9810 = VERTEX_POINT ( 'NONE', #2107 ) ;
#9811 = DIRECTION ( 'NONE',  ( 1.000000000000000000, 0.000000000000000000, 0.000000000000000000 ) ) ;
#9812 = ORIENTED_EDGE ( 'NONE', *, *, #1664, .F. ) ;
#9813 = FILL_AREA_STYLE ('',( #7496 ) ) ;
#9814 = ORIENTED_EDGE ( 'NONE', *, *, #9757, .T. ) ;
#9815 = CARTESIAN_POINT ( 'NONE',  ( 1.815360702644579938, -2.315360702644579938, 0.3043344337805469757 ) ) ;
#9816 = CARTESIAN_POINT ( 'NONE',  ( -2.361081698735099987, -1.905000000000000027, 0.2551903184968640215 ) ) ;
#9817 = VECTOR ( 'NONE', #6259, 1000.000000000000000 ) ;
#9818 = DIRECTION ( 'NONE',  ( -1.000000000000000000, 0.000000000000000000, 2.846725704167069772E-16 ) ) ;
#9819 =( LENGTH_UNIT ( ) NAMED_UNIT ( * ) SI_UNIT ( .MILLI., .METRE. ) );
#9820 = CARTESIAN_POINT ( 'NONE',  ( -1.928793852439659950, -2.160000000000000142, 0.7114753820237430526 ) ) ;
#9821 = UNCERTAINTY_MEASURE_WITH_UNIT (LENGTH_MEASURE( 1.000000000000000082E-05 ), #8081, 'distance_accuracy_value', 'NONE');
#9822 = VECTOR ( 'NONE', #9368, 1000.000000000000000 ) ;
#9823 = CIRCLE ( 'NONE', #8550, 0.1050000000000000100 ) ;
#9824 = ORIENTED_EDGE ( 'NONE', *, *, #4032, .T. ) ;
#9825 = CARTESIAN_POINT ( 'NONE',  ( -2.311663692532070158, -2.160000000000000142, 0.8377503468123129737 ) ) ;
#9826 = AXIS2_PLACEMENT_3D ( 'NONE', #8210, #5128, #534 ) ;
#9827 = SURFACE_STYLE_USAGE ( .BOTH. , #9027 ) ;
#9828 = LINE ( 'NONE', #799, #961 ) ;
#9829 = VECTOR ( 'NONE', #7523, 1000.000000000000000 ) ;
#9830 = CARTESIAN_POINT ( 'NONE',  ( -2.167034018033049847, -1.649999999999999911, 0.05824665557634479962 ) ) ;
#9831 = AXIS2_PLACEMENT_3D ( 'NONE', #78, #2404, #6227 ) ;
#9832 =( GEOMETRIC_REPRESENTATION_CONTEXT ( 3 ) GLOBAL_UNCERTAINTY_ASSIGNED_CONTEXT ( ( #2243 ) ) GLOBAL_UNIT_ASSIGNED_CONTEXT ( ( #5742, #466, #3569 ) ) REPRESENTATION_CONTEXT ( 'NONE', 'WORKASPACE' ) );
#9833 = CARTESIAN_POINT ( 'NONE',  ( 1.949999403068538806, 2.370218527253805441, 1.030005679423485310 ) ) ;
#9834 = SURFACE_STYLE_USAGE ( .BOTH. , #3652 ) ;
#9835 =( NAMED_UNIT ( * ) PLANE_ANGLE_UNIT ( ) SI_UNIT ( $, .RADIAN. ) );
#9836 = CARTESIAN_POINT ( 'NONE',  ( -2.295355339586480081, -1.649999999999999911, 1.030000000000000027 ) ) ;
#9837 = SURFACE_SIDE_STYLE ('',( #5927 ) ) ;
#9838 = ADVANCED_FACE ( 'NONE', ( #9749 ), #1184, .F. ) ;
#9839 = CARTESIAN_POINT ( 'NONE',  ( -0.2285000000000000364, 1.401000000000000023, 0.1000000000000010186 ) ) ;
#9840 = DIRECTION ( 'NONE',  ( -0.08452546101100759379, -0.000000000000000000, -0.9964213197442519654 ) ) ;
#9841 = CARTESIAN_POINT ( 'NONE',  ( -1.189405335455050006, -1.905000000000000027, 1.030000000000000027 ) ) ;
#9842 =( GEOMETRIC_REPRESENTATION_CONTEXT ( 3 ) GLOBAL_UNCERTAINTY_ASSIGNED_CONTEXT ( ( #8791 ) ) GLOBAL_UNIT_ASSIGNED_CONTEXT ( ( #6884, #2274, #6931 ) ) REPRESENTATION_CONTEXT ( 'NONE', 'WORKASPACE' ) );
#9843 = ORIENTED_EDGE ( 'NONE', *, *, #2301, .T. ) ;
#9844 = FILL_AREA_STYLE ('',( #5892 ) ) ;
#9845 = COLOUR_RGB ( '',0.2862745098039215508, 0.2862745098039215508, 0.2862745098039215508 ) ;
#9846 = EDGE_LOOP ( 'NONE', ( #6568, #4897, #7529, #8769 ) ) ;
#9847 = PRESENTATION_LAYER_ASSIGNMENT (  '', '', ( #6316 ) ) ;
#9848 = ORIENTED_EDGE ( 'NONE', *, *, #9237, .F. ) ;
#9849 = FACE_OUTER_BOUND ( 'NONE', #2756, .T. ) ;
#9850 = DIRECTION ( 'NONE',  ( 0.000000000000000000, 0.000000000000000000, 1.000000000000000000 ) ) ;
#9851 = AXIS2_PLACEMENT_3D ( 'NONE', #5848, #2769, #3373 ) ;
#9852 = COLOUR_RGB ( '',0.8313725490196077761, 0.8313725490196077761, 0.8313725490196077761 ) ;
#9853 = DIRECTION ( 'NONE',  ( -1.000000000000000000, 0.000000000000000000, -0.000000000000000000 ) ) ;
#9854 = EDGE_CURVE ( 'NONE', #3751, #2971, #3459, .T. ) ;
#9855 = FACE_OUTER_BOUND ( 'NONE', #7128, .T. ) ;
#9856 = UNCERTAINTY_MEASURE_WITH_UNIT (LENGTH_MEASURE( 1.000000000000000082E-05 ), #5860, 'distance_accuracy_value', 'NONE');
#9857 = CARTESIAN_POINT ( 'NONE',  ( -2.346432839248830060, -1.905000000000000027, 0.04570186794230110539 ) ) ;
#9858 = MECHANICAL_DESIGN_GEOMETRIC_PRESENTATION_REPRESENTATION (  '', ( #4210 ), #8282 ) ;
#9859 = MECHANICAL_DESIGN_GEOMETRIC_PRESENTATION_REPRESENTATION (  '', ( #5709 ), #6490 ) ;
#9860 = ORIENTED_EDGE ( 'NONE', *, *, #4745, .F. ) ;
#9861 = PLANE ( 'NONE',  #2735 ) ;
#9862 = ORIENTED_EDGE ( 'NONE', *, *, #9135, .F. ) ;
#9863 = STYLED_ITEM ( 'NONE', ( #914 ), #1872 ) ;
#9864 = ORIENTED_EDGE ( 'NONE', *, *, #1773, .T. ) ;
#9865 = DIRECTION ( 'NONE',  ( -0.1039620511844980000, -0.1039620511844980000, 0.9891328443778539814 ) ) ;
#9866 = CARTESIAN_POINT ( 'NONE',  ( -1.189405335455050228, 1.649999999999999689, 0.8200000000000016165 ) ) ;
#9867 = EDGE_CURVE ( 'NONE', #3878, #5095, #7062, .T. ) ;
#9868 = EDGE_CURVE ( 'NONE', #2830, #5412, #137, .T. ) ;
#9869 = STYLED_ITEM ( 'NONE', ( #2846 ), #4055 ) ;
#9870 =( LENGTH_UNIT ( ) NAMED_UNIT ( * ) SI_UNIT ( .MILLI., .METRE. ) );
#9871 = VECTOR ( 'NONE', #4584, 1000.000000000000000 ) ;
#9872 = AXIS2_PLACEMENT_3D ( 'NONE', #3297, #6398, #5622 ) ;
#9873 = DIRECTION ( 'NONE',  ( -0.7413137835818724986, -0.07015517768342317828, -0.6674819288308383447 ) ) ;
#9874 = ORIENTED_EDGE ( 'NONE', *, *, #9646, .F. ) ;
#9875 = CARTESIAN_POINT ( 'NONE',  ( 1.865091647517193918, 2.345189659078863453, 0.1442199397528919347 ) ) ;
#9876 = SURFACE_STYLE_FILL_AREA ( #6011 ) ;
#9877 = EDGE_CURVE ( 'NONE', #9094, #4131, #9892, .T. ) ;
#9878 = VECTOR ( 'NONE', #9096, 1000.000000000000000 ) ;
#9879 = CARTESIAN_POINT ( 'NONE',  ( -1.468615827805879848, 2.381854378694350238, 1.678362277061410390 ) ) ;
#9880 = FACE_OUTER_BOUND ( 'NONE', #9546, .T. ) ;
#9881 = FACE_OUTER_BOUND ( 'NONE', #6657, .T. ) ;
#9882 = CARTESIAN_POINT ( 'NONE',  ( 1.825287670640535431, -2.345189659078864342, 0.1114787795496196832 ) ) ;
#9883 = SURFACE_SIDE_STYLE ('',( #9324 ) ) ;
#9884 = STYLED_ITEM ( 'NONE', ( #1548 ), #6959 ) ;
#9885 = CARTESIAN_POINT ( 'NONE',  ( 1.845189659078854350, -2.345189659078863453, 1.722150640348743211 ) ) ;
#9886 = VERTEX_POINT ( 'NONE', #7723 ) ;
#9887 = VECTOR ( 'NONE', #8271, 1000.000000000000000 ) ;
#9888 = LINE ( 'NONE', #6910, #3896 ) ;
#9889 = CARTESIAN_POINT ( 'NONE',  ( 0.2285000000000000364, 1.401000000000000023, 0.1000000000000010048 ) ) ;
#9890 = CARTESIAN_POINT ( 'NONE',  ( -1.880153323855735747, 2.417183022854118235, 1.345849727352365743 ) ) ;
#9891 = SURFACE_STYLE_USAGE ( .BOTH. , #6 ) ;
#9892 = LINE ( 'NONE', #7678, #464 ) ;
#9893 = CARTESIAN_POINT ( 'NONE',  ( -3.000000000000000000, 2.160000000000000142, 0.000000000000000000 ) ) ;
#9894 = VERTEX_POINT ( 'NONE', #3863 ) ;
#9895 = AXIS2_PLACEMENT_3D ( 'NONE', #8700, #1762, #7993 ) ;
#9896 =( NAMED_UNIT ( * ) SI_UNIT ( $, .STERADIAN. ) SOLID_ANGLE_UNIT ( ) );
#9897 = EDGE_CURVE ( 'NONE', #8400, #3870, #9287, .T. ) ;
#9898 = AXIS2_PLACEMENT_3D ( 'NONE', #4684, #4631, #5457 ) ;
#9899 = VERTEX_POINT ( 'NONE', #66 ) ;
#9900 =( NAMED_UNIT ( * ) SI_UNIT ( $, .STERADIAN. ) SOLID_ANGLE_UNIT ( ) );
#9901 = STYLED_ITEM ( 'NONE', ( #4910 ), #5505 ) ;
#9902 = FILL_AREA_STYLE ('',( #8405 ) ) ;
#9903 = CARTESIAN_POINT ( 'NONE',  ( -1.492920983025413095, -2.338417127732530965, 1.737113932095117441 ) ) ;
#9904 = SURFACE_STYLE_USAGE ( .BOTH. , #9350 ) ;
#9905 = UNCERTAINTY_MEASURE_WITH_UNIT (LENGTH_MEASURE( 1.000000000000000082E-05 ), #6430, 'distance_accuracy_value', 'NONE');
#9906 = VECTOR ( 'NONE', #6241, 1000.000000000000000 ) ;
#9907 = ORIENTED_EDGE ( 'NONE', *, *, #9488, .T. ) ;
#9908 = EDGE_CURVE ( 'NONE', #1818, #7893, #7524, .T. ) ;
#9909 = VERTEX_POINT ( 'NONE', #4491 ) ;
#9910 = ORIENTED_EDGE ( 'NONE', *, *, #7451, .T. ) ;
#9911 = PLANE ( 'NONE',  #6670 ) ;
#9912 = UNCERTAINTY_MEASURE_WITH_UNIT (LENGTH_MEASURE( 1.000000000000000082E-05 ), #1033, 'distance_accuracy_value', 'NONE');
#9913 = EDGE_CURVE ( 'NONE', #3520, #3751, #1421, .T. ) ;
#9914 = DIRECTION ( 'NONE',  ( 0.000000000000000000, -0.000000000000000000, 1.000000000000000000 ) ) ;
#9915 = ORIENTED_EDGE ( 'NONE', *, *, #4964, .F. ) ;
#9916 = SURFACE_STYLE_USAGE ( .BOTH. , #6853 ) ;
#9917 = SURFACE_SIDE_STYLE ('',( #7668 ) ) ;
#9918 = SURFACE_STYLE_USAGE ( .BOTH. , #3028 ) ;
#9919 = CARTESIAN_POINT ( 'NONE',  ( 1.802292627064890018, -2.302292627064889796, 0.1799999999999999933 ) ) ;
#9920 = EDGE_CURVE ( 'NONE', #3140, #4803, #764, .T. ) ;
#9921 = FILL_AREA_STYLE_COLOUR ( '', #3383 ) ;
#9922 = ORIENTED_EDGE ( 'NONE', *, *, #3660, .T. ) ;
#9923 = FACE_OUTER_BOUND ( 'NONE', #9365, .T. ) ;
#9924 = LINE ( 'NONE', #5423, #1960 ) ;
#9925 = CARTESIAN_POINT ( 'NONE',  ( -2.110569391858568622, -2.160000000000000142, 0.7238751734061575904 ) ) ;
#9926 = CARTESIAN_POINT ( 'NONE',  ( 0.000000000000000000, 0.000000000000000000, 0.000000000000000000 ) ) ;
#9927 = CARTESIAN_POINT ( 'NONE',  ( -1.916878544047196931, -2.449872071855470512, 0.8175679999321925351 ) ) ;
#9928 = ORIENTED_EDGE ( 'NONE', *, *, #9309, .F. ) ;
#9929 = AXIS2_PLACEMENT_3D ( 'NONE', #4752, #3852, #2979 ) ;
#9930 = DIRECTION ( 'NONE',  ( 0.000000000000000000, 0.000000000000000000, 1.000000000000000000 ) ) ;
#9931 = FACE_OUTER_BOUND ( 'NONE', #9290, .T. ) ;
#9932 = ORIENTED_EDGE ( 'NONE', *, *, #58, .F. ) ;
#9933 = VERTEX_POINT ( 'NONE', #716 ) ;
#9934 = DIRECTION ( 'NONE',  ( 0.000000000000000000, 1.000000000000000000, 0.000000000000000000 ) ) ;
#9935 = MECHANICAL_DESIGN_GEOMETRIC_PRESENTATION_REPRESENTATION (  '', ( #9620 ), #6409 ) ;
#9936 = DIRECTION ( 'NONE',  ( -0.9975640502598241977, 0.000000000000000000, 0.06975647374412552448 ) ) ;
#9937 = DIRECTION ( 'NONE',  ( -0.9975640502598241977, 0.000000000000000000, 0.06975647374412552448 ) ) ;
#9938 = CARTESIAN_POINT ( 'NONE',  ( -2.005945153285420446, -0.8900000000000000133, 0.8200000000000015055 ) ) ;
#9939 =( NAMED_UNIT ( * ) PLANE_ANGLE_UNIT ( ) SI_UNIT ( $, .RADIAN. ) );
#9940 = DIRECTION ( 'NONE',  ( 0.9975640502598241977, 0.000000000000000000, -0.06975647374412552448 ) ) ;
#9941 = UNCERTAINTY_MEASURE_WITH_UNIT (LENGTH_MEASURE( 1.000000000000000082E-05 ), #6565, 'distance_accuracy_value', 'NONE');
#9942 = DIRECTION ( 'NONE',  ( 0.000000000000000000, -1.000000000000000000, 0.000000000000000000 ) ) ;
#9943 = FILL_AREA_STYLE_COLOUR ( '', #8939 ) ;
#9944 = ORIENTED_EDGE ( 'NONE', *, *, #4964, .T. ) ;
#9945 = CARTESIAN_POINT ( 'NONE',  ( 1.387778780781450113E-16, 1.145000000000000018, 0.3000000000000009881 ) ) ;
#9946 = VERTEX_POINT ( 'NONE', #2949 ) ;
#9947 = CARTESIAN_POINT ( 'NONE',  ( 1.189405335455050006, -1.649999999999999689, 1.030000000000000027 ) ) ;
#9948 = ORIENTED_EDGE ( 'NONE', *, *, #8597, .T. ) ;
#9949 = FACE_OUTER_BOUND ( 'NONE', #8265, .T. ) ;
#9950 = COLOUR_RGB ( '',0.2862745098039215508, 0.2862745098039215508, 0.2862745098039215508 ) ;
#9951 = MECHANICAL_DESIGN_GEOMETRIC_PRESENTATION_REPRESENTATION (  '', ( #6101 ), #5655 ) ;
#9952 = LINE ( 'NONE', #550, #3407 ) ;
#9953 =( NAMED_UNIT ( * ) PLANE_ANGLE_UNIT ( ) SI_UNIT ( $, .RADIAN. ) );
#9954 = EDGE_CURVE ( 'NONE', #2398, #5559, #3806, .T. ) ;
#9955 = MECHANICAL_DESIGN_GEOMETRIC_PRESENTATION_REPRESENTATION (  '', ( #7222 ), #6428 ) ;
#9956 = SURFACE_STYLE_USAGE ( .BOTH. , #7550 ) ;
#9957 = DIRECTION ( 'NONE',  ( -0.000000000000000000, -1.000000000000000000, -0.000000000000000000 ) ) ;
#9958 = CARTESIAN_POINT ( 'NONE',  ( -0.2285000000000000364, 1.401000000000000023, 0.1000000000000010048 ) ) ;
#9959 = ORIENTED_EDGE ( 'NONE', *, *, #5757, .T. ) ;
#9960 = CARTESIAN_POINT ( 'NONE',  ( 1.462500000000000133, -2.302292627064889796, 0.1799999999999999933 ) ) ;
#9961 = SURFACE_SIDE_STYLE ('',( #1944 ) ) ;
#9962 = DIRECTION ( 'NONE',  ( 0.000000000000000000, -0.000000000000000000, 1.000000000000000000 ) ) ;
#9963 = CARTESIAN_POINT ( 'NONE',  ( -1.949872071855470734, 2.416878544047198041, 0.8175679999321924241 ) ) ;
#9964 = ADVANCED_FACE ( 'NONE', ( #5427 ), #8, .F. ) ;
#9965 = CARTESIAN_POINT ( 'NONE',  ( 0.1285000000000000031, 1.401000000000000023, 0.1000000000000010048 ) ) ;
#9966 = STYLED_ITEM ( 'NONE', ( #6885 ), #1094 ) ;
#9967 = CARTESIAN_POINT ( 'NONE',  ( -3.000000000000000444, 1.649999999999999689, 0.2105127985970459692 ) ) ;
#9968 =( LENGTH_UNIT ( ) NAMED_UNIT ( * ) SI_UNIT ( .MILLI., .METRE. ) );
#9969 = SURFACE_STYLE_FILL_AREA ( #2384 ) ;
#9970 = NEXT_ASSEMBLY_USAGE_OCCURRENCE ( 'NAUO1', ' ', ' ', #1320, #1747, $ ) ;
#9971 = NEXT_ASSEMBLY_USAGE_OCCURRENCE ( 'NAUO2', ' ', ' ', #1320, #4465, $ ) ;
ENDSEC;
END-ISO-10303-21;
