ISO-10303-21;
HEADER;
FILE_DESCRIPTION (( 'STEP AP214' ),
    '1' );
FILE_NAME ('TPS259472ARPWR.STEP',
    '2025-11-01T06:36:18',
    ( '' ),
    ( '' ),
    'SwSTEP 2.0',
    'SolidWorks 2023',
    '' );
FILE_SCHEMA (( 'AUTOMOTIVE_DESIGN' ));
ENDSEC;

DATA;
#1 = EDGE_LOOP ( 'NONE', ( #1606, #4892, #1080, #214 ) ) ;
#2 = DIRECTION ( 'NONE',  ( 0.000000000000000000, 0.000000000000000000, 1.000000000000000000 ) ) ;
#3 = UNCERTAINTY_MEASURE_WITH_UNIT (LENGTH_MEASURE( 1.000000000000000082E-05 ), #2429, 'distance_accuracy_value', 'NONE');
#4 = CARTESIAN_POINT ( 'NONE',  ( 1.000000000000000000, 0.000000000000000000, 0.09999999999999829858 ) ) ;
#5 = EDGE_CURVE ( 'NONE', #174, #4951, #2755, .T. ) ;
#6 = AXIS2_PLACEMENT_3D ( 'NONE', #5022, #4726, #1501 ) ;
#7 = VERTEX_POINT ( 'NONE', #783 ) ;
#8 = SURFACE_STYLE_FILL_AREA ( #735 ) ;
#9 = CARTESIAN_POINT ( 'NONE',  ( 1.000000000000000000, 0.1000000000000000056, -0.8499999999999999778 ) ) ;
#10 = DIRECTION ( 'NONE',  ( -0.7071067811865460184, 0.000000000000000000, 0.7071067811865489050 ) ) ;
#11 = SURFACE_SIDE_STYLE ('',( #4733 ) ) ;
#12 = AXIS2_PLACEMENT_3D ( 'NONE', #1881, #3056, #2385 ) ;
#13 = ORIENTED_EDGE ( 'NONE', *, *, #663, .T. ) ;
#14 = EDGE_CURVE ( 'NONE', #951, #2148, #2416, .T. ) ;
#15 = AXIS2_PLACEMENT_3D ( 'NONE', #334, #5030, #2711 ) ;
#16 = PRESENTATION_STYLE_ASSIGNMENT (( #744 ) ) ;
#17 = CARTESIAN_POINT ( 'NONE',  ( 0.7249999999999999778, 0.000000000000000000, 0.5500000000000000444 ) ) ;
#18 = DIRECTION ( 'NONE',  ( -1.000000000000000000, 0.000000000000000000, 7.885106708985500867E-16 ) ) ;
#19 = CARTESIAN_POINT ( 'NONE',  ( 0.7249999999999999778, 0.1000000000000000056, -0.2250000000000000056 ) ) ;
#20 = VERTEX_POINT ( 'NONE', #3997 ) ;
#21 = VECTOR ( 'NONE', #795, 1000.000000000000000 ) ;
#22 = AXIS2_PLACEMENT_3D ( 'NONE', #129, #2035, #911 ) ;
#23 = FILL_AREA_STYLE_COLOUR ( '', #5033 ) ;
#24 = ORIENTED_EDGE ( 'NONE', *, *, #666, .F. ) ;
#25 = DIRECTION ( 'NONE',  ( 1.000000000000000000, 0.000000000000000000, 0.000000000000000000 ) ) ;
#26 = CARTESIAN_POINT ( 'NONE',  ( 1.000000000000000000, 0.05000000000000000278, 1.000000000000000000 ) ) ;
#27 = DIRECTION ( 'NONE',  ( 0.000000000000000000, 0.000000000000000000, -1.000000000000000000 ) ) ;
#28 = ORIENTED_EDGE ( 'NONE', *, *, #755, .F. ) ;
#29 = DIRECTION ( 'NONE',  ( -1.000000000000000000, 0.000000000000000000, 1.445602896647340100E-15 ) ) ;
#30 = ORIENTED_EDGE ( 'NONE', *, *, #661, .F. ) ;
#31 =( NAMED_UNIT ( * ) PLANE_ANGLE_UNIT ( ) SI_UNIT ( $, .RADIAN. ) );
#32 = VECTOR ( 'NONE', #3386, 1000.000000000000000 ) ;
#33 = CARTESIAN_POINT ( 'NONE',  ( 1.000000000000000000, 0.1000000000000000056, -0.5500000000000000444 ) ) ;
#34 = CARTESIAN_POINT ( 'NONE',  ( -1.000000000000000000, 0.000000000000000000, -0.1000000000000000056 ) ) ;
#35 = CARTESIAN_POINT ( 'NONE',  ( 0.000000000000000000, 0.000000000000000000, 0.000000000000000000 ) ) ;
#36 = AXIS2_PLACEMENT_3D ( 'NONE', #2609, #1389, #217 ) ;
#37 = ORIENTED_EDGE ( 'NONE', *, *, #952, .F. ) ;
#38 = AXIS2_PLACEMENT_3D ( 'NONE', #3959, #799, #2774 ) ;
#39 = LINE ( 'NONE', #4016, #2485 ) ;
#40 = CARTESIAN_POINT ( 'NONE',  ( -0.7249999999999999778, 0.000000000000000000, 0.5500000000000000444 ) ) ;
#41 = VECTOR ( 'NONE', #3439, 1000.000000000000000 ) ;
#42 = EDGE_LOOP ( 'NONE', ( #2971, #3976, #1802, #2511 ) ) ;
#43 = VECTOR ( 'NONE', #3892, 1000.000000000000000 ) ;
#44 = VECTOR ( 'NONE', #2567, 1000.000000000000000 ) ;
#45 = SURFACE_STYLE_USAGE ( .BOTH. , #3966 ) ;
#46 = ORIENTED_EDGE ( 'NONE', *, *, #294, .F. ) ;
#47 = FACE_OUTER_BOUND ( 'NONE', #1526, .T. ) ;
#48 = VECTOR ( 'NONE', #2986, 1000.000000000000000 ) ;
#49 = LINE ( 'NONE', #2498, #4747 ) ;
#50 = ORIENTED_EDGE ( 'NONE', *, *, #2976, .T. ) ;
#51 = CARTESIAN_POINT ( 'NONE',  ( -0.7249999999999999778, 0.1000000000000000056, 0.2250000000000000056 ) ) ;
#52 = CARTESIAN_POINT ( 'NONE',  ( 0.5999999999999999778, 0.1000000000000000056, 1.000000000000000000 ) ) ;
#53 = EDGE_CURVE ( 'NONE', #4605, #1404, #2337, .T. ) ;
#54 = EDGE_CURVE ( 'NONE', #2046, #4487, #3523, .T. ) ;
#55 = ORIENTED_EDGE ( 'NONE', *, *, #952, .T. ) ;
#56 = PLANE ( 'NONE',  #1459 ) ;
#57 = DIRECTION ( 'NONE',  ( 0.000000000000000000, -1.000000000000000000, 0.000000000000000000 ) ) ;
#58 = CARTESIAN_POINT ( 'NONE',  ( -0.7249999999999999778, 0.1000000000000000056, -0.1000000000000000056 ) ) ;
#59 = VERTEX_POINT ( 'NONE', #2031 ) ;
#60 = EDGE_CURVE ( 'NONE', #1206, #2699, #69, .T. ) ;
#61 = VERTEX_POINT ( 'NONE', #3221 ) ;
#62 = CARTESIAN_POINT ( 'NONE',  ( -0.7500000000000000000, 0.9499999999999999556, -0.6500000000000000222 ) ) ;
#63 = CARTESIAN_POINT ( 'NONE',  ( -0.7249999999999999778, 0.1000000000000000056, 0.1000000000000000056 ) ) ;
#64 = PRESENTATION_STYLE_ASSIGNMENT (( #3572 ) ) ;
#65 = PLANE ( 'NONE',  #3907 ) ;
#66 = ORIENTED_EDGE ( 'NONE', *, *, #1050, .F. ) ;
#67 = DIRECTION ( 'NONE',  ( -1.445602896647344044E-15, 0.000000000000000000, 1.000000000000000000 ) ) ;
#68 = FILL_AREA_STYLE_COLOUR ( '', #106 ) ;
#69 = LINE ( 'NONE', #1630, #4977 ) ;
#70 = EDGE_CURVE ( 'NONE', #4515, #4183, #3490, .T. ) ;
#71 = SURFACE_SIDE_STYLE ('',( #2883 ) ) ;
#72 = COLOUR_RGB ( '',0.2509803921568627416, 0.2509803921568627416, 0.2509803921568627416 ) ;
#73 = DIRECTION ( 'NONE',  ( 0.000000000000000000, 0.000000000000000000, 1.000000000000000000 ) ) ;
#74 = EDGE_CURVE ( 'NONE', #2147, #4661, #4305, .T. ) ;
#75 = VECTOR ( 'NONE', #882, 1000.000000000000000 ) ;
#76 = PLANE ( 'NONE',  #3062 ) ;
#77 = ORIENTED_EDGE ( 'NONE', *, *, #3273, .T. ) ;
#78 =( LENGTH_UNIT ( ) NAMED_UNIT ( * ) SI_UNIT ( .MILLI., .METRE. ) );
#79 = FACE_OUTER_BOUND ( 'NONE', #4524, .T. ) ;
#80 = STYLED_ITEM ( 'NONE', ( #796 ), #3672 ) ;
#81 = ADVANCED_FACE ( 'NONE', ( #773 ), #2357, .F. ) ;
#82 = DIRECTION ( 'NONE',  ( 0.000000000000000000, -1.000000000000000000, 0.000000000000000000 ) ) ;
#83 = AXIS2_PLACEMENT_3D ( 'NONE', #2386, #3958, #4381 ) ;
#84 = DIRECTION ( 'NONE',  ( 0.000000000000000000, 1.000000000000000000, 0.000000000000000000 ) ) ;
#85 = AXIS2_PLACEMENT_3D ( 'NONE', #1305, #2452, #914 ) ;
#86 = SURFACE_STYLE_USAGE ( .BOTH. , #110 ) ;
#87 = DIRECTION ( 'NONE',  ( 1.000000000000000000, 0.000000000000000000, 0.000000000000000000 ) ) ;
#88 = EDGE_CURVE ( 'NONE', #1749, #189, #1545, .T. ) ;
#89 = AXIS2_PLACEMENT_3D ( 'NONE', #4401, #482, #2354 ) ;
#90 = ORIENTED_EDGE ( 'NONE', *, *, #4244, .F. ) ;
#91 = ORIENTED_EDGE ( 'NONE', *, *, #967, .T. ) ;
#92 = PLANE ( 'NONE',  #4597 ) ;
#93 = CARTESIAN_POINT ( 'NONE',  ( 0.5999999999999999778, 0.1000000000000000056, -1.000000000000000000 ) ) ;
#94 =( NAMED_UNIT ( * ) SI_UNIT ( $, .STERADIAN. ) SOLID_ANGLE_UNIT ( ) );
#95 = FACE_OUTER_BOUND ( 'NONE', #4810, .T. ) ;
#96 = ORIENTED_EDGE ( 'NONE', *, *, #298, .F. ) ;
#97 = VECTOR ( 'NONE', #3306, 1000.000000000000000 ) ;
#98 = DIRECTION ( 'NONE',  ( 0.000000000000000000, 1.000000000000000000, 0.000000000000000000 ) ) ;
#99 = DIRECTION ( 'NONE',  ( 1.000000000000000000, 0.000000000000000000, 1.445602896647332014E-15 ) ) ;
#100 = LINE ( 'NONE', #1703, #1604 ) ;
#101 =( NAMED_UNIT ( * ) PLANE_ANGLE_UNIT ( ) SI_UNIT ( $, .RADIAN. ) );
#102 =( GEOMETRIC_REPRESENTATION_CONTEXT ( 3 ) GLOBAL_UNCERTAINTY_ASSIGNED_CONTEXT ( ( #3464 ) ) GLOBAL_UNIT_ASSIGNED_CONTEXT ( ( #1248, #3688, #2065 ) ) REPRESENTATION_CONTEXT ( 'NONE', 'WORKASPACE' ) );
#103 = UNCERTAINTY_MEASURE_WITH_UNIT (LENGTH_MEASURE( 1.000000000000000082E-05 ), #125, 'distance_accuracy_value', 'NONE');
#104 = DIRECTION ( 'NONE',  ( 0.000000000000000000, -1.000000000000000000, 0.000000000000000000 ) ) ;
#105 = ORIENTED_EDGE ( 'NONE', *, *, #2059, .F. ) ;
#106 = COLOUR_RGB ( '',0.7529411764705882248, 0.7529411764705882248, 0.7529411764705882248 ) ;
#107 = LINE ( 'NONE', #133, #2554 ) ;
#108 = ADVANCED_FACE ( 'NONE', ( #2718 ), #2330, .F. ) ;
#109 = CARTESIAN_POINT ( 'NONE',  ( -0.7500000000000000000, 0.1000000000000000056, -0.5500000000000000444 ) ) ;
#110 = SURFACE_SIDE_STYLE ('',( #4375 ) ) ;
#111 = LINE ( 'NONE', #3650, #4979 ) ;
#112 = DIRECTION ( 'NONE',  ( 0.000000000000000000, 0.000000000000000000, 1.000000000000000000 ) ) ;
#113 = VERTEX_POINT ( 'NONE', #715 ) ;
#114 = ADVANCED_FACE ( 'NONE', ( #3159 ), #3845, .T. ) ;
#115 = ORIENTED_EDGE ( 'NONE', *, *, #2131, .T. ) ;
#116 = DIRECTION ( 'NONE',  ( 1.000000000000000000, 0.000000000000000000, 0.000000000000000000 ) ) ;
#117 = CARTESIAN_POINT ( 'NONE',  ( 0.4000000000000000222, 0.05000000000000000278, 1.000000000000000000 ) ) ;
#118 = PLANE ( 'NONE',  #83 ) ;
#119 = COLOUR_RGB ( '',0.2509803921568627416, 0.2509803921568627416, 0.2509803921568627416 ) ;
#120 = PRESENTATION_STYLE_ASSIGNMENT (( #3162 ) ) ;
#121 = VECTOR ( 'NONE', #4687, 1000.000000000000000 ) ;
#122 = ORIENTED_EDGE ( 'NONE', *, *, #2805, .F. ) ;
#123 = EDGE_CURVE ( 'NONE', #4477, #2563, #3904, .T. ) ;
#124 = FACE_OUTER_BOUND ( 'NONE', #3256, .T. ) ;
#125 =( LENGTH_UNIT ( ) NAMED_UNIT ( * ) SI_UNIT ( .MILLI., .METRE. ) );
#126 = VECTOR ( 'NONE', #2724, 1000.000000000000000 ) ;
#127 =( LENGTH_UNIT ( ) NAMED_UNIT ( * ) SI_UNIT ( .MILLI., .METRE. ) );
#128 = DIRECTION ( 'NONE',  ( 0.000000000000000000, 0.000000000000000000, 1.000000000000000000 ) ) ;
#129 = CARTESIAN_POINT ( 'NONE',  ( -1.000000000000000000, 0.1000000000000000056, -0.1000000000000000056 ) ) ;
#130 = ORIENTED_EDGE ( 'NONE', *, *, #297, .F. ) ;
#131 = SURFACE_STYLE_USAGE ( .BOTH. , #2840 ) ;
#132 =( GEOMETRIC_REPRESENTATION_CONTEXT ( 3 ) GLOBAL_UNCERTAINTY_ASSIGNED_CONTEXT ( ( #3506 ) ) GLOBAL_UNIT_ASSIGNED_CONTEXT ( ( #2359, #1105, #3140 ) ) REPRESENTATION_CONTEXT ( 'NONE', 'WORKASPACE' ) );
#133 = CARTESIAN_POINT ( 'NONE',  ( -1.000000000000000000, 0.05000000000000000278, 1.000000000000000000 ) ) ;
#134 = CARTESIAN_POINT ( 'NONE',  ( 0.8499999999999999778, 0.1000000000000000056, -0.8499999999999999778 ) ) ;
#135 = PRESENTATION_LAYER_ASSIGNMENT (  '', '', ( #2771 ) ) ;
#136 = ORIENTED_EDGE ( 'NONE', *, *, #1335, .F. ) ;
#137 = ORIENTED_EDGE ( 'NONE', *, *, #2665, .F. ) ;
#138 = VERTEX_POINT ( 'NONE', #62 ) ;
#139 =( LENGTH_UNIT ( ) NAMED_UNIT ( * ) SI_UNIT ( .MILLI., .METRE. ) );
#140 = CARTESIAN_POINT ( 'NONE',  ( -1.000000000000000000, 0.1000000000000000056, 0.1000000000000000056 ) ) ;
#141 = CARTESIAN_POINT ( 'NONE',  ( -1.000000000000000000, 0.1000000000000000056, 0.5500000000000000444 ) ) ;
#142 = ORIENTED_EDGE ( 'NONE', *, *, #3553, .T. ) ;
#143 = DIRECTION ( 'NONE',  ( -0.000000000000000000, 1.000000000000000000, 0.000000000000000000 ) ) ;
#144 = DIRECTION ( 'NONE',  ( -1.971276677246365208E-15, 0.000000000000000000, -1.000000000000000000 ) ) ;
#145 = PRESENTATION_STYLE_ASSIGNMENT (( #4413 ) ) ;
#146 = ADVANCED_FACE ( 'NONE', ( #1695 ), #2077, .F. ) ;
#147 = ADVANCED_FACE ( 'NONE', ( #4014 ), #92, .F. ) ;
#148 = EDGE_CURVE ( 'NONE', #4882, #1855, #2022, .T. ) ;
#149 = ADVANCED_FACE ( 'NONE', ( #3280 ), #2869, .T. ) ;
#150 = CARTESIAN_POINT ( 'NONE',  ( 1.478457507934772106E-17, 0.05000000000000000278, -0.1000000000000000056 ) ) ;
#151 = ORIENTED_EDGE ( 'NONE', *, *, #2571, .T. ) ;
#152 = DIRECTION ( 'NONE',  ( -1.445602896647344044E-15, 0.000000000000000000, 1.000000000000000000 ) ) ;
#153 =( LENGTH_UNIT ( ) NAMED_UNIT ( * ) SI_UNIT ( .MILLI., .METRE. ) );
#154 = ADVANCED_FACE ( 'NONE', ( #3185 ), #2458, .T. ) ;
#155 = PRESENTATION_LAYER_ASSIGNMENT (  '', '', ( #1034 ) ) ;
#156 = EDGE_CURVE ( 'NONE', #4234, #4859, #3605, .T. ) ;
#157 = CARTESIAN_POINT ( 'NONE',  ( 0.5999999999999999778, 0.05000000000000000278, -1.000802005371239959E-15 ) ) ;
#158 = MECHANICAL_DESIGN_GEOMETRIC_PRESENTATION_REPRESENTATION (  '', ( #3286 ), #3163 ) ;
#159 = FILL_AREA_STYLE ('',( #4449 ) ) ;
#160 = COLOUR_RGB ( '',0.2509803921568627416, 0.2509803921568627416, 0.2509803921568627416 ) ;
#161 = EDGE_CURVE ( 'NONE', #2699, #1896, #3213, .T. ) ;
#162 = SURFACE_SIDE_STYLE ('',( #3693 ) ) ;
#163 = SURFACE_STYLE_USAGE ( .BOTH. , #4829 ) ;
#164 = VERTEX_POINT ( 'NONE', #486 ) ;
#165 =( GEOMETRIC_REPRESENTATION_CONTEXT ( 3 ) GLOBAL_UNCERTAINTY_ASSIGNED_CONTEXT ( ( #3918 ) ) GLOBAL_UNIT_ASSIGNED_CONTEXT ( ( #4279, #1487, #1159 ) ) REPRESENTATION_CONTEXT ( 'NONE', 'WORKASPACE' ) );
#166 = ORIENTED_EDGE ( 'NONE', *, *, #1511, .T. ) ;
#167 = ORIENTED_EDGE ( 'NONE', *, *, #2905, .F. ) ;
#168 = ORIENTED_EDGE ( 'NONE', *, *, #4180, .T. ) ;
#169 = DIRECTION ( 'NONE',  ( 0.000000000000000000, -1.000000000000000000, 0.000000000000000000 ) ) ;
#170 = MANIFOLD_SOLID_BREP ( 'NONE', #3201 ) ;
#171 = DIRECTION ( 'NONE',  ( 0.000000000000000000, 1.000000000000000000, 0.000000000000000000 ) ) ;
#172 = STYLED_ITEM ( 'NONE', ( #64 ), #3858 ) ;
#173 = SURFACE_STYLE_USAGE ( .BOTH. , #3660 ) ;
#174 = VERTEX_POINT ( 'NONE', #1281 ) ;
#175 = CARTESIAN_POINT ( 'NONE',  ( 0.4000000000000000222, 0.1000000000000000056, 1.000000000000000000 ) ) ;
#176 = DIRECTION ( 'NONE',  ( 0.000000000000000000, -1.000000000000000000, 0.000000000000000000 ) ) ;
#177 = STYLED_ITEM ( 'NONE', ( #3330 ), #3267 ) ;
#178 = DIRECTION ( 'NONE',  ( 0.000000000000000000, -1.000000000000000000, 0.000000000000000000 ) ) ;
#179 = DIRECTION ( 'NONE',  ( 9.757819552369541878E-16, 0.000000000000000000, 1.000000000000000000 ) ) ;
#180 = ORIENTED_EDGE ( 'NONE', *, *, #2526, .T. ) ;
#181 = LINE ( 'NONE', #1738, #448 ) ;
#182 = COLOUR_RGB ( '',0.7529411764705882248, 0.7529411764705882248, 0.7529411764705882248 ) ;
#183 = DIRECTION ( 'NONE',  ( 0.000000000000000000, 0.000000000000000000, -1.000000000000000000 ) ) ;
#184 =( GEOMETRIC_REPRESENTATION_CONTEXT ( 3 ) GLOBAL_UNCERTAINTY_ASSIGNED_CONTEXT ( ( #1674 ) ) GLOBAL_UNIT_ASSIGNED_CONTEXT ( ( #4756, #2506, #2018 ) ) REPRESENTATION_CONTEXT ( 'NONE', 'WORKASPACE' ) );
#185 = VECTOR ( 'NONE', #1059, 1000.000000000000000 ) ;
#186 = DIRECTION ( 'NONE',  ( 0.000000000000000000, 0.000000000000000000, -1.000000000000000000 ) ) ;
#187 = ORIENTED_EDGE ( 'NONE', *, *, #3867, .F. ) ;
#188 = ORIENTED_EDGE ( 'NONE', *, *, #3423, .T. ) ;
#189 = VERTEX_POINT ( 'NONE', #3274 ) ;
#190 = CARTESIAN_POINT ( 'NONE',  ( 1.000000000000000000, 0.1000000000000000056, 0.5500000000000000444 ) ) ;
#191 = LINE ( 'NONE', #4528, #1468 ) ;
#192 = MANIFOLD_SOLID_BREP ( 'NONE', #2124 ) ;
#193 = DIRECTION ( 'NONE',  ( -7.392287539673879884E-16, 0.000000000000000000, 1.000000000000000000 ) ) ;
#194 = ORIENTED_EDGE ( 'NONE', *, *, #1182, .F. ) ;
#195 = LINE ( 'NONE', #4461, #1127 ) ;
#196 = CARTESIAN_POINT ( 'NONE',  ( 1.000000000000000000, 0.000000000000000000, -0.3499999999999999778 ) ) ;
#197 =( GEOMETRIC_REPRESENTATION_CONTEXT ( 3 ) GLOBAL_UNCERTAINTY_ASSIGNED_CONTEXT ( ( #737 ) ) GLOBAL_UNIT_ASSIGNED_CONTEXT ( ( #127, #101, #1322 ) ) REPRESENTATION_CONTEXT ( 'NONE', 'WORKASPACE' ) );
#198 = CARTESIAN_POINT ( 'NONE',  ( 0.8499999999999999778, 0.000000000000000000, -0.8499999999999999778 ) ) ;
#199 = MANIFOLD_SOLID_BREP ( 'NONE', #3939 ) ;
#200 = CYLINDRICAL_SURFACE ( 'NONE', #863, 0.1250000000000000000 ) ;
#201 = DIRECTION ( 'NONE',  ( -1.000000000000000000, 0.000000000000000000, 1.182766006347819953E-15 ) ) ;
#202 = ORIENTED_EDGE ( 'NONE', *, *, #3383, .F. ) ;
#203 =( NAMED_UNIT ( * ) SI_UNIT ( $, .STERADIAN. ) SOLID_ANGLE_UNIT ( ) );
#204 = CARTESIAN_POINT ( 'NONE',  ( -0.8499999999999999778, 0.05000000000000000278, -1.000000000000000000 ) ) ;
#205 = VECTOR ( 'NONE', #3910, 1000.000000000000000 ) ;
#206 = FACE_OUTER_BOUND ( 'NONE', #5026, .T. ) ;
#207 = EDGE_CURVE ( 'NONE', #3901, #3127, #3649, .T. ) ;
#208 = ADVANCED_FACE ( 'NONE', ( #3673 ), #2071, .T. ) ;
#209 = VECTOR ( 'NONE', #3854, 1000.000000000000000 ) ;
#210 = VERTEX_POINT ( 'NONE', #3205 ) ;
#211 = ORIENTED_EDGE ( 'NONE', *, *, #585, .T. ) ;
#212 = VERTEX_POINT ( 'NONE', #1643 ) ;
#213 = VECTOR ( 'NONE', #568, 1000.000000000000000 ) ;
#214 = ORIENTED_EDGE ( 'NONE', *, *, #819, .T. ) ;
#215 = FILL_AREA_STYLE_COLOUR ( '', #4571 ) ;
#216 = DIRECTION ( 'NONE',  ( 0.000000000000000000, 0.000000000000000000, -1.000000000000000000 ) ) ;
#217 = DIRECTION ( 'NONE',  ( 0.000000000000000000, 0.000000000000000000, -1.000000000000000000 ) ) ;
#218 = ORIENTED_EDGE ( 'NONE', *, *, #3346, .F. ) ;
#219 = CARTESIAN_POINT ( 'NONE',  ( 1.000000000000000000, 0.05000000000000000278, 1.000000000000000000 ) ) ;
#220 = DIRECTION ( 'NONE',  ( 1.000000000000000000, 0.000000000000000000, 0.000000000000000000 ) ) ;
#221 = ADVANCED_FACE ( 'NONE', ( #2042 ), #916, .T. ) ;
#222 = DIRECTION ( 'NONE',  ( -1.000000000000000000, 0.000000000000000000, 0.000000000000000000 ) ) ;
#223 = CARTESIAN_POINT ( 'NONE',  ( -1.000000000000000000, 0.1000000000000000056, -0.1000000000000000056 ) ) ;
#224 = CARTESIAN_POINT ( 'NONE',  ( 0.8499999999999999778, 0.1000000000000000056, -1.000000000000000000 ) ) ;
#225 = EDGE_CURVE ( 'NONE', #851, #2644, #2995, .T. ) ;
#226 = ORIENTED_EDGE ( 'NONE', *, *, #2373, .T. ) ;
#227 = SURFACE_STYLE_USAGE ( .BOTH. , #2648 ) ;
#228 = EDGE_CURVE ( 'NONE', #3995, #4487, #3322, .T. ) ;
#229 = LINE ( 'NONE', #1445, #4839 ) ;
#230 = VECTOR ( 'NONE', #4191, 1000.000000000000000 ) ;
#231 = CIRCLE ( 'NONE', #2459, 0.1000000000000000472 ) ;
#232 = MECHANICAL_DESIGN_GEOMETRIC_PRESENTATION_REPRESENTATION (  '', ( #1960 ), #1734 ) ;
#233 = ORIENTED_EDGE ( 'NONE', *, *, #2451, .T. ) ;
#234 = EDGE_LOOP ( 'NONE', ( #1577, #3749, #4350, #1774, #732, #2187, #1038 ) ) ;
#235 = EDGE_LOOP ( 'NONE', ( #4596, #1235, #4313, #2013 ) ) ;
#236 = PRESENTATION_LAYER_ASSIGNMENT (  '', '', ( #4033 ) ) ;
#237 = CARTESIAN_POINT ( 'NONE',  ( -1.000000000000000000, 0.1000000000000000056, 0.3499999999999999778 ) ) ;
#238 = CARTESIAN_POINT ( 'NONE',  ( 1.000000000000000000, 0.000000000000000000, 0.3499999999999999778 ) ) ;
#239 =( NAMED_UNIT ( * ) SI_UNIT ( $, .STERADIAN. ) SOLID_ANGLE_UNIT ( ) );
#240 = DIRECTION ( 'NONE',  ( 0.000000000000000000, 0.000000000000000000, -1.000000000000000000 ) ) ;
#241 = EDGE_CURVE ( 'NONE', #793, #3315, #3069, .T. ) ;
#242 = CARTESIAN_POINT ( 'NONE',  ( -0.7249999999999999778, 0.1000000000000000056, 0.2250000000000000056 ) ) ;
#243 = AXIS2_PLACEMENT_3D ( 'NONE', #2721, #3493, #4282 ) ;
#244 = ORIENTED_EDGE ( 'NONE', *, *, #1972, .F. ) ;
#245 = VECTOR ( 'NONE', #1727, 1000.000000000000000 ) ;
#246 = DIRECTION ( 'NONE',  ( -1.000000000000000000, 0.000000000000000000, 0.000000000000000000 ) ) ;
#247 = AXIS2_PLACEMENT_3D ( 'NONE', #1195, #1116, #4639 ) ;
#248 = CARTESIAN_POINT ( 'NONE',  ( 0.5999999999999999778, 0.1000000000000000056, -0.6750000000000000444 ) ) ;
#249 = FACE_OUTER_BOUND ( 'NONE', #3549, .T. ) ;
#250 = ORIENTED_EDGE ( 'NONE', *, *, #1216, .F. ) ;
#251 = PLANE ( 'NONE',  #1392 ) ;
#252 = AXIS2_PLACEMENT_3D ( 'NONE', #3658, #3236, #511 ) ;
#253 = CARTESIAN_POINT ( 'NONE',  ( -1.000000000000000000, 0.1000000000000000056, -0.3499999999999999778 ) ) ;
#254 = VECTOR ( 'NONE', #4580, 1000.000000000000000 ) ;
#255 = EDGE_LOOP ( 'NONE', ( #2355, #3807, #1117, #2751 ) ) ;
#256 = ORIENTED_EDGE ( 'NONE', *, *, #664, .T. ) ;
#257 = FILL_AREA_STYLE ('',( #1429 ) ) ;
#258 = DIRECTION ( 'NONE',  ( 0.000000000000000000, 1.000000000000000000, 0.000000000000000000 ) ) ;
#259 = DIRECTION ( 'NONE',  ( 0.000000000000000000, -1.000000000000000000, 0.000000000000000000 ) ) ;
#260 = MANIFOLD_SOLID_BREP ( 'NONE', #3030 ) ;
#261 = DIRECTION ( 'NONE',  ( 1.000000000000000000, 0.000000000000000000, 0.000000000000000000 ) ) ;
#262 = ADVANCED_FACE ( 'NONE', ( #3719 ), #4098, .T. ) ;
#263 = VERTEX_POINT ( 'NONE', #3790 ) ;
#264 = CARTESIAN_POINT ( 'NONE',  ( -0.1000000000000000056, 0.1000000000000000056, 1.000000000000000000 ) ) ;
#265 = CARTESIAN_POINT ( 'NONE',  ( -0.8499999999999999778, 0.000000000000000000, 1.000000000000000000 ) ) ;
#266 = PRESENTATION_STYLE_ASSIGNMENT (( #2543 ) ) ;
#267 = ADVANCED_FACE ( 'NONE', ( #3017 ), #4187, .T. ) ;
#268 = STYLED_ITEM ( 'NONE', ( #2217 ), #260 ) ;
#269 = DIRECTION ( 'NONE',  ( 1.000000000000000000, 0.000000000000000000, 0.000000000000000000 ) ) ;
#270 = ORIENTED_EDGE ( 'NONE', *, *, #678, .F. ) ;
#271 = VECTOR ( 'NONE', #2643, 1000.000000000000000 ) ;
#272 = LINE ( 'NONE', #621, #4230 ) ;
#273 = ADVANCED_FACE ( 'NONE', ( #3042 ), #2735, .F. ) ;
#274 = VECTOR ( 'NONE', #2050, 1000.000000000000000 ) ;
#275 = FACE_OUTER_BOUND ( 'NONE', #3509, .T. ) ;
#276 = VECTOR ( 'NONE', #4047, 1000.000000000000000 ) ;
#277 = AXIS2_PLACEMENT_3D ( 'NONE', #4349, #3248, #4420 ) ;
#278 = ORIENTED_EDGE ( 'NONE', *, *, #156, .F. ) ;
#279 = ORIENTED_EDGE ( 'NONE', *, *, #4541, .T. ) ;
#280 = DIRECTION ( 'NONE',  ( 0.000000000000000000, 0.000000000000000000, -1.000000000000000000 ) ) ;
#281 = CARTESIAN_POINT ( 'NONE',  ( -0.7500000000000000000, 0.9499999999999999556, -0.8499999999999999778 ) ) ;
#282 = LINE ( 'NONE', #2635, #4759 ) ;
#283 = VECTOR ( 'NONE', #4022, 1000.000000000000000 ) ;
#284 = DIRECTION ( 'NONE',  ( 0.000000000000000000, -1.000000000000000000, 0.000000000000000000 ) ) ;
#285 = EDGE_LOOP ( 'NONE', ( #1177, #5027, #630, #3643 ) ) ;
#286 = SURFACE_SIDE_STYLE ('',( #2383 ) ) ;
#287 = DIRECTION ( 'NONE',  ( 0.000000000000000000, 1.000000000000000000, 0.000000000000000000 ) ) ;
#288 = SURFACE_STYLE_FILL_AREA ( #695 ) ;
#289 = ORIENTED_EDGE ( 'NONE', *, *, #2053, .F. ) ;
#290 = CARTESIAN_POINT ( 'NONE',  ( 1.000000000000000000, 0.1000000000000000056, -0.1000000000000000056 ) ) ;
#291 = DIRECTION ( 'NONE',  ( 0.000000000000000000, 1.000000000000000000, 0.000000000000000000 ) ) ;
#292 = ORIENTED_EDGE ( 'NONE', *, *, #3612, .T. ) ;
#293 = CARTESIAN_POINT ( 'NONE',  ( 0.7249999999999999778, 0.000000000000000000, -0.2250000000000000056 ) ) ;
#294 = EDGE_CURVE ( 'NONE', #1464, #2915, #1561, .T. ) ;
#295 = CARTESIAN_POINT ( 'NONE',  ( -0.7249999999999999778, 0.05000000000000000278, 0.2250000000000000056 ) ) ;
#296 = ADVANCED_FACE ( 'NONE', ( #4674 ), #730, .T. ) ;
#297 = EDGE_CURVE ( 'NONE', #3278, #61, #301, .T. ) ;
#298 = EDGE_CURVE ( 'NONE', #3763, #3372, #330, .T. ) ;
#299 = CARTESIAN_POINT ( 'NONE',  ( -0.7249999999999999778, 0.05000000000000000278, -0.3499999999999999778 ) ) ;
#300 = ORIENTED_EDGE ( 'NONE', *, *, #830, .F. ) ;
#301 = LINE ( 'NONE', #4585, #3822 ) ;
#302 = EDGE_CURVE ( 'NONE', #3873, #1699, #1349, .T. ) ;
#303 = ORIENTED_EDGE ( 'NONE', *, *, #4228, .T. ) ;
#304 = ORIENTED_EDGE ( 'NONE', *, *, #4784, .T. ) ;
#305 = DIRECTION ( 'NONE',  ( 2.365532012695650161E-15, 0.000000000000000000, 1.000000000000000000 ) ) ;
#306 = CARTESIAN_POINT ( 'NONE',  ( 1.000000000000000000, 0.1000000000000000056, 0.8499999999999999778 ) ) ;
#307 = DIRECTION ( 'NONE',  ( 7.228014483236679792E-16, 0.000000000000000000, 1.000000000000000000 ) ) ;
#308 = CARTESIAN_POINT ( 'NONE',  ( 1.000000000000000000, 0.1000000000000000056, -0.5500000000000000444 ) ) ;
#309 = EDGE_LOOP ( 'NONE', ( #1820, #1584, #3828, #4886 ) ) ;
#310 = DIRECTION ( 'NONE',  ( -1.000000000000000000, 0.000000000000000000, -3.942553354492735149E-16 ) ) ;
#311 = CARTESIAN_POINT ( 'NONE',  ( 0.000000000000000000, 1.000000000000000000, 0.000000000000000000 ) ) ;
#312 = CARTESIAN_POINT ( 'NONE',  ( 0.7249999999999999778, 0.1000000000000000056, -0.2250000000000000056 ) ) ;
#313 = EDGE_CURVE ( 'NONE', #4150, #4347, #402, .T. ) ;
#314 = UNCERTAINTY_MEASURE_WITH_UNIT (LENGTH_MEASURE( 1.000000000000000082E-05 ), #3263, 'distance_accuracy_value', 'NONE');
#315 = VECTOR ( 'NONE', #3105, 1000.000000000000000 ) ;
#316 = DIRECTION ( 'NONE',  ( 0.000000000000000000, -1.000000000000000000, 0.000000000000000000 ) ) ;
#317 = ORIENTED_EDGE ( 'NONE', *, *, #830, .T. ) ;
#318 =( GEOMETRIC_REPRESENTATION_CONTEXT ( 3 ) GLOBAL_UNCERTAINTY_ASSIGNED_CONTEXT ( ( #2712 ) ) GLOBAL_UNIT_ASSIGNED_CONTEXT ( ( #2517, #4885, #3308 ) ) REPRESENTATION_CONTEXT ( 'NONE', 'WORKASPACE' ) );
#319 = LINE ( 'NONE', #1917, #2342 ) ;
#320 = DIRECTION ( 'NONE',  ( 0.000000000000000000, 0.000000000000000000, 1.000000000000000000 ) ) ;
#321 = EDGE_LOOP ( 'NONE', ( #1010, #4857, #895, #1949 ) ) ;
#322 = FILL_AREA_STYLE_COLOUR ( '', #1513 ) ;
#323 = VECTOR ( 'NONE', #604, 1000.000000000000000 ) ;
#324 = CARTESIAN_POINT ( 'NONE',  ( -0.8499999999999999778, 0.1000000000000000056, 1.000000000000000000 ) ) ;
#325 = VECTOR ( 'NONE', #1512, 1000.000000000000000 ) ;
#326 = DIRECTION ( 'NONE',  ( 0.000000000000000000, -1.000000000000000000, 0.000000000000000000 ) ) ;
#327 = EDGE_LOOP ( 'NONE', ( #1827, #1188, #24, #1645 ) ) ;
#328 = DIRECTION ( 'NONE',  ( -7.589415207398530052E-16, 0.000000000000000000, -1.000000000000000000 ) ) ;
#329 = VECTOR ( 'NONE', #3394, 1000.000000000000000 ) ;
#330 = LINE ( 'NONE', #4, #682 ) ;
#331 = AXIS2_PLACEMENT_3D ( 'NONE', #2491, #4063, #925 ) ;
#332 = ORIENTED_EDGE ( 'NONE', *, *, #4174, .T. ) ;
#333 = EDGE_LOOP ( 'NONE', ( #3890, #3797, #4328, #758 ) ) ;
#334 = CARTESIAN_POINT ( 'NONE',  ( 0.000000000000000000, 0.000000000000000000, 0.000000000000000000 ) ) ;
#335 = AXIS2_PLACEMENT_3D ( 'NONE', #2821, #481, #1690 ) ;
#336 = LINE ( 'NONE', #3131, #4010 ) ;
#337 = DIRECTION ( 'NONE',  ( 0.000000000000000000, 0.000000000000000000, 1.000000000000000000 ) ) ;
#338 = VECTOR ( 'NONE', #2596, 1000.000000000000000 ) ;
#339 = LINE ( 'NONE', #1130, #355 ) ;
#340 = ORIENTED_EDGE ( 'NONE', *, *, #1582, .F. ) ;
#341 = UNCERTAINTY_MEASURE_WITH_UNIT (LENGTH_MEASURE( 1.000000000000000082E-05 ), #3331, 'distance_accuracy_value', 'NONE');
#342 = PLANE ( 'NONE',  #1714 ) ;
#343 = PLANE ( 'NONE',  #3226 ) ;
#344 = CARTESIAN_POINT ( 'NONE',  ( 0.7249999999999999778, 0.1000000000000000056, 0.09999999999999889533 ) ) ;
#345 = EDGE_LOOP ( 'NONE', ( #2731, #3927, #2686, #3478 ) ) ;
#346 = CARTESIAN_POINT ( 'NONE',  ( 1.000000000000000000, 0.1000000000000000056, 0.09999999999999829858 ) ) ;
#347 = VERTEX_POINT ( 'NONE', #3450 ) ;
#348 = DIRECTION ( 'NONE',  ( 0.000000000000000000, 0.000000000000000000, 1.000000000000000000 ) ) ;
#349 = ORIENTED_EDGE ( 'NONE', *, *, #1425, .T. ) ;
#350 = DIRECTION ( 'NONE',  ( 1.000000000000000000, 0.000000000000000000, -1.182766006347821925E-15 ) ) ;
#351 = UNCERTAINTY_MEASURE_WITH_UNIT (LENGTH_MEASURE( 1.000000000000000082E-05 ), #4040, 'distance_accuracy_value', 'NONE');
#352 = CARTESIAN_POINT ( 'NONE',  ( -0.4000000000000000222, 0.1000000000000000056, 1.000000000000000000 ) ) ;
#353 = ORIENTED_EDGE ( 'NONE', *, *, #3323, .T. ) ;
#354 = VERTEX_POINT ( 'NONE', #352 ) ;
#355 = VECTOR ( 'NONE', #4682, 1000.000000000000000 ) ;
#356 = LINE ( 'NONE', #1873, #3300 ) ;
#357 = CARTESIAN_POINT ( 'NONE',  ( -0.4000000000000000222, 0.1000000000000000056, -1.000000000000000000 ) ) ;
#358 = ADVANCED_FACE ( 'NONE', ( #1504 ), #705, .F. ) ;
#359 = DIRECTION ( 'NONE',  ( 0.000000000000000000, -1.000000000000000000, 0.000000000000000000 ) ) ;
#360 = VERTEX_POINT ( 'NONE', #4802 ) ;
#361 = CARTESIAN_POINT ( 'NONE',  ( -0.7500000000000000000, 0.1000000000000000056, -0.5500000000000000444 ) ) ;
#362 = DIRECTION ( 'NONE',  ( 0.000000000000000000, 0.000000000000000000, -1.000000000000000000 ) ) ;
#363 = CIRCLE ( 'NONE', #776, 0.1250000000000000000 ) ;
#364 = EDGE_CURVE ( 'NONE', #1591, #1903, #1664, .T. ) ;
#365 = CYLINDRICAL_SURFACE ( 'NONE', #2216, 0.1000000000000000472 ) ;
#366 = VERTEX_POINT ( 'NONE', #4751 ) ;
#367 = VECTOR ( 'NONE', #4145, 1000.000000000000000 ) ;
#368 = FACE_OUTER_BOUND ( 'NONE', #2671, .T. ) ;
#369 = PRESENTATION_LAYER_ASSIGNMENT (  '', '', ( #2601 ) ) ;
#370 = LINE ( 'NONE', #1465, #2400 ) ;
#371 = ORIENTED_EDGE ( 'NONE', *, *, #625, .T. ) ;
#372 = CARTESIAN_POINT ( 'NONE',  ( -1.000000000000000000, 0.1000000000000000056, -0.8499999999999999778 ) ) ;
#373 = EDGE_CURVE ( 'NONE', #1229, #1069, #1595, .T. ) ;
#374 = LINE ( 'NONE', #3474, #2788 ) ;
#375 = CARTESIAN_POINT ( 'NONE',  ( 0.5999999999999999778, 0.1000000000000000056, 1.000000000000000000 ) ) ;
#376 = ORIENTED_EDGE ( 'NONE', *, *, #2958, .F. ) ;
#377 = FILL_AREA_STYLE_COLOUR ( '', #523 ) ;
#378 = EDGE_CURVE ( 'NONE', #973, #2612, #2011, .T. ) ;
#379 = EDGE_LOOP ( 'NONE', ( #3382, #2910, #1916, #428 ) ) ;
#380 = ORIENTED_EDGE ( 'NONE', *, *, #3210, .T. ) ;
#381 = CARTESIAN_POINT ( 'NONE',  ( -0.8499999999999999778, 0.000000000000000000, -1.000000000000000000 ) ) ;
#382 = UNCERTAINTY_MEASURE_WITH_UNIT (LENGTH_MEASURE( 1.000000000000000082E-05 ), #1854, 'distance_accuracy_value', 'NONE');
#383 = LINE ( 'NONE', #3951, #4320 ) ;
#384 = DIRECTION ( 'NONE',  ( 2.316250095764480076E-15, 0.000000000000000000, 1.000000000000000000 ) ) ;
#385 = ORIENTED_EDGE ( 'NONE', *, *, #3483, .F. ) ;
#386 = CARTESIAN_POINT ( 'NONE',  ( 1.000000000000000000, 0.05000000000000000278, -0.5500000000000000444 ) ) ;
#387 = CLOSED_SHELL ( 'NONE', ( #3008, #4326, #2966, #3348, #1656, #4853 ) ) ;
#388 = CARTESIAN_POINT ( 'NONE',  ( -0.7249999999999999778, 0.1000000000000000056, -0.3499999999999999778 ) ) ;
#389 = VECTOR ( 'NONE', #3538, 1000.000000000000000 ) ;
#390 = ORIENTED_EDGE ( 'NONE', *, *, #3553, .F. ) ;
#391 = CARTESIAN_POINT ( 'NONE',  ( 0.7249999999999999778, 0.1000000000000000056, -0.5500000000000000444 ) ) ;
#392 = VECTOR ( 'NONE', #348, 1000.000000000000000 ) ;
#393 = LINE ( 'NONE', #1945, #2569 ) ;
#394 = ORIENTED_EDGE ( 'NONE', *, *, #1549, .T. ) ;
#395 = STYLED_ITEM ( 'NONE', ( #2732 ), #2418 ) ;
#396 = CARTESIAN_POINT ( 'NONE',  ( 1.000000000000000000, 0.1000000000000000056, -0.3499999999999999778 ) ) ;
#397 = STYLED_ITEM ( 'NONE', ( #774 ), #3592 ) ;
#398 = CARTESIAN_POINT ( 'NONE',  ( 0.5999999999999999778, 0.1000000000000000056, 0.6750000000000000444 ) ) ;
#399 = ORIENTED_EDGE ( 'NONE', *, *, #2668, .T. ) ;
#400 = DIRECTION ( 'NONE',  ( 1.000000000000000000, 0.000000000000000000, 7.885106708985500867E-16 ) ) ;
#401 = VECTOR ( 'NONE', #3659, 1000.000000000000000 ) ;
#402 = LINE ( 'NONE', #3836, #43 ) ;
#403 = EDGE_LOOP ( 'NONE', ( #2169, #988, #5034, #4442 ) ) ;
#404 = CARTESIAN_POINT ( 'NONE',  ( -0.8499999999999999778, 0.1000000000000000056, 0.8499999999999999778 ) ) ;
#405 =( NAMED_UNIT ( * ) PLANE_ANGLE_UNIT ( ) SI_UNIT ( $, .RADIAN. ) );
#406 = CARTESIAN_POINT ( 'NONE',  ( -1.000000000000000000, 0.000000000000000000, 0.5500000000000000444 ) ) ;
#407 = AXIS2_PLACEMENT_3D ( 'NONE', #4088, #4812, #2120 ) ;
#408 = ORIENTED_EDGE ( 'NONE', *, *, #1359, .F. ) ;
#409 = CARTESIAN_POINT ( 'NONE',  ( 0.7249999999999999778, 0.1000000000000000056, -0.6750000000000000444 ) ) ;
#410 = SURFACE_STYLE_FILL_AREA ( #852 ) ;
#411 = EDGE_CURVE ( 'NONE', #1903, #616, #1276, .T. ) ;
#412 = FACE_OUTER_BOUND ( 'NONE', #919, .T. ) ;
#413 = VERTEX_POINT ( 'NONE', #4445 ) ;
#414 = STYLED_ITEM ( 'NONE', ( #3876 ), #114 ) ;
#415 = SURFACE_STYLE_FILL_AREA ( #2880 ) ;
#416 = ORIENTED_EDGE ( 'NONE', *, *, #4050, .T. ) ;
#417 = CARTESIAN_POINT ( 'NONE',  ( -1.000000000000000000, 0.000000000000000000, 0.1000000000000000056 ) ) ;
#418 = EDGE_CURVE ( 'NONE', #4800, #210, #3622, .T. ) ;
#419 = ADVANCED_FACE ( 'NONE', ( #79 ), #478, .T. ) ;
#420 = LINE ( 'NONE', #1267, #1338 ) ;
#421 = UNCERTAINTY_MEASURE_WITH_UNIT (LENGTH_MEASURE( 1.000000000000000082E-05 ), #590, 'distance_accuracy_value', 'NONE');
#422 = FACE_OUTER_BOUND ( 'NONE', #600, .T. ) ;
#423 = CARTESIAN_POINT ( 'NONE',  ( -1.000000000000000000, 0.1000000000000000056, 0.3499999999999999778 ) ) ;
#424 = EDGE_LOOP ( 'NONE', ( #3302, #3882, #2801, #3350 ) ) ;
#425 = CARTESIAN_POINT ( 'NONE',  ( 0.8499999999999999778, 0.000000000000000000, -1.000000000000000000 ) ) ;
#426 = CARTESIAN_POINT ( 'NONE',  ( 1.000000000000000000, 0.05000000000000000278, 1.000000000000000000 ) ) ;
#427 = VECTOR ( 'NONE', #2653, 1000.000000000000000 ) ;
#428 = ORIENTED_EDGE ( 'NONE', *, *, #2855, .F. ) ;
#429 = FACE_OUTER_BOUND ( 'NONE', #2203, .T. ) ;
#430 = AXIS2_PLACEMENT_3D ( 'NONE', #19, #2256, #3826 ) ;
#431 = PRESENTATION_STYLE_ASSIGNMENT (( #1959 ) ) ;
#432 = ORIENTED_EDGE ( 'NONE', *, *, #1048, .T. ) ;
#433 = ORIENTED_EDGE ( 'NONE', *, *, #985, .T. ) ;
#434 = CARTESIAN_POINT ( 'NONE',  ( -1.000000000000000000, 0.1000000000000000056, -0.1000000000000000056 ) ) ;
#435 = DIRECTION ( 'NONE',  ( 0.000000000000000000, 1.000000000000000000, 0.000000000000000000 ) ) ;
#436 = DIRECTION ( 'NONE',  ( -1.000000000000000000, 0.000000000000000000, 2.365532012695650161E-15 ) ) ;
#437 = CARTESIAN_POINT ( 'NONE',  ( 0.8499999999999999778, 0.1000000000000000056, 0.8499999999999999778 ) ) ;
#438 = STYLED_ITEM ( 'NONE', ( #4988 ), #894 ) ;
#439 = CYLINDRICAL_SURFACE ( 'NONE', #4790, 0.1250000000000000000 ) ;
#440 = EDGE_CURVE ( 'NONE', #1776, #2915, #107, .T. ) ;
#441 = ORIENTED_EDGE ( 'NONE', *, *, #2989, .T. ) ;
#442 = CARTESIAN_POINT ( 'NONE',  ( -0.7249999999999999778, 0.1000000000000000056, 0.1000000000000000056 ) ) ;
#443 = AXIS2_PLACEMENT_3D ( 'NONE', #4818, #144, #1684 ) ;
#444 = DIRECTION ( 'NONE',  ( -1.000000000000000000, 0.000000000000000000, 7.228014483236679792E-16 ) ) ;
#445 = PRESENTATION_STYLE_ASSIGNMENT (( #2497 ) ) ;
#446 = CARTESIAN_POINT ( 'NONE',  ( -1.000000000000000000, 0.1000000000000000056, 0.1000000000000000056 ) ) ;
#447 = EDGE_CURVE ( 'NONE', #526, #4564, #3270, .T. ) ;
#448 = VECTOR ( 'NONE', #3316, 1000.000000000000000 ) ;
#449 = UNCERTAINTY_MEASURE_WITH_UNIT (LENGTH_MEASURE( 1.000000000000000082E-05 ), #3150, 'distance_accuracy_value', 'NONE');
#450 = AXIS2_PLACEMENT_3D ( 'NONE', #3156, #4706, #1179 ) ;
#451 = CARTESIAN_POINT ( 'NONE',  ( 0.1000000000000000056, 0.1000000000000000056, -1.000000000000000000 ) ) ;
#452 = ORIENTED_EDGE ( 'NONE', *, *, #4118, .T. ) ;
#453 = LINE ( 'NONE', #4728, #2052 ) ;
#454 = EDGE_CURVE ( 'NONE', #1793, #212, #490, .T. ) ;
#455 = ORIENTED_EDGE ( 'NONE', *, *, #4324, .T. ) ;
#456 = PRESENTATION_STYLE_ASSIGNMENT (( #2862 ) ) ;
#457 =( NAMED_UNIT ( * ) PLANE_ANGLE_UNIT ( ) SI_UNIT ( $, .RADIAN. ) );
#458 = DIRECTION ( 'NONE',  ( 1.000000000000000000, 0.000000000000000000, 0.000000000000000000 ) ) ;
#459 = ORIENTED_EDGE ( 'NONE', *, *, #3287, .F. ) ;
#460 = ORIENTED_EDGE ( 'NONE', *, *, #1048, .F. ) ;
#461 = DIRECTION ( 'NONE',  ( 0.000000000000000000, 0.000000000000000000, 1.000000000000000000 ) ) ;
#462 = SURFACE_STYLE_USAGE ( .BOTH. , #4015 ) ;
#463 = DIRECTION ( 'NONE',  ( 1.000000000000000000, 0.000000000000000000, 0.000000000000000000 ) ) ;
#464 = DIRECTION ( 'NONE',  ( 0.000000000000000000, -1.000000000000000000, 0.000000000000000000 ) ) ;
#465 = DIRECTION ( 'NONE',  ( -1.445602896647344044E-15, 0.000000000000000000, 1.000000000000000000 ) ) ;
#466 = ORIENTED_EDGE ( 'NONE', *, *, #447, .T. ) ;
#467 = CARTESIAN_POINT ( 'NONE',  ( -1.000000000000000000, 0.1000000000000000056, -0.5500000000000000444 ) ) ;
#468 = EDGE_CURVE ( 'NONE', #3053, #3301, #913, .T. ) ;
#469 = LINE ( 'NONE', #2445, #283 ) ;
#470 = STYLED_ITEM ( 'NONE', ( #456 ), #1290 ) ;
#471 = STYLED_ITEM ( 'NONE', ( #1783 ), #1966 ) ;
#472 = AXIS2_PLACEMENT_3D ( 'NONE', #770, #2072, #87 ) ;
#473 = CARTESIAN_POINT ( 'NONE',  ( -1.000000000000000000, 0.1000000000000000056, 0.3499999999999999778 ) ) ;
#474 = VECTOR ( 'NONE', #3589, 1000.000000000000000 ) ;
#475 = SURFACE_SIDE_STYLE ('',( #4026 ) ) ;
#476 = ORIENTED_EDGE ( 'NONE', *, *, #60, .F. ) ;
#477 = SURFACE_STYLE_FILL_AREA ( #2529 ) ;
#478 = PLANE ( 'NONE',  #2312 ) ;
#479 =( NAMED_UNIT ( * ) SI_UNIT ( $, .STERADIAN. ) SOLID_ANGLE_UNIT ( ) );
#480 = AXIS2_PLACEMENT_3D ( 'NONE', #2610, #658, #3900 ) ;
#481 = DIRECTION ( 'NONE',  ( -0.000000000000000000, 1.000000000000000000, 0.000000000000000000 ) ) ;
#482 = DIRECTION ( 'NONE',  ( 1.000000000000000000, 0.000000000000000000, -1.668003342285400130E-15 ) ) ;
#483 = ORIENTED_EDGE ( 'NONE', *, *, #2663, .T. ) ;
#484 = UNCERTAINTY_MEASURE_WITH_UNIT (LENGTH_MEASURE( 1.000000000000000082E-05 ), #1258, 'distance_accuracy_value', 'NONE');
#485 = ORIENTED_EDGE ( 'NONE', *, *, #2045, .F. ) ;
#486 = CARTESIAN_POINT ( 'NONE',  ( -0.5999999999999999778, 0.000000000000000000, -0.6999999999999999556 ) ) ;
#487 = SURFACE_STYLE_FILL_AREA ( #2437 ) ;
#488 = DIRECTION ( 'NONE',  ( -1.000000000000000000, 0.000000000000000000, 8.673617379884029556E-16 ) ) ;
#489 = FACE_OUTER_BOUND ( 'NONE', #3234, .T. ) ;
#490 = CIRCLE ( 'NONE', #2069, 0.1000000000000000472 ) ;
#491 = FILL_AREA_STYLE ('',( #4043 ) ) ;
#492 = ORIENTED_EDGE ( 'NONE', *, *, #4486, .T. ) ;
#493 = CIRCLE ( 'NONE', #3875, 0.1250000000000000000 ) ;
#494 = LINE ( 'NONE', #3166, #2760 ) ;
#495 =( LENGTH_UNIT ( ) NAMED_UNIT ( * ) SI_UNIT ( .MILLI., .METRE. ) );
#496 = VECTOR ( 'NONE', #3341, 1000.000000000000000 ) ;
#497 = CARTESIAN_POINT ( 'NONE',  ( -0.8499999999999999778, 0.1000000000000000056, 0.8499999999999999778 ) ) ;
#498 = FACE_OUTER_BOUND ( 'NONE', #2427, .T. ) ;
#499 = VERTEX_POINT ( 'NONE', #815 ) ;
#500 = LINE ( 'NONE', #1275, #1544 ) ;
#501 = SURFACE_SIDE_STYLE ('',( #2894 ) ) ;
#502 = FACE_OUTER_BOUND ( 'NONE', #2146, .T. ) ;
#503 = DIRECTION ( 'NONE',  ( -2.891205793294680200E-15, 0.000000000000000000, -1.000000000000000000 ) ) ;
#504 = DIRECTION ( 'NONE',  ( 0.000000000000000000, -1.000000000000000000, 0.000000000000000000 ) ) ;
#505 = ORIENTED_EDGE ( 'NONE', *, *, #4104, .T. ) ;
#506 = VERTEX_POINT ( 'NONE', #2397 ) ;
#507 = EDGE_LOOP ( 'NONE', ( #4754, #3303, #3677, #1752, #4121, #4587, #1017 ) ) ;
#508 = SURFACE_SIDE_STYLE ('',( #2901 ) ) ;
#509 =( LENGTH_UNIT ( ) NAMED_UNIT ( * ) SI_UNIT ( .MILLI., .METRE. ) );
#510 = EDGE_CURVE ( 'NONE', #3293, #4428, #3980, .T. ) ;
#511 = DIRECTION ( 'NONE',  ( 0.000000000000000000, 0.000000000000000000, 1.000000000000000000 ) ) ;
#512 = ADVANCED_FACE ( 'NONE', ( #2575 ), #251, .T. ) ;
#513 =( NAMED_UNIT ( * ) PLANE_ANGLE_UNIT ( ) SI_UNIT ( $, .RADIAN. ) );
#514 = STYLED_ITEM ( 'NONE', ( #3345 ), #518 ) ;
#515 =( NAMED_UNIT ( * ) PLANE_ANGLE_UNIT ( ) SI_UNIT ( $, .RADIAN. ) );
#516 = VECTOR ( 'NONE', #4529, 1000.000000000000000 ) ;
#517 = VERTEX_POINT ( 'NONE', #204 ) ;
#518 = ADVANCED_FACE ( 'NONE', ( #2140 ), #4943, .T. ) ;
#519 = PRESENTATION_STYLE_ASSIGNMENT (( #1293 ) ) ;
#520 = CARTESIAN_POINT ( 'NONE',  ( -0.7249999999999999778, 0.1000000000000000056, 0.1000000000000000056 ) ) ;
#521 = AXIS2_PLACEMENT_3D ( 'NONE', #1263, #3190, #2467 ) ;
#522 = PLANE ( 'NONE',  #3811 ) ;
#523 = COLOUR_RGB ( '',0.2509803921568627416, 0.2509803921568627416, 0.2509803921568627416 ) ;
#524 = CARTESIAN_POINT ( 'NONE',  ( -0.8499999999999999778, 0.1000000000000000056, 1.000000000000000000 ) ) ;
#525 = ADVANCED_FACE ( 'NONE', ( #1814 ), #2993, .T. ) ;
#526 = VERTEX_POINT ( 'NONE', #1072 ) ;
#527 = SURFACE_SIDE_STYLE ('',( #3247 ) ) ;
#528 = VECTOR ( 'NONE', #693, 1000.000000000000000 ) ;
#529 = LINE ( 'NONE', #1715, #3136 ) ;
#530 =( GEOMETRIC_REPRESENTATION_CONTEXT ( 3 ) GLOBAL_UNCERTAINTY_ASSIGNED_CONTEXT ( ( #2717 ) ) GLOBAL_UNIT_ASSIGNED_CONTEXT ( ( #3841, #405, #1128 ) ) REPRESENTATION_CONTEXT ( 'NONE', 'WORKASPACE' ) );
#531 = SURFACE_STYLE_FILL_AREA ( #159 ) ;
#532 = FILL_AREA_STYLE_COLOUR ( '', #2650 ) ;
#533 = ORIENTED_EDGE ( 'NONE', *, *, #1902, .F. ) ;
#534 = VERTEX_POINT ( 'NONE', #1756 ) ;
#535 = ORIENTED_EDGE ( 'NONE', *, *, #3340, .F. ) ;
#536 = EDGE_LOOP ( 'NONE', ( #4294, #1877 ) ) ;
#537 = LINE ( 'NONE', #4527, #4421 ) ;
#538 = CARTESIAN_POINT ( 'NONE',  ( 0.4000000000000000222, 0.05000000000000000278, -1.000000000000000000 ) ) ;
#539 = DIRECTION ( 'NONE',  ( 0.000000000000000000, -1.000000000000000000, 0.000000000000000000 ) ) ;
#540 = ORIENTED_EDGE ( 'NONE', *, *, #70, .T. ) ;
#541 = LINE ( 'NONE', #2594, #4303 ) ;
#542 = CARTESIAN_POINT ( 'NONE',  ( -0.7500000000000000000, 0.9499999999999999556, -0.8499999999999999778 ) ) ;
#543 =( NAMED_UNIT ( * ) PLANE_ANGLE_UNIT ( ) SI_UNIT ( $, .RADIAN. ) );
#544 = EDGE_LOOP ( 'NONE', ( #3167, #654, #4270, #2455 ) ) ;
#545 = CARTESIAN_POINT ( 'NONE',  ( -0.8499999999999999778, 0.1000000000000000056, -0.8499999999999999778 ) ) ;
#546 = SURFACE_SIDE_STYLE ('',( #4517 ) ) ;
#547 = CIRCLE ( 'NONE', #4744, 0.1250000000000000000 ) ;
#548 = AXIS2_PLACEMENT_3D ( 'NONE', #295, #3855, #784 ) ;
#549 = VECTOR ( 'NONE', #3074, 1000.000000000000000 ) ;
#550 = DIRECTION ( 'NONE',  ( 0.000000000000000000, -1.000000000000000000, 0.000000000000000000 ) ) ;
#551 = MECHANICAL_DESIGN_GEOMETRIC_PRESENTATION_REPRESENTATION (  '', ( #397 ), #3856 ) ;
#552 =( NAMED_UNIT ( * ) PLANE_ANGLE_UNIT ( ) SI_UNIT ( $, .RADIAN. ) );
#553 = FILL_AREA_STYLE_COLOUR ( '', #72 ) ;
#554 = ORIENTED_EDGE ( 'NONE', *, *, #726, .T. ) ;
#555 =( GEOMETRIC_REPRESENTATION_CONTEXT ( 3 ) GLOBAL_UNCERTAINTY_ASSIGNED_CONTEXT ( ( #2734 ) ) GLOBAL_UNIT_ASSIGNED_CONTEXT ( ( #4983, #1852, #3107 ) ) REPRESENTATION_CONTEXT ( 'NONE', 'WORKASPACE' ) );
#556 = ORIENTED_EDGE ( 'NONE', *, *, #3200, .F. ) ;
#557 = ORIENTED_EDGE ( 'NONE', *, *, #4584, .T. ) ;
#558 = EDGE_LOOP ( 'NONE', ( #4060, #2977, #533, #1262 ) ) ;
#559 = CARTESIAN_POINT ( 'NONE',  ( -0.7249999999999999778, 0.000000000000000000, -0.3499999999999999778 ) ) ;
#560 = FACE_OUTER_BOUND ( 'NONE', #3968, .T. ) ;
#561 =( NAMED_UNIT ( * ) SI_UNIT ( $, .STERADIAN. ) SOLID_ANGLE_UNIT ( ) );
#562 = MECHANICAL_DESIGN_GEOMETRIC_PRESENTATION_REPRESENTATION (  '', ( #4509 ), #720 ) ;
#563 = DIRECTION ( 'NONE',  ( 0.000000000000000000, 0.000000000000000000, 1.000000000000000000 ) ) ;
#564 = ORIENTED_EDGE ( 'NONE', *, *, #4250, .T. ) ;
#565 = SURFACE_SIDE_STYLE ('',( #1320 ) ) ;
#566 = LINE ( 'NONE', #4888, #1014 ) ;
#567 = CIRCLE ( 'NONE', #3716, 0.1250000000000000000 ) ;
#568 = DIRECTION ( 'NONE',  ( 0.000000000000000000, 0.000000000000000000, 1.000000000000000000 ) ) ;
#569 = EDGE_CURVE ( 'NONE', #4242, #3544, #4931, .T. ) ;
#570 = CARTESIAN_POINT ( 'NONE',  ( -0.5999999999999999778, 0.1000000000000000056, -0.6999999999999999556 ) ) ;
#571 = EDGE_LOOP ( 'NONE', ( #3183, #2833, #3090, #3189, #2764, #564, #5003, #2259, #3467, #960, #968, #1919, #2685, #2117, #1552, #763, #4897, #2335 ) ) ;
#572 = STYLED_ITEM ( 'NONE', ( #915 ), #3591 ) ;
#573 = ADVANCED_FACE ( 'NONE', ( #2245 ), #3817, .F. ) ;
#574 = MECHANICAL_DESIGN_GEOMETRIC_PRESENTATION_REPRESENTATION (  '', ( #4447 ), #102 ) ;
#575 = MECHANICAL_DESIGN_GEOMETRIC_PRESENTATION_REPRESENTATION (  '', ( #2824 ), #4132 ) ;
#576 = STYLED_ITEM ( 'NONE', ( #519 ), #1912 ) ;
#577 = CARTESIAN_POINT ( 'NONE',  ( -0.8499999999999999778, 0.1000000000000000056, 1.000000000000000000 ) ) ;
#578 = EDGE_CURVE ( 'NONE', #1224, #750, #3752, .T. ) ;
#579 =( NAMED_UNIT ( * ) PLANE_ANGLE_UNIT ( ) SI_UNIT ( $, .RADIAN. ) );
#580 = EDGE_LOOP ( 'NONE', ( #2276, #554, #4369, #1636 ) ) ;
#581 = APPLICATION_CONTEXT ( 'automotive_design' ) ;
#582 = EDGE_LOOP ( 'NONE', ( #3397, #202 ) ) ;
#583 = ORIENTED_EDGE ( 'NONE', *, *, #2522, .F. ) ;
#584 = ORIENTED_EDGE ( 'NONE', *, *, #2758, .F. ) ;
#585 = EDGE_CURVE ( 'NONE', #3278, #3293, #759, .T. ) ;
#586 = CARTESIAN_POINT ( 'NONE',  ( 1.000000000000000000, 0.1000000000000000056, 0.8499999999999999778 ) ) ;
#587 = CARTESIAN_POINT ( 'NONE',  ( 0.8499999999999999778, 0.1000000000000000056, 0.8499999999999999778 ) ) ;
#588 = CARTESIAN_POINT ( 'NONE',  ( 0.000000000000000000, 0.000000000000000000, 0.000000000000000000 ) ) ;
#589 = FILL_AREA_STYLE_COLOUR ( '', #2302 ) ;
#590 =( LENGTH_UNIT ( ) NAMED_UNIT ( * ) SI_UNIT ( .MILLI., .METRE. ) );
#591 = ORIENTED_EDGE ( 'NONE', *, *, #4450, .T. ) ;
#592 = ADVANCED_FACE ( 'NONE', ( #2981 ), #1455, .T. ) ;
#593 = DIRECTION ( 'NONE',  ( 1.000000000000000000, 0.000000000000000000, 0.000000000000000000 ) ) ;
#594 = LINE ( 'NONE', #4532, #858 ) ;
#595 = MECHANICAL_DESIGN_GEOMETRIC_PRESENTATION_REPRESENTATION (  '', ( #2092 ), #197 ) ;
#596 = EDGE_CURVE ( 'NONE', #3359, #2944, #4504, .T. ) ;
#597 = PLANE ( 'NONE',  #5025 ) ;
#598 = CARTESIAN_POINT ( 'NONE',  ( -0.8499999999999999778, 0.1000000000000000056, 1.000000000000000000 ) ) ;
#599 = LINE ( 'NONE', #1373, #4599 ) ;
#600 = EDGE_LOOP ( 'NONE', ( #2450, #3669, #979, #4372 ) ) ;
#601 = DIRECTION ( 'NONE',  ( -1.445602896647340100E-15, 0.000000000000000000, 1.000000000000000000 ) ) ;
#602 = ADVANCED_FACE ( 'NONE', ( #3022 ), #1365, .T. ) ;
#603 = FILL_AREA_STYLE ('',( #1376 ) ) ;
#604 = DIRECTION ( 'NONE',  ( 0.000000000000000000, -1.000000000000000000, 0.000000000000000000 ) ) ;
#605 = EDGE_CURVE ( 'NONE', #2099, #4110, #383, .T. ) ;
#606 = VECTOR ( 'NONE', #3027, 1000.000000000000000 ) ;
#607 = SURFACE_STYLE_USAGE ( .BOTH. , #4949 ) ;
#608 = STYLED_ITEM ( 'NONE', ( #1113 ), #2590 ) ;
#609 = ORIENTED_EDGE ( 'NONE', *, *, #3420, .F. ) ;
#610 = ORIENTED_EDGE ( 'NONE', *, *, #2744, .F. ) ;
#611 = CARTESIAN_POINT ( 'NONE',  ( 0.5999999999999999778, 0.1000000000000000056, 0.6750000000000000444 ) ) ;
#612 = ORIENTED_EDGE ( 'NONE', *, *, #4923, .T. ) ;
#613 = FACE_OUTER_BOUND ( 'NONE', #3011, .T. ) ;
#614 = DIRECTION ( 'NONE',  ( 0.000000000000000000, 0.000000000000000000, -1.000000000000000000 ) ) ;
#615 = CARTESIAN_POINT ( 'NONE',  ( -0.7500000000000000000, 0.9499999999999999556, -0.7500000000000000000 ) ) ;
#616 = VERTEX_POINT ( 'NONE', #4246 ) ;
#617 = CARTESIAN_POINT ( 'NONE',  ( 0.7249999999999999778, 0.000000000000000000, 0.3499999999999999778 ) ) ;
#618 = DIRECTION ( 'NONE',  ( 0.000000000000000000, 0.000000000000000000, -1.000000000000000000 ) ) ;
#619 = CARTESIAN_POINT ( 'NONE',  ( 0.7249999999999999778, 0.1000000000000000056, -0.2250000000000000056 ) ) ;
#620 = VERTEX_POINT ( 'NONE', #1510 ) ;
#621 = CARTESIAN_POINT ( 'NONE',  ( -1.000000000000000000, 0.1000000000000000056, 0.5500000000000000444 ) ) ;
#622 = FILL_AREA_STYLE_COLOUR ( '', #1641 ) ;
#623 = PRESENTATION_STYLE_ASSIGNMENT (( #3016 ) ) ;
#624 = EDGE_CURVE ( 'NONE', #3988, #1599, #3101, .T. ) ;
#625 = EDGE_CURVE ( 'NONE', #1291, #2234, #4232, .T. ) ;
#626 = VECTOR ( 'NONE', #3128, 1000.000000000000000 ) ;
#627 = VECTOR ( 'NONE', #3304, 1000.000000000000000 ) ;
#628 = PRESENTATION_LAYER_ASSIGNMENT (  '', '', ( #2460 ) ) ;
#629 = VERTEX_POINT ( 'NONE', #5031 ) ;
#630 = ORIENTED_EDGE ( 'NONE', *, *, #70, .F. ) ;
#631 = VECTOR ( 'NONE', #3445, 1000.000000000000000 ) ;
#632 = FACE_OUTER_BOUND ( 'NONE', #571, .T. ) ;
#633 = PRESENTATION_LAYER_ASSIGNMENT (  '', '', ( #2215 ) ) ;
#634 = ADVANCED_FACE ( 'NONE', ( #2742 ), #3455, .T. ) ;
#635 = DIRECTION ( 'NONE',  ( -2.891205793294690455E-15, 0.000000000000000000, -1.000000000000000000 ) ) ;
#636 =( NAMED_UNIT ( * ) PLANE_ANGLE_UNIT ( ) SI_UNIT ( $, .RADIAN. ) );
#637 = LINE ( 'NONE', #2224, #1226 ) ;
#638 = DIRECTION ( 'NONE',  ( -1.084202172485503818E-16, 0.000000000000000000, 1.000000000000000000 ) ) ;
#639 = PRESENTATION_LAYER_ASSIGNMENT (  '', '', ( #4985 ) ) ;
#640 = ORIENTED_EDGE ( 'NONE', *, *, #2522, .T. ) ;
#641 = LINE ( 'NONE', #3684, #2703 ) ;
#642 = VECTOR ( 'NONE', #738, 1000.000000000000000 ) ;
#643 = DIRECTION ( 'NONE',  ( -1.000000000000000000, 0.000000000000000000, 0.000000000000000000 ) ) ;
#644 = CARTESIAN_POINT ( 'NONE',  ( -0.7249999999999999778, 0.1000000000000000056, -0.1000000000000000056 ) ) ;
#645 = MECHANICAL_DESIGN_GEOMETRIC_PRESENTATION_REPRESENTATION (  '', ( #470 ), #3637 ) ;
#646 = SURFACE_STYLE_FILL_AREA ( #4205 ) ;
#647 = ORIENTED_EDGE ( 'NONE', *, *, #148, .F. ) ;
#648 = VECTOR ( 'NONE', #436, 1000.000000000000000 ) ;
#649 =( NAMED_UNIT ( * ) SI_UNIT ( $, .STERADIAN. ) SOLID_ANGLE_UNIT ( ) );
#650 = MECHANICAL_DESIGN_GEOMETRIC_PRESENTATION_REPRESENTATION (  '', ( #1236 ), #2232 ) ;
#651 = DIRECTION ( 'NONE',  ( 0.000000000000000000, 0.000000000000000000, 1.000000000000000000 ) ) ;
#652 = SURFACE_SIDE_STYLE ('',( #1358 ) ) ;
#653 = ORIENTED_EDGE ( 'NONE', *, *, #2516, .T. ) ;
#654 = ORIENTED_EDGE ( 'NONE', *, *, #4541, .F. ) ;
#655 = CARTESIAN_POINT ( 'NONE',  ( 1.000000000000000000, 1.000000000000000000, 1.000000000000000000 ) ) ;
#656 = CARTESIAN_POINT ( 'NONE',  ( 0.7249999999999999778, 0.1000000000000000056, 0.5500000000000000444 ) ) ;
#657 = DIRECTION ( 'NONE',  ( 0.000000000000000000, 0.000000000000000000, -1.000000000000000000 ) ) ;
#658 = DIRECTION ( 'NONE',  ( 0.000000000000000000, 0.000000000000000000, -1.000000000000000000 ) ) ;
#659 = DIRECTION ( 'NONE',  ( 1.000000000000000000, 0.000000000000000000, 0.000000000000000000 ) ) ;
#660 = VERTEX_POINT ( 'NONE', #3899 ) ;
#661 = EDGE_CURVE ( 'NONE', #3146, #1924, #769, .T. ) ;
#662 =( NAMED_UNIT ( * ) PLANE_ANGLE_UNIT ( ) SI_UNIT ( $, .RADIAN. ) );
#663 = EDGE_CURVE ( 'NONE', #3786, #2389, #4218, .T. ) ;
#664 = EDGE_CURVE ( 'NONE', #3786, #526, #1566, .T. ) ;
#665 = UNCERTAINTY_MEASURE_WITH_UNIT (LENGTH_MEASURE( 1.000000000000000082E-05 ), #941, 'distance_accuracy_value', 'NONE');
#666 = EDGE_CURVE ( 'NONE', #4283, #1283, #3513, .T. ) ;
#667 = LINE ( 'NONE', #1162, #1495 ) ;
#668 =( GEOMETRIC_REPRESENTATION_CONTEXT ( 3 ) GLOBAL_UNCERTAINTY_ASSIGNED_CONTEXT ( ( #1517 ) ) GLOBAL_UNIT_ASSIGNED_CONTEXT ( ( #4521, #1792, #1403 ) ) REPRESENTATION_CONTEXT ( 'NONE', 'WORKASPACE' ) );
#669 = EDGE_CURVE ( 'NONE', #263, #1599, #336, .T. ) ;
#670 = ORIENTED_EDGE ( 'NONE', *, *, #2571, .F. ) ;
#671 = DIRECTION ( 'NONE',  ( 0.000000000000000000, 0.000000000000000000, 1.000000000000000000 ) ) ;
#672 = FACE_OUTER_BOUND ( 'NONE', #4880, .T. ) ;
#673 = ORIENTED_EDGE ( 'NONE', *, *, #2830, .F. ) ;
#674 = COLOUR_RGB ( '',0.2509803921568627416, 0.2509803921568627416, 0.2509803921568627416 ) ;
#675 = ADVANCED_FACE ( 'NONE', ( #4680 ), #2352, .F. ) ;
#676 = CARTESIAN_POINT ( 'NONE',  ( 0.7249999999999999778, 0.05000000000000000278, -0.1000000000000000056 ) ) ;
#677 = COLOUR_RGB ( '',0.2509803921568627416, 0.2509803921568627416, 0.2509803921568627416 ) ;
#678 = EDGE_CURVE ( 'NONE', #138, #2296, #2028, .T. ) ;
#679 = SURFACE_SIDE_STYLE ('',( #727 ) ) ;
#680 = VECTOR ( 'NONE', #4964, 1000.000000000000000 ) ;
#681 =( NAMED_UNIT ( * ) PLANE_ANGLE_UNIT ( ) SI_UNIT ( $, .RADIAN. ) );
#682 = VECTOR ( 'NONE', #3919, 1000.000000000000000 ) ;
#683 = ORIENTED_EDGE ( 'NONE', *, *, #2257, .T. ) ;
#684 = ORIENTED_EDGE ( 'NONE', *, *, #1971, .F. ) ;
#685 = CARTESIAN_POINT ( 'NONE',  ( 0.7249999999999999778, 0.1000000000000000056, 0.6750000000000000444 ) ) ;
#686 = DIRECTION ( 'NONE',  ( 7.228014483236679792E-16, 0.000000000000000000, 1.000000000000000000 ) ) ;
#687 = CARTESIAN_POINT ( 'NONE',  ( -0.7249999999999999778, 0.1000000000000000056, -0.2250000000000000056 ) ) ;
#688 = LINE ( 'NONE', #1099, #888 ) ;
#689 =( GEOMETRIC_REPRESENTATION_CONTEXT ( 3 ) GLOBAL_UNCERTAINTY_ASSIGNED_CONTEXT ( ( #1633 ) ) GLOBAL_UNIT_ASSIGNED_CONTEXT ( ( #1838, #2992, #203 ) ) REPRESENTATION_CONTEXT ( 'NONE', 'WORKASPACE' ) );
#690 = FACE_OUTER_BOUND ( 'NONE', #753, .T. ) ;
#691 = ORIENTED_EDGE ( 'NONE', *, *, #3657, .F. ) ;
#692 = VECTOR ( 'NONE', #3870, 1000.000000000000000 ) ;
#693 = DIRECTION ( 'NONE',  ( -1.000000000000000000, 0.000000000000000000, -7.885106708985500867E-16 ) ) ;
#694 = DIRECTION ( 'NONE',  ( 1.000000000000000000, 0.000000000000000000, 0.000000000000000000 ) ) ;
#695 = FILL_AREA_STYLE ('',( #2332 ) ) ;
#696 = DIRECTION ( 'NONE',  ( -3.469446951953614978E-15, 0.000000000000000000, -1.000000000000000000 ) ) ;
#697 = ORIENTED_EDGE ( 'NONE', *, *, #4116, .T. ) ;
#698 = CARTESIAN_POINT ( 'NONE',  ( -0.7500000000000000000, 0.9499999999999999556, -0.7500000000000000000 ) ) ;
#699 = FACE_OUTER_BOUND ( 'NONE', #2165, .T. ) ;
#700 = ORIENTED_EDGE ( 'NONE', *, *, #2633, .F. ) ;
#701 = CARTESIAN_POINT ( 'NONE',  ( -0.5999999999999999778, 0.1000000000000000056, -1.000000000000000000 ) ) ;
#702 = LINE ( 'NONE', #2887, #1569 ) ;
#703 = ORIENTED_EDGE ( 'NONE', *, *, #1862, .F. ) ;
#704 = CARTESIAN_POINT ( 'NONE',  ( 0.7249999999999999778, 0.1000000000000000056, -0.5500000000000000444 ) ) ;
#705 = CYLINDRICAL_SURFACE ( 'NONE', #277, 0.1000000000000000472 ) ;
#706 = VERTEX_POINT ( 'NONE', #33 ) ;
#707 = ORIENTED_EDGE ( 'NONE', *, *, #1228, .T. ) ;
#708 = FILL_AREA_STYLE ('',( #2271 ) ) ;
#709 = LINE ( 'NONE', #306, #2073 ) ;
#710 = DIRECTION ( 'NONE',  ( 0.000000000000000000, 1.000000000000000000, 0.000000000000000000 ) ) ;
#711 = CARTESIAN_POINT ( 'NONE',  ( 0.000000000000000000, 0.1000000000000000056, 0.000000000000000000 ) ) ;
#712 = VERTEX_POINT ( 'NONE', #1596 ) ;
#713 =( GEOMETRIC_REPRESENTATION_CONTEXT ( 3 ) GLOBAL_UNCERTAINTY_ASSIGNED_CONTEXT ( ( #3898 ) ) GLOBAL_UNIT_ASSIGNED_CONTEXT ( ( #2823, #2019, #4785 ) ) REPRESENTATION_CONTEXT ( 'NONE', 'WORKASPACE' ) );
#714 = AXIS2_PLACEMENT_3D ( 'NONE', #4345, #3245, #1272 ) ;
#715 = CARTESIAN_POINT ( 'NONE',  ( -1.000000000000000000, 0.1000000000000000056, 0.8499999999999999778 ) ) ;
#716 =( LENGTH_UNIT ( ) NAMED_UNIT ( * ) SI_UNIT ( .MILLI., .METRE. ) );
#717 = DIRECTION ( 'NONE',  ( 0.000000000000000000, -1.000000000000000000, 0.000000000000000000 ) ) ;
#718 = CARTESIAN_POINT ( 'NONE',  ( -0.8499999999999999778, 0.1000000000000000056, -0.8499999999999999778 ) ) ;
#719 = ORIENTED_EDGE ( 'NONE', *, *, #3663, .F. ) ;
#720 =( GEOMETRIC_REPRESENTATION_CONTEXT ( 3 ) GLOBAL_UNCERTAINTY_ASSIGNED_CONTEXT ( ( #3130 ) ) GLOBAL_UNIT_ASSIGNED_CONTEXT ( ( #3847, #3547, #94 ) ) REPRESENTATION_CONTEXT ( 'NONE', 'WORKASPACE' ) );
#721 = DIRECTION ( 'NONE',  ( 0.000000000000000000, -1.000000000000000000, 0.000000000000000000 ) ) ;
#722 = ORIENTED_EDGE ( 'NONE', *, *, #228, .T. ) ;
#723 = CARTESIAN_POINT ( 'NONE',  ( 1.000000000000000000, 0.05000000000000000278, 1.000000000000000000 ) ) ;
#724 = MECHANICAL_DESIGN_GEOMETRIC_PRESENTATION_REPRESENTATION (  '', ( #2802 ), #1386 ) ;
#725 = LINE ( 'NONE', #1498, #1708 ) ;
#726 = EDGE_CURVE ( 'NONE', #3143, #4507, #3181, .T. ) ;
#727 = SURFACE_STYLE_FILL_AREA ( #2781 ) ;
#728 = ORIENTED_EDGE ( 'NONE', *, *, #1277, .T. ) ;
#729 =( NAMED_UNIT ( * ) PLANE_ANGLE_UNIT ( ) SI_UNIT ( $, .RADIAN. ) );
#730 = PLANE ( 'NONE',  #3408 ) ;
#731 = AXIS2_PLACEMENT_3D ( 'NONE', #1480, #2272, #4647 ) ;
#732 = ORIENTED_EDGE ( 'NONE', *, *, #742, .T. ) ;
#733 = ORIENTED_EDGE ( 'NONE', *, *, #2744, .T. ) ;
#734 = ADVANCED_FACE ( 'NONE', ( #1396 ), #200, .F. ) ;
#735 = FILL_AREA_STYLE ('',( #4271 ) ) ;
#736 = DIRECTION ( 'NONE',  ( 1.000000000000000000, 0.000000000000000000, 1.734723475976805122E-15 ) ) ;
#737 = UNCERTAINTY_MEASURE_WITH_UNIT (LENGTH_MEASURE( 1.000000000000000082E-05 ), #127, 'distance_accuracy_value', 'NONE');
#738 = DIRECTION ( 'NONE',  ( 0.000000000000000000, -1.000000000000000000, 0.000000000000000000 ) ) ;
#739 = STYLED_ITEM ( 'NONE', ( #987 ), #1755 ) ;
#740 = LINE ( 'NONE', #5058, #1087 ) ;
#741 = ORIENTED_EDGE ( 'NONE', *, *, #3518, .F. ) ;
#742 = EDGE_CURVE ( 'NONE', #1647, #20, #3734, .T. ) ;
#744 = SURFACE_STYLE_USAGE ( .BOTH. , #5012 ) ;
#743 = UNCERTAINTY_MEASURE_WITH_UNIT (LENGTH_MEASURE( 1.000000000000000082E-05 ), #958, 'distance_accuracy_value', 'NONE');
#745 = STYLED_ITEM ( 'NONE', ( #4021 ), #1893 ) ;
#746 = DIRECTION ( 'NONE',  ( 0.000000000000000000, 0.000000000000000000, -1.000000000000000000 ) ) ;
#747 = CARTESIAN_POINT ( 'NONE',  ( -1.000000000000000000, 0.1000000000000000056, -0.5500000000000000444 ) ) ;
#748 = DIRECTION ( 'NONE',  ( 0.7071067811865460184, 0.000000000000000000, -0.7071067811865489050 ) ) ;
#749 = EDGE_CURVE ( 'NONE', #2422, #3873, #2570, .T. ) ;
#750 = VERTEX_POINT ( 'NONE', #2960 ) ;
#751 = ORIENTED_EDGE ( 'NONE', *, *, #2289, .T. ) ;
#752 = CARTESIAN_POINT ( 'NONE',  ( -1.000000000000000000, 0.05000000000000000278, -1.000000000000000000 ) ) ;
#753 = EDGE_LOOP ( 'NONE', ( #1953, #1353, #995, #4269 ) ) ;
#754 = DIRECTION ( 'NONE',  ( -1.734723475976805122E-15, 0.000000000000000000, -1.000000000000000000 ) ) ;
#755 = EDGE_CURVE ( 'NONE', #3768, #3301, #3366, .T. ) ;
#756 = LINE ( 'NONE', #324, #631 ) ;
#757 = LINE ( 'NONE', #375, #2819 ) ;
#758 = ORIENTED_EDGE ( 'NONE', *, *, #3961, .T. ) ;
#759 = CIRCLE ( 'NONE', #36, 0.1250000000000000000 ) ;
#760 = UNCERTAINTY_MEASURE_WITH_UNIT (LENGTH_MEASURE( 1.000000000000000082E-05 ), #2854, 'distance_accuracy_value', 'NONE');
#761 = CARTESIAN_POINT ( 'NONE',  ( 0.000000000000000000, 0.05000000000000000278, 0.000000000000000000 ) ) ;
#762 = AXIS2_PLACEMENT_3D ( 'NONE', #2440, #4768, #1999 ) ;
#763 = ORIENTED_EDGE ( 'NONE', *, *, #4913, .T. ) ;
#764 = EDGE_LOOP ( 'NONE', ( #1662, #4475, #2878, #2705 ) ) ;
#765 =( NAMED_UNIT ( * ) PLANE_ANGLE_UNIT ( ) SI_UNIT ( $, .RADIAN. ) );
#766 = VECTOR ( 'NONE', #4789, 1000.000000000000000 ) ;
#767 = CIRCLE ( 'NONE', #3003, 0.1250000000000000000 ) ;
#768 = PLANE ( 'NONE',  #3794 ) ;
#769 = LINE ( 'NONE', #2300, #692 ) ;
#770 = CARTESIAN_POINT ( 'NONE',  ( 0.7249999999999999778, 0.000000000000000000, -0.2250000000000000056 ) ) ;
#771 =( NAMED_UNIT ( * ) SI_UNIT ( $, .STERADIAN. ) SOLID_ANGLE_UNIT ( ) );
#772 = VERTEX_POINT ( 'NONE', #1767 ) ;
#773 = FACE_OUTER_BOUND ( 'NONE', #3609, .T. ) ;
#774 = PRESENTATION_STYLE_ASSIGNMENT (( #4306 ) ) ;
#775 = FACE_OUTER_BOUND ( 'NONE', #3121, .T. ) ;
#776 = AXIS2_PLACEMENT_3D ( 'NONE', #1553, #1167, #3192 ) ;
#777 = FACE_OUTER_BOUND ( 'NONE', #1688, .T. ) ;
#778 = PLANE ( 'NONE',  #2007 ) ;
#779 = ORIENTED_EDGE ( 'NONE', *, *, #468, .T. ) ;
#780 = CARTESIAN_POINT ( 'NONE',  ( -0.8499999999999999778, 0.000000000000000000, 0.8499999999999999778 ) ) ;
#781 = VECTOR ( 'NONE', #259, 1000.000000000000000 ) ;
#782 = CARTESIAN_POINT ( 'NONE',  ( -0.7500000000000000000, 0.9499999999999999556, -0.6500000000000000222 ) ) ;
#783 = CARTESIAN_POINT ( 'NONE',  ( 1.000000000000000000, 1.000000000000000000, -1.000000000000000000 ) ) ;
#784 = DIRECTION ( 'NONE',  ( -1.734723475976807094E-15, 0.000000000000000000, -1.000000000000000000 ) ) ;
#785 = ORIENTED_EDGE ( 'NONE', *, *, #2039, .F. ) ;
#786 = DIRECTION ( 'NONE',  ( 0.000000000000000000, 0.000000000000000000, -1.000000000000000000 ) ) ;
#787 = EDGE_LOOP ( 'NONE', ( #2000, #997, #2853, #640 ) ) ;
#788 = EDGE_CURVE ( 'NONE', #4727, #3763, #3009, .T. ) ;
#789 = LINE ( 'NONE', #4296, #626 ) ;
#790 = PRESENTATION_STYLE_ASSIGNMENT (( #3626 ) ) ;
#791 = SURFACE_STYLE_FILL_AREA ( #2273 ) ;
#792 = FILL_AREA_STYLE ('',( #820 ) ) ;
#793 = VERTEX_POINT ( 'NONE', #4890 ) ;
#794 = EDGE_CURVE ( 'NONE', #1616, #2311, #1026, .T. ) ;
#795 = DIRECTION ( 'NONE',  ( 1.000000000000000000, 0.000000000000000000, 3.942553354492730219E-16 ) ) ;
#796 = PRESENTATION_STYLE_ASSIGNMENT (( #2023 ) ) ;
#797 = SURFACE_SIDE_STYLE ('',( #5015 ) ) ;
#798 = DIRECTION ( 'NONE',  ( 1.000000000000000000, 0.000000000000000000, -7.885106708985500867E-16 ) ) ;
#799 = DIRECTION ( 'NONE',  ( 1.000000000000000000, 0.000000000000000000, 0.000000000000000000 ) ) ;
#800 = AXIS2_PLACEMENT_3D ( 'NONE', #869, #3157, #5057 ) ;
#801 = VECTOR ( 'NONE', #2946, 1000.000000000000000 ) ;
#802 = VERTEX_POINT ( 'NONE', #986 ) ;
#803 =( NAMED_UNIT ( * ) SI_UNIT ( $, .STERADIAN. ) SOLID_ANGLE_UNIT ( ) );
#804 = EDGE_CURVE ( 'NONE', #2020, #3143, #2544, .T. ) ;
#805 = FILL_AREA_STYLE_COLOUR ( '', #1401 ) ;
#806 = ORIENTED_EDGE ( 'NONE', *, *, #3346, .T. ) ;
#807 = CARTESIAN_POINT ( 'NONE',  ( 0.7249999999999999778, 0.1000000000000000056, 0.09999999999999889533 ) ) ;
#808 =( GEOMETRIC_REPRESENTATION_CONTEXT ( 3 ) GLOBAL_UNCERTAINTY_ASSIGNED_CONTEXT ( ( #3243 ) ) GLOBAL_UNIT_ASSIGNED_CONTEXT ( ( #4348, #729, #1225 ) ) REPRESENTATION_CONTEXT ( 'NONE', 'WORKASPACE' ) );
#809 = LINE ( 'NONE', #2393, #3082 ) ;
#810 = MECHANICAL_DESIGN_GEOMETRIC_PRESENTATION_REPRESENTATION (  '', ( #572 ), #3446 ) ;
#811 = SURFACE_STYLE_FILL_AREA ( #4368 ) ;
#812 = VERTEX_POINT ( 'NONE', #223 ) ;
#813 = PLANE ( 'NONE',  #4667 ) ;
#814 = VECTOR ( 'NONE', #2230, 1000.000000000000000 ) ;
#815 = CARTESIAN_POINT ( 'NONE',  ( 0.7249999999999999778, 0.1000000000000000056, -0.1000000000000000056 ) ) ;
#816 = ORIENTED_EDGE ( 'NONE', *, *, #2039, .T. ) ;
#817 = DIRECTION ( 'NONE',  ( -1.084202172485503818E-16, 0.000000000000000000, 1.000000000000000000 ) ) ;
#818 = LINE ( 'NONE', #2016, #2158 ) ;
#819 = EDGE_CURVE ( 'NONE', #3792, #876, #4162, .T. ) ;
#820 = FILL_AREA_STYLE_COLOUR ( '', #1625 ) ;
#821 = ORIENTED_EDGE ( 'NONE', *, *, #2626, .F. ) ;
#822 = MECHANICAL_DESIGN_GEOMETRIC_PRESENTATION_REPRESENTATION (  '', ( #4126 ), #2398 ) ;
#823 =( NAMED_UNIT ( * ) PLANE_ANGLE_UNIT ( ) SI_UNIT ( $, .RADIAN. ) );
#824 = EDGE_CURVE ( 'NONE', #1492, #4284, #767, .T. ) ;
#825 = CARTESIAN_POINT ( 'NONE',  ( -1.000000000000000000, 1.000000000000000000, -1.000000000000000000 ) ) ;
#826 = VECTOR ( 'NONE', #2291, 1000.000000000000000 ) ;
#827 = LINE ( 'NONE', #2412, #2548 ) ;
#828 = LINE ( 'NONE', #1242, #274 ) ;
#829 = ORIENTED_EDGE ( 'NONE', *, *, #4327, .T. ) ;
#830 = EDGE_CURVE ( 'NONE', #2090, #4786, #4558, .T. ) ;
#831 = MECHANICAL_DESIGN_GEOMETRIC_PRESENTATION_REPRESENTATION (  '', ( #2988 ), #4289 ) ;
#832 = EDGE_CURVE ( 'NONE', #3452, #4276, #3687, .T. ) ;
#833 = DIRECTION ( 'NONE',  ( -1.734723475976805122E-15, 0.000000000000000000, -1.000000000000000000 ) ) ;
#834 =( NAMED_UNIT ( * ) SI_UNIT ( $, .STERADIAN. ) SOLID_ANGLE_UNIT ( ) );
#835 = EDGE_CURVE ( 'NONE', #4276, #1523, #3671, .T. ) ;
#836 = DIRECTION ( 'NONE',  ( 0.000000000000000000, -1.000000000000000000, 0.000000000000000000 ) ) ;
#837 = SURFACE_STYLE_FILL_AREA ( #4365 ) ;
#838 = DIRECTION ( 'NONE',  ( 0.000000000000000000, -1.000000000000000000, 0.000000000000000000 ) ) ;
#839 = DIRECTION ( 'NONE',  ( -1.000000000000000000, 0.000000000000000000, 1.445602896647344044E-15 ) ) ;
#840 = DIRECTION ( 'NONE',  ( 1.000000000000000000, 0.000000000000000000, -1.084202172485503818E-16 ) ) ;
#841 = ORIENTED_EDGE ( 'NONE', *, *, #1277, .F. ) ;
#842 = EDGE_CURVE ( 'NONE', #212, #772, #936, .T. ) ;
#843 = CARTESIAN_POINT ( 'NONE',  ( 1.000000000000000000, 0.1000000000000000056, -0.5500000000000000444 ) ) ;
#844 = VERTEX_POINT ( 'NONE', #4690 ) ;
#845 = DIRECTION ( 'NONE',  ( -1.734723475976805122E-15, 0.000000000000000000, 1.000000000000000000 ) ) ;
#846 =( GEOMETRIC_REPRESENTATION_CONTEXT ( 3 ) GLOBAL_UNCERTAINTY_ASSIGNED_CONTEXT ( ( #382 ) ) GLOBAL_UNIT_ASSIGNED_CONTEXT ( ( #1854, #3142, #4203 ) ) REPRESENTATION_CONTEXT ( 'NONE', 'WORKASPACE' ) );
#847 = SURFACE_STYLE_USAGE ( .BOTH. , #162 ) ;
#848 = LINE ( 'NONE', #2043, #1880 ) ;
#849 = ORIENTED_EDGE ( 'NONE', *, *, #4854, .T. ) ;
#850 = ADVANCED_FACE ( 'NONE', ( #5069 ), #1081, .F. ) ;
#851 = VERTEX_POINT ( 'NONE', #3468 ) ;
#852 = FILL_AREA_STYLE ('',( #4431 ) ) ;
#853 = CARTESIAN_POINT ( 'NONE',  ( -0.7500000000000000000, 0.9499999999999999556, -0.7500000000000000000 ) ) ;
#854 = VECTOR ( 'NONE', #2804, 1000.000000000000000 ) ;
#855 = CARTESIAN_POINT ( 'NONE',  ( 0.4000000000000000222, 0.1000000000000000056, 1.000000000000000000 ) ) ;
#856 = ORIENTED_EDGE ( 'NONE', *, *, #1050, .T. ) ;
#857 = LINE ( 'NONE', #877, #276 ) ;
#858 = VECTOR ( 'NONE', #643, 1000.000000000000000 ) ;
#859 = PLANE ( 'NONE',  #4057 ) ;
#860 = CARTESIAN_POINT ( 'NONE',  ( 0.8499999999999999778, 0.000000000000000000, 0.8499999999999999778 ) ) ;
#861 = AXIS2_PLACEMENT_3D ( 'NONE', #1789, #1859, #3392 ) ;
#862 = UNCERTAINTY_MEASURE_WITH_UNIT (LENGTH_MEASURE( 1.000000000000000082E-05 ), #3756, 'distance_accuracy_value', 'NONE');
#863 = AXIS2_PLACEMENT_3D ( 'NONE', #1709, #2616, #2935 ) ;
#864 = DIRECTION ( 'NONE',  ( 0.000000000000000000, -1.000000000000000000, 0.000000000000000000 ) ) ;
#865 = FILL_AREA_STYLE ('',( #1687 ) ) ;
#866 = ORIENTED_EDGE ( 'NONE', *, *, #2514, .F. ) ;
#867 = SURFACE_STYLE_FILL_AREA ( #4395 ) ;
#868 =( NAMED_UNIT ( * ) PLANE_ANGLE_UNIT ( ) SI_UNIT ( $, .RADIAN. ) );
#869 = CARTESIAN_POINT ( 'NONE',  ( 0.4000000000000000222, 0.1000000000000000056, -1.000000000000000000 ) ) ;
#870 = ORIENTED_EDGE ( 'NONE', *, *, #742, .F. ) ;
#871 = ORIENTED_EDGE ( 'NONE', *, *, #2577, .T. ) ;
#872 = CARTESIAN_POINT ( 'NONE',  ( 0.4000000000000000222, 0.1000000000000000056, -1.000000000000000000 ) ) ;
#873 = SURFACE_SIDE_STYLE ('',( #1696 ) ) ;
#874 = DIRECTION ( 'NONE',  ( 0.000000000000000000, 0.000000000000000000, 1.000000000000000000 ) ) ;
#875 = DIRECTION ( 'NONE',  ( -1.000000000000000000, 0.000000000000000000, -7.885106708985500867E-16 ) ) ;
#876 = VERTEX_POINT ( 'NONE', #1886 ) ;
#877 = CARTESIAN_POINT ( 'NONE',  ( 1.000000000000000000, 0.1000000000000000056, 0.5500000000000000444 ) ) ;
#878 = CARTESIAN_POINT ( 'NONE',  ( 1.000000000000000000, 0.000000000000000000, 0.5500000000000000444 ) ) ;
#879 = FACE_OUTER_BOUND ( 'NONE', #2319, .T. ) ;
#880 = AXIS2_PLACEMENT_3D ( 'NONE', #3666, #4001, #128 ) ;
#881 = DIRECTION ( 'NONE',  ( 1.000000000000000000, 0.000000000000000000, -1.734723475976805122E-15 ) ) ;
#882 = DIRECTION ( 'NONE',  ( 1.000000000000000000, 0.000000000000000000, 3.942553354492730219E-16 ) ) ;
#883 = AXIS2_PLACEMENT_3D ( 'NONE', #51, #4370, #2 ) ;
#884 = ORIENTED_EDGE ( 'NONE', *, *, #2206, .T. ) ;
#885 = DIRECTION ( 'NONE',  ( -1.445602896647340100E-15, 0.000000000000000000, -1.000000000000000000 ) ) ;
#886 = COLOUR_RGB ( '',0.2509803921568627416, 0.2509803921568627416, 0.2509803921568627416 ) ;
#887 = EDGE_CURVE ( 'NONE', #138, #896, #2313, .T. ) ;
#888 = VECTOR ( 'NONE', #4621, 1000.000000000000000 ) ;
#889 = SURFACE_STYLE_USAGE ( .BOTH. , #1231 ) ;
#890 = PRESENTATION_LAYER_ASSIGNMENT (  '', '', ( #470 ) ) ;
#891 = FILL_AREA_STYLE_COLOUR ( '', #2380 ) ;
#892 = PLANE ( 'NONE',  #4103 ) ;
#893 = ORIENTED_EDGE ( 'NONE', *, *, #2822, .T. ) ;
#894 = ADVANCED_FACE ( 'NONE', ( #368 ), #2260, .T. ) ;
#895 = ORIENTED_EDGE ( 'NONE', *, *, #4761, .F. ) ;
#896 = VERTEX_POINT ( 'NONE', #4633 ) ;
#897 = DIRECTION ( 'NONE',  ( -2.891205793294680200E-15, 0.000000000000000000, -1.000000000000000000 ) ) ;
#898 = PRESENTATION_STYLE_ASSIGNMENT (( #462 ) ) ;
#899 = DIRECTION ( 'NONE',  ( -7.392287539673879884E-16, 0.000000000000000000, 1.000000000000000000 ) ) ;
#900 = CARTESIAN_POINT ( 'NONE',  ( -0.8499999999999999778, 0.1000000000000000056, 0.8499999999999999778 ) ) ;
#901 = EDGE_CURVE ( 'NONE', #1206, #2218, #2233, .T. ) ;
#902 = ORIENTED_EDGE ( 'NONE', *, *, #3430, .F. ) ;
#903 = AXIS2_PLACEMENT_3D ( 'NONE', #1778, #4903, #1388 ) ;
#904 = DIRECTION ( 'NONE',  ( -1.445602896647344044E-15, 0.000000000000000000, 1.000000000000000000 ) ) ;
#905 =( NAMED_UNIT ( * ) PLANE_ANGLE_UNIT ( ) SI_UNIT ( $, .RADIAN. ) );
#906 = DIRECTION ( 'NONE',  ( -1.084202172485503818E-16, 0.000000000000000000, -1.000000000000000000 ) ) ;
#907 =( GEOMETRIC_REPRESENTATION_CONTEXT ( 3 ) GLOBAL_UNCERTAINTY_ASSIGNED_CONTEXT ( ( #2456 ) ) GLOBAL_UNIT_ASSIGNED_CONTEXT ( ( #4330, #4981, #3517 ) ) REPRESENTATION_CONTEXT ( 'NONE', 'WORKASPACE' ) );
#908 = COLOUR_RGB ( '',0.7529411764705882248, 0.7529411764705882248, 0.7529411764705882248 ) ;
#909 = DIRECTION ( 'NONE',  ( 1.000000000000000000, 0.000000000000000000, 0.000000000000000000 ) ) ;
#910 = EDGE_CURVE ( 'NONE', #4242, #3763, #2336, .T. ) ;
#911 = DIRECTION ( 'NONE',  ( 0.000000000000000000, -1.000000000000000000, 0.000000000000000000 ) ) ;
#912 = ORIENTED_EDGE ( 'NONE', *, *, #3046, .T. ) ;
#913 = LINE ( 'NONE', #426, #982 ) ;
#914 = DIRECTION ( 'NONE',  ( 0.000000000000000000, -1.000000000000000000, 0.000000000000000000 ) ) ;
#915 = PRESENTATION_STYLE_ASSIGNMENT (( #4855 ) ) ;
#916 = PLANE ( 'NONE',  #1900 ) ;
#917 = PRESENTATION_STYLE_ASSIGNMENT (( #3253 ) ) ;
#918 = PRESENTATION_LAYER_ASSIGNMENT (  '', '', ( #268 ) ) ;
#919 = EDGE_LOOP ( 'NONE', ( #3246, #2199, #3353, #2629 ) ) ;
#920 = ORIENTED_EDGE ( 'NONE', *, *, #1216, .T. ) ;
#921 = ORIENTED_EDGE ( 'NONE', *, *, #4913, .F. ) ;
#922 = AXIS2_PLACEMENT_3D ( 'NONE', #3686, #3639, #3580 ) ;
#923 =( LENGTH_UNIT ( ) NAMED_UNIT ( * ) SI_UNIT ( .MILLI., .METRE. ) );
#924 = CARTESIAN_POINT ( 'NONE',  ( -0.1000000000000000056, 0.05000000000000000278, -1.000000000000000000 ) ) ;
#925 = DIRECTION ( 'NONE',  ( 0.000000000000000000, 0.000000000000000000, -1.000000000000000000 ) ) ;
#926 = CARTESIAN_POINT ( 'NONE',  ( 1.000000000000000000, 0.1000000000000000056, 0.8499999999999999778 ) ) ;
#927 = AXIS2_PLACEMENT_3D ( 'NONE', #588, #1408, #3774 ) ;
#928 = DIRECTION ( 'NONE',  ( 1.000000000000000000, 0.000000000000000000, 0.000000000000000000 ) ) ;
#929 =( GEOMETRIC_REPRESENTATION_CONTEXT ( 3 ) GLOBAL_UNCERTAINTY_ASSIGNED_CONTEXT ( ( #1565 ) ) GLOBAL_UNIT_ASSIGNED_CONTEXT ( ( #4837, #4864, #1343 ) ) REPRESENTATION_CONTEXT ( 'NONE', 'WORKASPACE' ) );
#930 = EDGE_LOOP ( 'NONE', ( #1927, #4214, #653, #1869, #4830, #3675, #37, #1083, #2434, #2021, #856, #2579, #4364, #4152, #591, #4640, #416, #2770, #3631, #3110 ) ) ;
#931 = DIRECTION ( 'NONE',  ( 1.000802005371239959E-15, 0.000000000000000000, -1.000000000000000000 ) ) ;
#932 =( NAMED_UNIT ( * ) SI_UNIT ( $, .STERADIAN. ) SOLID_ANGLE_UNIT ( ) );
#933 = MECHANICAL_DESIGN_GEOMETRIC_PRESENTATION_REPRESENTATION (  '', ( #3172 ), #2540 ) ;
#934 = LINE ( 'NONE', #4511, #1828 ) ;
#935 = VECTOR ( 'NONE', #2841, 1000.000000000000000 ) ;
#936 = LINE ( 'NONE', #542, #2182 ) ;
#937 = DIRECTION ( 'NONE',  ( 0.000000000000000000, -1.000000000000000000, 0.000000000000000000 ) ) ;
#938 = ORIENTED_EDGE ( 'NONE', *, *, #1988, .T. ) ;
#939 = LINE ( 'NONE', #961, #2850 ) ;
#940 = AXIS2_PLACEMENT_3D ( 'NONE', #372, #3499, #25 ) ;
#941 =( LENGTH_UNIT ( ) NAMED_UNIT ( * ) SI_UNIT ( .MILLI., .METRE. ) );
#942 = PRESENTATION_STYLE_ASSIGNMENT (( #163 ) ) ;
#943 = ORIENTED_EDGE ( 'NONE', *, *, #1871, .T. ) ;
#944 = ORIENTED_EDGE ( 'NONE', *, *, #4784, .F. ) ;
#945 = ORIENTED_EDGE ( 'NONE', *, *, #1555, .T. ) ;
#946 = ORIENTED_EDGE ( 'NONE', *, *, #910, .T. ) ;
#947 = LINE ( 'NONE', #4107, #5066 ) ;
#948 = DIRECTION ( 'NONE',  ( 0.000000000000000000, 0.000000000000000000, 1.000000000000000000 ) ) ;
#949 = PLANE ( 'NONE',  #2060 ) ;
#950 = DIRECTION ( 'NONE',  ( -7.589415207398530052E-16, 0.000000000000000000, -1.000000000000000000 ) ) ;
#951 = VERTEX_POINT ( 'NONE', #3087 ) ;
#952 = EDGE_CURVE ( 'NONE', #712, #844, #1110, .T. ) ;
#953 = EDGE_CURVE ( 'NONE', #3018, #1864, #2697, .T. ) ;
#954 = PLANE ( 'NONE',  #1816 ) ;
#955 = DIRECTION ( 'NONE',  ( 0.000000000000000000, 0.000000000000000000, 1.000000000000000000 ) ) ;
#956 = FILL_AREA_STYLE_COLOUR ( '', #1170 ) ;
#957 = EDGE_CURVE ( 'NONE', #1864, #3922, #4258, .T. ) ;
#958 =( LENGTH_UNIT ( ) NAMED_UNIT ( * ) SI_UNIT ( .MILLI., .METRE. ) );
#959 = FACE_OUTER_BOUND ( 'NONE', #4543, .T. ) ;
#960 = ORIENTED_EDGE ( 'NONE', *, *, #2143, .T. ) ;
#961 = CARTESIAN_POINT ( 'NONE',  ( 1.000000000000000000, 0.000000000000000000, -0.5500000000000000444 ) ) ;
#962 =( GEOMETRIC_REPRESENTATION_CONTEXT ( 3 ) GLOBAL_UNCERTAINTY_ASSIGNED_CONTEXT ( ( #4226 ) ) GLOBAL_UNIT_ASSIGNED_CONTEXT ( ( #1123, #31, #1096 ) ) REPRESENTATION_CONTEXT ( 'NONE', 'WORKASPACE' ) );
#963 = VECTOR ( 'NONE', #2678, 1000.000000000000000 ) ;
#964 = PRESENTATION_LAYER_ASSIGNMENT (  '', '', ( #3038 ) ) ;
#965 = DIRECTION ( 'NONE',  ( -1.000000000000000000, 0.000000000000000000, -3.942553354492735149E-16 ) ) ;
#966 = CARTESIAN_POINT ( 'NONE',  ( -1.000000000000000000, 0.000000000000000000, -0.5500000000000000444 ) ) ;
#967 = EDGE_CURVE ( 'NONE', #499, #3530, #3829, .T. ) ;
#968 = ORIENTED_EDGE ( 'NONE', *, *, #418, .F. ) ;
#969 = VECTOR ( 'NONE', #4959, 1000.000000000000000 ) ;
#970 = ORIENTED_EDGE ( 'NONE', *, *, #4399, .T. ) ;
#971 = ORIENTED_EDGE ( 'NONE', *, *, #1040, .T. ) ;
#972 = EDGE_CURVE ( 'NONE', #812, #1291, #319, .T. ) ;
#973 = VERTEX_POINT ( 'NONE', #5042 ) ;
#974 = VECTOR ( 'NONE', #965, 1000.000000000000000 ) ;
#975 = LINE ( 'NONE', #704, #1296 ) ;
#976 = CARTESIAN_POINT ( 'NONE',  ( -0.8499999999999999778, 0.1000000000000000056, -0.8499999999999999778 ) ) ;
#977 = CARTESIAN_POINT ( 'NONE',  ( 1.000000000000000000, 0.1000000000000000056, -0.8499999999999999778 ) ) ;
#978 = FILL_AREA_STYLE_COLOUR ( '', #1759 ) ;
#979 = ORIENTED_EDGE ( 'NONE', *, *, #53, .F. ) ;
#980 = EDGE_CURVE ( 'NONE', #4110, #526, #1524, .T. ) ;
#981 = FILL_AREA_STYLE ('',( #1391 ) ) ;
#982 = VECTOR ( 'NONE', #4074, 1000.000000000000000 ) ;
#983 = DIRECTION ( 'NONE',  ( 0.7071067811865460184, 0.000000000000000000, -0.7071067811865489050 ) ) ;
#984 = SURFACE_SIDE_STYLE ('',( #2615 ) ) ;
#985 = EDGE_CURVE ( 'NONE', #1398, #2148, #4285, .T. ) ;
#986 = CARTESIAN_POINT ( 'NONE',  ( -1.000000000000000000, 0.1000000000000000056, -0.5500000000000000444 ) ) ;
#987 = PRESENTATION_STYLE_ASSIGNMENT (( #4182 ) ) ;
#988 = ORIENTED_EDGE ( 'NONE', *, *, #1700, .T. ) ;
#989 = AXIS2_PLACEMENT_3D ( 'NONE', #619, #3806, #269 ) ;
#990 =( NAMED_UNIT ( * ) PLANE_ANGLE_UNIT ( ) SI_UNIT ( $, .RADIAN. ) );
#991 = STYLED_ITEM ( 'NONE', ( #2698 ), #1879 ) ;
#992 = CARTESIAN_POINT ( 'NONE',  ( 0.1000000000000000056, 0.05000000000000000278, -1.000000000000000000 ) ) ;
#993 = SURFACE_STYLE_USAGE ( .BOTH. , #652 ) ;
#994 = VERTEX_POINT ( 'NONE', #442 ) ;
#995 = ORIENTED_EDGE ( 'NONE', *, *, #4327, .F. ) ;
#996 = LINE ( 'NONE', #3793, #1124 ) ;
#997 = ORIENTED_EDGE ( 'NONE', *, *, #14, .T. ) ;
#998 = LINE ( 'NONE', #2925, #2211 ) ;
#999 = LINE ( 'NONE', #3773, #2638 ) ;
#1000 = SURFACE_STYLE_USAGE ( .BOTH. , #4594 ) ;
#1001 = SURFACE_SIDE_STYLE ('',( #4905 ) ) ;
#1002 = DIRECTION ( 'NONE',  ( 0.000000000000000000, 0.000000000000000000, -1.000000000000000000 ) ) ;
#1003 = EDGE_CURVE ( 'NONE', #2218, #1896, #857, .T. ) ;
#1004 = VERTEX_POINT ( 'NONE', #4411 ) ;
#1005 = DIRECTION ( 'NONE',  ( 0.000000000000000000, -1.000000000000000000, 0.000000000000000000 ) ) ;
#1006 = CARTESIAN_POINT ( 'NONE',  ( -0.8499999999999999778, 0.1000000000000000056, 0.8499999999999999778 ) ) ;
#1007 = AXIS2_PLACEMENT_3D ( 'NONE', #4463, #2183, #4533 ) ;
#1008 = CARTESIAN_POINT ( 'NONE',  ( 0.7249999999999999778, 0.05000000000000000278, 0.09999999999999889533 ) ) ;
#1009 = ADVANCED_FACE ( 'NONE', ( #2055 ), #2776, .F. ) ;
#1010 = ORIENTED_EDGE ( 'NONE', *, *, #2758, .T. ) ;
#1011 = CARTESIAN_POINT ( 'NONE',  ( 0.000000000000000000, 0.05000000000000000278, 0.000000000000000000 ) ) ;
#1012 = EDGE_CURVE ( 'NONE', #413, #360, #494, .T. ) ;
#1013 = FILL_AREA_STYLE_COLOUR ( '', #4046 ) ;
#1014 = VECTOR ( 'NONE', #287, 1000.000000000000000 ) ;
#1015 = DIRECTION ( 'NONE',  ( 0.000000000000000000, 0.000000000000000000, 1.000000000000000000 ) ) ;
#1016 = ORIENTED_EDGE ( 'NONE', *, *, #1204, .T. ) ;
#1017 = ORIENTED_EDGE ( 'NONE', *, *, #2729, .F. ) ;
#1018 = CARTESIAN_POINT ( 'NONE',  ( -0.8499999999999999778, 0.1000000000000000056, -1.000000000000000000 ) ) ;
#1019 = LINE ( 'NONE', #976, #4123 ) ;
#1020 = DIRECTION ( 'NONE',  ( -1.734723475976805122E-15, 0.000000000000000000, 1.000000000000000000 ) ) ;
#1021 = DIRECTION ( 'NONE',  ( 0.000000000000000000, -1.000000000000000000, 0.000000000000000000 ) ) ;
#1022 = PLANE ( 'NONE',  #4464 ) ;
#1023 = ORIENTED_EDGE ( 'NONE', *, *, #3928, .F. ) ;
#1024 = CARTESIAN_POINT ( 'NONE',  ( -0.5999999999999999778, 0.05000000000000000278, 1.000000000000000000 ) ) ;
#1025 = DIRECTION ( 'NONE',  ( -0.000000000000000000, 1.000000000000000000, 0.000000000000000000 ) ) ;
#1026 = LINE ( 'NONE', #4142, #2509 ) ;
#1027 = SURFACE_STYLE_FILL_AREA ( #3415 ) ;
#1028 = ORIENTED_EDGE ( 'NONE', *, *, #1329, .T. ) ;
#1029 = FACE_OUTER_BOUND ( 'NONE', #4467, .T. ) ;
#1031 =( NAMED_UNIT ( * ) PLANE_ANGLE_UNIT ( ) SI_UNIT ( $, .RADIAN. ) );
#1030 = CARTESIAN_POINT ( 'NONE',  ( -0.1000000000000000056, 0.1000000000000000056, -1.000000000000000000 ) ) ;
#1032 = SURFACE_STYLE_FILL_AREA ( #4167 ) ;
#1033 = CLOSED_SHELL ( 'NONE', ( #4229, #1717, #2368, #273, #2525, #4792 ) ) ;
#1034 = STYLED_ITEM ( 'NONE', ( #5028 ), #1207 ) ;
#1035 = VECTOR ( 'NONE', #1315, 1000.000000000000000 ) ;
#1036 = EDGE_CURVE ( 'NONE', #3933, #2899, #2364, .T. ) ;
#1037 = VECTOR ( 'NONE', #897, 1000.000000000000000 ) ;
#1038 = ORIENTED_EDGE ( 'NONE', *, *, #123, .T. ) ;
#1039 = EDGE_CURVE ( 'NONE', #1302, #4110, #3638, .T. ) ;
#1040 = EDGE_CURVE ( 'NONE', #3544, #3359, #3746, .T. ) ;
#1041 = VERTEX_POINT ( 'NONE', #2001 ) ;
#1042 = AXIS2_PLACEMENT_3D ( 'NONE', #5046, #4723, #1193 ) ;
#1043 = ADVANCED_FACE ( 'NONE', ( #3996 ), #1245, .T. ) ;
#1044 = SURFACE_STYLE_USAGE ( .BOTH. , #4566 ) ;
#1045 =( LENGTH_UNIT ( ) NAMED_UNIT ( * ) SI_UNIT ( .MILLI., .METRE. ) );
#1046 = DIRECTION ( 'NONE',  ( 1.000000000000000000, 0.000000000000000000, 1.478457507934775927E-16 ) ) ;
#1047 = DIRECTION ( 'NONE',  ( 1.000000000000000000, 0.000000000000000000, 0.000000000000000000 ) ) ;
#1048 = EDGE_CURVE ( 'NONE', #347, #2675, #2085, .T. ) ;
#1049 = VERTEX_POINT ( 'NONE', #4816 ) ;
#1050 = EDGE_CURVE ( 'NONE', #1476, #802, #2835, .T. ) ;
#1051 = SURFACE_STYLE_USAGE ( .BOTH. , #1435 ) ;
#1052 = COLOUR_RGB ( '',0.2509803921568627416, 0.2509803921568627416, 0.2509803921568627416 ) ;
#1053 = CARTESIAN_POINT ( 'NONE',  ( -0.8499999999999999778, 0.000000000000000000, -1.000000000000000000 ) ) ;
#1054 = SURFACE_STYLE_FILL_AREA ( #4575 ) ;
#1055 = EDGE_CURVE ( 'NONE', #629, #4242, #3934, .T. ) ;
#1056 = CARTESIAN_POINT ( 'NONE',  ( -0.8499999999999999778, 0.1000000000000000056, -1.000000000000000000 ) ) ;
#1057 = EDGE_LOOP ( 'NONE', ( #4971, #137, #2329, #4066, #3700, #1452, #2179 ) ) ;
#1058 = DIRECTION ( 'NONE',  ( -0.000000000000000000, 1.000000000000000000, 0.000000000000000000 ) ) ;
#1059 = DIRECTION ( 'NONE',  ( -1.000000000000000000, 0.000000000000000000, 0.000000000000000000 ) ) ;
#1060 = ORIENTED_EDGE ( 'NONE', *, *, #1132, .T. ) ;
#1061 = CARTESIAN_POINT ( 'NONE',  ( -1.000000000000000000, 0.05000000000000000278, 1.000000000000000000 ) ) ;
#1062 = VECTOR ( 'NONE', #1160, 1000.000000000000000 ) ;
#1063 = DIRECTION ( 'NONE',  ( -0.7071067811865460184, 0.000000000000000000, 0.7071067811865489050 ) ) ;
#1064 = CIRCLE ( 'NONE', #4366, 0.1250000000000000000 ) ;
#1065 = CARTESIAN_POINT ( 'NONE',  ( 0.8499999999999999778, 0.1000000000000000056, -1.000000000000000000 ) ) ;
#1066 = DIRECTION ( 'NONE',  ( 0.000000000000000000, -1.000000000000000000, 0.000000000000000000 ) ) ;
#1067 = MECHANICAL_DESIGN_GEOMETRIC_PRESENTATION_REPRESENTATION (  '', ( #4598 ), #184 ) ;
#1068 = ORIENTED_EDGE ( 'NONE', *, *, #5013, .F. ) ;
#1069 = VERTEX_POINT ( 'NONE', #391 ) ;
#1070 = FACE_OUTER_BOUND ( 'NONE', #1057, .T. ) ;
#1071 = DIRECTION ( 'NONE',  ( 3.336006684570795427E-16, 0.000000000000000000, 1.000000000000000000 ) ) ;
#1072 = CARTESIAN_POINT ( 'NONE',  ( -0.4000000000000000222, 0.000000000000000000, -1.000000000000000000 ) ) ;
#1073 = LINE ( 'NONE', #308, #325 ) ;
#1074 = DIRECTION ( 'NONE',  ( 1.000000000000000000, 0.000000000000000000, 0.000000000000000000 ) ) ;
#1075 = ORIENTED_EDGE ( 'NONE', *, *, #3981, .T. ) ;
#1076 = CARTESIAN_POINT ( 'NONE',  ( 1.000000000000000000, 0.1000000000000000056, 0.8499999999999999778 ) ) ;
#1077 = UNCERTAINTY_MEASURE_WITH_UNIT (LENGTH_MEASURE( 1.000000000000000082E-05 ), #2672, 'distance_accuracy_value', 'NONE');
#1078 = CARTESIAN_POINT ( 'NONE',  ( -1.000000000000000000, 0.1000000000000000056, -0.8499999999999999778 ) ) ;
#1079 = STYLED_ITEM ( 'NONE', ( #2604 ), #267 ) ;
#1080 = ORIENTED_EDGE ( 'NONE', *, *, #1169, .F. ) ;
#1081 = PLANE ( 'NONE',  #1594 ) ;
#1082 = DIRECTION ( 'NONE',  ( 1.000000000000000000, 0.000000000000000000, 0.000000000000000000 ) ) ;
#1083 = ORIENTED_EDGE ( 'NONE', *, *, #3492, .F. ) ;
#1084 = COLOUR_RGB ( '',0.2509803921568627416, 0.2509803921568627416, 0.2509803921568627416 ) ;
#1085 = LINE ( 'NONE', #2573, #367 ) ;
#1086 = LINE ( 'NONE', #2701, #4745 ) ;
#1087 = VECTOR ( 'NONE', #5010, 1000.000000000000000 ) ;
#1088 = LINE ( 'NONE', #2680, #2237 ) ;
#1089 = ORIENTED_EDGE ( 'NONE', *, *, #1479, .F. ) ;
#1090 = LINE ( 'NONE', #2293, #3527 ) ;
#1091 = VECTOR ( 'NONE', #671, 1000.000000000000000 ) ;
#1092 = SURFACE_STYLE_FILL_AREA ( #4969 ) ;
#1093 = ORIENTED_EDGE ( 'NONE', *, *, #832, .F. ) ;
#1094 = VECTOR ( 'NONE', #3311, 1000.000000000000000 ) ;
#1095 = ORIENTED_EDGE ( 'NONE', *, *, #4854, .F. ) ;
#1096 =( NAMED_UNIT ( * ) SI_UNIT ( $, .STERADIAN. ) SOLID_ANGLE_UNIT ( ) );
#1097 = LINE ( 'NONE', #3454, #4277 ) ;
#1098 = DIRECTION ( 'NONE',  ( 1.084202172485503818E-16, 0.000000000000000000, 1.000000000000000000 ) ) ;
#1099 = CARTESIAN_POINT ( 'NONE',  ( 1.000000000000000000, 0.1000000000000000056, -0.5500000000000000444 ) ) ;
#1100 = VECTOR ( 'NONE', #3037, 1000.000000000000000 ) ;
#1101 = SURFACE_STYLE_FILL_AREA ( #1826 ) ;
#1102 = ORIENTED_EDGE ( 'NONE', *, *, #14, .F. ) ;
#1103 = AXIS2_PLACEMENT_3D ( 'NONE', #687, #1153, #2690 ) ;
#1104 =( NAMED_UNIT ( * ) SI_UNIT ( $, .STERADIAN. ) SOLID_ANGLE_UNIT ( ) );
#1105 =( NAMED_UNIT ( * ) PLANE_ANGLE_UNIT ( ) SI_UNIT ( $, .RADIAN. ) );
#1106 = PRESENTATION_STYLE_ASSIGNMENT (( #2281 ) ) ;
#1107 = EDGE_CURVE ( 'NONE', #4692, #3427, #4623, .T. ) ;
#1108 = ADVANCED_FACE ( 'NONE', ( #124 ), #1607, .F. ) ;
#1109 = ORIENTED_EDGE ( 'NONE', *, *, #1871, .F. ) ;
#1110 = LINE ( 'NONE', #3064, #4469 ) ;
#1111 = DIRECTION ( 'NONE',  ( -1.000000000000000000, 0.000000000000000000, 2.316250095764480076E-15 ) ) ;
#1112 = DIRECTION ( 'NONE',  ( 1.084202172485503818E-16, 0.000000000000000000, -1.000000000000000000 ) ) ;
#1113 = PRESENTATION_STYLE_ASSIGNMENT (( #3471 ) ) ;
#1114 = DIRECTION ( 'NONE',  ( 0.000000000000000000, -1.000000000000000000, 0.000000000000000000 ) ) ;
#1115 = EDGE_CURVE ( 'NONE', #4284, #1811, #2607, .T. ) ;
#1116 = DIRECTION ( 'NONE',  ( -0.000000000000000000, 1.000000000000000000, 0.000000000000000000 ) ) ;
#1117 = ORIENTED_EDGE ( 'NONE', *, *, #3357, .F. ) ;
#1118 = DIRECTION ( 'NONE',  ( 1.182766006347821925E-15, 0.000000000000000000, 1.000000000000000000 ) ) ;
#1119 = DIRECTION ( 'NONE',  ( 0.000000000000000000, 1.000000000000000000, 0.000000000000000000 ) ) ;
#1120 = EDGE_CURVE ( 'NONE', #4500, #1749, #2580, .T. ) ;
#1121 = ORIENTED_EDGE ( 'NONE', *, *, #510, .T. ) ;
#1122 = ORIENTED_EDGE ( 'NONE', *, *, #2953, .F. ) ;
#1123 =( LENGTH_UNIT ( ) NAMED_UNIT ( * ) SI_UNIT ( .MILLI., .METRE. ) );
#1124 = VECTOR ( 'NONE', #904, 1000.000000000000000 ) ;
#1125 = ADVANCED_FACE ( 'NONE', ( #2632 ), #1775, .F. ) ;
#1126 = CARTESIAN_POINT ( 'NONE',  ( 0.7249999999999999778, 0.05000000000000000278, 0.3499999999999999778 ) ) ;
#1127 = VECTOR ( 'NONE', #1005, 1000.000000000000000 ) ;
#1128 =( NAMED_UNIT ( * ) SI_UNIT ( $, .STERADIAN. ) SOLID_ANGLE_UNIT ( ) );
#1129 = CARTESIAN_POINT ( 'NONE',  ( -0.1000000000000000056, 0.000000000000000000, -1.000000000000000000 ) ) ;
#1130 = CARTESIAN_POINT ( 'NONE',  ( -0.5999999999999999778, 0.1000000000000000056, 1.000000000000000000 ) ) ;
#1131 = VERTEX_POINT ( 'NONE', #611 ) ;
#1132 = EDGE_CURVE ( 'NONE', #4361, #2413, #1872, .T. ) ;
#1133 = SURFACE_STYLE_USAGE ( .BOTH. , #2719 ) ;
#1134 = PLANE ( 'NONE',  #1807 ) ;
#1135 = STYLED_ITEM ( 'NONE', ( #898 ), #3682 ) ;
#1136 = CARTESIAN_POINT ( 'NONE',  ( 0.5999999999999999778, 0.1000000000000000056, -1.000000000000000000 ) ) ;
#1137 = ORIENTED_EDGE ( 'NONE', *, *, #3485, .T. ) ;
#1138 = STYLED_ITEM ( 'NONE', ( #2851 ), #3809 ) ;
#1139 = DIRECTION ( 'NONE',  ( 1.445602896647332014E-15, 0.000000000000000000, -1.000000000000000000 ) ) ;
#1140 = CARTESIAN_POINT ( 'NONE',  ( -0.7500000000000000000, 0.1000000000000000056, -0.5500000000000000444 ) ) ;
#1141 = VERTEX_POINT ( 'NONE', #1018 ) ;
#1142 = FACE_OUTER_BOUND ( 'NONE', #234, .T. ) ;
#1143 = STYLED_ITEM ( 'NONE', ( #623 ), #1500 ) ;
#1144 = DIRECTION ( 'NONE',  ( 0.000000000000000000, -1.000000000000000000, 0.000000000000000000 ) ) ;
#1145 = EDGE_CURVE ( 'NONE', #4740, #793, #4215, .T. ) ;
#1146 = ORIENTED_EDGE ( 'NONE', *, *, #4396, .T. ) ;
#1147 = PLANE ( 'NONE',  #4577 ) ;
#1148 = VECTOR ( 'NONE', #2299, 1000.000000000000000 ) ;
#1149 = EDGE_LOOP ( 'NONE', ( #2900, #340, #3521, #2009 ) ) ;
#1150 = ORIENTED_EDGE ( 'NONE', *, *, #2909, .T. ) ;
#1151 = CARTESIAN_POINT ( 'NONE',  ( -0.7249999999999999778, 0.1000000000000000056, 0.3499999999999999778 ) ) ;
#1152 = UNCERTAINTY_MEASURE_WITH_UNIT (LENGTH_MEASURE( 1.000000000000000082E-05 ), #3418, 'distance_accuracy_value', 'NONE');
#1153 = DIRECTION ( 'NONE',  ( 0.000000000000000000, 1.000000000000000000, 0.000000000000000000 ) ) ;
#1154 = LINE ( 'NONE', #3926, #2551 ) ;
#1155 =( GEOMETRIC_REPRESENTATION_CONTEXT ( 3 ) GLOBAL_UNCERTAINTY_ASSIGNED_CONTEXT ( ( #1490 ) ) GLOBAL_UNIT_ASSIGNED_CONTEXT ( ( #4845, #1301, #4071 ) ) REPRESENTATION_CONTEXT ( 'NONE', 'WORKASPACE' ) );
#1156 = ORIENTED_EDGE ( 'NONE', *, *, #2289, .F. ) ;
#1157 = UNCERTAINTY_MEASURE_WITH_UNIT (LENGTH_MEASURE( 1.000000000000000082E-05 ), #1818, 'distance_accuracy_value', 'NONE');
#1158 = VECTOR ( 'NONE', #2496, 1000.000000000000000 ) ;
#1159 =( NAMED_UNIT ( * ) SI_UNIT ( $, .STERADIAN. ) SOLID_ANGLE_UNIT ( ) );
#1160 = DIRECTION ( 'NONE',  ( 0.000000000000000000, -1.000000000000000000, 0.000000000000000000 ) ) ;
#1161 = DIRECTION ( 'NONE',  ( 0.000000000000000000, 0.000000000000000000, -1.000000000000000000 ) ) ;
#1162 = CARTESIAN_POINT ( 'NONE',  ( 0.4000000000000000222, 0.000000000000000000, -1.000000000000000000 ) ) ;
#1163 = ORIENTED_EDGE ( 'NONE', *, *, #3502, .F. ) ;
#1164 = SURFACE_SIDE_STYLE ('',( #646 ) ) ;
#1165 = SURFACE_SIDE_STYLE ('',( #3089 ) ) ;
#1166 = EDGE_LOOP ( 'NONE', ( #1909, #4652, #4102, #167 ) ) ;
#1167 = DIRECTION ( 'NONE',  ( 0.000000000000000000, 1.000000000000000000, 0.000000000000000000 ) ) ;
#1168 = CARTESIAN_POINT ( 'NONE',  ( -1.000000000000000000, 0.1000000000000000056, -0.3499999999999999778 ) ) ;
#1169 = EDGE_CURVE ( 'NONE', #3792, #1131, #547, .T. ) ;
#1170 = COLOUR_RGB ( '',0.2509803921568627416, 0.2509803921568627416, 0.2509803921568627416 ) ;
#1171 = FACE_OUTER_BOUND ( 'NONE', #2113, .T. ) ;
#1172 = VERTEX_POINT ( 'NONE', #3839 ) ;
#1173 = CARTESIAN_POINT ( 'NONE',  ( 0.8499999999999999778, 0.1000000000000000056, -1.000000000000000000 ) ) ;
#1174 = UNCERTAINTY_MEASURE_WITH_UNIT (LENGTH_MEASURE( 1.000000000000000082E-05 ), #2251, 'distance_accuracy_value', 'NONE');
#1175 = AXIS2_PLACEMENT_3D ( 'NONE', #242, #3380, #3002 ) ;
#1176 = EDGE_CURVE ( 'NONE', #4453, #2090, #996, .T. ) ;
#1177 = ORIENTED_EDGE ( 'NONE', *, *, #3767, .T. ) ;
#1178 = LINE ( 'NONE', #1151, #1989 ) ;
#1179 = DIRECTION ( 'NONE',  ( 0.000000000000000000, 0.000000000000000000, 1.000000000000000000 ) ) ;
#1180 = CARTESIAN_POINT ( 'NONE',  ( 1.000000000000000000, 0.1000000000000000056, 0.09999999999999829858 ) ) ;
#1181 = ORIENTED_EDGE ( 'NONE', *, *, #3420, .T. ) ;
#1182 = EDGE_CURVE ( 'NONE', #3530, #1811, #2198, .T. ) ;
#1183 = DIRECTION ( 'NONE',  ( -1.000000000000000000, 0.000000000000000000, 2.891205793294690455E-15 ) ) ;
#1184 = LINE ( 'NONE', #4199, #1457 ) ;
#1185 = VECTOR ( 'NONE', #955, 1000.000000000000000 ) ;
#1186 = SURFACE_STYLE_USAGE ( .BOTH. , #1605 ) ;
#1187 = FILL_AREA_STYLE ('',( #2027 ) ) ;
#1188 = ORIENTED_EDGE ( 'NONE', *, *, #4497, .F. ) ;
#1189 =( GEOMETRIC_REPRESENTATION_CONTEXT ( 3 ) GLOBAL_UNCERTAINTY_ASSIGNED_CONTEXT ( ( #3903 ) ) GLOBAL_UNIT_ASSIGNED_CONTEXT ( ( #1045, #4975, #4135 ) ) REPRESENTATION_CONTEXT ( 'NONE', 'WORKASPACE' ) );
#1190 = CARTESIAN_POINT ( 'NONE',  ( 1.000000000000000000, 0.1000000000000000056, -0.5500000000000000444 ) ) ;
#1191 = ORIENTED_EDGE ( 'NONE', *, *, #4995, .T. ) ;
#1192 =( LENGTH_UNIT ( ) NAMED_UNIT ( * ) SI_UNIT ( .MILLI., .METRE. ) );
#1193 = DIRECTION ( 'NONE',  ( -3.336006684570795427E-16, 0.000000000000000000, -1.000000000000000000 ) ) ;
#1194 = LINE ( 'NONE', #497, #1450 ) ;
#1195 = CARTESIAN_POINT ( 'NONE',  ( -0.7249999999999999778, 0.1000000000000000056, 0.6750000000000000444 ) ) ;
#1196 = EDGE_LOOP ( 'NONE', ( #670, #1494, #1191, #2220 ) ) ;
#1197 = FACE_OUTER_BOUND ( 'NONE', #1196, .T. ) ;
#1198 =( LENGTH_UNIT ( ) NAMED_UNIT ( * ) SI_UNIT ( .MILLI., .METRE. ) );
#1199 = VERTEX_POINT ( 'NONE', #655 ) ;
#1200 = CARTESIAN_POINT ( 'NONE',  ( -1.000000000000000000, 0.1000000000000000056, 0.1000000000000000056 ) ) ;
#1201 = FACE_OUTER_BOUND ( 'NONE', #3814, .T. ) ;
#1202 = ADVANCED_FACE ( 'NONE', ( #632 ), #1796, .T. ) ;
#1203 = CARTESIAN_POINT ( 'NONE',  ( -1.000000000000000000, 0.1000000000000000056, -0.5500000000000000444 ) ) ;
#1204 = EDGE_CURVE ( 'NONE', #1049, #3459, #4927, .T. ) ;
#1205 = EDGE_CURVE ( 'NONE', #3416, #973, #4973, .T. ) ;
#1206 = VERTEX_POINT ( 'NONE', #2975 ) ;
#1207 = ADVANCED_FACE ( 'NONE', ( #1070 ), #2656, .F. ) ;
#1208 = DIRECTION ( 'NONE',  ( 1.000000000000000000, 0.000000000000000000, 0.000000000000000000 ) ) ;
#1209 = DIRECTION ( 'NONE',  ( -1.000000000000000000, 0.000000000000000000, -7.885106708985500867E-16 ) ) ;
#1210 = CLOSED_SHELL ( 'NONE', ( #1815, #1497, #1125, #1424, #2258, #3857, #1009, #4237, #1043 ) ) ;
#1211 = DIRECTION ( 'NONE',  ( -1.000000000000000000, 0.000000000000000000, 2.891205793294690455E-15 ) ) ;
#1212 = DIRECTION ( 'NONE',  ( 1.000000000000000000, 0.000000000000000000, 0.000000000000000000 ) ) ;
#1213 = PRESENTATION_LAYER_ASSIGNMENT (  '', '', ( #2376 ) ) ;
#1214 = MECHANICAL_DESIGN_GEOMETRIC_PRESENTATION_REPRESENTATION (  '', ( #3851 ), #713 ) ;
#1215 = EDGE_LOOP ( 'NONE', ( #2572, #1721, #4697, #2737, #188, #1675, #1442, #938, #4158, #1336, #829, #1312, #1773, #4460, #3552, #4338, #4051, #2391, #122, #3681 ) ) ;
#1216 = EDGE_CURVE ( 'NONE', #5072, #2581, #3511, .T. ) ;
#1217 = CARTESIAN_POINT ( 'NONE',  ( -0.7500000000000000000, 0.9499999999999999556, -0.7500000000000000000 ) ) ;
#1218 = VERTEX_POINT ( 'NONE', #5004 ) ;
#1219 = PLANE ( 'NONE',  #3755 ) ;
#1220 = CARTESIAN_POINT ( 'NONE',  ( 0.8499999999999999778, 0.1000000000000000056, -1.000000000000000000 ) ) ;
#1221 = PRESENTATION_LAYER_ASSIGNMENT (  '', '', ( #1138 ) ) ;
#1222 = DIRECTION ( 'NONE',  ( 0.000000000000000000, 1.000000000000000000, 0.000000000000000000 ) ) ;
#1223 =( GEOMETRIC_REPRESENTATION_CONTEXT ( 3 ) GLOBAL_UNCERTAINTY_ASSIGNED_CONTEXT ( ( #2280 ) ) GLOBAL_UNIT_ASSIGNED_CONTEXT ( ( #1742, #3395, #1357 ) ) REPRESENTATION_CONTEXT ( 'NONE', 'WORKASPACE' ) );
#1224 = VERTEX_POINT ( 'NONE', #1200 ) ;
#1225 =( NAMED_UNIT ( * ) SI_UNIT ( $, .STERADIAN. ) SOLID_ANGLE_UNIT ( ) );
#1226 = VECTOR ( 'NONE', #1934, 1000.000000000000000 ) ;
#1227 = CARTESIAN_POINT ( 'NONE',  ( 0.4000000000000000222, 0.1000000000000000056, -1.000000000000000000 ) ) ;
#1228 = EDGE_CURVE ( 'NONE', #2533, #2675, #789, .T. ) ;
#1229 = VERTEX_POINT ( 'NONE', #2349 ) ;
#1230 = CARTESIAN_POINT ( 'NONE',  ( -0.7500000000000000000, 1.000000000000000000, -0.7500000000000000000 ) ) ;
#1231 = SURFACE_SIDE_STYLE ('',( #1642 ) ) ;
#1232 = FILL_AREA_STYLE_COLOUR ( '', #1994 ) ;
#1233 = VECTOR ( 'NONE', #1823, 1000.000000000000000 ) ;
#1234 = ORIENTED_EDGE ( 'NONE', *, *, #1115, .T. ) ;
#1235 = ORIENTED_EDGE ( 'NONE', *, *, #664, .F. ) ;
#1236 = STYLED_ITEM ( 'NONE', ( #2482 ), #3546 ) ;
#1237 = FILL_AREA_STYLE ('',( #4764 ) ) ;
#1238 = LINE ( 'NONE', #2384, #4109 ) ;
#1239 = CARTESIAN_POINT ( 'NONE',  ( -0.4000000000000000222, 0.1000000000000000056, -1.000000000000000000 ) ) ;
#1240 = AXIS2_PLACEMENT_3D ( 'NONE', #570, #1787, #4535 ) ;
#1241 = FILL_AREA_STYLE_COLOUR ( '', #4583 ) ;
#1242 = CARTESIAN_POINT ( 'NONE',  ( -0.1000000000000000056, 0.1000000000000000056, -1.000000000000000000 ) ) ;
#1243 = ORIENTED_EDGE ( 'NONE', *, *, #967, .F. ) ;
#1244 = PRESENTATION_LAYER_ASSIGNMENT (  '', '', ( #991 ) ) ;
#1245 = CYLINDRICAL_SURFACE ( 'NONE', #1503, 0.1250000000000000000 ) ;
#1246 = LINE ( 'NONE', #1220, #3994 ) ;
#1247 = DIRECTION ( 'NONE',  ( 0.000000000000000000, -1.000000000000000000, 0.000000000000000000 ) ) ;
#1248 =( LENGTH_UNIT ( ) NAMED_UNIT ( * ) SI_UNIT ( .MILLI., .METRE. ) );
#1249 = VERTEX_POINT ( 'NONE', #3983 ) ;
#1250 = CARTESIAN_POINT ( 'NONE',  ( 0.000000000000000000, 0.1000000000000000056, 0.000000000000000000 ) ) ;
#1251 = PRESENTATION_STYLE_ASSIGNMENT (( #4852 ) ) ;
#1252 = CARTESIAN_POINT ( 'NONE',  ( 0.8499999999999999778, 0.05000000000000000278, 1.000000000000000000 ) ) ;
#1253 =( LENGTH_UNIT ( ) NAMED_UNIT ( * ) SI_UNIT ( .MILLI., .METRE. ) );
#1254 = VERTEX_POINT ( 'NONE', #1930 ) ;
#1255 = AXIS2_PLACEMENT_3D ( 'NONE', #3052, #1541, #1484 ) ;
#1256 = UNCERTAINTY_MEASURE_WITH_UNIT (LENGTH_MEASURE( 1.000000000000000082E-05 ), #1571, 'distance_accuracy_value', 'NONE');
#1257 = ORIENTED_EDGE ( 'NONE', *, *, #1895, .F. ) ;
#1258 =( LENGTH_UNIT ( ) NAMED_UNIT ( * ) SI_UNIT ( .MILLI., .METRE. ) );
#1259 =( NAMED_UNIT ( * ) SI_UNIT ( $, .STERADIAN. ) SOLID_ANGLE_UNIT ( ) );
#1260 = DIRECTION ( 'NONE',  ( 1.000000000000000000, 0.000000000000000000, -1.971276677246365208E-15 ) ) ;
#1261 =( LENGTH_UNIT ( ) NAMED_UNIT ( * ) SI_UNIT ( .MILLI., .METRE. ) );
#1262 = ORIENTED_EDGE ( 'NONE', *, *, #3116, .T. ) ;
#1263 = CARTESIAN_POINT ( 'NONE',  ( 0.7249999999999999778, 0.1000000000000000056, 0.2250000000000000056 ) ) ;
#1264 =( GEOMETRIC_REPRESENTATION_CONTEXT ( 3 ) GLOBAL_UNCERTAINTY_ASSIGNED_CONTEXT ( ( #760 ) ) GLOBAL_UNIT_ASSIGNED_CONTEXT ( ( #2854, #4412, #2032 ) ) REPRESENTATION_CONTEXT ( 'NONE', 'WORKASPACE' ) );
#1265 = FILL_AREA_STYLE_COLOUR ( '', #3888 ) ;
#1266 = FILL_AREA_STYLE_COLOUR ( '', #2432 ) ;
#1267 = CARTESIAN_POINT ( 'NONE',  ( 0.7249999999999999778, 0.1000000000000000056, 0.09999999999999889533 ) ) ;
#1268 = EDGE_CURVE ( 'NONE', #1249, #2046, #4616, .T. ) ;
#1269 = AXIS2_PLACEMENT_3D ( 'NONE', #4235, #2676, #2619 ) ;
#1270 = UNCERTAINTY_MEASURE_WITH_UNIT (LENGTH_MEASURE( 1.000000000000000082E-05 ), #3576, 'distance_accuracy_value', 'NONE');
#1271 = VECTOR ( 'NONE', #1098, 1000.000000000000000 ) ;
#1272 = DIRECTION ( 'NONE',  ( 1.000000000000000000, 0.000000000000000000, 7.885106708985500867E-16 ) ) ;
#1273 = DIRECTION ( 'NONE',  ( 1.000000000000000000, 0.000000000000000000, -9.757819552369541878E-16 ) ) ;
#1274 = ORIENTED_EDGE ( 'NONE', *, *, #3798, .T. ) ;
#1275 = CARTESIAN_POINT ( 'NONE',  ( 1.000000000000000000, 0.1000000000000000056, -0.3499999999999999778 ) ) ;
#1276 = LINE ( 'NONE', #843, #2017 ) ;
#1277 = EDGE_CURVE ( 'NONE', #4376, #366, #3923, .T. ) ;
#1278 = CARTESIAN_POINT ( 'NONE',  ( -1.000000000000000000, 0.1000000000000000056, -0.3499999999999999778 ) ) ;
#1279 = DIRECTION ( 'NONE',  ( 0.000000000000000000, -1.000000000000000000, 0.000000000000000000 ) ) ;
#1280 = ADVANCED_FACE ( 'NONE', ( #2766 ), #1991, .T. ) ;
#1281 = CARTESIAN_POINT ( 'NONE',  ( 0.1000000000000000056, 0.1000000000000000056, 1.000000000000000000 ) ) ;
#1282 = DIRECTION ( 'NONE',  ( 0.000000000000000000, -1.000000000000000000, 0.000000000000000000 ) ) ;
#1283 = VERTEX_POINT ( 'NONE', #2401 ) ;
#1284 = ORIENTED_EDGE ( 'NONE', *, *, #1329, .F. ) ;
#1285 = ORIENTED_EDGE ( 'NONE', *, *, #454, .F. ) ;
#1286 = DIRECTION ( 'NONE',  ( 0.000000000000000000, -1.000000000000000000, 0.000000000000000000 ) ) ;
#1287 = DIRECTION ( 'NONE',  ( -2.891205793294690455E-15, 0.000000000000000000, -1.000000000000000000 ) ) ;
#1288 = LINE ( 'NONE', #93, #1317 ) ;
#1289 = CARTESIAN_POINT ( 'NONE',  ( 0.7249999999999999778, 0.1000000000000000056, 0.2250000000000000056 ) ) ;
#1290 = ADVANCED_FACE ( 'NONE', ( #429 ), #2014, .T. ) ;
#1291 = VERTEX_POINT ( 'NONE', #4077 ) ;
#1292 = PRESENTATION_STYLE_ASSIGNMENT (( #1406 ) ) ;
#1293 = SURFACE_STYLE_USAGE ( .BOTH. , #4067 ) ;
#1294 = CARTESIAN_POINT ( 'NONE',  ( 0.7249999999999999778, 0.000000000000000000, -0.5500000000000000444 ) ) ;
#1295 = MECHANICAL_DESIGN_GEOMETRIC_PRESENTATION_REPRESENTATION (  '', ( #1535 ), #962 ) ;
#1296 = VECTOR ( 'NONE', #4860, 1000.000000000000000 ) ;
#1297 = CARTESIAN_POINT ( 'NONE',  ( -0.4000000000000000222, 0.05000000000000000278, -1.000000000000000000 ) ) ;
#1298 = VECTOR ( 'NONE', #4976, 1000.000000000000000 ) ;
#1299 = FACE_OUTER_BOUND ( 'NONE', #3081, .T. ) ;
#1300 = MECHANICAL_DESIGN_GEOMETRIC_PRESENTATION_REPRESENTATION (  '', ( #4033 ), #3781 ) ;
#1301 =( NAMED_UNIT ( * ) PLANE_ANGLE_UNIT ( ) SI_UNIT ( $, .RADIAN. ) );
#1302 = VERTEX_POINT ( 'NONE', #3647 ) ;
#1303 = CARTESIAN_POINT ( 'NONE',  ( -0.4000000000000000222, 0.000000000000000000, -1.000000000000000000 ) ) ;
#1304 = COLOUR_RGB ( '',0.7529411764705882248, 0.7529411764705882248, 0.7529411764705882248 ) ;
#1305 = CARTESIAN_POINT ( 'NONE',  ( -1.000000000000000000, 0.1000000000000000056, 0.8499999999999999778 ) ) ;
#1306 = AXIS2_PLACEMENT_3D ( 'NONE', #4089, #3284, #240 ) ;
#1307 = CARTESIAN_POINT ( 'NONE',  ( 1.000000000000000000, 0.1000000000000000056, 0.09999999999999829858 ) ) ;
#1308 = VECTOR ( 'NONE', #3040, 1000.000000000000000 ) ;
#1309 = FILL_AREA_STYLE ('',( #532 ) ) ;
#1310 = PLANE ( 'NONE',  #2294 ) ;
#1311 = ORIENTED_EDGE ( 'NONE', *, *, #1862, .T. ) ;
#1312 = ORIENTED_EDGE ( 'NONE', *, *, #2133, .T. ) ;
#1313 = ORIENTED_EDGE ( 'NONE', *, *, #4712, .F. ) ;
#1314 =( NAMED_UNIT ( * ) SI_UNIT ( $, .STERADIAN. ) SOLID_ANGLE_UNIT ( ) );
#1315 = DIRECTION ( 'NONE',  ( 0.000000000000000000, 0.000000000000000000, 1.000000000000000000 ) ) ;
#1316 = CARTESIAN_POINT ( 'NONE',  ( 6.899468370362279609E-16, 0.05000000000000000278, 0.3499999999999999778 ) ) ;
#1317 = VECTOR ( 'NONE', #4358, 1000.000000000000000 ) ;
#1318 = CARTESIAN_POINT ( 'NONE',  ( 0.8499999999999999778, 0.1000000000000000056, 1.000000000000000000 ) ) ;
#1319 = EDGE_LOOP ( 'NONE', ( #4476, #2066, #3636, #289 ) ) ;
#1320 = SURFACE_STYLE_FILL_AREA ( #4935 ) ;
#1321 = CARTESIAN_POINT ( 'NONE',  ( 1.000000000000000000, 0.1000000000000000056, -0.1000000000000000056 ) ) ;
#1322 =( NAMED_UNIT ( * ) SI_UNIT ( $, .STERADIAN. ) SOLID_ANGLE_UNIT ( ) );
#1323 = MECHANICAL_DESIGN_GEOMETRIC_PRESENTATION_REPRESENTATION (  '', ( #4446 ), #3974 ) ;
#1324 = PRESENTATION_LAYER_ASSIGNMENT (  '', '', ( #3466 ) ) ;
#1325 = CARTESIAN_POINT ( 'NONE',  ( -0.7249999999999999778, 0.05000000000000000278, -0.2250000000000000056 ) ) ;
#1326 = SURFACE_SIDE_STYLE ('',( #811 ) ) ;
#1327 = ORIENTED_EDGE ( 'NONE', *, *, #1115, .F. ) ;
#1328 = DIRECTION ( 'NONE',  ( 0.000000000000000000, -1.000000000000000000, 0.000000000000000000 ) ) ;
#1329 = EDGE_CURVE ( 'NONE', #506, #2708, #2918, .T. ) ;
#1330 = SURFACE_STYLE_USAGE ( .BOTH. , #1770 ) ;
#1331 = DIRECTION ( 'NONE',  ( -1.000000000000000000, 0.000000000000000000, -3.942553354492735149E-16 ) ) ;
#1332 = PLANE ( 'NONE',  #1631 ) ;
#1333 = ADVANCED_FACE ( 'NONE', ( #3691 ), #4373, .T. ) ;
#1334 = FILL_AREA_STYLE ('',( #4561 ) ) ;
#1335 = EDGE_CURVE ( 'NONE', #3239, #4740, #529, .T. ) ;
#1336 = ORIENTED_EDGE ( 'NONE', *, *, #1741, .F. ) ;
#1337 = ORIENTED_EDGE ( 'NONE', *, *, #3357, .T. ) ;
#1338 = VECTOR ( 'NONE', #4068, 1000.000000000000000 ) ;
#1339 = VERTEX_POINT ( 'NONE', #1666 ) ;
#1340 = DIRECTION ( 'NONE',  ( 1.000000000000000000, 0.000000000000000000, -1.445602896647330042E-15 ) ) ;
#1341 =( NAMED_UNIT ( * ) PLANE_ANGLE_UNIT ( ) SI_UNIT ( $, .RADIAN. ) );
#1342 = CARTESIAN_POINT ( 'NONE',  ( -1.000000000000000000, 0.05000000000000000278, 1.000000000000000000 ) ) ;
#1343 =( NAMED_UNIT ( * ) SI_UNIT ( $, .STERADIAN. ) SOLID_ANGLE_UNIT ( ) );
#1344 = EDGE_CURVE ( 'NONE', #2563, #164, #4009, .T. ) ;
#1345 = EDGE_LOOP ( 'NONE', ( #226, #3987, #4091, #3349 ) ) ;
#1346 = PLANE ( 'NONE',  #3674 ) ;
#1347 = VECTOR ( 'NONE', #4119, 1000.000000000000000 ) ;
#1348 = CARTESIAN_POINT ( 'NONE',  ( 0.000000000000000000, 0.1000000000000000056, 0.000000000000000000 ) ) ;
#1349 = CIRCLE ( 'NONE', #1839, 0.1250000000000000000 ) ;
#1350 = VECTOR ( 'NONE', #717, 1000.000000000000000 ) ;
#1351 = CARTESIAN_POINT ( 'NONE',  ( 1.000000000000000000, 0.000000000000000000, 0.3499999999999999778 ) ) ;
#1352 = LINE ( 'NONE', #4514, #2565 ) ;
#1353 = ORIENTED_EDGE ( 'NONE', *, *, #1205, .F. ) ;
#1354 = FILL_AREA_STYLE_COLOUR ( '', #3095 ) ;
#1355 = VECTOR ( 'NONE', #1947, 1000.000000000000000 ) ;
#1356 = EDGE_CURVE ( 'NONE', #4671, #4334, #4804, .T. ) ;
#1357 =( NAMED_UNIT ( * ) SI_UNIT ( $, .STERADIAN. ) SOLID_ANGLE_UNIT ( ) );
#1358 = SURFACE_STYLE_FILL_AREA ( #2969 ) ;
#1359 = EDGE_CURVE ( 'NONE', #4404, #1434, #2530, .T. ) ;
#1360 = ORIENTED_EDGE ( 'NONE', *, *, #297, .T. ) ;
#1361 = ORIENTED_EDGE ( 'NONE', *, *, #1861, .T. ) ;
#1362 = ORIENTED_EDGE ( 'NONE', *, *, #54, .F. ) ;
#1363 = DIRECTION ( 'NONE',  ( -1.000000000000000000, 0.000000000000000000, 7.228014483236679792E-16 ) ) ;
#1364 = LINE ( 'NONE', #238, #2227 ) ;
#1365 = PLANE ( 'NONE',  #2191 ) ;
#1366 = CARTESIAN_POINT ( 'NONE',  ( 0.1000000000000000056, 0.1000000000000000056, 1.000000000000000000 ) ) ;
#1367 = ADVANCED_FACE ( 'NONE', ( #3598 ), #56, .T. ) ;
#1368 = DIRECTION ( 'NONE',  ( 0.000000000000000000, 1.000000000000000000, 0.000000000000000000 ) ) ;
#1369 = EDGE_LOOP ( 'NONE', ( #1285, #3209 ) ) ;
#1370 = CARTESIAN_POINT ( 'NONE',  ( 0.7249999999999999778, 0.1000000000000000056, -0.3499999999999999778 ) ) ;
#1371 = CARTESIAN_POINT ( 'NONE',  ( -1.000000000000000000, 0.1000000000000000056, 0.8499999999999999778 ) ) ;
#1372 = DIRECTION ( 'NONE',  ( 0.000000000000000000, -1.000000000000000000, 0.000000000000000000 ) ) ;
#1373 = CARTESIAN_POINT ( 'NONE',  ( 1.000000000000000000, 0.1000000000000000056, 0.3499999999999999778 ) ) ;
#1374 = EDGE_LOOP ( 'NONE', ( #4987, #3326, #2315, #376 ) ) ;
#1375 = DIRECTION ( 'NONE',  ( 9.757819552369541878E-16, 0.000000000000000000, 1.000000000000000000 ) ) ;
#1376 = FILL_AREA_STYLE_COLOUR ( '', #3458 ) ;
#1377 = VECTOR ( 'NONE', #3092, 1000.000000000000000 ) ;
#1378 = AXIS2_PLACEMENT_3D ( 'NONE', #3384, #1412, #2613 ) ;
#1379 = FACE_OUTER_BOUND ( 'NONE', #1795, .T. ) ;
#1380 = EDGE_CURVE ( 'NONE', #2762, #4901, #229, .T. ) ;
#1381 = CARTESIAN_POINT ( 'NONE',  ( -0.7500000000000000000, 0.9499999999999999556, -0.7500000000000000000 ) ) ;
#1382 = VERTEX_POINT ( 'NONE', #1402 ) ;
#1383 = VERTEX_POINT ( 'NONE', #3347 ) ;
#1384 =( NAMED_UNIT ( * ) PLANE_ANGLE_UNIT ( ) SI_UNIT ( $, .RADIAN. ) );
#1385 = ORIENTED_EDGE ( 'NONE', *, *, #4399, .F. ) ;
#1386 =( GEOMETRIC_REPRESENTATION_CONTEXT ( 3 ) GLOBAL_UNCERTAINTY_ASSIGNED_CONTEXT ( ( #665 ) ) GLOBAL_UNIT_ASSIGNED_CONTEXT ( ( #941, #2504, #479 ) ) REPRESENTATION_CONTEXT ( 'NONE', 'WORKASPACE' ) );
#1387 = SURFACE_STYLE_FILL_AREA ( #1777 ) ;
#1388 = DIRECTION ( 'NONE',  ( 0.000000000000000000, 0.000000000000000000, -1.000000000000000000 ) ) ;
#1389 = DIRECTION ( 'NONE',  ( 0.000000000000000000, 1.000000000000000000, 0.000000000000000000 ) ) ;
#1390 = ORIENTED_EDGE ( 'NONE', *, *, #225, .T. ) ;
#1391 = FILL_AREA_STYLE_COLOUR ( '', #4255 ) ;
#1392 = AXIS2_PLACEMENT_3D ( 'NONE', #3318, #3739, #2622 ) ;
#1393 = CARTESIAN_POINT ( 'NONE',  ( -0.7500000000000000000, 0.1000000000000000056, -0.5500000000000000444 ) ) ;
#1394 = CARTESIAN_POINT ( 'NONE',  ( -0.7249999999999999778, 0.1000000000000000056, -0.3499999999999999778 ) ) ;
#1395 = AXIS2_PLACEMENT_3D ( 'NONE', #1905, #2689, #3078 ) ;
#1396 = FACE_OUTER_BOUND ( 'NONE', #1439, .T. ) ;
#1397 = CARTESIAN_POINT ( 'NONE',  ( 0.7249999999999999778, 0.000000000000000000, -0.5500000000000000444 ) ) ;
#1398 = VERTEX_POINT ( 'NONE', #992 ) ;
#1399 = PRESENTATION_LAYER_ASSIGNMENT (  '', '', ( #4447 ) ) ;
#1400 =( LENGTH_UNIT ( ) NAMED_UNIT ( * ) SI_UNIT ( .MILLI., .METRE. ) );
#1401 = COLOUR_RGB ( '',0.2509803921568627416, 0.2509803921568627416, 0.2509803921568627416 ) ;
#1402 = CARTESIAN_POINT ( 'NONE',  ( 0.4000000000000000222, 0.000000000000000000, 1.000000000000000000 ) ) ;
#1403 =( NAMED_UNIT ( * ) SI_UNIT ( $, .STERADIAN. ) SOLID_ANGLE_UNIT ( ) );
#1404 = VERTEX_POINT ( 'NONE', #1065 ) ;
#1405 = ORIENTED_EDGE ( 'NONE', *, *, #4250, .F. ) ;
#1406 = SURFACE_STYLE_USAGE ( .BOTH. , #2221 ) ;
#1407 = CARTESIAN_POINT ( 'NONE',  ( 0.8499999999999999778, 0.05000000000000000278, -1.000000000000000000 ) ) ;
#1408 = DIRECTION ( 'NONE',  ( -0.000000000000000000, 1.000000000000000000, 0.000000000000000000 ) ) ;
#1409 = LINE ( 'NONE', #3001, #1543 ) ;
#1410 = ORIENTED_EDGE ( 'NONE', *, *, #3964, .F. ) ;
#1411 = MECHANICAL_DESIGN_GEOMETRIC_PRESENTATION_REPRESENTATION (  '', ( #2338 ), #1580 ) ;
#1412 = DIRECTION ( 'NONE',  ( -1.445602896647330042E-15, 0.000000000000000000, -1.000000000000000000 ) ) ;
#1413 = COLOUR_RGB ( '',0.2509803921568627416, 0.2509803921568627416, 0.2509803921568627416 ) ;
#1414 = CARTESIAN_POINT ( 'NONE',  ( 1.000000000000000000, 0.05000000000000000278, -1.000000000000000000 ) ) ;
#1415 =( LENGTH_UNIT ( ) NAMED_UNIT ( * ) SI_UNIT ( .MILLI., .METRE. ) );
#1416 =( GEOMETRIC_REPRESENTATION_CONTEXT ( 3 ) GLOBAL_UNCERTAINTY_ASSIGNED_CONTEXT ( ( #2810 ) ) GLOBAL_UNIT_ASSIGNED_CONTEXT ( ( #4274, #3433, #771 ) ) REPRESENTATION_CONTEXT ( 'NONE', 'WORKASPACE' ) );
#1417 = DIRECTION ( 'NONE',  ( 0.000000000000000000, -1.000000000000000000, 0.000000000000000000 ) ) ;
#1418 = AXIS2_PLACEMENT_3D ( 'NONE', #698, #1058, #3805 ) ;
#1419 = LINE ( 'NONE', #2527, #1813 ) ;
#1420 = ORIENTED_EDGE ( 'NONE', *, *, #666, .T. ) ;
#1421 = CARTESIAN_POINT ( 'NONE',  ( -0.1000000000000000056, 0.1000000000000000056, 1.000000000000000000 ) ) ;
#1422 = EDGE_CURVE ( 'NONE', #2234, #2848, #4562, .T. ) ;
#1423 = DIRECTION ( 'NONE',  ( 0.000000000000000000, -1.000000000000000000, 0.000000000000000000 ) ) ;
#1424 = ADVANCED_FACE ( 'NONE', ( #1379 ), #2168, .F. ) ;
#1425 = EDGE_CURVE ( 'NONE', #4507, #2867, #2064, .T. ) ;
#1426 = VECTOR ( 'NONE', #310, 1000.000000000000000 ) ;
#1427 = ORIENTED_EDGE ( 'NONE', *, *, #2793, .F. ) ;
#1428 = ORIENTED_EDGE ( 'NONE', *, *, #2603, .T. ) ;
#1429 = FILL_AREA_STYLE_COLOUR ( '', #4029 ) ;
#1430 = ADVANCED_FACE ( 'NONE', ( #206 ), #2652, .F. ) ;
#1431 = FILL_AREA_STYLE ('',( #1799 ) ) ;
#1432 = CARTESIAN_POINT ( 'NONE',  ( 0.7249999999999999778, 0.1000000000000000056, 0.3499999999999999778 ) ) ;
#1433 = CARTESIAN_POINT ( 'NONE',  ( -0.4000000000000000222, 0.1000000000000000056, -1.000000000000000000 ) ) ;
#1434 = VERTEX_POINT ( 'NONE', #2625 ) ;
#1435 = SURFACE_SIDE_STYLE ('',( #4573 ) ) ;
#1436 = CARTESIAN_POINT ( 'NONE',  ( -0.8499999999999999778, 0.05000000000000000278, 0.8499999999999999778 ) ) ;
#1437 = PLANE ( 'NONE',  #4672 ) ;
#1438 = EDGE_CURVE ( 'NONE', #2020, #4429, #4540, .T. ) ;
#1439 = EDGE_LOOP ( 'NONE', ( #4683, #168, #1620, #3568 ) ) ;
#1440 = CARTESIAN_POINT ( 'NONE',  ( -0.7500000000000000000, 0.9499999999999999556, -0.6500000000000000222 ) ) ;
#1441 = CARTESIAN_POINT ( 'NONE',  ( -0.5999999999999999778, 0.000000000000000000, 0.6750000000000000444 ) ) ;
#1442 = ORIENTED_EDGE ( 'NONE', *, *, #2958, .T. ) ;
#1443 =( NAMED_UNIT ( * ) PLANE_ANGLE_UNIT ( ) SI_UNIT ( $, .RADIAN. ) );
#1444 = CARTESIAN_POINT ( 'NONE',  ( -1.000000000000000000, 0.05000000000000000278, -1.000000000000000000 ) ) ;
#1445 = CARTESIAN_POINT ( 'NONE',  ( -0.5999999999999999778, 0.05000000000000000278, -6.004812032227430487E-16 ) ) ;
#1446 = VECTOR ( 'NONE', #4261, 1000.000000000000000 ) ;
#1447 = SURFACE_STYLE_FILL_AREA ( #1899 ) ;
#1448 = VECTOR ( 'NONE', #3896, 1000.000000000000000 ) ;
#1449 = MECHANICAL_DESIGN_GEOMETRIC_PRESENTATION_REPRESENTATION (  '', ( #3699 ), #4032 ) ;
#1450 = VECTOR ( 'NONE', #4025, 1000.000000000000000 ) ;
#1451 = ORIENTED_EDGE ( 'NONE', *, *, #585, .F. ) ;
#1452 = ORIENTED_EDGE ( 'NONE', *, *, #4094, .F. ) ;
#1453 = DIRECTION ( 'NONE',  ( 1.000000000000000000, 0.000000000000000000, 3.942553354492730219E-16 ) ) ;
#1454 = LINE ( 'NONE', #2350, #1148 ) ;
#1455 = PLANE ( 'NONE',  #1516 ) ;
#1456 = DIRECTION ( 'NONE',  ( 0.000000000000000000, 0.000000000000000000, -1.000000000000000000 ) ) ;
#1457 = VECTOR ( 'NONE', #4062, 1000.000000000000000 ) ;
#1458 = ORIENTED_EDGE ( 'NONE', *, *, #3874, .T. ) ;
#1459 = AXIS2_PLACEMENT_3D ( 'NONE', #1230, #2576, #3810 ) ;
#1460 =( NAMED_UNIT ( * ) SI_UNIT ( $, .STERADIAN. ) SOLID_ANGLE_UNIT ( ) );
#1461 = MECHANICAL_DESIGN_GEOMETRIC_PRESENTATION_REPRESENTATION (  '', ( #172 ), #3216 ) ;
#1462 = DIRECTION ( 'NONE',  ( -0.000000000000000000, 1.000000000000000000, 0.000000000000000000 ) ) ;
#1463 = LINE ( 'NONE', #3085, #4382 ) ;
#1464 = VERTEX_POINT ( 'NONE', #4520 ) ;
#1465 = CARTESIAN_POINT ( 'NONE',  ( 0.4000000000000000222, 0.1000000000000000056, -1.000000000000000000 ) ) ;
#1466 = ORIENTED_EDGE ( 'NONE', *, *, #4778, .T. ) ;
#1467 = PLANE ( 'NONE',  #861 ) ;
#1468 = VECTOR ( 'NONE', #4930, 1000.000000000000000 ) ;
#1469 = CARTESIAN_POINT ( 'NONE',  ( 0.1000000000000000056, 0.1000000000000000056, -1.000000000000000000 ) ) ;
#1470 = PRESENTATION_LAYER_ASSIGNMENT (  '', '', ( #1236 ) ) ;
#1471 = DIRECTION ( 'NONE',  ( 0.000000000000000000, -1.000000000000000000, 0.000000000000000000 ) ) ;
#1472 = ORIENTED_EDGE ( 'NONE', *, *, #2156, .F. ) ;
#1473 = CARTESIAN_POINT ( 'NONE',  ( -0.7500000000000000000, 0.9499999999999999556, -0.8499999999999999778 ) ) ;
#1474 = AXIS2_PLACEMENT_3D ( 'NONE', #224, #4870, #2209 ) ;
#1475 = PRESENTATION_LAYER_ASSIGNMENT (  '', '', ( #2824 ) ) ;
#1476 = VERTEX_POINT ( 'NONE', #4148 ) ;
#1477 = ORIENTED_EDGE ( 'NONE', *, *, #1039, .F. ) ;
#1478 = CARTESIAN_POINT ( 'NONE',  ( 1.000000000000000000, 0.1000000000000000056, -0.3499999999999999778 ) ) ;
#1479 = EDGE_CURVE ( 'NONE', #616, #4605, #3717, .T. ) ;
#1480 = CARTESIAN_POINT ( 'NONE',  ( -0.7500000000000000000, 1.000000000000000000, -0.7500000000000000000 ) ) ;
#1481 = EDGE_CURVE ( 'NONE', #4334, #660, #2239, .T. ) ;
#1482 = DIRECTION ( 'NONE',  ( 1.000000000000000000, 0.000000000000000000, -1.734723475976805122E-15 ) ) ;
#1483 = CARTESIAN_POINT ( 'NONE',  ( 0.8499999999999999778, 0.1000000000000000056, -0.8499999999999999778 ) ) ;
#1484 = DIRECTION ( 'NONE',  ( 1.000000000000000000, 0.000000000000000000, 0.000000000000000000 ) ) ;
#1485 = ORIENTED_EDGE ( 'NONE', *, *, #569, .F. ) ;
#1486 = DIRECTION ( 'NONE',  ( 1.000000000000000000, 0.000000000000000000, 0.000000000000000000 ) ) ;
#1487 =( NAMED_UNIT ( * ) PLANE_ANGLE_UNIT ( ) SI_UNIT ( $, .RADIAN. ) );
#1488 = EDGE_CURVE ( 'NONE', #2612, #1398, #4875, .T. ) ;
#1489 = DIRECTION ( 'NONE',  ( 0.000000000000000000, 1.000000000000000000, 0.000000000000000000 ) ) ;
#1490 = UNCERTAINTY_MEASURE_WITH_UNIT (LENGTH_MEASURE( 1.000000000000000082E-05 ), #4845, 'distance_accuracy_value', 'NONE');
#1491 = CARTESIAN_POINT ( 'NONE',  ( -1.000000000000000000, 0.05000000000000000278, -0.5500000000000000444 ) ) ;
#1492 = VERTEX_POINT ( 'NONE', #2602 ) ;
#1493 = CARTESIAN_POINT ( 'NONE',  ( -1.000000000000000000, 0.05000000000000000278, -1.000000000000000000 ) ) ;
#1494 = ORIENTED_EDGE ( 'NONE', *, *, #3055, .T. ) ;
#1495 = VECTOR ( 'NONE', #2310, 1000.000000000000000 ) ;
#1496 = PLANE ( 'NONE',  #940 ) ;
#1497 = ADVANCED_FACE ( 'NONE', ( #3789 ), #1817, .F. ) ;
#1498 = CARTESIAN_POINT ( 'NONE',  ( -1.000000000000000000, 0.1000000000000000056, 0.3499999999999999778 ) ) ;
#1499 = STYLED_ITEM ( 'NONE', ( #120 ), #4862 ) ;
#1500 = ADVANCED_FACE ( 'NONE', ( #275 ), #2994, .F. ) ;
#1501 = DIRECTION ( 'NONE',  ( 0.000000000000000000, 0.000000000000000000, 1.000000000000000000 ) ) ;
#1502 = EDGE_LOOP ( 'NONE', ( #380, #1654, #292, #3943 ) ) ;
#1503 = AXIS2_PLACEMENT_3D ( 'NONE', #4020, #4363, #4719 ) ;
#1504 = FACE_OUTER_BOUND ( 'NONE', #1870, .T. ) ;
#1505 = ADVANCED_FACE ( 'NONE', ( #3175 ), #3093, .T. ) ;
#1506 = EDGE_LOOP ( 'NONE', ( #50, #2997, #2528, #1311 ) ) ;
#1507 = PRESENTATION_LAYER_ASSIGNMENT (  '', '', ( #4550 ) ) ;
#1508 = EDGE_LOOP ( 'NONE', ( #1451, #2508, #3654, #609, #218, #2270, #4393 ) ) ;
#1509 = DIRECTION ( 'NONE',  ( -1.000000000000000000, 0.000000000000000000, 2.365532012695650161E-15 ) ) ;
#1510 = CARTESIAN_POINT ( 'NONE',  ( -0.7249999999999999778, 0.000000000000000000, 0.5500000000000000444 ) ) ;
#1511 = EDGE_CURVE ( 'NONE', #189, #994, #3788, .T. ) ;
#1512 = DIRECTION ( 'NONE',  ( -1.445602896647340100E-15, 0.000000000000000000, -1.000000000000000000 ) ) ;
#1513 = COLOUR_RGB ( '',0.2509803921568627416, 0.2509803921568627416, 0.2509803921568627416 ) ;
#1514 = CARTESIAN_POINT ( 'NONE',  ( 0.000000000000000000, 0.05000000000000000278, -0.5500000000000000444 ) ) ;
#1515 = ORIENTED_EDGE ( 'NONE', *, *, #3508, .T. ) ;
#1516 = AXIS2_PLACEMENT_3D ( 'NONE', #2659, #1800, #657 ) ;
#1517 = UNCERTAINTY_MEASURE_WITH_UNIT (LENGTH_MEASURE( 1.000000000000000082E-05 ), #4521, 'distance_accuracy_value', 'NONE');
#1518 = DIRECTION ( 'NONE',  ( -1.734723475976805122E-15, 0.000000000000000000, 1.000000000000000000 ) ) ;
#1519 = ADVANCED_FACE ( 'NONE', ( #2704 ), #4696, .F. ) ;
#1520 = CARTESIAN_POINT ( 'NONE',  ( -1.000000000000000000, 0.1000000000000000056, -0.1000000000000000056 ) ) ;
#1521 = LINE ( 'NONE', #718, #2881 ) ;
#1522 = LINE ( 'NONE', #5064, #3740 ) ;
#1523 = VERTEX_POINT ( 'NONE', #299 ) ;
#1524 = LINE ( 'NONE', #3111, #4873 ) ;
#1525 = PLANE ( 'NONE',  #2159 ) ;
#1526 = EDGE_LOOP ( 'NONE', ( #2813, #2242, #4603, #46 ) ) ;
#1527 = LINE ( 'NONE', #2779, #4576 ) ;
#1528 = PLANE ( 'NONE',  #3151 ) ;
#1529 = ORIENTED_EDGE ( 'NONE', *, *, #2891, .T. ) ;
#1530 = DIRECTION ( 'NONE',  ( -7.589415207398530052E-16, 0.000000000000000000, -1.000000000000000000 ) ) ;
#1531 = UNCERTAINTY_MEASURE_WITH_UNIT (LENGTH_MEASURE( 1.000000000000000082E-05 ), #495, 'distance_accuracy_value', 'NONE');
#1532 = ORIENTED_EDGE ( 'NONE', *, *, #3273, .F. ) ;
#1533 = ORIENTED_EDGE ( 'NONE', *, *, #2641, .F. ) ;
#1534 = DIRECTION ( 'NONE',  ( 1.000000000000000000, 0.000000000000000000, 0.000000000000000000 ) ) ;
#1535 = STYLED_ITEM ( 'NONE', ( #3480 ), #1280 ) ;
#1536 = CARTESIAN_POINT ( 'NONE',  ( -0.7249999999999999778, 0.000000000000000000, -0.2250000000000000056 ) ) ;
#1537 = VECTOR ( 'NONE', #4479, 1000.000000000000000 ) ;
#1538 = CARTESIAN_POINT ( 'NONE',  ( 0.8499999999999999778, 0.1000000000000000056, 1.000000000000000000 ) ) ;
#1539 = CARTESIAN_POINT ( 'NONE',  ( -1.000000000000000000, 0.1000000000000000056, 0.5500000000000000444 ) ) ;
#1540 = PRESENTATION_LAYER_ASSIGNMENT (  '', '', ( #3777 ) ) ;
#1541 = DIRECTION ( 'NONE',  ( -0.000000000000000000, 1.000000000000000000, 0.000000000000000000 ) ) ;
#1542 = EDGE_LOOP ( 'NONE', ( #3179, #2962, #2195, #1405 ) ) ;
#1543 = VECTOR ( 'NONE', #4568, 1000.000000000000000 ) ;
#1544 = VECTOR ( 'NONE', #4096, 1000.000000000000000 ) ;
#1545 = LINE ( 'NONE', #2772, #21 ) ;
#1546 = CARTESIAN_POINT ( 'NONE',  ( -1.000000000000000000, 0.1000000000000000056, -0.8499999999999999778 ) ) ;
#1547 = ADVANCED_FACE ( 'NONE', ( #1171 ), #1528, .T. ) ;
#1548 = AXIS2_PLACEMENT_3D ( 'NONE', #1622, #4811, #3282 ) ;
#1549 = EDGE_CURVE ( 'NONE', #2311, #1004, #3914, .T. ) ;
#1550 = ORIENTED_EDGE ( 'NONE', *, *, #2593, .T. ) ;
#1551 =( GEOMETRIC_REPRESENTATION_CONTEXT ( 3 ) GLOBAL_UNCERTAINTY_ASSIGNED_CONTEXT ( ( #2351 ) ) GLOBAL_UNIT_ASSIGNED_CONTEXT ( ( #3633, #3237, #1678 ) ) REPRESENTATION_CONTEXT ( 'NONE', 'WORKASPACE' ) );
#1552 = ORIENTED_EDGE ( 'NONE', *, *, #2822, .F. ) ;
#1553 = CARTESIAN_POINT ( 'NONE',  ( 0.7249999999999999778, 0.05000000000000000278, -0.6750000000000000444 ) ) ;
#1554 = PRESENTATION_LAYER_ASSIGNMENT (  '', '', ( #2802 ) ) ;
#1555 = EDGE_CURVE ( 'NONE', #660, #4150, #4670, .T. ) ;
#1556 = FACE_OUTER_BOUND ( 'NONE', #333, .T. ) ;
#1557 =( LENGTH_UNIT ( ) NAMED_UNIT ( * ) SI_UNIT ( .MILLI., .METRE. ) );
#1558 = VERTEX_POINT ( 'NONE', #3859 ) ;
#1559 = SURFACE_SIDE_STYLE ('',( #1387 ) ) ;
#1560 = VECTOR ( 'NONE', #488, 1000.000000000000000 ) ;
#1561 = LINE ( 'NONE', #3477, #427 ) ;
#1562 = CIRCLE ( 'NONE', #731, 0.1000000000000000472 ) ;
#1563 = VERTEX_POINT ( 'NONE', #4291 ) ;
#1564 = LINE ( 'NONE', #1956, #4439 ) ;
#1565 = UNCERTAINTY_MEASURE_WITH_UNIT (LENGTH_MEASURE( 1.000000000000000082E-05 ), #4837, 'distance_accuracy_value', 'NONE');
#1566 = LINE ( 'NONE', #5008, #4160 ) ;
#1567 = DIRECTION ( 'NONE',  ( 1.000000000000000000, 0.000000000000000000, 1.445602896647332014E-15 ) ) ;
#1568 = PRESENTATION_LAYER_ASSIGNMENT (  '', '', ( #4446 ) ) ;
#1569 = VECTOR ( 'NONE', #1635, 1000.000000000000000 ) ;
#1570 = EDGE_LOOP ( 'NONE', ( #130, #211, #2399, #1163 ) ) ;
#1571 =( LENGTH_UNIT ( ) NAMED_UNIT ( * ) SI_UNIT ( .MILLI., .METRE. ) );
#1572 = PRESENTATION_STYLE_ASSIGNMENT (( #4225 ) ) ;
#1573 = CARTESIAN_POINT ( 'NONE',  ( 0.7249999999999999778, 0.1000000000000000056, 0.5500000000000000444 ) ) ;
#1574 = LINE ( 'NONE', #1624, #2341 ) ;
#1575 = ORIENTED_EDGE ( 'NONE', *, *, #3981, .F. ) ;
#1576 = FILL_AREA_STYLE ('',( #23 ) ) ;
#1577 = ORIENTED_EDGE ( 'NONE', *, *, #2202, .T. ) ;
#1578 = CARTESIAN_POINT ( 'NONE',  ( 0.5999999999999999778, 0.000000000000000000, 1.000000000000000000 ) ) ;
#1579 = CARTESIAN_POINT ( 'NONE',  ( 0.4000000000000000222, 0.1000000000000000056, 1.000000000000000000 ) ) ;
#1580 =( GEOMETRIC_REPRESENTATION_CONTEXT ( 3 ) GLOBAL_UNCERTAINTY_ASSIGNED_CONTEXT ( ( #4298 ) ) GLOBAL_UNIT_ASSIGNED_CONTEXT ( ( #1415, #2987, #3411 ) ) REPRESENTATION_CONTEXT ( 'NONE', 'WORKASPACE' ) );
#1581 = CARTESIAN_POINT ( 'NONE',  ( -0.8499999999999999778, 0.1000000000000000056, 1.000000000000000000 ) ) ;
#1582 = EDGE_CURVE ( 'NONE', #4283, #2631, #757, .T. ) ;
#1583 = DIRECTION ( 'NONE',  ( 3.336006684570795427E-16, 0.000000000000000000, 1.000000000000000000 ) ) ;
#1584 = ORIENTED_EDGE ( 'NONE', *, *, #54, .T. ) ;
#1585 = DIRECTION ( 'NONE',  ( 0.000000000000000000, 1.000000000000000000, 0.000000000000000000 ) ) ;
#1586 = EDGE_CURVE ( 'NONE', #1131, #5044, #3942, .T. ) ;
#1587 =( GEOMETRIC_REPRESENTATION_CONTEXT ( 3 ) GLOBAL_UNCERTAINTY_ASSIGNED_CONTEXT ( ( #3137 ) ) GLOBAL_UNIT_ASSIGNED_CONTEXT ( ( #2190, #3715, #2939 ) ) REPRESENTATION_CONTEXT ( 'NONE', 'WORKASPACE' ) );
#1588 = EDGE_CURVE ( 'NONE', #3327, #1464, #1863, .T. ) ;
#1589 = DIRECTION ( 'NONE',  ( -1.000000000000000000, 0.000000000000000000, 1.445602896647340100E-15 ) ) ;
#1590 = EDGE_CURVE ( 'NONE', #802, #4800, #1088, .T. ) ;
#1591 = VERTEX_POINT ( 'NONE', #4238 ) ;
#1592 = EDGE_CURVE ( 'NONE', #4231, #1855, #702, .T. ) ;
#1593 = CARTESIAN_POINT ( 'NONE',  ( 1.000000000000000000, 0.1000000000000000056, -0.8499999999999999778 ) ) ;
#1594 = AXIS2_PLACEMENT_3D ( 'NONE', #3144, #1139, #721 ) ;
#1595 = CIRCLE ( 'NONE', #4470, 0.1250000000000000000 ) ;
#1596 = CARTESIAN_POINT ( 'NONE',  ( -1.000000000000000000, 1.000000000000000000, -1.000000000000000000 ) ) ;
#1597 = PLANE ( 'NONE',  #89 ) ;
#1598 = ADVANCED_FACE ( 'NONE', ( #3292 ), #4441, .F. ) ;
#1599 = VERTEX_POINT ( 'NONE', #4392 ) ;
#1600 = EDGE_CURVE ( 'NONE', #1924, #3838, #2812, .T. ) ;
#1601 = DIRECTION ( 'NONE',  ( 1.000802005371239959E-15, 0.000000000000000000, -1.000000000000000000 ) ) ;
#1602 = SURFACE_STYLE_USAGE ( .BOTH. , #3956 ) ;
#1603 = DIRECTION ( 'NONE',  ( 0.000000000000000000, 0.000000000000000000, 1.000000000000000000 ) ) ;
#1604 = VECTOR ( 'NONE', #3290, 1000.000000000000000 ) ;
#1605 = SURFACE_SIDE_STYLE ('',( #4715 ) ) ;
#1606 = ORIENTED_EDGE ( 'NONE', *, *, #3271, .T. ) ;
#1607 = CYLINDRICAL_SURFACE ( 'NONE', #2787, 0.1000000000000000472 ) ;
#1608 = DIRECTION ( 'NONE',  ( 0.000000000000000000, 0.000000000000000000, 1.000000000000000000 ) ) ;
#1609 = ORIENTED_EDGE ( 'NONE', *, *, #5075, .T. ) ;
#1610 = CARTESIAN_POINT ( 'NONE',  ( -0.7500000000000000000, 0.000000000000000000, -0.5500000000000000444 ) ) ;
#1611 = FILL_AREA_STYLE_COLOUR ( '', #674 ) ;
#1612 = DIRECTION ( 'NONE',  ( 0.000000000000000000, -1.000000000000000000, 0.000000000000000000 ) ) ;
#1613 = VERTEX_POINT ( 'NONE', #4799 ) ;
#1614 = CARTESIAN_POINT ( 'NONE',  ( 0.5999999999999999778, 0.1000000000000000056, -0.6750000000000000444 ) ) ;
#1615 = DIRECTION ( 'NONE',  ( 0.000000000000000000, 0.000000000000000000, 1.000000000000000000 ) ) ;
#1616 = VERTEX_POINT ( 'NONE', #2499 ) ;
#1617 = DIRECTION ( 'NONE',  ( 0.000000000000000000, 1.000000000000000000, 0.000000000000000000 ) ) ;
#1618 = FACE_OUTER_BOUND ( 'NONE', #1149, .T. ) ;
#1619 = ORIENTED_EDGE ( 'NONE', *, *, #148, .T. ) ;
#1620 = ORIENTED_EDGE ( 'NONE', *, *, #4695, .T. ) ;
#1621 = CARTESIAN_POINT ( 'NONE',  ( 0.8499999999999999778, 0.1000000000000000056, 0.8499999999999999778 ) ) ;
#1622 = CARTESIAN_POINT ( 'NONE',  ( 1.000000000000000000, 0.1000000000000000056, -0.3499999999999999778 ) ) ;
#1623 = CARTESIAN_POINT ( 'NONE',  ( -0.4000000000000000222, 0.1000000000000000056, -1.000000000000000000 ) ) ;
#1624 = CARTESIAN_POINT ( 'NONE',  ( 0.8499999999999999778, 0.05000000000000000278, -1.228762462150241974E-15 ) ) ;
#1625 = COLOUR_RGB ( '',0.2509803921568627416, 0.2509803921568627416, 0.2509803921568627416 ) ;
#1626 = MECHANICAL_DESIGN_GEOMETRIC_PRESENTATION_REPRESENTATION (  '', ( #4030 ), #4659 ) ;
#1627 = VERTEX_POINT ( 'NONE', #2449 ) ;
#1628 = CARTESIAN_POINT ( 'NONE',  ( -0.1000000000000000056, 0.1000000000000000056, -1.000000000000000000 ) ) ;
#1629 = DIRECTION ( 'NONE',  ( -1.000000000000000000, 0.000000000000000000, 0.000000000000000000 ) ) ;
#1630 = CARTESIAN_POINT ( 'NONE',  ( 1.000000000000000000, 0.1000000000000000056, 0.8499999999999999778 ) ) ;
#1631 = AXIS2_PLACEMENT_3D ( 'NONE', #311, #3877, #746 ) ;
#1632 = DIRECTION ( 'NONE',  ( -1.000000000000000000, 0.000000000000000000, 9.363564216920241542E-16 ) ) ;
#1633 = UNCERTAINTY_MEASURE_WITH_UNIT (LENGTH_MEASURE( 1.000000000000000082E-05 ), #1838, 'distance_accuracy_value', 'NONE');
#1634 = AXIS2_PLACEMENT_3D ( 'NONE', #3765, #2192, #186 ) ;
#1635 = DIRECTION ( 'NONE',  ( 0.000000000000000000, -1.000000000000000000, 0.000000000000000000 ) ) ;
#1636 = ORIENTED_EDGE ( 'NONE', *, *, #1380, .F. ) ;
#1637 = SURFACE_STYLE_FILL_AREA ( #3620 ) ;
#1638 = VECTOR ( 'NONE', #2484, 1000.000000000000000 ) ;
#1639 = DIRECTION ( 'NONE',  ( 0.000000000000000000, 1.000000000000000000, 0.000000000000000000 ) ) ;
#1640 = SURFACE_STYLE_FILL_AREA ( #4782 ) ;
#1641 = COLOUR_RGB ( '',0.2509803921568627416, 0.2509803921568627416, 0.2509803921568627416 ) ;
#1642 = SURFACE_STYLE_FILL_AREA ( #4423 ) ;
#1643 = CARTESIAN_POINT ( 'NONE',  ( -0.7500000000000000000, 0.9499999999999999556, -0.8499999999999999778 ) ) ;
#1644 = VECTOR ( 'NONE', #2279, 1000.000000000000000 ) ;
#1645 = ORIENTED_EDGE ( 'NONE', *, *, #1582, .T. ) ;
#1646 = ADVANCED_FACE ( 'NONE', ( #3196 ), #76, .T. ) ;
#1647 = VERTEX_POINT ( 'NONE', #3668 ) ;
#1648 = FILL_AREA_STYLE ('',( #4735 ) ) ;
#1649 = FILL_AREA_STYLE_COLOUR ( '', #2298 ) ;
#1650 = EDGE_CURVE ( 'NONE', #750, #4740, #2089, .T. ) ;
#1651 = LINE ( 'NONE', #63, #4684 ) ;
#1652 = VECTOR ( 'NONE', #2394, 1000.000000000000000 ) ;
#1653 = DIRECTION ( 'NONE',  ( 1.000000000000000000, 0.000000000000000000, 1.445602896647344044E-15 ) ) ;
#1654 = ORIENTED_EDGE ( 'NONE', *, *, #661, .T. ) ;
#1655 = SURFACE_SIDE_STYLE ('',( #4793 ) ) ;
#1656 = ADVANCED_FACE ( 'NONE', ( #498 ), #3587, .F. ) ;
#1657 = CARTESIAN_POINT ( 'NONE',  ( 0.5999999999999999778, 0.05000000000000000278, 1.000000000000000000 ) ) ;
#1658 = SURFACE_STYLE_USAGE ( .BOTH. , #4842 ) ;
#1659 = LINE ( 'NONE', #2885, #1868 ) ;
#1660 = ADVANCED_FACE ( 'NONE', ( #2858 ), #4779, .T. ) ;
#1661 = CARTESIAN_POINT ( 'NONE',  ( -0.4000000000000000222, 0.1000000000000000056, -1.000000000000000000 ) ) ;
#1662 = ORIENTED_EDGE ( 'NONE', *, *, #3324, .T. ) ;
#1663 = FACE_OUTER_BOUND ( 'NONE', #2036, .T. ) ;
#1664 = LINE ( 'NONE', #4371, #2926 ) ;
#1665 = EDGE_CURVE ( 'NONE', #2486, #2099, #2936, .T. ) ;
#1666 = CARTESIAN_POINT ( 'NONE',  ( 1.000000000000000000, 0.000000000000000000, -0.3499999999999999778 ) ) ;
#1667 = PRESENTATION_LAYER_ASSIGNMENT (  '', '', ( #2092 ) ) ;
#1668 = DIRECTION ( 'NONE',  ( 0.000000000000000000, 0.000000000000000000, -1.000000000000000000 ) ) ;
#1669 = EDGE_CURVE ( 'NONE', #1131, #4283, #4163, .T. ) ;
#1670 =( LENGTH_UNIT ( ) NAMED_UNIT ( * ) SI_UNIT ( .MILLI., .METRE. ) );
#1671 = LINE ( 'NONE', #4807, #2876 ) ;
#1672 = ORIENTED_EDGE ( 'NONE', *, *, #364, .T. ) ;
#1673 = CIRCLE ( 'NONE', #4542, 0.1000000000000000472 ) ;
#1674 = UNCERTAINTY_MEASURE_WITH_UNIT (LENGTH_MEASURE( 1.000000000000000082E-05 ), #4756, 'distance_accuracy_value', 'NONE');
#1675 = ORIENTED_EDGE ( 'NONE', *, *, #4817, .F. ) ;
#1676 = DIRECTION ( 'NONE',  ( -0.000000000000000000, 1.000000000000000000, 0.000000000000000000 ) ) ;
#1677 = CARTESIAN_POINT ( 'NONE',  ( -0.8499999999999999778, 0.05000000000000000278, 0.000000000000000000 ) ) ;
#1678 =( NAMED_UNIT ( * ) SI_UNIT ( $, .STERADIAN. ) SOLID_ANGLE_UNIT ( ) );
#1679 = FACE_OUTER_BOUND ( 'NONE', #1345, .T. ) ;
#1680 = ORIENTED_EDGE ( 'NONE', *, *, #1003, .F. ) ;
#1681 = EDGE_CURVE ( 'NONE', #3516, #3768, #599, .T. ) ;
#1682 = VECTOR ( 'NONE', #1784, 1000.000000000000000 ) ;
#1683 = SURFACE_STYLE_USAGE ( .BOTH. , #4438 ) ;
#1684 = DIRECTION ( 'NONE',  ( -1.000000000000000000, 0.000000000000000000, 1.971276677246365208E-15 ) ) ;
#1685 = AXIS2_PLACEMENT_3D ( 'NONE', #1061, #4917, #4165 ) ;
#1686 =( GEOMETRIC_REPRESENTATION_CONTEXT ( 3 ) GLOBAL_UNCERTAINTY_ASSIGNED_CONTEXT ( ( #743 ) ) GLOBAL_UNIT_ASSIGNED_CONTEXT ( ( #958, #2185, #2112 ) ) REPRESENTATION_CONTEXT ( 'NONE', 'WORKASPACE' ) );
#1687 = FILL_AREA_STYLE_COLOUR ( '', #3307 ) ;
#1688 = EDGE_LOOP ( 'NONE', ( #432, #2123, #3495, #4266 ) ) ;
#1689 = DIRECTION ( 'NONE',  ( 0.000000000000000000, 0.000000000000000000, 1.000000000000000000 ) ) ;
#1690 = DIRECTION ( 'NONE',  ( 1.000000000000000000, 0.000000000000000000, 0.000000000000000000 ) ) ;
#1691 =( NAMED_UNIT ( * ) SI_UNIT ( $, .STERADIAN. ) SOLID_ANGLE_UNIT ( ) );
#1692 = ORIENTED_EDGE ( 'NONE', *, *, #4546, .F. ) ;
#1693 = ORIENTED_EDGE ( 'NONE', *, *, #2248, .T. ) ;
#1694 = ORIENTED_EDGE ( 'NONE', *, *, #1055, .F. ) ;
#1695 = FACE_OUTER_BOUND ( 'NONE', #4791, .T. ) ;
#1696 = SURFACE_STYLE_FILL_AREA ( #4357 ) ;
#1697 = DIRECTION ( 'NONE',  ( 1.000000000000000000, 0.000000000000000000, 7.392287539673879884E-16 ) ) ;
#1698 = DIRECTION ( 'NONE',  ( 0.000000000000000000, -1.000000000000000000, 0.000000000000000000 ) ) ;
#1699 = VERTEX_POINT ( 'NONE', #1397 ) ;
#1700 = EDGE_CURVE ( 'NONE', #59, #174, #1419, .T. ) ;
#1701 = CLOSED_SHELL ( 'NONE', ( #3387, #149, #4459, #1731, #2074, #3381, #2425, #81, #2834 ) ) ;
#1702 =( NAMED_UNIT ( * ) SI_UNIT ( $, .STERADIAN. ) SOLID_ANGLE_UNIT ( ) );
#1703 = CARTESIAN_POINT ( 'NONE',  ( 0.7249999999999999778, 0.1000000000000000056, -0.5500000000000000444 ) ) ;
#1704 = COLOUR_RGB ( '',0.2509803921568627416, 0.2509803921568627416, 0.2509803921568627416 ) ;
#1705 = VECTOR ( 'NONE', #864, 1000.000000000000000 ) ;
#1706 = PRESENTATION_STYLE_ASSIGNMENT (( #1658 ) ) ;
#1707 = MECHANICAL_DESIGN_GEOMETRIC_PRESENTATION_REPRESENTATION (  '', ( #2460 ), #2212 ) ;
#1708 = VECTOR ( 'NONE', #1114, 1000.000000000000000 ) ;
#1709 = CARTESIAN_POINT ( 'NONE',  ( 0.7249999999999999778, 0.1000000000000000056, -0.2250000000000000056 ) ) ;
#1710 = MECHANICAL_DESIGN_GEOMETRIC_PRESENTATION_REPRESENTATION (  '', ( #395 ), #808 ) ;
#1711 = EDGE_CURVE ( 'NONE', #3233, #3873, #2545, .T. ) ;
#1712 = EDGE_LOOP ( 'NONE', ( #3723, #485, #4206, #2715 ) ) ;
#1713 = FILL_AREA_STYLE ('',( #2889 ) ) ;
#1714 = AXIS2_PLACEMENT_3D ( 'NONE', #1911, #3139, #1518 ) ;
#1715 = CARTESIAN_POINT ( 'NONE',  ( -1.000000000000000000, 0.000000000000000000, 0.3499999999999999778 ) ) ;
#1716 = MECHANICAL_DESIGN_GEOMETRIC_PRESENTATION_REPRESENTATION (  '', ( #1138 ), #1551 ) ;
#1717 = ADVANCED_FACE ( 'NONE', ( #2961 ), #3314, .T. ) ;
#1718 = SURFACE_SIDE_STYLE ('',( #531 ) ) ;
#1719 = LINE ( 'NONE', #1030, #2128 ) ;
#1720 = VERTEX_POINT ( 'NONE', #3010 ) ;
#1721 = ORIENTED_EDGE ( 'NONE', *, *, #1438, .F. ) ;
#1722 = ORIENTED_EDGE ( 'NONE', *, *, #3334, .T. ) ;
#1723 = VERTEX_POINT ( 'NONE', #3785 ) ;
#1724 = DIRECTION ( 'NONE',  ( -1.445602896647344044E-15, 0.000000000000000000, -1.000000000000000000 ) ) ;
#1725 = CYLINDRICAL_SURFACE ( 'NONE', #4843, 0.1250000000000000000 ) ;
#1726 = VECTOR ( 'NONE', #4766, 1000.000000000000000 ) ;
#1727 = DIRECTION ( 'NONE',  ( -1.445602896647340100E-15, 0.000000000000000000, 1.000000000000000000 ) ) ;
#1728 = ORIENTED_EDGE ( 'NONE', *, *, #887, .F. ) ;
#1729 = CIRCLE ( 'NONE', #4774, 0.1250000000000000000 ) ;
#1730 = PLANE ( 'NONE',  #3412 ) ;
#1731 = ADVANCED_FACE ( 'NONE', ( #959 ), #2164, .F. ) ;
#1732 = LINE ( 'NONE', #4869, #32 ) ;
#1733 = AXIS2_PLACEMENT_3D ( 'NONE', #1910, #1183, #4278 ) ;
#1734 =( GEOMETRIC_REPRESENTATION_CONTEXT ( 3 ) GLOBAL_UNCERTAINTY_ASSIGNED_CONTEXT ( ( #3653 ) ) GLOBAL_UNIT_ASSIGNED_CONTEXT ( ( #1253, #4352, #2093 ) ) REPRESENTATION_CONTEXT ( 'NONE', 'WORKASPACE' ) );
#1735 = VECTOR ( 'NONE', #1982, 1000.000000000000000 ) ;
#1736 = CARTESIAN_POINT ( 'NONE',  ( 0.5999999999999999778, 0.000000000000000000, -1.000000000000000000 ) ) ;
#1737 = ORIENTED_EDGE ( 'NONE', *, *, #3963, .F. ) ;
#1738 = CARTESIAN_POINT ( 'NONE',  ( -1.379893674072453802E-16, 0.05000000000000000278, 0.3499999999999999778 ) ) ;
#1739 = EDGE_CURVE ( 'NONE', #4361, #1199, #4120, .T. ) ;
#1740 = PRESENTATION_STYLE_ASSIGNMENT (( #4166 ) ) ;
#1741 = EDGE_CURVE ( 'NONE', #3895, #3909, #1352, .T. ) ;
#1742 =( LENGTH_UNIT ( ) NAMED_UNIT ( * ) SI_UNIT ( .MILLI., .METRE. ) );
#1743 = ADVANCED_FACE ( 'NONE', ( #249 ), #1836, .F. ) ;
#1744 = EDGE_CURVE ( 'NONE', #4376, #1383, #1810, .T. ) ;
#1745 = DIRECTION ( 'NONE',  ( 0.000000000000000000, 0.000000000000000000, -1.000000000000000000 ) ) ;
#1746 =( LENGTH_UNIT ( ) NAMED_UNIT ( * ) SI_UNIT ( .MILLI., .METRE. ) );
#1747 = AXIS2_PLACEMENT_3D ( 'NONE', #1381, #2240, #2919 ) ;
#1748 = EDGE_LOOP ( 'NONE', ( #2500, #166, #399, #3164 ) ) ;
#1749 = VERTEX_POINT ( 'NONE', #2617 ) ;
#1750 = EDGE_LOOP ( 'NONE', ( #2197, #1990, #136, #1533 ) ) ;
#1751 = VECTOR ( 'NONE', #881, 1000.000000000000000 ) ;
#1752 = ORIENTED_EDGE ( 'NONE', *, *, #4473, .F. ) ;
#1753 = DIRECTION ( 'NONE',  ( -1.445602896647330042E-15, 0.000000000000000000, -1.000000000000000000 ) ) ;
#1754 = CARTESIAN_POINT ( 'NONE',  ( -1.000000000000000000, 0.000000000000000000, 0.1000000000000000056 ) ) ;
#1755 = ADVANCED_FACE ( 'NONE', ( #4559 ), #2137, .T. ) ;
#1756 = CARTESIAN_POINT ( 'NONE',  ( -0.7249999999999999778, 0.1000000000000000056, 0.3499999999999999778 ) ) ;
#1757 = FACE_OUTER_BOUND ( 'NONE', #1542, .T. ) ;
#1758 = PRESENTATION_STYLE_ASSIGNMENT (( #173 ) ) ;
#1759 = COLOUR_RGB ( '',0.2509803921568627416, 0.2509803921568627416, 0.2509803921568627416 ) ;
#1760 = ORIENTED_EDGE ( 'NONE', *, *, #4763, .T. ) ;
#1761 = LINE ( 'NONE', #219, #2542 ) ;
#1762 = LINE ( 'NONE', #4958, #1185 ) ;
#1763 = VECTOR ( 'NONE', #3575, 1000.000000000000000 ) ;
#1764 = CARTESIAN_POINT ( 'NONE',  ( 1.000000000000000000, 0.1000000000000000056, -0.3499999999999999778 ) ) ;
#1765 = PRESENTATION_LAYER_ASSIGNMENT (  '', '', ( #2108 ) ) ;
#1766 = ADVANCED_FACE ( 'NONE', ( #2674 ), #4989, .F. ) ;
#1767 = CARTESIAN_POINT ( 'NONE',  ( -0.7500000000000000000, 1.000000000000000000, -0.8499999999999999778 ) ) ;
#1768 = EDGE_LOOP ( 'NONE', ( #2996, #2618, #4688, #3960, #3479, #1156, #584 ) ) ;
#1769 = AXIS2_PLACEMENT_3D ( 'NONE', #293, #3832, #2235 ) ;
#1770 = SURFACE_SIDE_STYLE ('',( #4496 ) ) ;
#1771 = DIRECTION ( 'NONE',  ( -1.445602896647340100E-15, 0.000000000000000000, 1.000000000000000000 ) ) ;
#1772 = ORIENTED_EDGE ( 'NONE', *, *, #1895, .T. ) ;
#1773 = ORIENTED_EDGE ( 'NONE', *, *, #3206, .T. ) ;
#1774 = ORIENTED_EDGE ( 'NONE', *, *, #4819, .T. ) ;
#1775 = PLANE ( 'NONE',  #3360 ) ;
#1776 = VERTEX_POINT ( 'NONE', #1493 ) ;
#1777 = FILL_AREA_STYLE ('',( #215 ) ) ;
#1778 = CARTESIAN_POINT ( 'NONE',  ( -0.7249999999999999778, 0.1000000000000000056, -0.2250000000000000056 ) ) ;
#1779 = DIRECTION ( 'NONE',  ( -1.000000000000000000, 0.000000000000000000, 2.316250095764480076E-15 ) ) ;
#1780 = LINE ( 'NONE', #1801, #245 ) ;
#1781 = DIRECTION ( 'NONE',  ( 0.000000000000000000, 1.000000000000000000, 0.000000000000000000 ) ) ;
#1782 = ORIENTED_EDGE ( 'NONE', *, *, #2419, .T. ) ;
#1783 = PRESENTATION_STYLE_ASSIGNMENT (( #4887 ) ) ;
#1784 = DIRECTION ( 'NONE',  ( 0.000000000000000000, -1.000000000000000000, 0.000000000000000000 ) ) ;
#1785 = CARTESIAN_POINT ( 'NONE',  ( 0.7249999999999999778, 0.1000000000000000056, 0.5500000000000000444 ) ) ;
#1786 = VECTOR ( 'NONE', #2107, 1000.000000000000000 ) ;
#1787 = DIRECTION ( 'NONE',  ( -1.000000000000000000, 0.000000000000000000, 0.000000000000000000 ) ) ;
#1788 = ORIENTED_EDGE ( 'NONE', *, *, #3424, .T. ) ;
#1789 = CARTESIAN_POINT ( 'NONE',  ( 0.7249999999999999778, 0.1000000000000000056, 0.5500000000000000444 ) ) ;
#1790 =( GEOMETRIC_REPRESENTATION_CONTEXT ( 3 ) GLOBAL_UNCERTAINTY_ASSIGNED_CONTEXT ( ( #449 ) ) GLOBAL_UNIT_ASSIGNED_CONTEXT ( ( #3150, #4698, #3532 ) ) REPRESENTATION_CONTEXT ( 'NONE', 'WORKASPACE' ) );
#1791 = DIRECTION ( 'NONE',  ( 0.000000000000000000, 1.000000000000000000, 0.000000000000000000 ) ) ;
#1792 =( NAMED_UNIT ( * ) PLANE_ANGLE_UNIT ( ) SI_UNIT ( $, .RADIAN. ) );
#1793 = VERTEX_POINT ( 'NONE', #782 ) ;
#1794 = VECTOR ( 'NONE', #2713, 1000.000000000000000 ) ;
#1795 = EDGE_LOOP ( 'NONE', ( #4536, #1680, #5001, #2897 ) ) ;
#1796 = PLANE ( 'NONE',  #1955 ) ;
#1797 = PRESENTATION_LAYER_ASSIGNMENT (  '', '', ( #1143 ) ) ;
#1798 = PLANE ( 'NONE',  #1957 ) ;
#1799 = FILL_AREA_STYLE_COLOUR ( '', #4188 ) ;
#1800 = DIRECTION ( 'NONE',  ( 0.000000000000000000, -1.000000000000000000, 0.000000000000000000 ) ) ;
#1801 = CARTESIAN_POINT ( 'NONE',  ( -1.000000000000000000, 0.000000000000000000, 0.5500000000000000444 ) ) ;
#1802 = ORIENTED_EDGE ( 'NONE', *, *, #4387, .F. ) ;
#1803 = EDGE_CURVE ( 'NONE', #2839, #3275, #2754, .T. ) ;
#1804 = PLANE ( 'NONE',  #1378 ) ;
#1805 = CARTESIAN_POINT ( 'NONE',  ( -1.000000000000000000, 1.000000000000000000, 1.000000000000000000 ) ) ;
#1806 = DIRECTION ( 'NONE',  ( -1.000000000000000000, 0.000000000000000000, 0.000000000000000000 ) ) ;
#1807 = AXIS2_PLACEMENT_3D ( 'NONE', #747, #362, #3519 ) ;
#1808 = EDGE_CURVE ( 'NONE', #5072, #59, #370, .T. ) ;
#1809 = PRESENTATION_STYLE_ASSIGNMENT (( #4492 ) ) ;
#1810 = LINE ( 'NONE', #3735, #3230 ) ;
#1811 = VERTEX_POINT ( 'NONE', #4635 ) ;
#1812 = LINE ( 'NONE', #4606, #3597 ) ;
#1813 = VECTOR ( 'NONE', #179, 1000.000000000000000 ) ;
#1814 = FACE_OUTER_BOUND ( 'NONE', #1215, .T. ) ;
#1815 = ADVANCED_FACE ( 'NONE', ( #672 ), #1525, .T. ) ;
#1816 = AXIS2_PLACEMENT_3D ( 'NONE', #4840, #143, #593 ) ;
#1817 = PLANE ( 'NONE',  #1634 ) ;
#1818 =( LENGTH_UNIT ( ) NAMED_UNIT ( * ) SI_UNIT ( .MILLI., .METRE. ) );
#1819 = EDGE_LOOP ( 'NONE', ( #4762, #4963, #722, #1362 ) ) ;
#1820 = ORIENTED_EDGE ( 'NONE', *, *, #2603, .F. ) ;
#1821 =( LENGTH_UNIT ( ) NAMED_UNIT ( * ) SI_UNIT ( .MILLI., .METRE. ) );
#1822 = ADVANCED_FACE ( 'NONE', ( #699 ), #5018, .F. ) ;
#1823 = DIRECTION ( 'NONE',  ( 0.000000000000000000, -1.000000000000000000, 0.000000000000000000 ) ) ;
#1824 =( GEOMETRIC_REPRESENTATION_CONTEXT ( 3 ) GLOBAL_UNCERTAINTY_ASSIGNED_CONTEXT ( ( #1157 ) ) GLOBAL_UNIT_ASSIGNED_CONTEXT ( ( #1818, #552, #1842 ) ) REPRESENTATION_CONTEXT ( 'NONE', 'WORKASPACE' ) );
#1825 = CARTESIAN_POINT ( 'NONE',  ( 1.000000000000000000, 0.1000000000000000056, 0.3499999999999999778 ) ) ;
#1826 = FILL_AREA_STYLE ('',( #3487 ) ) ;
#1827 = ORIENTED_EDGE ( 'NONE', *, *, #4340, .T. ) ;
#1828 = VECTOR ( 'NONE', #3782, 1000.000000000000000 ) ;
#1829 = FACE_OUTER_BOUND ( 'NONE', #4019, .T. ) ;
#1830 = AXIS2_PLACEMENT_3D ( 'NONE', #1840, #3419, #2585 ) ;
#1831 = DIRECTION ( 'NONE',  ( -1.000000000000000000, 0.000000000000000000, -7.392287539673879884E-16 ) ) ;
#1832 = CYLINDRICAL_SURFACE ( 'NONE', #4267, 0.1250000000000000000 ) ;
#1833 = EDGE_LOOP ( 'NONE', ( #2605, #2945, #2553, #4100 ) ) ;
#1834 = CARTESIAN_POINT ( 'NONE',  ( 1.000000000000000000, 0.1000000000000000056, 0.5500000000000000444 ) ) ;
#1835 = AXIS2_PLACEMENT_3D ( 'NONE', #3662, #98, #1975 ) ;
#1836 = PLANE ( 'NONE',  #1240 ) ;
#1837 = ORIENTED_EDGE ( 'NONE', *, *, #1481, .T. ) ;
#1838 =( LENGTH_UNIT ( ) NAMED_UNIT ( * ) SI_UNIT ( .MILLI., .METRE. ) );
#1839 = AXIS2_PLACEMENT_3D ( 'NONE', #4998, #3075, #4700 ) ;
#1840 = CARTESIAN_POINT ( 'NONE',  ( -1.000000000000000000, 0.05000000000000000278, 1.000000000000000000 ) ) ;
#1841 = VECTOR ( 'NONE', #246, 1000.000000000000000 ) ;
#1842 =( NAMED_UNIT ( * ) SI_UNIT ( $, .STERADIAN. ) SOLID_ANGLE_UNIT ( ) );
#1843 = ORIENTED_EDGE ( 'NONE', *, *, #2202, .F. ) ;
#1844 = ORIENTED_EDGE ( 'NONE', *, *, #4228, .F. ) ;
#1845 = CARTESIAN_POINT ( 'NONE',  ( -9.363564216920240802E-17, 0.05000000000000000278, -0.1000000000000000056 ) ) ;
#1846 = CARTESIAN_POINT ( 'NONE',  ( -1.000000000000000000, 0.05000000000000000278, -1.000000000000000000 ) ) ;
#1847 = CARTESIAN_POINT ( 'NONE',  ( -1.000000000000000000, 0.1000000000000000056, -0.1000000000000000056 ) ) ;
#1848 = EDGE_LOOP ( 'NONE', ( #3893, #4560, #1420, #1146, #2241, #4734, #2589 ) ) ;
#1849 = CARTESIAN_POINT ( 'NONE',  ( 0.7249999999999999778, 0.1000000000000000056, -0.5500000000000000444 ) ) ;
#1850 = FILL_AREA_STYLE_COLOUR ( '', #4752 ) ;
#1851 = CARTESIAN_POINT ( 'NONE',  ( 0.1000000000000000056, 0.1000000000000000056, -1.000000000000000000 ) ) ;
#1852 =( NAMED_UNIT ( * ) PLANE_ANGLE_UNIT ( ) SI_UNIT ( $, .RADIAN. ) );
#1853 = UNCERTAINTY_MEASURE_WITH_UNIT (LENGTH_MEASURE( 1.000000000000000082E-05 ), #2914, 'distance_accuracy_value', 'NONE');
#1854 =( LENGTH_UNIT ( ) NAMED_UNIT ( * ) SI_UNIT ( .MILLI., .METRE. ) );
#1855 = VERTEX_POINT ( 'NONE', #1441 ) ;
#1856 = DIRECTION ( 'NONE',  ( 0.000000000000000000, -1.000000000000000000, 0.000000000000000000 ) ) ;
#1857 = CARTESIAN_POINT ( 'NONE',  ( 2.316250095764495261E-16, 0.05000000000000000278, 0.1000000000000000056 ) ) ;
#1858 = ORIENTED_EDGE ( 'NONE', *, *, #294, .T. ) ;
#1859 = DIRECTION ( 'NONE',  ( 2.365532012695650161E-15, 0.000000000000000000, 1.000000000000000000 ) ) ;
#1860 = DIRECTION ( 'NONE',  ( 1.734723475976805122E-15, 0.000000000000000000, -1.000000000000000000 ) ) ;
#1861 = EDGE_CURVE ( 'NONE', #1613, #4692, #3551, .T. ) ;
#1862 = EDGE_CURVE ( 'NONE', #4477, #2644, #5071, .T. ) ;
#1863 = LINE ( 'NONE', #4996, #3722 ) ;
#1864 = VERTEX_POINT ( 'NONE', #2285 ) ;
#1865 = DIRECTION ( 'NONE',  ( 0.000000000000000000, -1.000000000000000000, 0.000000000000000000 ) ) ;
#1866 = MECHANICAL_DESIGN_GEOMETRIC_PRESENTATION_REPRESENTATION (  '', ( #1034 ), #2208 ) ;
#1867 = AXIS2_PLACEMENT_3D ( 'NONE', #4290, #3148, #3555 ) ;
#1868 = VECTOR ( 'NONE', #4725, 1000.000000000000000 ) ;
#1869 = ORIENTED_EDGE ( 'NONE', *, *, #953, .T. ) ;
#1870 = EDGE_LOOP ( 'NONE', ( #3812, #3104, #3099, #1728 ) ) ;
#1871 = EDGE_CURVE ( 'NONE', #4564, #2099, #3884, .T. ) ;
#1872 = LINE ( 'NONE', #4525, #3033 ) ;
#1873 = CARTESIAN_POINT ( 'NONE',  ( 0.5999999999999999778, 0.000000000000000000, 1.000000000000000000 ) ) ;
#1874 = CARTESIAN_POINT ( 'NONE',  ( 0.7249999999999999778, 0.1000000000000000056, 0.2250000000000000056 ) ) ;
#1875 = CARTESIAN_POINT ( 'NONE',  ( -1.000000000000000000, 0.05000000000000000278, 1.000000000000000000 ) ) ;
#1876 = PRESENTATION_STYLE_ASSIGNMENT (( #2275 ) ) ;
#1877 = ORIENTED_EDGE ( 'NONE', *, *, #2053, .T. ) ;
#1878 = FILL_AREA_STYLE ('',( #3461 ) ) ;
#1879 = MANIFOLD_SOLID_BREP ( 'NONE', #2375 ) ;
#1880 = VECTOR ( 'NONE', #1993, 1000.000000000000000 ) ;
#1881 = CARTESIAN_POINT ( 'NONE',  ( -1.000000000000000000, 0.1000000000000000056, -0.3499999999999999778 ) ) ;
#1882 = LINE ( 'NONE', #1056, #121 ) ;
#1883 = EDGE_CURVE ( 'NONE', #4605, #4624, #393, .T. ) ;
#1884 = VERTEX_POINT ( 'NONE', #1918 ) ;
#1885 = MECHANICAL_DESIGN_GEOMETRIC_PRESENTATION_REPRESENTATION (  '', ( #3872 ), #3223 ) ;
#1886 = CARTESIAN_POINT ( 'NONE',  ( 0.7249999999999999778, 0.000000000000000000, 0.5500000000000000444 ) ) ;
#1887 = CARTESIAN_POINT ( 'NONE',  ( 1.000000000000000000, 0.05000000000000000278, 1.000000000000000000 ) ) ;
#1888 = CARTESIAN_POINT ( 'NONE',  ( -6.143812310751179302E-16, 0.05000000000000000278, -0.8499999999999999778 ) ) ;
#1889 = DIRECTION ( 'NONE',  ( 0.000000000000000000, 0.000000000000000000, -1.000000000000000000 ) ) ;
#1890 = ADVANCED_FACE ( 'NONE', ( #2444 ), #2415, .T. ) ;
#1891 = VECTOR ( 'NONE', #635, 1000.000000000000000 ) ;
#1892 = DIRECTION ( 'NONE',  ( 1.000000000000000000, 0.000000000000000000, 0.000000000000000000 ) ) ;
#1893 = MANIFOLD_SOLID_BREP ( 'NONE', #387 ) ;
#1894 = VECTOR ( 'NONE', #736, 1000.000000000000000 ) ;
#1895 = EDGE_CURVE ( 'NONE', #2196, #3933, #2390, .T. ) ;
#1896 = VERTEX_POINT ( 'NONE', #878 ) ;
#1897 = CARTESIAN_POINT ( 'NONE',  ( 1.379893674072455774E-16, 0.05000000000000000278, -0.3499999999999999778 ) ) ;
#1898 = MECHANICAL_DESIGN_GEOMETRIC_PRESENTATION_REPRESENTATION (  '', ( #3466 ), #1155 ) ;
#1899 = FILL_AREA_STYLE ('',( #2372 ) ) ;
#1900 = AXIS2_PLACEMENT_3D ( 'NONE', #2193, #4922, #1745 ) ;
#1901 = ORIENTED_EDGE ( 'NONE', *, *, #4137, .F. ) ;
#1902 = EDGE_CURVE ( 'NONE', #1218, #1224, #2468, .T. ) ;
#1903 = VERTEX_POINT ( 'NONE', #1190 ) ;
#1904 = SURFACE_SIDE_STYLE ('',( #8 ) ) ;
#1905 = CARTESIAN_POINT ( 'NONE',  ( 0.7249999999999999778, 0.000000000000000000, -0.6750000000000000444 ) ) ;
#1906 = DIRECTION ( 'NONE',  ( 0.000000000000000000, 0.000000000000000000, 1.000000000000000000 ) ) ;
#1907 = LINE ( 'NONE', #3818, #2707 ) ;
#1908 = SURFACE_SIDE_STYLE ('',( #1101 ) ) ;
#1909 = ORIENTED_EDGE ( 'NONE', *, *, #1511, .F. ) ;
#1910 = CARTESIAN_POINT ( 'NONE',  ( 0.8499999999999999778, 0.1000000000000000056, 0.8499999999999999778 ) ) ;
#1911 = CARTESIAN_POINT ( 'NONE',  ( -1.000000000000000000, 0.1000000000000000056, 0.3499999999999999778 ) ) ;
#1912 = MANIFOLD_SOLID_BREP ( 'NONE', #4743 ) ;
#1913 = DIRECTION ( 'NONE',  ( 0.000000000000000000, 0.000000000000000000, -1.000000000000000000 ) ) ;
#1914 =( NAMED_UNIT ( * ) PLANE_ANGLE_UNIT ( ) SI_UNIT ( $, .RADIAN. ) );
#1915 = FACE_OUTER_BOUND ( 'NONE', #4377, .T. ) ;
#1916 = ORIENTED_EDGE ( 'NONE', *, *, #2096, .F. ) ;
#1917 = CARTESIAN_POINT ( 'NONE',  ( -1.000000000000000000, 0.1000000000000000056, -0.1000000000000000056 ) ) ;
#1918 = CARTESIAN_POINT ( 'NONE',  ( -0.7249999999999999778, 0.05000000000000000278, 0.1000000000000000056 ) ) ;
#1919 = ORIENTED_EDGE ( 'NONE', *, *, #5013, .T. ) ;
#1920 = VECTOR ( 'NONE', #316, 1000.000000000000000 ) ;
#1921 = CARTESIAN_POINT ( 'NONE',  ( -0.8499999999999999778, 0.1000000000000000056, 0.8499999999999999778 ) ) ;
#1922 = ADVANCED_FACE ( 'NONE', ( #4531 ), #859, .F. ) ;
#1923 = AXIS2_PLACEMENT_3D ( 'NONE', #4018, #2800, #1212 ) ;
#1924 = VERTEX_POINT ( 'NONE', #2204 ) ;
#1925 = SURFACE_STYLE_USAGE ( .BOTH. , #2037 ) ;
#1926 = SURFACE_STYLE_USAGE ( .BOTH. , #2684 ) ;
#1927 = ORIENTED_EDGE ( 'NONE', *, *, #669, .T. ) ;
#1928 = VECTOR ( 'NONE', #2004, 1000.000000000000000 ) ;
#1929 = EDGE_LOOP ( 'NONE', ( #4749, #4151, #4499, #5019 ) ) ;
#1930 = CARTESIAN_POINT ( 'NONE',  ( -0.5999999999999999778, 0.1000000000000000056, -0.6999999999999999556 ) ) ;
#1931 = CARTESIAN_POINT ( 'NONE',  ( 0.7249999999999999778, 0.000000000000000000, 0.09999999999999889533 ) ) ;
#1932 = UNCERTAINTY_MEASURE_WITH_UNIT (LENGTH_MEASURE( 1.000000000000000082E-05 ), #1746, 'distance_accuracy_value', 'NONE');
#1933 = DIRECTION ( 'NONE',  ( 0.000000000000000000, -1.000000000000000000, 0.000000000000000000 ) ) ;
#1934 = DIRECTION ( 'NONE',  ( -1.000000000000000000, 0.000000000000000000, 2.365532012695650161E-15 ) ) ;
#1935 = MECHANICAL_DESIGN_GEOMETRIC_PRESENTATION_REPRESENTATION (  '', ( #2683 ), #689 ) ;
#1936 = ORIENTED_EDGE ( 'NONE', *, *, #1744, .F. ) ;
#1937 = COLOUR_RGB ( '',0.2509803921568627416, 0.2509803921568627416, 0.2509803921568627416 ) ;
#1938 = ADVANCED_FACE ( 'NONE', ( #2160 ), #954, .F. ) ;
#1940 = DIRECTION ( 'NONE',  ( 0.7071067811865460184, 0.000000000000000000, -0.7071067811865489050 ) ) ;
#1939 = UNCERTAINTY_MEASURE_WITH_UNIT (LENGTH_MEASURE( 1.000000000000000082E-05 ), #3533, 'distance_accuracy_value', 'NONE');
#1941 =( NAMED_UNIT ( * ) SI_UNIT ( $, .STERADIAN. ) SOLID_ANGLE_UNIT ( ) );
#1942 = CARTESIAN_POINT ( 'NONE',  ( 1.000000000000000000, 0.000000000000000000, -0.5500000000000000444 ) ) ;
#1943 = CARTESIAN_POINT ( 'NONE',  ( -0.5999999999999999778, 0.1000000000000000056, 1.000000000000000000 ) ) ;
#1944 = ORIENTED_EDGE ( 'NONE', *, *, #4116, .F. ) ;
#1945 = CARTESIAN_POINT ( 'NONE',  ( 0.8499999999999999778, 0.1000000000000000056, -0.8499999999999999778 ) ) ;
#1946 = ORIENTED_EDGE ( 'NONE', *, *, #605, .F. ) ;
#1947 = DIRECTION ( 'NONE',  ( 0.000000000000000000, -1.000000000000000000, 0.000000000000000000 ) ) ;
#1948 = DIRECTION ( 'NONE',  ( 1.000000000000000000, 0.000000000000000000, 0.000000000000000000 ) ) ;
#1949 = ORIENTED_EDGE ( 'NONE', *, *, #1359, .T. ) ;
#1950 = CARTESIAN_POINT ( 'NONE',  ( -0.7249999999999999778, 0.1000000000000000056, 0.5500000000000000444 ) ) ;
#1951 = UNCERTAINTY_MEASURE_WITH_UNIT (LENGTH_MEASURE( 1.000000000000000082E-05 ), #2608, 'distance_accuracy_value', 'NONE');
#1952 = PRESENTATION_STYLE_ASSIGNMENT (( #1926 ) ) ;
#1953 = ORIENTED_EDGE ( 'NONE', *, *, #378, .F. ) ;
#1954 = ORIENTED_EDGE ( 'NONE', *, *, #2663, .F. ) ;
#1955 = AXIS2_PLACEMENT_3D ( 'NONE', #2879, #4171, #280 ) ;
#1956 = CARTESIAN_POINT ( 'NONE',  ( -1.000000000000000000, 0.1000000000000000056, -0.8499999999999999778 ) ) ;
#1957 = AXIS2_PLACEMENT_3D ( 'NONE', #586, #1753, #3329 ) ;
#1958 = FILL_AREA_STYLE_COLOUR ( '', #5043 ) ;
#1959 = SURFACE_STYLE_USAGE ( .BOTH. , #11 ) ;
#1960 = STYLED_ITEM ( 'NONE', ( #3985 ), #192 ) ;
#1961 = ORIENTED_EDGE ( 'NONE', *, *, #3518, .T. ) ;
#1962 = AXIS2_PLACEMENT_3D ( 'NONE', #2369, #1860, #4236 ) ;
#1963 = MECHANICAL_DESIGN_GEOMETRIC_PRESENTATION_REPRESENTATION (  '', ( #2215 ), #2189 ) ;
#1964 = DIRECTION ( 'NONE',  ( -0.000000000000000000, 1.000000000000000000, 0.000000000000000000 ) ) ;
#1965 = FILL_AREA_STYLE ('',( #5062 ) ) ;
#1966 = MANIFOLD_SOLID_BREP ( 'NONE', #1033 ) ;
#1967 = LINE ( 'NONE', #17, #648 ) ;
#1968 = DIRECTION ( 'NONE',  ( -7.885106708985500867E-16, 0.000000000000000000, -1.000000000000000000 ) ) ;
#1969 = DIRECTION ( 'NONE',  ( 3.942553354492730219E-16, 0.000000000000000000, -1.000000000000000000 ) ) ;
#1970 = EDGE_LOOP ( 'NONE', ( #841, #3438, #3821, #3443 ) ) ;
#1971 = EDGE_CURVE ( 'NONE', #4507, #4901, #195, .T. ) ;
#1972 = EDGE_CURVE ( 'NONE', #366, #3619, #1761, .T. ) ;
#1973 = ADVANCED_FACE ( 'NONE', ( #3005 ), #1804, .T. ) ;
#1974 = VECTOR ( 'NONE', #875, 1000.000000000000000 ) ;
#1975 = DIRECTION ( 'NONE',  ( -3.469446951953614189E-15, 0.000000000000000000, -1.000000000000000000 ) ) ;
#1976 = DIRECTION ( 'NONE',  ( 1.000000000000000000, 0.000000000000000000, 0.000000000000000000 ) ) ;
#1977 = CARTESIAN_POINT ( 'NONE',  ( -0.5999999999999999778, 0.1000000000000000056, 1.000000000000000000 ) ) ;
#1978 = CARTESIAN_POINT ( 'NONE',  ( 0.000000000000000000, 0.1000000000000000056, 0.000000000000000000 ) ) ;
#1979 = AXIS2_PLACEMENT_3D ( 'NONE', #4894, #3741, #1771 ) ;
#1980 = DIRECTION ( 'NONE',  ( 1.000000000000000000, 0.000000000000000000, -9.757819552369541878E-16 ) ) ;
#1981 =( LENGTH_UNIT ( ) NAMED_UNIT ( * ) SI_UNIT ( .MILLI., .METRE. ) );
#1982 = DIRECTION ( 'NONE',  ( 0.000000000000000000, -1.000000000000000000, 0.000000000000000000 ) ) ;
#1983 = ORIENTED_EDGE ( 'NONE', *, *, #3483, .T. ) ;
#1984 = FACE_OUTER_BOUND ( 'NONE', #1712, .T. ) ;
#1985 = AXIS2_PLACEMENT_3D ( 'NONE', #140, #899, #1697 ) ;
#1986 = EDGE_CURVE ( 'NONE', #4786, #4231, #641, .T. ) ;
#1987 = PRESENTATION_STYLE_ASSIGNMENT (( #3507 ) ) ;
#1988 = EDGE_CURVE ( 'NONE', #1558, #951, #2228, .T. ) ;
#1989 = VECTOR ( 'NONE', #2767, 1000.000000000000000 ) ;
#1990 = ORIENTED_EDGE ( 'NONE', *, *, #1145, .F. ) ;
#1991 = PLANE ( 'NONE',  #3940 ) ;
#1992 = FACE_OUTER_BOUND ( 'NONE', #3866, .T. ) ;
#1993 = DIRECTION ( 'NONE',  ( 0.000000000000000000, -1.000000000000000000, 0.000000000000000000 ) ) ;
#1994 = COLOUR_RGB ( '',0.2509803921568627416, 0.2509803921568627416, 0.2509803921568627416 ) ;
#1995 = ORIENTED_EDGE ( 'NONE', *, *, #957, .F. ) ;
#1996 = FACE_OUTER_BOUND ( 'NONE', #1970, .T. ) ;
#1997 = CARTESIAN_POINT ( 'NONE',  ( -0.7500000000000000000, 0.000000000000000000, -0.5500000000000000444 ) ) ;
#1998 = PLANE ( 'NONE',  #1306 ) ;
#1999 = DIRECTION ( 'NONE',  ( 0.000000000000000000, 0.000000000000000000, -1.000000000000000000 ) ) ;
#2000 = ORIENTED_EDGE ( 'NONE', *, *, #4115, .F. ) ;
#2001 = CARTESIAN_POINT ( 'NONE',  ( -0.7500000000000000000, 0.05000000000000000278, -0.5500000000000000444 ) ) ;
#2002 =( LENGTH_UNIT ( ) NAMED_UNIT ( * ) SI_UNIT ( .MILLI., .METRE. ) );
#2003 = ORIENTED_EDGE ( 'NONE', *, *, #3894, .T. ) ;
#2004 = DIRECTION ( 'NONE',  ( -1.000000000000000000, 0.000000000000000000, -7.392287539673879884E-16 ) ) ;
#2005 = COLOUR_RGB ( '',0.2509803921568627416, 0.2509803921568627416, 0.2509803921568627416 ) ;
#2006 =( NAMED_UNIT ( * ) PLANE_ANGLE_UNIT ( ) SI_UNIT ( $, .RADIAN. ) );
#2007 = AXIS2_PLACEMENT_3D ( 'NONE', #3908, #1969, #2362 ) ;
#2008 = PLANE ( 'NONE',  #2956 ) ;
#2009 = ORIENTED_EDGE ( 'NONE', *, *, #1586, .T. ) ;
#2010 = LINE ( 'NONE', #425, #474 ) ;
#2011 = LINE ( 'NONE', #1227, #4222 ) ;
#2012 = VECTOR ( 'NONE', #1698, 1000.000000000000000 ) ;
#2013 = ORIENTED_EDGE ( 'NONE', *, *, #1039, .T. ) ;
#2014 = PLANE ( 'NONE',  #3863 ) ;
#2015 = VECTOR ( 'NONE', #1417, 1000.000000000000000 ) ;
#2016 = CARTESIAN_POINT ( 'NONE',  ( 1.000000000000000000, 0.1000000000000000056, -0.3499999999999999778 ) ) ;
#2017 = VECTOR ( 'NONE', #885, 1000.000000000000000 ) ;
#2018 =( NAMED_UNIT ( * ) SI_UNIT ( $, .STERADIAN. ) SOLID_ANGLE_UNIT ( ) );
#2019 =( NAMED_UNIT ( * ) PLANE_ANGLE_UNIT ( ) SI_UNIT ( $, .RADIAN. ) );
#2020 = VERTEX_POINT ( 'NONE', #3801 ) ;
#2021 = ORIENTED_EDGE ( 'NONE', *, *, #3045, .F. ) ;
#2022 = LINE ( 'NONE', #4406, #2405 ) ;
#2023 = SURFACE_STYLE_USAGE ( .BOTH. , #873 ) ;
#2024 = CARTESIAN_POINT ( 'NONE',  ( -0.7249999999999999778, 0.1000000000000000056, 0.5500000000000000444 ) ) ;
#2025 = AXIS2_PLACEMENT_3D ( 'NONE', #545, #4468, #3713 ) ;
#2026 = SURFACE_SIDE_STYLE ('',( #2361 ) ) ;
#2027 = FILL_AREA_STYLE_COLOUR ( '', #677 ) ;
#2028 = CIRCLE ( 'NONE', #450, 0.1000000000000000472 ) ;
#2029 = ORIENTED_EDGE ( 'NONE', *, *, #2794, .F. ) ;
#2030 = CARTESIAN_POINT ( 'NONE',  ( 0.8499999999999999778, 0.000000000000000000, 0.8499999999999999778 ) ) ;
#2031 = CARTESIAN_POINT ( 'NONE',  ( 0.1000000000000000056, 0.1000000000000000056, -1.000000000000000000 ) ) ;
#2032 =( NAMED_UNIT ( * ) SI_UNIT ( $, .STERADIAN. ) SOLID_ANGLE_UNIT ( ) );
#2033 = CARTESIAN_POINT ( 'NONE',  ( -0.5999999999999999778, 0.1000000000000000056, 0.6750000000000000444 ) ) ;
#2034 = LINE ( 'NONE', #473, #75 ) ;
#2035 = DIRECTION ( 'NONE',  ( 1.478457507934775927E-16, 0.000000000000000000, -1.000000000000000000 ) ) ;
#2036 = EDGE_LOOP ( 'NONE', ( #4138, #4990, #4383, #66, #2249, #610, #1692 ) ) ;
#2037 = SURFACE_SIDE_STYLE ('',( #2763 ) ) ;
#2038 = ADVANCED_FACE ( 'NONE', ( #1829 ), #3409, .T. ) ;
#2039 = EDGE_CURVE ( 'NONE', #4453, #3933, #1194, .T. ) ;
#2040 =( LENGTH_UNIT ( ) NAMED_UNIT ( * ) SI_UNIT ( .MILLI., .METRE. ) );
#2041 = DIRECTION ( 'NONE',  ( -1.445602896647344044E-15, 0.000000000000000000, 1.000000000000000000 ) ) ;
#2042 = FACE_OUTER_BOUND ( 'NONE', #2991, .T. ) ;
#2043 = CARTESIAN_POINT ( 'NONE',  ( -0.7249999999999999778, 0.1000000000000000056, -0.3499999999999999778 ) ) ;
#2044 = ORIENTED_EDGE ( 'NONE', *, *, #1107, .T. ) ;
#2045 = EDGE_CURVE ( 'NONE', #616, #4130, #4415, .T. ) ;
#2046 = VERTEX_POINT ( 'NONE', #2088 ) ;
#2047 = VECTOR ( 'NONE', #4957, 1000.000000000000000 ) ;
#2048 = LINE ( 'NONE', #3632, #1560 ) ;
#2049 = LINE ( 'NONE', #40, #1974 ) ;
#2050 = DIRECTION ( 'NONE',  ( 1.084202172485503818E-16, 0.000000000000000000, -1.000000000000000000 ) ) ;
#2051 = PRESENTATION_LAYER_ASSIGNMENT (  '', '', ( #3851 ) ) ;
#2052 = VECTOR ( 'NONE', #1530, 1000.000000000000000 ) ;
#2053 = EDGE_CURVE ( 'NONE', #772, #2827, #231, .T. ) ;
#2054 = ORIENTED_EDGE ( 'NONE', *, *, #2518, .F. ) ;
#2055 = FACE_OUTER_BOUND ( 'NONE', #327, .T. ) ;
#2056 =( NAMED_UNIT ( * ) SI_UNIT ( $, .STERADIAN. ) SOLID_ANGLE_UNIT ( ) );
#2057 = COLOUR_RGB ( '',0.7529411764705882248, 0.7529411764705882248, 0.7529411764705882248 ) ;
#2058 = DIRECTION ( 'NONE',  ( -9.363564216920241542E-16, 0.000000000000000000, -1.000000000000000000 ) ) ;
#2059 = EDGE_CURVE ( 'NONE', #750, #534, #2034, .T. ) ;
#2060 = AXIS2_PLACEMENT_3D ( 'NONE', #4836, #193, #4457 ) ;
#2061 = UNCERTAINTY_MEASURE_WITH_UNIT (LENGTH_MEASURE( 1.000000000000000082E-05 ), #2002, 'distance_accuracy_value', 'NONE');
#2062 = CARTESIAN_POINT ( 'NONE',  ( 0.8499999999999999778, 0.1000000000000000056, -0.8499999999999999778 ) ) ;
#2063 = ADVANCED_FACE ( 'NONE', ( #1299 ), #2857, .F. ) ;
#2064 = CIRCLE ( 'NONE', #4911, 0.1250000000000000000 ) ;
#2065 =( NAMED_UNIT ( * ) SI_UNIT ( $, .STERADIAN. ) SOLID_ANGLE_UNIT ( ) );
#2066 = ORIENTED_EDGE ( 'NONE', *, *, #3178, .T. ) ;
#2067 = PRESENTATION_STYLE_ASSIGNMENT (( #2860 ) ) ;
#2068 = CARTESIAN_POINT ( 'NONE',  ( 1.000000000000000000, 0.1000000000000000056, 0.3499999999999999778 ) ) ;
#2069 = AXIS2_PLACEMENT_3D ( 'NONE', #2890, #4729, #3177 ) ;
#2070 = DIRECTION ( 'NONE',  ( 0.000000000000000000, -1.000000000000000000, 0.000000000000000000 ) ) ;
#2071 = PLANE ( 'NONE',  #3728 ) ;
#2072 = DIRECTION ( 'NONE',  ( -0.000000000000000000, 1.000000000000000000, 0.000000000000000000 ) ) ;
#2073 = VECTOR ( 'NONE', #4297, 1000.000000000000000 ) ;
#2074 = ADVANCED_FACE ( 'NONE', ( #422 ), #2837, .F. ) ;
#2075 = ORIENTED_EDGE ( 'NONE', *, *, #378, .T. ) ;
#2076 = ORIENTED_EDGE ( 'NONE', *, *, #3430, .T. ) ;
#2077 = PLANE ( 'NONE',  #3305 ) ;
#2078 =( NAMED_UNIT ( * ) SI_UNIT ( $, .STERADIAN. ) SOLID_ANGLE_UNIT ( ) );
#2079 = FACE_OUTER_BOUND ( 'NONE', #235, .T. ) ;
#2080 = AXIS2_PLACEMENT_3D ( 'NONE', #1887, #1082, #3442 ) ;
#2081 = CARTESIAN_POINT ( 'NONE',  ( 1.000000000000000000, 0.1000000000000000056, 0.3499999999999999778 ) ) ;
#2082 = SURFACE_STYLE_FILL_AREA ( #491 ) ;
#2083 = EDGE_LOOP ( 'NONE', ( #1550, #2118, #55, #2606 ) ) ;
#2084 = AXIS2_PLACEMENT_3D ( 'NONE', #4794, #1629, #1608 ) ;
#2085 = LINE ( 'NONE', #2030, #4000 ) ;
#2086 =( NAMED_UNIT ( * ) PLANE_ANGLE_UNIT ( ) SI_UNIT ( $, .RADIAN. ) );
#2087 = FILL_AREA_STYLE ('',( #1611 ) ) ;
#2088 = CARTESIAN_POINT ( 'NONE',  ( 1.000000000000000000, 0.05000000000000000278, -0.8499999999999999778 ) ) ;
#2089 = LINE ( 'NONE', #423, #2984 ) ;
#2090 = VERTEX_POINT ( 'NONE', #1581 ) ;
#2091 =( NAMED_UNIT ( * ) SI_UNIT ( $, .STERADIAN. ) SOLID_ANGLE_UNIT ( ) );
#2092 = STYLED_ITEM ( 'NONE', ( #1706 ), #4484 ) ;
#2093 =( NAMED_UNIT ( * ) SI_UNIT ( $, .STERADIAN. ) SOLID_ANGLE_UNIT ( ) );
#2094 = DIRECTION ( 'NONE',  ( 0.000000000000000000, 0.000000000000000000, -1.000000000000000000 ) ) ;
#2095 = ORIENTED_EDGE ( 'NONE', *, *, #3602, .F. ) ;
#2096 = EDGE_CURVE ( 'NONE', #2827, #772, #2790, .T. ) ;
#2097 = AXIS2_PLACEMENT_3D ( 'NONE', #35, #112, #458 ) ;
#2098 = MECHANICAL_DESIGN_GEOMETRIC_PRESENTATION_REPRESENTATION (  '', ( #438 ), #4075 ) ;
#2099 = VERTEX_POINT ( 'NONE', #4367 ) ;
#2100 = ORIENTED_EDGE ( 'NONE', *, *, #2989, .F. ) ;
#2101 =( NAMED_UNIT ( * ) PLANE_ANGLE_UNIT ( ) SI_UNIT ( $, .RADIAN. ) );
#2102 = CARTESIAN_POINT ( 'NONE',  ( 0.4000000000000000222, 0.1000000000000000056, -1.000000000000000000 ) ) ;
#2103 = CARTESIAN_POINT ( 'NONE',  ( -1.000000000000000000, 0.000000000000000000, -0.5500000000000000444 ) ) ;
#2104 = DIRECTION ( 'NONE',  ( -1.445602896647344044E-15, 0.000000000000000000, -1.000000000000000000 ) ) ;
#2105 = ORIENTED_EDGE ( 'NONE', *, *, #4324, .F. ) ;
#2106 = ADVANCED_FACE ( 'NONE', ( #3268 ), #2008, .F. ) ;
#2107 = DIRECTION ( 'NONE',  ( 0.000000000000000000, -1.000000000000000000, 0.000000000000000000 ) ) ;
#2108 = STYLED_ITEM ( 'NONE', ( #445 ), #2666 ) ;
#2109 = CARTESIAN_POINT ( 'NONE',  ( -0.8499999999999999778, 0.1000000000000000056, -1.000000000000000000 ) ) ;
#2110 = EDGE_CURVE ( 'NONE', #360, #4530, #3641, .T. ) ;
#2111 = VECTOR ( 'NONE', #4323, 1000.000000000000000 ) ;
#2112 =( NAMED_UNIT ( * ) SI_UNIT ( $, .STERADIAN. ) SOLID_ANGLE_UNIT ( ) );
#2113 = EDGE_LOOP ( 'NONE', ( #556, #96, #2888, #2226 ) ) ;
#2114 =( NAMED_UNIT ( * ) PLANE_ANGLE_UNIT ( ) SI_UNIT ( $, .RADIAN. ) );
#2115 = PLANE ( 'NONE',  #4344 ) ;
#2116 = VERTEX_POINT ( 'NONE', #2448 ) ;
#2117 = ORIENTED_EDGE ( 'NONE', *, *, #2626, .T. ) ;
#2118 = ORIENTED_EDGE ( 'NONE', *, *, #3071, .T. ) ;
#2119 = DIRECTION ( 'NONE',  ( 0.000000000000000000, 0.000000000000000000, -1.000000000000000000 ) ) ;
#2120 = DIRECTION ( 'NONE',  ( 1.000000000000000000, 0.000000000000000000, 0.000000000000000000 ) ) ;
#2121 = CARTESIAN_POINT ( 'NONE',  ( 0.1000000000000000056, 0.05000000000000000278, 1.000000000000000000 ) ) ;
#2122 = LINE ( 'NONE', #2155, #516 ) ;
#2123 = ORIENTED_EDGE ( 'NONE', *, *, #1228, .F. ) ;
#2124 = CLOSED_SHELL ( 'NONE', ( #3546, #2739, #4862, #1333, #2418, #4919, #108, #4781, #3887, #4972, #1519, #1280, #4484, #3858, #3590, #3267, #154, #1207, #4620, #1290, #602, #3760, #4480, #2353, #2519, #1973, #114, #512, #3733, #2952, #3672, #2666, #734, #634, #1660, #419, #1500, #5005, #4186, #1646, #2430, #4281, #3809, #2590, #2442, #1890, #894, #1108, #3592, #221, #296, #518, #592, #267, #1202, #2038, #4256, #2480, #525, #1755, #358 ) ) ;
#2125 = SURFACE_STYLE_FILL_AREA ( #981 ) ;
#2126 = LINE ( 'NONE', #520, #4954 ) ;
#2127 = PRESENTATION_LAYER_ASSIGNMENT (  '', '', ( #1535 ) ) ;
#2128 = VECTOR ( 'NONE', #3720, 1000.000000000000000 ) ;
#2129 =( GEOMETRIC_REPRESENTATION_CONTEXT ( 3 ) GLOBAL_UNCERTAINTY_ASSIGNED_CONTEXT ( ( #4776 ) ) GLOBAL_UNIT_ASSIGNED_CONTEXT ( ( #2566, #4488, #4139 ) ) REPRESENTATION_CONTEXT ( 'NONE', 'WORKASPACE' ) );
#2130 = LINE ( 'NONE', #3007, #4941 ) ;
#2131 = EDGE_CURVE ( 'NONE', #413, #2148, #1659, .T. ) ;
#2132 = ADVANCED_FACE ( 'NONE', ( #4440 ), #3584, .F. ) ;
#2133 = EDGE_CURVE ( 'NONE', #3416, #3218, #49, .T. ) ;
#2134 = EDGE_CURVE ( 'NONE', #1383, #1492, #4746, .T. ) ;
#2135 =( GEOMETRIC_REPRESENTATION_CONTEXT ( 3 ) GLOBAL_UNCERTAINTY_ASSIGNED_CONTEXT ( ( #4673 ) ) GLOBAL_UNIT_ASSIGNED_CONTEXT ( ( #509, #1914, #4253 ) ) REPRESENTATION_CONTEXT ( 'NONE', 'WORKASPACE' ) );
#2136 = DIRECTION ( 'NONE',  ( 0.000000000000000000, 1.000000000000000000, 0.000000000000000000 ) ) ;
#2137 = PLANE ( 'NONE',  #2080 ) ;
#2138 = ORIENTED_EDGE ( 'NONE', *, *, #2830, .T. ) ;
#2139 = DIRECTION ( 'NONE',  ( 0.000000000000000000, 0.000000000000000000, -1.000000000000000000 ) ) ;
#2140 = FACE_OUTER_BOUND ( 'NONE', #3652, .T. ) ;
#2141 = MECHANICAL_DESIGN_GEOMETRIC_PRESENTATION_REPRESENTATION (  '', ( #1135 ), #2135 ) ;
#2142 = AXIS2_PLACEMENT_3D ( 'NONE', #4210, #2968, #1791 ) ;
#2143 = EDGE_CURVE ( 'NONE', #1523, #210, #4087, .T. ) ;
#2144 = DIRECTION ( 'NONE',  ( 0.000000000000000000, -1.000000000000000000, 0.000000000000000000 ) ) ;
#2145 = VECTOR ( 'NONE', #1021, 1000.000000000000000 ) ;
#2146 = EDGE_LOOP ( 'NONE', ( #3712, #2722, #4665, #3004, #2105, #4710, #3835 ) ) ;
#2147 = VERTEX_POINT ( 'NONE', #559 ) ;
#2148 = VERTEX_POINT ( 'NONE', #924 ) ;
#2149 = ORIENTED_EDGE ( 'NONE', *, *, #1986, .F. ) ;
#2150 = CARTESIAN_POINT ( 'NONE',  ( 0.7249999999999999778, 0.1000000000000000056, -0.3499999999999999778 ) ) ;
#2151 = LINE ( 'NONE', #2201, #97 ) ;
#2152 = VECTOR ( 'NONE', #3160, 1000.000000000000000 ) ;
#2153 = FILL_AREA_STYLE ('',( #2560 ) ) ;
#2154 = CARTESIAN_POINT ( 'NONE',  ( -0.7249999999999999778, 0.1000000000000000056, 0.6750000000000000444 ) ) ;
#2155 = CARTESIAN_POINT ( 'NONE',  ( -1.000000000000000000, 0.1000000000000000056, -0.5500000000000000444 ) ) ;
#2156 = EDGE_CURVE ( 'NONE', #4859, #2413, #537, .T. ) ;
#2157 = ORIENTED_EDGE ( 'NONE', *, *, #678, .T. ) ;
#2158 = VECTOR ( 'NONE', #3984, 1000.000000000000000 ) ;
#2159 = AXIS2_PLACEMENT_3D ( 'NONE', #4691, #3497, #2314 ) ;
#2160 = FACE_OUTER_BOUND ( 'NONE', #1369, .T. ) ;
#2161 = CARTESIAN_POINT ( 'NONE',  ( -0.7500000000000000000, 1.000000000000000000, -0.6500000000000000222 ) ) ;
#2162 = VECTOR ( 'NONE', #503, 1000.000000000000000 ) ;
#2163 = CARTESIAN_POINT ( 'NONE',  ( 0.5999999999999999778, 0.1000000000000000056, -0.6750000000000000444 ) ) ;
#2164 = PLANE ( 'NONE',  #1474 ) ;
#2165 = EDGE_LOOP ( 'NONE', ( #3086, #3076, #4879, #2173 ) ) ;
#2166 = LINE ( 'NONE', #3737, #4803 ) ;
#2167 = PRESENTATION_STYLE_ASSIGNMENT (( #2964 ) ) ;
#2168 = PLANE ( 'NONE',  #2142 ) ;
#2169 = ORIENTED_EDGE ( 'NONE', *, *, #1808, .T. ) ;
#2170 = ORIENTED_EDGE ( 'NONE', *, *, #1883, .F. ) ;
#2171 = ORIENTED_EDGE ( 'NONE', *, *, #1036, .T. ) ;
#2172 = VECTOR ( 'NONE', #176, 1000.000000000000000 ) ;
#2173 = ORIENTED_EDGE ( 'NONE', *, *, #3714, .T. ) ;
#2174 = LINE ( 'NONE', #4929, #801 ) ;
#2175 = CARTESIAN_POINT ( 'NONE',  ( 0.8499999999999999778, 0.1000000000000000056, -1.000000000000000000 ) ) ;
#2176 = CARTESIAN_POINT ( 'NONE',  ( -1.000000000000000000, 0.1000000000000000056, 0.3499999999999999778 ) ) ;
#2177 =( LENGTH_UNIT ( ) NAMED_UNIT ( * ) SI_UNIT ( .MILLI., .METRE. ) );
#2178 = DIRECTION ( 'NONE',  ( 0.000000000000000000, -1.000000000000000000, 0.000000000000000000 ) ) ;
#2179 = ORIENTED_EDGE ( 'NONE', *, *, #3800, .F. ) ;
#2180 = FILL_AREA_STYLE_COLOUR ( '', #2295 ) ;
#2181 = CARTESIAN_POINT ( 'NONE',  ( 0.7249999999999999778, 0.1000000000000000056, -0.1000000000000000056 ) ) ;
#2182 = VECTOR ( 'NONE', #2136, 1000.000000000000000 ) ;
#2183 = DIRECTION ( 'NONE',  ( 1.000000000000000000, 0.000000000000000000, -3.336006684570795427E-16 ) ) ;
#2184 = VECTOR ( 'NONE', #4637, 1000.000000000000000 ) ;
#2185 =( NAMED_UNIT ( * ) PLANE_ANGLE_UNIT ( ) SI_UNIT ( $, .RADIAN. ) );
#2186 = DIRECTION ( 'NONE',  ( 1.000000000000000000, 0.000000000000000000, -2.316250095764480076E-15 ) ) ;
#2187 = ORIENTED_EDGE ( 'NONE', *, *, #4048, .T. ) ;
#2188 = FACE_OUTER_BOUND ( 'NONE', #3745, .T. ) ;
#2189 =( GEOMETRIC_REPRESENTATION_CONTEXT ( 3 ) GLOBAL_UNCERTAINTY_ASSIGNED_CONTEXT ( ( #2472 ) ) GLOBAL_UNIT_ASSIGNED_CONTEXT ( ( #2938, #4028, #4052 ) ) REPRESENTATION_CONTEXT ( 'NONE', 'WORKASPACE' ) );
#2190 =( LENGTH_UNIT ( ) NAMED_UNIT ( * ) SI_UNIT ( .MILLI., .METRE. ) );
#2191 = AXIS2_PLACEMENT_3D ( 'NONE', #977, #307, #3484 ) ;
#2192 = DIRECTION ( 'NONE',  ( 0.000000000000000000, -1.000000000000000000, 0.000000000000000000 ) ) ;
#2193 = CARTESIAN_POINT ( 'NONE',  ( 0.000000000000000000, 0.05000000000000000278, 0.000000000000000000 ) ) ;
#2194 = EDGE_CURVE ( 'NONE', #4500, #1720, #998, .T. ) ;
#2195 = ORIENTED_EDGE ( 'NONE', *, *, #2194, .T. ) ;
#2196 = VERTEX_POINT ( 'NONE', #2534 ) ;
#2197 = ORIENTED_EDGE ( 'NONE', *, *, #241, .F. ) ;
#2198 = LINE ( 'NONE', #4952, #1786 ) ;
#2199 = ORIENTED_EDGE ( 'NONE', *, *, #1422, .F. ) ;
#2200 = LINE ( 'NONE', #4883, #4824 ) ;
#2201 = CARTESIAN_POINT ( 'NONE',  ( -1.228762462150231916E-15, 0.05000000000000000278, 0.8499999999999999778 ) ) ;
#2202 = EDGE_CURVE ( 'NONE', #2563, #4404, #947, .T. ) ;
#2203 = EDGE_LOOP ( 'NONE', ( #4039, #884, #2532, #2531 ) ) ;
#2204 = CARTESIAN_POINT ( 'NONE',  ( 1.000000000000000000, 0.1000000000000000056, -0.1000000000000000056 ) ) ;
#2205 = LINE ( 'NONE', #4179, #1682 ) ;
#2206 = EDGE_CURVE ( 'NONE', #3995, #2395, #3726, .T. ) ;
#2207 = PLANE ( 'NONE',  #1007 ) ;
#2208 =( GEOMETRIC_REPRESENTATION_CONTEXT ( 3 ) GLOBAL_UNCERTAINTY_ASSIGNED_CONTEXT ( ( #3825 ) ) GLOBAL_UNIT_ASSIGNED_CONTEXT ( ( #3949, #765, #2740 ) ) REPRESENTATION_CONTEXT ( 'NONE', 'WORKASPACE' ) );
#2209 = DIRECTION ( 'NONE',  ( 1.000000000000000000, 0.000000000000000000, -8.673617379884029556E-16 ) ) ;
#2210 = VERTEX_POINT ( 'NONE', #3354 ) ;
#2211 = VECTOR ( 'NONE', #169, 1000.000000000000000 ) ;
#2212 =( GEOMETRIC_REPRESENTATION_CONTEXT ( 3 ) GLOBAL_UNCERTAINTY_ASSIGNED_CONTEXT ( ( #4403 ) ) GLOBAL_UNIT_ASSIGNED_CONTEXT ( ( #923, #3990, #1314 ) ) REPRESENTATION_CONTEXT ( 'NONE', 'WORKASPACE' ) );
#2213 = CIRCLE ( 'NONE', #4117, 0.1250000000000000000 ) ;
#2214 = EDGE_CURVE ( 'NONE', #4515, #620, #2978, .T. ) ;
#2215 = STYLED_ITEM ( 'NONE', ( #2916 ), #2442 ) ;
#2216 = AXIS2_PLACEMENT_3D ( 'NONE', #3906, #1489, #4686 ) ;
#2217 = PRESENTATION_STYLE_ASSIGNMENT (( #607 ) ) ;
#2218 = VERTEX_POINT ( 'NONE', #190 ) ;
#2219 = PRESENTATION_LAYER_ASSIGNMENT (  '', '', ( #172 ) ) ;
#2220 = ORIENTED_EDGE ( 'NONE', *, *, #624, .F. ) ;
#2221 = SURFACE_SIDE_STYLE ('',( #4900 ) ) ;
#2222 = MECHANICAL_DESIGN_GEOMETRIC_PRESENTATION_REPRESENTATION (  '', ( #1143 ), #1223 ) ;
#2223 = SURFACE_STYLE_FILL_AREA ( #1431 ) ;
#2224 = CARTESIAN_POINT ( 'NONE',  ( 0.7249999999999999778, 0.1000000000000000056, 0.5500000000000000444 ) ) ;
#2225 = LINE ( 'NONE', #141, #2012 ) ;
#2226 = ORIENTED_EDGE ( 'NONE', *, *, #3323, .F. ) ;
#2227 = VECTOR ( 'NONE', #2927, 1000.000000000000000 ) ;
#2228 = LINE ( 'NONE', #264, #2047 ) ;
#2229 = LINE ( 'NONE', #196, #48 ) ;
#2230 = DIRECTION ( 'NONE',  ( 0.000000000000000000, -1.000000000000000000, 0.000000000000000000 ) ) ;
#2231 = CARTESIAN_POINT ( 'NONE',  ( -0.8499999999999999778, 0.1000000000000000056, -1.000000000000000000 ) ) ;
#2232 =( GEOMETRIC_REPRESENTATION_CONTEXT ( 3 ) GLOBAL_UNCERTAINTY_ASSIGNED_CONTEXT ( ( #3 ) ) GLOBAL_UNIT_ASSIGNED_CONTEXT ( ( #2429, #457, #4398 ) ) REPRESENTATION_CONTEXT ( 'NONE', 'WORKASPACE' ) );
#2233 = LINE ( 'NONE', #1834, #126 ) ;
#2234 = VERTEX_POINT ( 'NONE', #2583 ) ;
#2235 = DIRECTION ( 'NONE',  ( 0.000000000000000000, 0.000000000000000000, 1.000000000000000000 ) ) ;
#2236 = COLOUR_RGB ( '',0.2509803921568627416, 0.2509803921568627416, 0.2509803921568627416 ) ;
#2237 = VECTOR ( 'NONE', #326, 1000.000000000000000 ) ;
#2238 =( NAMED_UNIT ( * ) SI_UNIT ( $, .STERADIAN. ) SOLID_ANGLE_UNIT ( ) );
#2239 = LINE ( 'NONE', #253, #1308 ) ;
#2240 = DIRECTION ( 'NONE',  ( 0.000000000000000000, 1.000000000000000000, 0.000000000000000000 ) ) ;
#2241 = ORIENTED_EDGE ( 'NONE', *, *, #2633, .T. ) ;
#2242 = ORIENTED_EDGE ( 'NONE', *, *, #3426, .T. ) ;
#2243 = LINE ( 'NONE', #1846, #2896 ) ;
#2244 = PRESENTATION_LAYER_ASSIGNMENT (  '', '', ( #1079 ) ) ;
#2245 = FACE_OUTER_BOUND ( 'NONE', #4588, .T. ) ;
#2246 = LINE ( 'NONE', #4549, #4042 ) ;
#2247 = FACE_OUTER_BOUND ( 'NONE', #3488, .T. ) ;
#2248 = EDGE_CURVE ( 'NONE', #366, #1492, #1090, .T. ) ;
#2249 = ORIENTED_EDGE ( 'NONE', *, *, #3426, .F. ) ;
#2250 = STYLED_ITEM ( 'NONE', ( #1106 ), #4781 ) ;
#2251 =( LENGTH_UNIT ( ) NAMED_UNIT ( * ) SI_UNIT ( .MILLI., .METRE. ) );
#2252 =( GEOMETRIC_REPRESENTATION_CONTEXT ( 3 ) GLOBAL_UNCERTAINTY_ASSIGNED_CONTEXT ( ( #3489 ) ) GLOBAL_UNIT_ASSIGNED_CONTEXT ( ( #153, #1031, #2238 ) ) REPRESENTATION_CONTEXT ( 'NONE', 'WORKASPACE' ) );
#2253 = DIRECTION ( 'NONE',  ( 0.000000000000000000, -1.000000000000000000, 0.000000000000000000 ) ) ;
#2254 = FILL_AREA_STYLE_COLOUR ( '', #2965 ) ;
#2255 = AXIS2_PLACEMENT_3D ( 'NONE', #711, #3080, #1047 ) ;
#2256 = DIRECTION ( 'NONE',  ( 0.000000000000000000, -1.000000000000000000, 0.000000000000000000 ) ) ;
#2257 = EDGE_CURVE ( 'NONE', #1069, #4809, #975, .T. ) ;
#2258 = ADVANCED_FACE ( 'NONE', ( #4153 ), #1798, .F. ) ;
#2259 = ORIENTED_EDGE ( 'NONE', *, *, #832, .T. ) ;
#2260 = PLANE ( 'NONE',  #1418 ) ;
#2261 = VECTOR ( 'NONE', #1856, 1000.000000000000000 ) ;
#2262 = CARTESIAN_POINT ( 'NONE',  ( -1.000000000000000000, 0.1000000000000000056, -0.8499999999999999778 ) ) ;
#2263 = EDGE_LOOP ( 'NONE', ( #3475, #3257, #1694, #697 ) ) ;
#2264 = CARTESIAN_POINT ( 'NONE',  ( -0.7500000000000000000, 0.1000000000000000056, -0.5500000000000000444 ) ) ;
#2265 = PRESENTATION_LAYER_ASSIGNMENT (  '', '', ( #608 ) ) ;
#2266 = EDGE_CURVE ( 'NONE', #1249, #3995, #2200, .T. ) ;
#2267 = SURFACE_STYLE_USAGE ( .BOTH. , #679 ) ;
#2268 = VECTOR ( 'NONE', #2614, 1000.000000000000000 ) ;
#2269 = ORIENTED_EDGE ( 'NONE', *, *, #4174, .F. ) ;
#2270 = ORIENTED_EDGE ( 'NONE', *, *, #4491, .F. ) ;
#2271 = FILL_AREA_STYLE_COLOUR ( '', #2866 ) ;
#2272 = DIRECTION ( 'NONE',  ( 0.000000000000000000, 1.000000000000000000, 0.000000000000000000 ) ) ;
#2273 = FILL_AREA_STYLE ('',( #1958 ) ) ;
#2274 = CARTESIAN_POINT ( 'NONE',  ( 0.7249999999999999778, 0.1000000000000000056, 0.3499999999999999778 ) ) ;
#2275 = SURFACE_STYLE_USAGE ( .BOTH. , #1908 ) ;
#2276 = ORIENTED_EDGE ( 'NONE', *, *, #5021, .F. ) ;
#2277 = ADVANCED_FACE ( 'NONE', ( #613 ), #3772, .F. ) ;
#2278 = PRESENTATION_STYLE_ASSIGNMENT (( #1133 ) ) ;
#2279 = DIRECTION ( 'NONE',  ( 1.000000000000000000, 0.000000000000000000, 0.000000000000000000 ) ) ;
#2280 = UNCERTAINTY_MEASURE_WITH_UNIT (LENGTH_MEASURE( 1.000000000000000082E-05 ), #1742, 'distance_accuracy_value', 'NONE');
#2281 = SURFACE_STYLE_USAGE ( .BOTH. , #5039 ) ;
#2282 = EDGE_CURVE ( 'NONE', #4896, #5072, #3861, .T. ) ;
#2283 = ORIENTED_EDGE ( 'NONE', *, *, #3421, .F. ) ;
#2284 =( NAMED_UNIT ( * ) SI_UNIT ( $, .STERADIAN. ) SOLID_ANGLE_UNIT ( ) );
#2285 = CARTESIAN_POINT ( 'NONE',  ( -1.000000000000000000, 0.05000000000000000278, 0.8499999999999999778 ) ) ;
#2286 = ORIENTED_EDGE ( 'NONE', *, *, #3210, .F. ) ;
#2287 = CARTESIAN_POINT ( 'NONE',  ( -1.000000000000000000, 0.000000000000000000, -0.3499999999999999778 ) ) ;
#2288 = DIRECTION ( 'NONE',  ( 1.000000000000000000, 0.000000000000000000, -1.734723475976805122E-15 ) ) ;
#2289 = EDGE_CURVE ( 'NONE', #3459, #1172, #3375, .T. ) ;
#2290 = EDGE_CURVE ( 'NONE', #3127, #3278, #2174, .T. ) ;
#2291 = DIRECTION ( 'NONE',  ( 0.000000000000000000, -1.000000000000000000, 0.000000000000000000 ) ) ;
#2292 = ORIENTED_EDGE ( 'NONE', *, *, #1590, .F. ) ;
#2293 = CARTESIAN_POINT ( 'NONE',  ( -4.139681022217369540E-16, 0.05000000000000000278, -0.3499999999999999778 ) ) ;
#2294 = AXIS2_PLACEMENT_3D ( 'NONE', #1444, #3393, #2651 ) ;
#2295 = COLOUR_RGB ( '',0.7529411764705882248, 0.7529411764705882248, 0.7529411764705882248 ) ;
#2296 = VERTEX_POINT ( 'NONE', #1473 ) ;
#2297 = ORIENTED_EDGE ( 'NONE', *, *, #2793, .T. ) ;
#2298 = COLOUR_RGB ( '',0.2509803921568627416, 0.2509803921568627416, 0.2509803921568627416 ) ;
#2299 = DIRECTION ( 'NONE',  ( 1.000000000000000000, 0.000000000000000000, 0.000000000000000000 ) ) ;
#2300 = CARTESIAN_POINT ( 'NONE',  ( 1.000000000000000000, 0.1000000000000000056, -0.1000000000000000056 ) ) ;
#2301 = DIRECTION ( 'NONE',  ( 1.734723475976807094E-14, 0.000000000000000000, -1.000000000000000000 ) ) ;
#2302 = COLOUR_RGB ( '',0.2509803921568627416, 0.2509803921568627416, 0.2509803921568627416 ) ;
#2303 = ORIENTED_EDGE ( 'NONE', *, *, #241, .T. ) ;
#2305 = FILL_AREA_STYLE ('',( #4223 ) ) ;
#2304 = UNCERTAINTY_MEASURE_WITH_UNIT (LENGTH_MEASURE( 1.000000000000000082E-05 ), #1400, 'distance_accuracy_value', 'NONE');
#2306 = AXIS2_PLACEMENT_3D ( 'NONE', #4035, #4325, #3543 ) ;
#2307 = CARTESIAN_POINT ( 'NONE',  ( -0.4000000000000000222, 0.1000000000000000056, 1.000000000000000000 ) ) ;
#2308 = EDGE_CURVE ( 'NONE', #164, #1434, #2902, .T. ) ;
#2309 = FACE_OUTER_BOUND ( 'NONE', #1570, .T. ) ;
#2310 = DIRECTION ( 'NONE',  ( -1.000000000000000000, 0.000000000000000000, 1.445602896647340100E-15 ) ) ;
#2311 = VERTEX_POINT ( 'NONE', #3702 ) ;
#2312 = AXIS2_PLACEMENT_3D ( 'NONE', #2068, #2502, #3645 ) ;
#2313 = LINE ( 'NONE', #1440, #41 ) ;
#2314 = DIRECTION ( 'NONE',  ( 0.000000000000000000, 0.000000000000000000, -1.000000000000000000 ) ) ;
#2315 = ORIENTED_EDGE ( 'NONE', *, *, #4264, .F. ) ;
#2316 = CARTESIAN_POINT ( 'NONE',  ( 0.1000000000000000056, 0.1000000000000000056, -1.000000000000000000 ) ) ;
#2317 = CARTESIAN_POINT ( 'NONE',  ( -0.8499999999999999778, 0.05000000000000000278, 1.000000000000000000 ) ) ;
#2318 = PRESENTATION_STYLE_ASSIGNMENT (( #2267 ) ) ;
#2319 = EDGE_LOOP ( 'NONE', ( #353, #1944, #2100, #3920 ) ) ;
#2320 = UNCERTAINTY_MEASURE_WITH_UNIT (LENGTH_MEASURE( 1.000000000000000082E-05 ), #139, 'distance_accuracy_value', 'NONE');
#2321 = DIRECTION ( 'NONE',  ( 0.000000000000000000, 0.000000000000000000, -1.000000000000000000 ) ) ;
#2322 = PRESENTATION_LAYER_ASSIGNMENT (  '', '', ( #745 ) ) ;
#2323 = ORIENTED_EDGE ( 'NONE', *, *, #4537, .F. ) ;
#2324 = ORIENTED_EDGE ( 'NONE', *, *, #3271, .F. ) ;
#2325 = CARTESIAN_POINT ( 'NONE',  ( 0.7249999999999999778, 0.1000000000000000056, -0.6750000000000000444 ) ) ;
#2326 = DIRECTION ( 'NONE',  ( 0.000000000000000000, 1.000000000000000000, 0.000000000000000000 ) ) ;
#2327 = DIRECTION ( 'NONE',  ( 0.000000000000000000, 0.000000000000000000, -1.000000000000000000 ) ) ;
#2328 = FACE_OUTER_BOUND ( 'NONE', #3343, .T. ) ;
#2329 = ORIENTED_EDGE ( 'NONE', *, *, #3208, .F. ) ;
#2330 = PLANE ( 'NONE',  #2903 ) ;
#2331 = CARTESIAN_POINT ( 'NONE',  ( 0.8499999999999999778, 0.1000000000000000056, 1.000000000000000000 ) ) ;
#2332 = FILL_AREA_STYLE_COLOUR ( '', #886 ) ;
#2333 = LINE ( 'NONE', #388, #1920 ) ;
#2334 = ORIENTED_EDGE ( 'NONE', *, *, #2593, .F. ) ;
#2335 = ORIENTED_EDGE ( 'NONE', *, *, #1380, .T. ) ;
#2336 = LINE ( 'NONE', #346, #2261 ) ;
#2337 = LINE ( 'NONE', #3911, #1446 ) ;
#2338 = STYLED_ITEM ( 'NONE', ( #266 ), #4620 ) ;
#2339 = LINE ( 'NONE', #2287, #209 ) ;
#2340 = FACE_OUTER_BOUND ( 'NONE', #2693, .T. ) ;
#2341 = VECTOR ( 'NONE', #2104, 1000.000000000000000 ) ;
#2342 = VECTOR ( 'NONE', #3496, 1000.000000000000000 ) ;
#2343 = DIRECTION ( 'NONE',  ( 1.000000000000000000, 0.000000000000000000, 0.000000000000000000 ) ) ;
#2344 = EDGE_LOOP ( 'NONE', ( #2846, #4526, #1737, #142 ) ) ;
#2345 = CARTESIAN_POINT ( 'NONE',  ( 1.000000000000000000, 0.1000000000000000056, -0.3499999999999999778 ) ) ;
#2346 =( NAMED_UNIT ( * ) SI_UNIT ( $, .STERADIAN. ) SOLID_ANGLE_UNIT ( ) );
#2347 = ORIENTED_EDGE ( 'NONE', *, *, #2131, .F. ) ;
#2348 = ORIENTED_EDGE ( 'NONE', *, *, #2257, .F. ) ;
#2349 = CARTESIAN_POINT ( 'NONE',  ( 0.5999999999999999778, 0.1000000000000000056, -0.6750000000000000444 ) ) ;
#2350 = CARTESIAN_POINT ( 'NONE',  ( -1.000000000000000000, 0.05000000000000000278, 1.000000000000000000 ) ) ;
#2351 = UNCERTAINTY_MEASURE_WITH_UNIT (LENGTH_MEASURE( 1.000000000000000082E-05 ), #3633, 'distance_accuracy_value', 'NONE');
#2352 = PLANE ( 'NONE',  #2933 ) ;
#2353 = ADVANCED_FACE ( 'NONE', ( #4131 ), #3750, .T. ) ;
#2354 = DIRECTION ( 'NONE',  ( -1.668003342285400130E-15, 0.000000000000000000, -1.000000000000000000 ) ) ;
#2355 = ORIENTED_EDGE ( 'NONE', *, *, #1711, .T. ) ;
#2356 = VECTOR ( 'NONE', #178, 1000.000000000000000 ) ;
#2357 = PLANE ( 'NONE',  #4553 ) ;
#2358 =( NAMED_UNIT ( * ) PLANE_ANGLE_UNIT ( ) SI_UNIT ( $, .RADIAN. ) );
#2359 =( LENGTH_UNIT ( ) NAMED_UNIT ( * ) SI_UNIT ( .MILLI., .METRE. ) );
#2360 = EDGE_CURVE ( 'NONE', #3218, #3149, #453, .T. ) ;
#2361 = SURFACE_STYLE_FILL_AREA ( #4308 ) ;
#2362 = DIRECTION ( 'NONE',  ( 0.000000000000000000, -1.000000000000000000, 0.000000000000000000 ) ) ;
#2363 = ORIENTED_EDGE ( 'NONE', *, *, #3287, .T. ) ;
#2364 = LINE ( 'NONE', #780, #4309 ) ;
#2365 = DIRECTION ( 'NONE',  ( 0.000000000000000000, -1.000000000000000000, 0.000000000000000000 ) ) ;
#2366 = ORIENTED_EDGE ( 'NONE', *, *, #980, .F. ) ;
#2367 = CARTESIAN_POINT ( 'NONE',  ( 0.8499999999999999778, 0.1000000000000000056, -1.000000000000000000 ) ) ;
#2368 = ADVANCED_FACE ( 'NONE', ( #4641 ), #813, .F. ) ;
#2369 = CARTESIAN_POINT ( 'NONE',  ( -0.8499999999999999778, 0.1000000000000000056, 1.000000000000000000 ) ) ;
#2370 = DIRECTION ( 'NONE',  ( 0.000000000000000000, -1.000000000000000000, 0.000000000000000000 ) ) ;
#2371 = ORIENTED_EDGE ( 'NONE', *, *, #1592, .F. ) ;
#2372 = FILL_AREA_STYLE_COLOUR ( '', #2005 ) ;
#2373 = EDGE_CURVE ( 'NONE', #534, #1218, #2624, .T. ) ;
#2374 = ORIENTED_EDGE ( 'NONE', *, *, #3804, .T. ) ;
#2375 = CLOSED_SHELL ( 'NONE', ( #3228, #4909, #2277, #3595, #3195, #4822 ) ) ;
#2376 = STYLED_ITEM ( 'NONE', ( #1292 ), #1202 ) ;
#2377 = FILL_AREA_STYLE_COLOUR ( '', #3554 ) ;
#2378 = STYLED_ITEM ( 'NONE', ( #2814 ), #2353 ) ;
#2379 = PRESENTATION_STYLE_ASSIGNMENT (( #4649 ) ) ;
#2380 = COLOUR_RGB ( '',0.2509803921568627416, 0.2509803921568627416, 0.2509803921568627416 ) ;
#2381 = ORIENTED_EDGE ( 'NONE', *, *, #3502, .T. ) ;
#2382 = PRESENTATION_LAYER_ASSIGNMENT (  '', '', ( #3286 ) ) ;
#2383 = SURFACE_STYLE_FILL_AREA ( #2305 ) ;
#2384 = CARTESIAN_POINT ( 'NONE',  ( 0.8499999999999999778, 0.05000000000000000278, -2.457524924300484737E-15 ) ) ;
#2385 = DIRECTION ( 'NONE',  ( 1.000000000000000000, 0.000000000000000000, 3.942553354492735149E-16 ) ) ;
#2386 = CARTESIAN_POINT ( 'NONE',  ( -1.000000000000000000, 0.1000000000000000056, -0.5500000000000000444 ) ) ;
#2387 = COLOUR_RGB ( '',0.7529411764705882248, 0.7529411764705882248, 0.7529411764705882248 ) ;
#2388 =( NAMED_UNIT ( * ) SI_UNIT ( $, .STERADIAN. ) SOLID_ANGLE_UNIT ( ) );
#2389 = VERTEX_POINT ( 'NONE', #3122 ) ;
#2390 = LINE ( 'NONE', #3613, #2825 ) ;
#2391 = ORIENTED_EDGE ( 'NONE', *, *, #1739, .T. ) ;
#2392 = LINE ( 'NONE', #4693, #2184 ) ;
#2393 = CARTESIAN_POINT ( 'NONE',  ( 0.8499999999999999778, 0.1000000000000000056, 1.000000000000000000 ) ) ;
#2394 = DIRECTION ( 'NONE',  ( 0.000000000000000000, -1.000000000000000000, 0.000000000000000000 ) ) ;
#2395 = VERTEX_POINT ( 'NONE', #1173 ) ;
#2396 = CIRCLE ( 'NONE', #3644, 0.1000000000000000472 ) ;
#2397 = CARTESIAN_POINT ( 'NONE',  ( 0.5999999999999999778, 0.05000000000000000278, 0.6750000000000000444 ) ) ;
#2398 =( GEOMETRIC_REPRESENTATION_CONTEXT ( 3 ) GLOBAL_UNCERTAINTY_ASSIGNED_CONTEXT ( ( #3152 ) ) GLOBAL_UNIT_ASSIGNED_CONTEXT ( ( #2863, #4351, #3203 ) ) REPRESENTATION_CONTEXT ( 'NONE', 'WORKASPACE' ) );
#2399 = ORIENTED_EDGE ( 'NONE', *, *, #4444, .T. ) ;
#2400 = VECTOR ( 'NONE', #3469, 1000.000000000000000 ) ;
#2401 = CARTESIAN_POINT ( 'NONE',  ( 0.8499999999999999778, 0.1000000000000000056, 1.000000000000000000 ) ) ;
#2402 = PLANE ( 'NONE',  #5007 ) ;
#2403 = CARTESIAN_POINT ( 'NONE',  ( 1.000000000000000000, 0.1000000000000000056, 0.5500000000000000444 ) ) ;
#2404 = LINE ( 'NONE', #58, #3865 ) ;
#2405 = VECTOR ( 'NONE', #1601, 1000.000000000000000 ) ;
#2406 = VECTOR ( 'NONE', #3425, 1000.000000000000000 ) ;
#2407 = PRESENTATION_LAYER_ASSIGNMENT (  '', '', ( #739 ) ) ;
#2408 = EDGE_LOOP ( 'NONE', ( #4636, #1529, #4965, #583 ) ) ;
#2409 = DIRECTION ( 'NONE',  ( 1.445602896647340100E-15, 0.000000000000000000, 1.000000000000000000 ) ) ;
#2410 = CARTESIAN_POINT ( 'NONE',  ( -1.000000000000000000, 0.000000000000000000, -0.8499999999999999778 ) ) ;
#2411 = CARTESIAN_POINT ( 'NONE',  ( 0.7249999999999999778, 0.1000000000000000056, -0.1000000000000000056 ) ) ;
#2412 = CARTESIAN_POINT ( 'NONE',  ( -0.5999999999999999778, 0.1000000000000000056, -1.000000000000000000 ) ) ;
#2413 = VERTEX_POINT ( 'NONE', #2423 ) ;
#2414 = DIRECTION ( 'NONE',  ( -1.000000000000000000, 0.000000000000000000, 1.734723475976805122E-15 ) ) ;
#2415 = PLANE ( 'NONE',  #2084 ) ;
#2416 = LINE ( 'NONE', #4287, #3696 ) ;
#2417 = FACE_OUTER_BOUND ( 'NONE', #4609, .T. ) ;
#2418 = ADVANCED_FACE ( 'NONE', ( #1197 ), #1147, .T. ) ;
#2419 = EDGE_CURVE ( 'NONE', #2937, #3233, #2010, .T. ) ;
#2420 = SURFACE_STYLE_FILL_AREA ( #2087 ) ;
#2421 =( NAMED_UNIT ( * ) PLANE_ANGLE_UNIT ( ) SI_UNIT ( $, .RADIAN. ) );
#2422 = VERTEX_POINT ( 'NONE', #1614 ) ;
#2423 = CARTESIAN_POINT ( 'NONE',  ( 1.000000000000000000, 0.05000000000000000278, 0.8499999999999999778 ) ) ;
#2424 = SURFACE_SIDE_STYLE ('',( #867 ) ) ;
#2425 = ADVANCED_FACE ( 'NONE', ( #1984 ), #3560, .F. ) ;
#2426 = COLOUR_RGB ( '',0.2509803921568627416, 0.2509803921568627416, 0.2509803921568627416 ) ;
#2427 = EDGE_LOOP ( 'NONE', ( #3689, #3158, #5051, #945 ) ) ;
#2428 = VECTOR ( 'NONE', #3784, 1000.000000000000000 ) ;
#2429 =( LENGTH_UNIT ( ) NAMED_UNIT ( * ) SI_UNIT ( .MILLI., .METRE. ) );
#2430 = ADVANCED_FACE ( 'NONE', ( #1663 ), #4801, .T. ) ;
#2431 = LINE ( 'NONE', #4011, #1638 ) ;
#2432 = COLOUR_RGB ( '',0.2509803921568627416, 0.2509803921568627416, 0.2509803921568627416 ) ;
#2433 = ORIENTED_EDGE ( 'NONE', *, *, #4293, .T. ) ;
#2434 = ORIENTED_EDGE ( 'NONE', *, *, #440, .T. ) ;
#2435 = EDGE_CURVE ( 'NONE', #3530, #4376, #500, .T. ) ;
#2436 = DIRECTION ( 'NONE',  ( 0.000000000000000000, -1.000000000000000000, 0.000000000000000000 ) ) ;
#2437 = FILL_AREA_STYLE ('',( #2490 ) ) ;
#2438 = PLANE ( 'NONE',  #1985 ) ;
#2439 = VECTOR ( 'NONE', #152, 1000.000000000000000 ) ;
#2440 = CARTESIAN_POINT ( 'NONE',  ( -0.7249999999999999778, 0.1000000000000000056, 0.2250000000000000056 ) ) ;
#2441 = MECHANICAL_DESIGN_GEOMETRIC_PRESENTATION_REPRESENTATION (  '', ( #2771 ), #530 ) ;
#2442 = ADVANCED_FACE ( 'NONE', ( #2477 ), #2501, .T. ) ;
#2443 = ORIENTED_EDGE ( 'NONE', *, *, #4083, .F. ) ;
#2444 = FACE_OUTER_BOUND ( 'NONE', #2792, .T. ) ;
#2445 = CARTESIAN_POINT ( 'NONE',  ( 0.5999999999999999778, 0.1000000000000000056, -1.000000000000000000 ) ) ;
#2446 = CYLINDRICAL_SURFACE ( 'NONE', #922, 0.1250000000000000000 ) ;
#2447 = EDGE_CURVE ( 'NONE', #2974, #4130, #939, .T. ) ;
#2448 = CARTESIAN_POINT ( 'NONE',  ( 0.1000000000000000056, 0.000000000000000000, -1.000000000000000000 ) ) ;
#2449 = CARTESIAN_POINT ( 'NONE',  ( -0.8499999999999999778, 0.1000000000000000056, -0.8499999999999999778 ) ) ;
#2450 = ORIENTED_EDGE ( 'NONE', *, *, #4473, .T. ) ;
#2451 = EDGE_CURVE ( 'NONE', #2806, #4429, #2547, .T. ) ;
#2452 = DIRECTION ( 'NONE',  ( 1.445602896647332014E-15, 0.000000000000000000, -1.000000000000000000 ) ) ;
#2453 = DIRECTION ( 'NONE',  ( 0.000000000000000000, 0.000000000000000000, -1.000000000000000000 ) ) ;
#2454 = DIRECTION ( 'NONE',  ( 1.000000000000000000, 0.000000000000000000, -2.316250095764480076E-15 ) ) ;
#2455 = ORIENTED_EDGE ( 'NONE', *, *, #4712, .T. ) ;
#2456 = UNCERTAINTY_MEASURE_WITH_UNIT (LENGTH_MEASURE( 1.000000000000000082E-05 ), #4330, 'distance_accuracy_value', 'NONE');
#2457 = VERTEX_POINT ( 'NONE', #3294 ) ;
#2458 = PLANE ( 'NONE',  #3120 ) ;
#2459 = AXIS2_PLACEMENT_3D ( 'NONE', #3556, #1222, #73 ) ;
#2460 = STYLED_ITEM ( 'NONE', ( #4356 ), #154 ) ;
#2461 = DIRECTION ( 'NONE',  ( 1.000000000000000000, 0.000000000000000000, 0.000000000000000000 ) ) ;
#2462 = PLANE ( 'NONE',  #4433 ) ;
#2463 = CYLINDRICAL_SURFACE ( 'NONE', #2756, 0.1250000000000000000 ) ;
#2464 = PRESENTATION_LAYER_ASSIGNMENT (  '', '', ( #3699 ) ) ;
#2465 = AXIS2_PLACEMENT_3D ( 'NONE', #4750, #29, #1585 ) ;
#2466 = ORIENTED_EDGE ( 'NONE', *, *, #1986, .T. ) ;
#2467 = DIRECTION ( 'NONE',  ( 0.000000000000000000, 0.000000000000000000, -1.000000000000000000 ) ) ;
#2468 = LINE ( 'NONE', #4385, #1158 ) ;
#2469 = SURFACE_STYLE_FILL_AREA ( #3265 ) ;
#2470 = FILL_AREA_STYLE ('',( #4023 ) ) ;
#2471 = PRESENTATION_LAYER_ASSIGNMENT (  '', '', ( #3047 ) ) ;
#2472 = UNCERTAINTY_MEASURE_WITH_UNIT (LENGTH_MEASURE( 1.000000000000000082E-05 ), #2938, 'distance_accuracy_value', 'NONE');
#2473 = CARTESIAN_POINT ( 'NONE',  ( -0.8499999999999999778, 0.1000000000000000056, -0.8499999999999999778 ) ) ;
#2474 = VECTOR ( 'NONE', #4448, 1000.000000000000000 ) ;
#2475 = FILL_AREA_STYLE_COLOUR ( '', #4522 ) ;
#2476 = ORIENTED_EDGE ( 'NONE', *, *, #1055, .T. ) ;
#2477 = FACE_OUTER_BOUND ( 'NONE', #4730, .T. ) ;
#2478 = EDGE_CURVE ( 'NONE', #263, #4144, #181, .T. ) ;
#2479 = CARTESIAN_POINT ( 'NONE',  ( -1.000000000000000000, 0.05000000000000000278, 1.000000000000000000 ) ) ;
#2480 = ADVANCED_FACE ( 'NONE', ( #4872 ), #4495, .T. ) ;
#2481 =( NAMED_UNIT ( * ) SI_UNIT ( $, .STERADIAN. ) SOLID_ANGLE_UNIT ( ) );
#2482 = PRESENTATION_STYLE_ASSIGNMENT (( #889 ) ) ;
#2483 = EDGE_CURVE ( 'NONE', #2662, #2578, #4942, .T. ) ;
#2484 = DIRECTION ( 'NONE',  ( -1.000000000000000000, 0.000000000000000000, -7.392287539673879884E-16 ) ) ;
#2485 = VECTOR ( 'NONE', #463, 1000.000000000000000 ) ;
#2486 = VERTEX_POINT ( 'NONE', #1421 ) ;
#2487 = ORIENTED_EDGE ( 'NONE', *, *, #2373, .F. ) ;
#2488 = EDGE_LOOP ( 'NONE', ( #1837, #452, #4086, #2942 ) ) ;
#2489 = CARTESIAN_POINT ( 'NONE',  ( -0.8499999999999999778, 0.1000000000000000056, -1.000000000000000000 ) ) ;
#2490 = FILL_AREA_STYLE_COLOUR ( '', #2057 ) ;
#2491 = CARTESIAN_POINT ( 'NONE',  ( 0.7249999999999999778, 0.000000000000000000, 0.2250000000000000056 ) ) ;
#2492 = VECTOR ( 'NONE', #2365, 1000.000000000000000 ) ;
#2493 = CYLINDRICAL_SURFACE ( 'NONE', #762, 0.1250000000000000000 ) ;
#2494 = ORIENTED_EDGE ( 'NONE', *, *, #3125, .F. ) ;
#2495 = CARTESIAN_POINT ( 'NONE',  ( -0.8499999999999999778, 0.1000000000000000056, -1.000000000000000000 ) ) ;
#2496 = DIRECTION ( 'NONE',  ( -1.000000000000000000, 0.000000000000000000, -7.392287539673879884E-16 ) ) ;
#2497 = SURFACE_STYLE_USAGE ( .BOTH. , #3615 ) ;
#2498 = CARTESIAN_POINT ( 'NONE',  ( 0.4000000000000000222, 0.1000000000000000056, 1.000000000000000000 ) ) ;
#2499 = CARTESIAN_POINT ( 'NONE',  ( 0.5999999999999999778, 0.1000000000000000056, -1.000000000000000000 ) ) ;
#2500 = ORIENTED_EDGE ( 'NONE', *, *, #2816, .F. ) ;
#2501 = PLANE ( 'NONE',  #2025 ) ;
#2502 = DIRECTION ( 'NONE',  ( -1.971276677246365208E-15, 0.000000000000000000, -1.000000000000000000 ) ) ;
#2503 = VECTOR ( 'NONE', #748, 1000.000000000000114 ) ;
#2504 =( NAMED_UNIT ( * ) PLANE_ANGLE_UNIT ( ) SI_UNIT ( $, .RADIAN. ) );
#2505 = MECHANICAL_DESIGN_GEOMETRIC_PRESENTATION_REPRESENTATION (  '', ( #514 ), #1587 ) ;
#2506 =( NAMED_UNIT ( * ) PLANE_ANGLE_UNIT ( ) SI_UNIT ( $, .RADIAN. ) );
#2507 = SURFACE_STYLE_FILL_AREA ( #1334 ) ;
#2508 = ORIENTED_EDGE ( 'NONE', *, *, #2290, .F. ) ;
#2509 = VECTOR ( 'NONE', #1372, 1000.000000000000000 ) ;
#2510 = ORIENTED_EDGE ( 'NONE', *, *, #4851, .T. ) ;
#2511 = ORIENTED_EDGE ( 'NONE', *, *, #5, .T. ) ;
#2512 = CARTESIAN_POINT ( 'NONE',  ( 0.8499999999999999778, 0.1000000000000000056, -0.8499999999999999778 ) ) ;
#2513 =( GEOMETRIC_REPRESENTATION_CONTEXT ( 3 ) GLOBAL_UNCERTAINTY_ASSIGNED_CONTEXT ( ( #1939 ) ) GLOBAL_UNIT_ASSIGNED_CONTEXT ( ( #3533, #5024, #2815 ) ) REPRESENTATION_CONTEXT ( 'NONE', 'WORKASPACE' ) );
#2514 = EDGE_CURVE ( 'NONE', #3922, #4429, #1085, .T. ) ;
#2515 = FACE_OUTER_BOUND ( 'NONE', #1750, .T. ) ;
#2516 = EDGE_CURVE ( 'NONE', #4427, #3018, #272, .T. ) ;
#2517 =( LENGTH_UNIT ( ) NAMED_UNIT ( * ) SI_UNIT ( .MILLI., .METRE. ) );
#2518 = EDGE_CURVE ( 'NONE', #3448, #2923, #3505, .T. ) ;
#2519 = ADVANCED_FACE ( 'NONE', ( #2188 ), #1467, .T. ) ;
#2520 = ORIENTED_EDGE ( 'NONE', *, *, #2435, .F. ) ;
#2521 = VECTOR ( 'NONE', #1831, 1000.000000000000000 ) ;
#2522 = EDGE_CURVE ( 'NONE', #1398, #3909, #1812, .T. ) ;
#2523 = LINE ( 'NONE', #2109, #4724 ) ;
#2524 = FACE_OUTER_BOUND ( 'NONE', #2637, .T. ) ;
#2525 = ADVANCED_FACE ( 'NONE', ( #1029 ), #3444, .F. ) ;
#2526 = EDGE_CURVE ( 'NONE', #3838, #1339, #2166, .T. ) ;
#2527 = CARTESIAN_POINT ( 'NONE',  ( 0.1000000000000000056, 0.1000000000000000056, -1.000000000000000000 ) ) ;
#2528 = ORIENTED_EDGE ( 'NONE', *, *, #123, .F. ) ;
#2529 = FILL_AREA_STYLE ('',( #4418 ) ) ;
#2530 = LINE ( 'NONE', #4097, #3370 ) ;
#2531 = ORIENTED_EDGE ( 'NONE', *, *, #4865, .F. ) ;
#2532 = ORIENTED_EDGE ( 'NONE', *, *, #3340, .T. ) ;
#2533 = VERTEX_POINT ( 'NONE', #2807 ) ;
#2534 = CARTESIAN_POINT ( 'NONE',  ( -1.000000000000000000, 0.000000000000000000, 0.8499999999999999778 ) ) ;
#2535 = CARTESIAN_POINT ( 'NONE',  ( -0.8499999999999999778, 0.1000000000000000056, -0.8499999999999999778 ) ) ;
#2536 = CARTESIAN_POINT ( 'NONE',  ( 0.4000000000000000222, 0.000000000000000000, 1.000000000000000000 ) ) ;
#2537 = FACE_OUTER_BOUND ( 'NONE', #1748, .T. ) ;
#2538 = ORIENTED_EDGE ( 'NONE', *, *, #2133, .F. ) ;
#2539 = LINE ( 'NONE', #1393, #2928 ) ;
#2540 =( GEOMETRIC_REPRESENTATION_CONTEXT ( 3 ) GLOBAL_UNCERTAINTY_ASSIGNED_CONTEXT ( ( #314 ) ) GLOBAL_UNIT_ASSIGNED_CONTEXT ( ( #3263, #2753, #803 ) ) REPRESENTATION_CONTEXT ( 'NONE', 'WORKASPACE' ) );
#2541 = VECTOR ( 'NONE', #337, 1000.000000000000000 ) ;
#2542 = VECTOR ( 'NONE', #2591, 1000.000000000000000 ) ;
#2543 = SURFACE_STYLE_USAGE ( .BOTH. , #984 ) ;
#2544 = LINE ( 'NONE', #598, #3406 ) ;
#2545 = LINE ( 'NONE', #1736, #4054 ) ;
#2546 = ORIENTED_EDGE ( 'NONE', *, *, #1739, .F. ) ;
#2547 = LINE ( 'NONE', #3690, #2439 ) ;
#2548 = VECTOR ( 'NONE', #464, 1000.000000000000000 ) ;
#2549 = PRESENTATION_LAYER_ASSIGNMENT (  '', '', ( #4113 ) ) ;
#2550 = DIRECTION ( 'NONE',  ( 1.000802005371239959E-15, 0.000000000000000000, -1.000000000000000000 ) ) ;
#2551 = VECTOR ( 'NONE', #1567, 1000.000000000000000 ) ;
#2552 = FILL_AREA_STYLE ('',( #4877 ) ) ;
#2553 = ORIENTED_EDGE ( 'NONE', *, *, #2156, .T. ) ;
#2554 = VECTOR ( 'NONE', #1689, 1000.000000000000000 ) ;
#2555 = ORIENTED_EDGE ( 'NONE', *, *, #3602, .T. ) ;
#2556 = EDGE_LOOP ( 'NONE', ( #1619, #2371, #2149, #1609 ) ) ;
#2557 = DIRECTION ( 'NONE',  ( 0.000000000000000000, 0.000000000000000000, -1.000000000000000000 ) ) ;
#2558 = LINE ( 'NONE', #587, #1891 ) ;
#2559 = AXIS2_PLACEMENT_3D ( 'NONE', #853, #2831, #874 ) ;
#2560 = FILL_AREA_STYLE_COLOUR ( '', #119 ) ;
#2561 = DIRECTION ( 'NONE',  ( 0.000000000000000000, 0.000000000000000000, -1.000000000000000000 ) ) ;
#2562 = SURFACE_STYLE_USAGE ( .BOTH. , #2982 ) ;
#2563 = VERTEX_POINT ( 'NONE', #3969 ) ;
#2564 = VECTOR ( 'NONE', #1509, 1000.000000000000000 ) ;
#2565 = VECTOR ( 'NONE', #937, 1000.000000000000000 ) ;
#2566 =( LENGTH_UNIT ( ) NAMED_UNIT ( * ) SI_UNIT ( .MILLI., .METRE. ) );
#2567 = DIRECTION ( 'NONE',  ( 9.757819552369541878E-16, 0.000000000000000000, 1.000000000000000000 ) ) ;
#2568 = CARTESIAN_POINT ( 'NONE',  ( 0.5999999999999999778, 0.1000000000000000056, 1.000000000000000000 ) ) ;
#2569 = VECTOR ( 'NONE', #3935, 1000.000000000000000 ) ;
#2570 = LINE ( 'NONE', #2163, #2356 ) ;
#2571 = EDGE_CURVE ( 'NONE', #2867, #3988, #5045, .T. ) ;
#2572 = ORIENTED_EDGE ( 'NONE', *, *, #2514, .T. ) ;
#2573 = CARTESIAN_POINT ( 'NONE',  ( -1.000000000000000000, 0.05000000000000000278, 1.000000000000000000 ) ) ;
#2574 = EDGE_CURVE ( 'NONE', #1404, #2937, #3886, .T. ) ;
#2575 = FACE_OUTER_BOUND ( 'NONE', #5059, .T. ) ;
#2576 = DIRECTION ( 'NONE',  ( -0.000000000000000000, 1.000000000000000000, 0.000000000000000000 ) ) ;
#2577 = EDGE_CURVE ( 'NONE', #4661, #4150, #2339, .T. ) ;
#2578 = VERTEX_POINT ( 'NONE', #807 ) ;
#2579 = ORIENTED_EDGE ( 'NONE', *, *, #1590, .T. ) ;
#2580 = LINE ( 'NONE', #4545, #230 ) ;
#2581 = VERTEX_POINT ( 'NONE', #4288 ) ;
#2582 = ADVANCED_FACE ( 'NONE', ( #1142 ), #1219, .F. ) ;
#2583 = CARTESIAN_POINT ( 'NONE',  ( -0.7249999999999999778, 0.1000000000000000056, -0.3499999999999999778 ) ) ;
#2584 = CARTESIAN_POINT ( 'NONE',  ( 0.5999999999999999778, 0.1000000000000000056, 0.6750000000000000444 ) ) ;
#2585 = DIRECTION ( 'NONE',  ( 1.000000000000000000, 0.000000000000000000, 0.000000000000000000 ) ) ;
#2586 = LINE ( 'NONE', #2874, #2884 ) ;
#2587 =( NAMED_UNIT ( * ) SI_UNIT ( $, .STERADIAN. ) SOLID_ANGLE_UNIT ( ) );
#2588 = COLOUR_RGB ( '',0.2509803921568627416, 0.2509803921568627416, 0.2509803921568627416 ) ;
#2589 = ORIENTED_EDGE ( 'NONE', *, *, #4111, .T. ) ;
#2590 = ADVANCED_FACE ( 'NONE', ( #47 ), #1496, .T. ) ;
#2591 = DIRECTION ( 'NONE',  ( 0.000000000000000000, 0.000000000000000000, -1.000000000000000000 ) ) ;
#2592 = LINE ( 'NONE', #3006, #2521 ) ;
#2593 = EDGE_CURVE ( 'NONE', #1199, #7, #2392, .T. ) ;
#2594 = CARTESIAN_POINT ( 'NONE',  ( -1.000000000000000000, 0.000000000000000000, -0.8499999999999999778 ) ) ;
#2595 = DIRECTION ( 'NONE',  ( 0.000000000000000000, 1.000000000000000000, 0.000000000000000000 ) ) ;
#2596 = DIRECTION ( 'NONE',  ( 0.000000000000000000, -1.000000000000000000, 0.000000000000000000 ) ) ;
#2597 = ORIENTED_EDGE ( 'NONE', *, *, #3867, .T. ) ;
#2598 =( LENGTH_UNIT ( ) NAMED_UNIT ( * ) SI_UNIT ( .MILLI., .METRE. ) );
#2599 = VECTOR ( 'NONE', #3524, 1000.000000000000000 ) ;
#2600 = FILL_AREA_STYLE ('',( #3764 ) ) ;
#2601 = STYLED_ITEM ( 'NONE', ( #1809 ), #734 ) ;
#2602 = CARTESIAN_POINT ( 'NONE',  ( 0.7249999999999999778, 0.05000000000000000278, -0.3499999999999999778 ) ) ;
#2603 = EDGE_CURVE ( 'NONE', #2046, #2839, #3114, .T. ) ;
#2604 = PRESENTATION_STYLE_ASSIGNMENT (( #993 ) ) ;
#2605 = ORIENTED_EDGE ( 'NONE', *, *, #4092, .F. ) ;
#2606 = ORIENTED_EDGE ( 'NONE', *, *, #2805, .T. ) ;
#2607 = LINE ( 'NONE', #1845, #3277 ) ;
#2608 =( LENGTH_UNIT ( ) NAMED_UNIT ( * ) SI_UNIT ( .MILLI., .METRE. ) );
#2609 = CARTESIAN_POINT ( 'NONE',  ( 0.7249999999999999778, 0.1000000000000000056, 0.6750000000000000444 ) ) ;
#2610 = CARTESIAN_POINT ( 'NONE',  ( -0.4000000000000000222, 0.1000000000000000056, 1.000000000000000000 ) ) ;
#2611 = CARTESIAN_POINT ( 'NONE',  ( -0.1000000000000000056, 0.1000000000000000056, -1.000000000000000000 ) ) ;
#2612 = VERTEX_POINT ( 'NONE', #2316 ) ;
#2613 = DIRECTION ( 'NONE',  ( -1.000000000000000000, 0.000000000000000000, 1.445602896647330042E-15 ) ) ;
#2614 = DIRECTION ( 'NONE',  ( 0.000000000000000000, -1.000000000000000000, 0.000000000000000000 ) ) ;
#2615 = SURFACE_STYLE_FILL_AREA ( #4889 ) ;
#2616 = DIRECTION ( 'NONE',  ( 0.000000000000000000, -1.000000000000000000, 0.000000000000000000 ) ) ;
#2617 = CARTESIAN_POINT ( 'NONE',  ( -1.000000000000000000, 0.1000000000000000056, 0.3499999999999999778 ) ) ;
#2618 = ORIENTED_EDGE ( 'NONE', *, *, #2976, .F. ) ;
#2619 = DIRECTION ( 'NONE',  ( -1.000000000000000000, 0.000000000000000000, 9.363564216920241542E-16 ) ) ;
#2620 = AXIS2_PLACEMENT_3D ( 'NONE', #237, #4610, #2682 ) ;
#2622 = DIRECTION ( 'NONE',  ( -1.668003342285400130E-15, 0.000000000000000000, -1.000000000000000000 ) ) ;
#2621 = SURFACE_STYLE_FILL_AREA ( #3299 ) ;
#2623 = VECTOR ( 'NONE', #1144, 1000.000000000000000 ) ;
#2624 = CIRCLE ( 'NONE', #883, 0.1250000000000000000 ) ;
#2625 = CARTESIAN_POINT ( 'NONE',  ( -0.5999999999999999778, 0.000000000000000000, -1.000000000000000000 ) ) ;
#2626 = EDGE_CURVE ( 'NONE', #2924, #1723, #4666, .T. ) ;
#2627 = MECHANICAL_DESIGN_GEOMETRIC_PRESENTATION_REPRESENTATION (  '', ( #3706 ), #165 ) ;
#2628 = FILL_AREA_STYLE_COLOUR ( '', #3989 ) ;
#2629 = ORIENTED_EDGE ( 'NONE', *, *, #972, .F. ) ;
#2630 = AXIS2_PLACEMENT_3D ( 'NONE', #2154, #539, #4064 ) ;
#2631 = VERTEX_POINT ( 'NONE', #1578 ) ;
#2632 = FACE_OUTER_BOUND ( 'NONE', #3791, .T. ) ;
#2633 = EDGE_CURVE ( 'NONE', #2533, #1206, #5073, .T. ) ;
#2634 = DIRECTION ( 'NONE',  ( 0.000000000000000000, -1.000000000000000000, 0.000000000000000000 ) ) ;
#2635 = CARTESIAN_POINT ( 'NONE',  ( -1.000000000000000000, 0.1000000000000000056, -0.5500000000000000444 ) ) ;
#2636 = APPLICATION_PROTOCOL_DEFINITION ( 'draft international standard', 'automotive_design', 1998, #581 ) ;
#2637 = EDGE_LOOP ( 'NONE', ( #4898, #4241, #3849, #3077 ) ) ;
#2638 = VECTOR ( 'NONE', #2634, 1000.000000000000000 ) ;
#2639 = PRESENTATION_STYLE_ASSIGNMENT (( #1051 ) ) ;
#2640 = CARTESIAN_POINT ( 'NONE',  ( 0.7249999999999999778, 0.1000000000000000056, -0.6750000000000000444 ) ) ;
#2641 = EDGE_CURVE ( 'NONE', #3315, #3239, #4339, .T. ) ;
#2642 = SURFACE_SIDE_STYLE ('',( #1054 ) ) ;
#2643 = DIRECTION ( 'NONE',  ( 0.000000000000000000, -1.000000000000000000, 0.000000000000000000 ) ) ;
#2644 = VERTEX_POINT ( 'NONE', #1610 ) ;
#2645 = CARTESIAN_POINT ( 'NONE',  ( -1.000000000000000000, 0.05000000000000000278, 1.000000000000000000 ) ) ;
#2646 =( NAMED_UNIT ( * ) SI_UNIT ( $, .STERADIAN. ) SOLID_ANGLE_UNIT ( ) );
#2647 = ORIENTED_EDGE ( 'NONE', *, *, #1588, .T. ) ;
#2648 = SURFACE_SIDE_STYLE ('',( #1637 ) ) ;
#2649 = VECTOR ( 'NONE', #1940, 1000.000000000000114 ) ;
#2650 = COLOUR_RGB ( '',0.7529411764705882248, 0.7529411764705882248, 0.7529411764705882248 ) ;
#2651 = DIRECTION ( 'NONE',  ( 0.000000000000000000, -1.000000000000000000, 0.000000000000000000 ) ) ;
#2652 = PLANE ( 'NONE',  #1979 ) ;
#2653 = DIRECTION ( 'NONE',  ( -1.000000000000000000, 0.000000000000000000, 0.000000000000000000 ) ) ;
#2654 = ORIENTED_EDGE ( 'NONE', *, *, #2282, .F. ) ;
#2655 = ORIENTED_EDGE ( 'NONE', *, *, #953, .F. ) ;
#2656 = PLANE ( 'NONE',  #4176 ) ;
#2657 = CARTESIAN_POINT ( 'NONE',  ( 0.5999999999999999778, 0.1000000000000000056, -1.000000000000000000 ) ) ;
#2658 = MECHANICAL_DESIGN_GEOMETRIC_PRESENTATION_REPRESENTATION (  '', ( #1079 ), #1824 ) ;
#2659 = CARTESIAN_POINT ( 'NONE',  ( 0.000000000000000000, 0.05000000000000000278, 0.000000000000000000 ) ) ;
#2660 = EDGE_CURVE ( 'NONE', #1004, #4809, #363, .T. ) ;
#2661 = DIRECTION ( 'NONE',  ( 1.000000000000000000, 0.000000000000000000, 0.000000000000000000 ) ) ;
#2662 = VERTEX_POINT ( 'NONE', #4741 ) ;
#2663 = EDGE_CURVE ( 'NONE', #1141, #517, #2523, .T. ) ;
#2664 = DIRECTION ( 'NONE',  ( -1.000000000000000000, 0.000000000000000000, 7.885106708985500867E-16 ) ) ;
#2665 = EDGE_CURVE ( 'NONE', #1616, #1229, #469, .T. ) ;
#2666 = ADVANCED_FACE ( 'NONE', ( #2417 ), #1346, .T. ) ;
#2667 = LINE ( 'NONE', #3878, #2152 ) ;
#2668 = EDGE_CURVE ( 'NONE', #994, #1884, #2126, .T. ) ;
#2669 = PRESENTATION_LAYER_ASSIGNMENT (  '', '', ( #4945 ) ) ;
#2670 = LINE ( 'NONE', #344, #271 ) ;
#2671 = EDGE_LOOP ( 'NONE', ( #2157, #612 ) ) ;
#2672 =( LENGTH_UNIT ( ) NAMED_UNIT ( * ) SI_UNIT ( .MILLI., .METRE. ) );
#2673 = AXIS2_PLACEMENT_3D ( 'NONE', #3611, #833, #2414 ) ;
#2674 = FACE_OUTER_BOUND ( 'NONE', #2263, .T. ) ;
#2675 = VERTEX_POINT ( 'NONE', #860 ) ;
#2676 = DIRECTION ( 'NONE',  ( -9.363564216920241542E-16, 0.000000000000000000, -1.000000000000000000 ) ) ;
#2677 = ADVANCED_FACE ( 'NONE', ( #879 ), #4386, .F. ) ;
#2678 = DIRECTION ( 'NONE',  ( -2.891205793294690455E-15, 0.000000000000000000, -1.000000000000000000 ) ) ;
#2679 = VECTOR ( 'NONE', #220, 1000.000000000000000 ) ;
#2680 = CARTESIAN_POINT ( 'NONE',  ( -1.000000000000000000, 0.1000000000000000056, -0.5500000000000000444 ) ) ;
#2681 = EDGE_LOOP ( 'NONE', ( #2323, #4082, #683, #3098 ) ) ;
#2682 = DIRECTION ( 'NONE',  ( 0.000000000000000000, -1.000000000000000000, 0.000000000000000000 ) ) ;
#2683 = STYLED_ITEM ( 'NONE', ( #4893 ), #2519 ) ;
#2684 = SURFACE_SIDE_STYLE ('',( #1092 ) ) ;
#2685 = ORIENTED_EDGE ( 'NONE', *, *, #4771, .T. ) ;
#2686 = ORIENTED_EDGE ( 'NONE', *, *, #3657, .T. ) ;
#2687 = EDGE_CURVE ( 'NONE', #1591, #1699, #100, .T. ) ;
#2688 = FILL_AREA_STYLE_COLOUR ( '', #1704 ) ;
#2689 = DIRECTION ( 'NONE',  ( -0.000000000000000000, 1.000000000000000000, 0.000000000000000000 ) ) ;
#2690 = DIRECTION ( 'NONE',  ( 0.000000000000000000, 0.000000000000000000, -1.000000000000000000 ) ) ;
#2691 = CARTESIAN_POINT ( 'NONE',  ( -0.7249999999999999778, 0.05000000000000000278, 0.5500000000000000444 ) ) ;
#2692 = PLANE ( 'NONE',  #4617 ) ;
#2693 = EDGE_LOOP ( 'NONE', ( #1983, #3351, #300, #3153 ) ) ;
#2694 = FACE_BOUND ( 'NONE', #582, .T. ) ;
#2695 = UNCERTAINTY_MEASURE_WITH_UNIT (LENGTH_MEASURE( 1.000000000000000082E-05 ), #2040, 'distance_accuracy_value', 'NONE');
#2696 = ORIENTED_EDGE ( 'NONE', *, *, #1479, .T. ) ;
#2697 = LINE ( 'NONE', #4604, #680 ) ;
#2698 = PRESENTATION_STYLE_ASSIGNMENT (( #3112 ) ) ;
#2699 = VERTEX_POINT ( 'NONE', #3242 ) ;
#2700 = DIRECTION ( 'NONE',  ( 0.000000000000000000, 0.000000000000000000, -1.000000000000000000 ) ) ;
#2701 = CARTESIAN_POINT ( 'NONE',  ( 0.8499999999999999778, 0.000000000000000000, 1.000000000000000000 ) ) ;
#2702 = VECTOR ( 'NONE', #3683, 1000.000000000000000 ) ;
#2703 = VECTOR ( 'NONE', #931, 1000.000000000000000 ) ;
#2704 = FACE_OUTER_BOUND ( 'NONE', #1374, .T. ) ;
#2705 = ORIENTED_EDGE ( 'NONE', *, *, #1592, .T. ) ;
#2706 = FILL_AREA_STYLE ('',( #3916 ) ) ;
#2707 = VECTOR ( 'NONE', #3102, 1000.000000000000000 ) ;
#2708 = VERTEX_POINT ( 'NONE', #1657 ) ;
#2709 = ORIENTED_EDGE ( 'NONE', *, *, #1205, .T. ) ;
#2710 = STYLED_ITEM ( 'NONE', ( #4834 ), #3621 ) ;
#2711 = DIRECTION ( 'NONE',  ( 1.000000000000000000, 0.000000000000000000, 0.000000000000000000 ) ) ;
#2712 = UNCERTAINTY_MEASURE_WITH_UNIT (LENGTH_MEASURE( 1.000000000000000082E-05 ), #2517, 'distance_accuracy_value', 'NONE');
#2713 = DIRECTION ( 'NONE',  ( -1.000000000000000000, 0.000000000000000000, 1.182766006347819953E-15 ) ) ;
#2714 = VECTOR ( 'NONE', #4108, 1000.000000000000000 ) ;
#2715 = ORIENTED_EDGE ( 'NONE', *, *, #3964, .T. ) ;
#2716 = VECTOR ( 'NONE', #2144, 1000.000000000000000 ) ;
#2718 = FACE_OUTER_BOUND ( 'NONE', #1166, .T. ) ;
#2717 = UNCERTAINTY_MEASURE_WITH_UNIT (LENGTH_MEASURE( 1.000000000000000082E-05 ), #3841, 'distance_accuracy_value', 'NONE');
#2719 = SURFACE_SIDE_STYLE ('',( #4654 ) ) ;
#2720 = DIRECTION ( 'NONE',  ( 0.7071067811865460184, 0.000000000000000000, -0.7071067811865489050 ) ) ;
#2721 = CARTESIAN_POINT ( 'NONE',  ( -0.5999999999999999778, 0.1000000000000000056, 1.000000000000000000 ) ) ;
#2722 = ORIENTED_EDGE ( 'NONE', *, *, #726, .F. ) ;
#2723 = ORIENTED_EDGE ( 'NONE', *, *, #364, .F. ) ;
#2724 = DIRECTION ( 'NONE',  ( -2.891205793294680200E-15, 0.000000000000000000, -1.000000000000000000 ) ) ;
#2725 = CARTESIAN_POINT ( 'NONE',  ( 0.1000000000000000056, 0.1000000000000000056, 1.000000000000000000 ) ) ;
#2726 = CARTESIAN_POINT ( 'NONE',  ( -0.5999999999999999778, 0.05000000000000000278, 0.000000000000000000 ) ) ;
#2727 =( GEOMETRIC_REPRESENTATION_CONTEXT ( 3 ) GLOBAL_UNCERTAINTY_ASSIGNED_CONTEXT ( ( #1951 ) ) GLOBAL_UNIT_ASSIGNED_CONTEXT ( ( #2608, #1341, #4884 ) ) REPRESENTATION_CONTEXT ( 'NONE', 'WORKASPACE' ) );
#2728 = LINE ( 'NONE', #1168, #392 ) ;
#2729 = EDGE_CURVE ( 'NONE', #1699, #2974, #4796, .T. ) ;
#2730 = CARTESIAN_POINT ( 'NONE',  ( -1.000000000000000000, 0.1000000000000000056, -0.1000000000000000056 ) ) ;
#2731 = ORIENTED_EDGE ( 'NONE', *, *, #3563, .F. ) ;
#2732 = PRESENTATION_STYLE_ASSIGNMENT (( #1925 ) ) ;
#2733 = AXIS2_PLACEMENT_3D ( 'NONE', #2262, #320, #1976 ) ;
#2734 = UNCERTAINTY_MEASURE_WITH_UNIT (LENGTH_MEASURE( 1.000000000000000082E-05 ), #4983, 'distance_accuracy_value', 'NONE');
#2735 = PLANE ( 'NONE',  #4209 ) ;
#2736 = PRESENTATION_LAYER_ASSIGNMENT (  '', '', ( #576 ) ) ;
#2737 = ORIENTED_EDGE ( 'NONE', *, *, #5021, .T. ) ;
#2738 = EDGE_LOOP ( 'NONE', ( #1772, #785, #2269, #557 ) ) ;
#2739 = ADVANCED_FACE ( 'NONE', ( #4841 ), #1730, .T. ) ;
#2740 =( NAMED_UNIT ( * ) SI_UNIT ( $, .STERADIAN. ) SOLID_ANGLE_UNIT ( ) );
#2741 = PLANE ( 'NONE',  #1395 ) ;
#2742 = FACE_OUTER_BOUND ( 'NONE', #4494, .T. ) ;
#2743 = ORIENTED_EDGE ( 'NONE', *, *, #4584, .F. ) ;
#2744 = EDGE_CURVE ( 'NONE', #1141, #3327, #1762, .T. ) ;
#2745 = SURFACE_STYLE_USAGE ( .BOTH. , #286 ) ;
#2746 = FILL_AREA_STYLE ('',( #1850 ) ) ;
#2747 = FACE_OUTER_BOUND ( 'NONE', #544, .T. ) ;
#2748 = LINE ( 'NONE', #644, #814 ) ;
#2749 = FACE_OUTER_BOUND ( 'NONE', #4925, .T. ) ;
#2750 = VECTOR ( 'NONE', #3312, 1000.000000000000000 ) ;
#2751 = ORIENTED_EDGE ( 'NONE', *, *, #3125, .T. ) ;
#2752 = PRESENTATION_LAYER_ASSIGNMENT (  '', '', ( #514 ) ) ;
#2753 =( NAMED_UNIT ( * ) PLANE_ANGLE_UNIT ( ) SI_UNIT ( $, .RADIAN. ) );
#2754 = LINE ( 'NONE', #4233, #185 ) ;
#2755 = LINE ( 'NONE', #2725, #4569 ) ;
#2756 = AXIS2_PLACEMENT_3D ( 'NONE', #2908, #2178, #1002 ) ;
#2757 = SURFACE_STYLE_FILL_AREA ( #3937 ) ;
#2758 = EDGE_CURVE ( 'NONE', #1434, #3459, #3757, .T. ) ;
#2759 = FACE_OUTER_BOUND ( 'NONE', #255, .T. ) ;
#2760 = VECTOR ( 'NONE', #3965, 1000.000000000000000 ) ;
#2761 = DIRECTION ( 'NONE',  ( 0.000000000000000000, 0.000000000000000000, -1.000000000000000000 ) ) ;
#2762 = VERTEX_POINT ( 'NONE', #1024 ) ;
#2763 = SURFACE_STYLE_FILL_AREA ( #2706 ) ;
#2764 = ORIENTED_EDGE ( 'NONE', *, *, #4332, .T. ) ;
#2765 = STYLED_ITEM ( 'NONE', ( #2911 ), #2739 ) ;
#2766 = FACE_OUTER_BOUND ( 'NONE', #3731, .T. ) ;
#2767 = DIRECTION ( 'NONE',  ( 0.000000000000000000, -1.000000000000000000, 0.000000000000000000 ) ) ;
#2768 = CARTESIAN_POINT ( 'NONE',  ( -4.336808689942025625E-16, 0.05000000000000000278, 0.5500000000000000444 ) ) ;
#2769 = FACE_OUTER_BOUND ( 'NONE', #4292, .T. ) ;
#2770 = ORIENTED_EDGE ( 'NONE', *, *, #2194, .F. ) ;
#2771 = STYLED_ITEM ( 'NONE', ( #2379 ), #634 ) ;
#2772 = CARTESIAN_POINT ( 'NONE',  ( -1.000000000000000000, 0.1000000000000000056, 0.3499999999999999778 ) ) ;
#2773 = LINE ( 'NONE', #2331, #1350 ) ;
#2774 = DIRECTION ( 'NONE',  ( 0.000000000000000000, 1.000000000000000000, 0.000000000000000000 ) ) ;
#2775 = ORIENTED_EDGE ( 'NONE', *, *, #4695, .F. ) ;
#2776 = PLANE ( 'NONE',  #2673 ) ;
#2777 = ORIENTED_EDGE ( 'NONE', *, *, #2574, .T. ) ;
#2778 = DIRECTION ( 'NONE',  ( 1.000000000000000000, 0.000000000000000000, -1.445602896647330042E-15 ) ) ;
#2779 = CARTESIAN_POINT ( 'NONE',  ( 0.8499999999999999778, 0.000000000000000000, -0.8499999999999999778 ) ) ;
#2780 = CARTESIAN_POINT ( 'NONE',  ( 1.000000000000000000, 0.1000000000000000056, -0.8499999999999999778 ) ) ;
#2781 = FILL_AREA_STYLE ('',( #3834 ) ) ;
#2782 = ORIENTED_EDGE ( 'NONE', *, *, #887, .T. ) ;
#2783 = PRESENTATION_STYLE_ASSIGNMENT (( #3227 ) ) ;
#2784 = ORIENTED_EDGE ( 'NONE', *, *, #2478, .F. ) ;
#2785 = CLOSED_SHELL ( 'NONE', ( #208, #2582, #675, #3043, #4962, #1822, #2106, #147, #1743 ) ) ;
#2786 = DIRECTION ( 'NONE',  ( -1.000000000000000000, 0.000000000000000000, -1.084202172485503818E-16 ) ) ;
#2787 = AXIS2_PLACEMENT_3D ( 'NONE', #1217, #3220, #2998 ) ;
#2788 = VECTOR ( 'NONE', #1948, 1000.000000000000000 ) ;
#2789 = SURFACE_STYLE_FILL_AREA ( #3566 ) ;
#2790 = CIRCLE ( 'NONE', #880, 0.1000000000000000472 ) ;
#2791 = PLANE ( 'NONE',  #472 ) ;
#2792 = EDGE_LOOP ( 'NONE', ( #691, #3736, #2374, #821 ) ) ;
#2793 = EDGE_CURVE ( 'NONE', #3146, #2923, #4936, .T. ) ;
#2794 = EDGE_CURVE ( 'NONE', #4502, #2806, #4574, .T. ) ;
#2795 = SURFACE_STYLE_FILL_AREA ( #1648 ) ;
#2796 = LINE ( 'NONE', #4379, #3365 ) ;
#2797 = DIRECTION ( 'NONE',  ( -1.000000000000000000, 0.000000000000000000, 0.000000000000000000 ) ) ;
#2798 = DIRECTION ( 'NONE',  ( 0.000000000000000000, 1.000000000000000000, 0.000000000000000000 ) ) ;
#2799 = AXIS2_PLACEMENT_3D ( 'NONE', #4247, #710, #2301 ) ;
#2800 = DIRECTION ( 'NONE',  ( -0.000000000000000000, 1.000000000000000000, 0.000000000000000000 ) ) ;
#2801 = ORIENTED_EDGE ( 'NONE', *, *, #3508, .F. ) ;
#2802 = STYLED_ITEM ( 'NONE', ( #1251 ), #1333 ) ;
#2803 = CIRCLE ( 'NONE', #2799, 0.1250000000000000000 ) ;
#2804 = DIRECTION ( 'NONE',  ( 0.000000000000000000, 0.000000000000000000, 1.000000000000000000 ) ) ;
#2805 = EDGE_CURVE ( 'NONE', #844, #1199, #4140, .T. ) ;
#2806 = VERTEX_POINT ( 'NONE', #1436 ) ;
#2807 = CARTESIAN_POINT ( 'NONE',  ( 0.8499999999999999778, 0.1000000000000000056, 0.8499999999999999778 ) ) ;
#2808 = DIRECTION ( 'NONE',  ( -1.000000000000000000, 0.000000000000000000, 8.673617379884029556E-16 ) ) ;
#2809 = STYLED_ITEM ( 'NONE', ( #2167 ), #512 ) ;
#2810 = UNCERTAINTY_MEASURE_WITH_UNIT (LENGTH_MEASURE( 1.000000000000000082E-05 ), #4274, 'distance_accuracy_value', 'NONE');
#2811 = DIRECTION ( 'NONE',  ( 0.000000000000000000, 1.000000000000000000, 0.000000000000000000 ) ) ;
#2812 = LINE ( 'NONE', #4002, #1652 ) ;
#2813 = ORIENTED_EDGE ( 'NONE', *, *, #1588, .F. ) ;
#2814 = PRESENTATION_STYLE_ASSIGNMENT (( #5049 ) ) ;
#2815 =( NAMED_UNIT ( * ) SI_UNIT ( $, .STERADIAN. ) SOLID_ANGLE_UNIT ( ) );
#2816 = EDGE_CURVE ( 'NONE', #189, #4144, #4112, .T. ) ;
#2817 = VECTOR ( 'NONE', #2070, 1000.000000000000000 ) ;
#2818 = ORIENTED_EDGE ( 'NONE', *, *, #468, .F. ) ;
#2819 = VECTOR ( 'NONE', #2370, 1000.000000000000000 ) ;
#2820 = DIRECTION ( 'NONE',  ( -1.000000000000000000, 0.000000000000000000, 1.445602896647344044E-15 ) ) ;
#2821 = CARTESIAN_POINT ( 'NONE',  ( -0.7249999999999999778, 0.1000000000000000056, 0.6750000000000000444 ) ) ;
#2822 = EDGE_CURVE ( 'NONE', #4530, #1723, #594, .T. ) ;
#2823 =( LENGTH_UNIT ( ) NAMED_UNIT ( * ) SI_UNIT ( .MILLI., .METRE. ) );
#2824 = STYLED_ITEM ( 'NONE', ( #3252 ), #221 ) ;
#2825 = VECTOR ( 'NONE', #99, 1000.000000000000000 ) ;
#2826 = EDGE_LOOP ( 'NONE', ( #2510, #1672, #3676, #2696, #4956, #4169, #1337 ) ) ;
#2827 = VERTEX_POINT ( 'NONE', #2161 ) ;
#2828 = SURFACE_STYLE_USAGE ( .BOTH. , #508 ) ;
#2829 = PLANE ( 'NONE',  #1548 ) ;
#2830 = EDGE_CURVE ( 'NONE', #706, #3619, #2205, .T. ) ;
#2831 = DIRECTION ( 'NONE',  ( 0.000000000000000000, 1.000000000000000000, 0.000000000000000000 ) ) ;
#2832 = DIRECTION ( 'NONE',  ( 0.000000000000000000, 0.000000000000000000, 1.000000000000000000 ) ) ;
#2833 = ORIENTED_EDGE ( 'NONE', *, *, #624, .T. ) ;
#2834 = ADVANCED_FACE ( 'NONE', ( #4510 ), #4555, .T. ) ;
#2835 = LINE ( 'NONE', #467, #854 ) ;
#2836 = UNCERTAINTY_MEASURE_WITH_UNIT (LENGTH_MEASURE( 1.000000000000000082E-05 ), #1192, 'distance_accuracy_value', 'NONE');
#2837 = PLANE ( 'NONE',  #3627 ) ;
#2838 = DIRECTION ( 'NONE',  ( -1.084202172485503818E-16, 0.000000000000000000, -1.000000000000000000 ) ) ;
#2839 = VERTEX_POINT ( 'NONE', #1414 ) ;
#2840 = SURFACE_SIDE_STYLE ('',( #477 ) ) ;
#2841 = DIRECTION ( 'NONE',  ( 0.000000000000000000, 0.000000000000000000, 1.000000000000000000 ) ) ;
#2842 = VECTOR ( 'NONE', #950, 1000.000000000000000 ) ;
#2843 = PRODUCT_DEFINITION_SHAPE ( 'NONE', 'NONE',  #4703 ) ;
#2844 = PRESENTATION_LAYER_ASSIGNMENT (  '', '', ( #3172 ) ) ;
#2845 = MECHANICAL_DESIGN_GEOMETRIC_PRESENTATION_REPRESENTATION (  '', ( #2765 ), #4316 ) ;
#2846 = ORIENTED_EDGE ( 'NONE', *, *, #2893, .T. ) ;
#2847 = EDGE_CURVE ( 'NONE', #1563, #1254, #2539, .T. ) ;
#2848 = VERTEX_POINT ( 'NONE', #3823 ) ;
#2849 = LINE ( 'NONE', #2024, #3962 ) ;
#2850 = VECTOR ( 'NONE', #4073, 1000.000000000000000 ) ;
#2851 = PRESENTATION_STYLE_ASSIGNMENT (( #1186 ) ) ;
#2852 = FACE_OUTER_BOUND ( 'NONE', #3113, .T. ) ;
#2853 = ORIENTED_EDGE ( 'NONE', *, *, #985, .F. ) ;
#2854 =( LENGTH_UNIT ( ) NAMED_UNIT ( * ) SI_UNIT ( .MILLI., .METRE. ) );
#2855 = EDGE_CURVE ( 'NONE', #1793, #2827, #566, .T. ) ;
#2856 = CARTESIAN_POINT ( 'NONE',  ( 0.8499999999999999778, 0.05000000000000000278, -0.8499999999999999778 ) ) ;
#2857 = PLANE ( 'NONE',  #3118 ) ;
#2858 = FACE_OUTER_BOUND ( 'NONE', #3864, .T. ) ;
#2859 = ORIENTED_EDGE ( 'NONE', *, *, #755, .T. ) ;
#2860 = SURFACE_STYLE_USAGE ( .BOTH. , #527 ) ;
#2861 = CARTESIAN_POINT ( 'NONE',  ( 0.7249999999999999778, 0.1000000000000000056, -0.6750000000000000444 ) ) ;
#2862 = SURFACE_STYLE_USAGE ( .BOTH. , #501 ) ;
#2863 =( LENGTH_UNIT ( ) NAMED_UNIT ( * ) SI_UNIT ( .MILLI., .METRE. ) );
#2864 = DIRECTION ( 'NONE',  ( 1.000000000000000000, 0.000000000000000000, 1.445602896647332014E-15 ) ) ;
#2865 = ORIENTED_EDGE ( 'NONE', *, *, #3714, .F. ) ;
#2866 = COLOUR_RGB ( '',0.2509803921568627416, 0.2509803921568627416, 0.2509803921568627416 ) ;
#2867 = VERTEX_POINT ( 'NONE', #3802 ) ;
#2868 = ORIENTED_EDGE ( 'NONE', *, *, #3961, .F. ) ;
#2869 = PLANE ( 'NONE',  #3727 ) ;
#2870 = VECTOR ( 'NONE', #1724, 1000.000000000000000 ) ;
#2871 = DIRECTION ( 'NONE',  ( -1.000000000000000000, 0.000000000000000000, 7.589415207398530052E-16 ) ) ;
#2872 = VECTOR ( 'NONE', #1286, 1000.000000000000000 ) ;
#2873 = LINE ( 'NONE', #1316, #5000 ) ;
#2874 = CARTESIAN_POINT ( 'NONE',  ( -1.000000000000000000, 0.1000000000000000056, 0.5500000000000000444 ) ) ;
#2875 = FACE_OUTER_BOUND ( 'NONE', #4832, .T. ) ;
#2876 = VECTOR ( 'NONE', #2864, 1000.000000000000000 ) ;
#2877 = PRESENTATION_LAYER_ASSIGNMENT (  '', '', ( #395 ) ) ;
#2878 = ORIENTED_EDGE ( 'NONE', *, *, #4335, .F. ) ;
#2879 = CARTESIAN_POINT ( 'NONE',  ( 0.000000000000000000, 0.05000000000000000278, 0.000000000000000000 ) ) ;
#2880 = FILL_AREA_STYLE ('',( #1265 ) ) ;
#2881 = VECTOR ( 'NONE', #3824, 1000.000000000000000 ) ;
#2882 = SURFACE_SIDE_STYLE ('',( #2469 ) ) ;
#2883 = SURFACE_STYLE_FILL_AREA ( #2470 ) ;
#2884 = VECTOR ( 'NONE', #4155, 1000.000000000000000 ) ;
#2885 = CARTESIAN_POINT ( 'NONE',  ( -0.1000000000000000056, 0.1000000000000000056, -1.000000000000000000 ) ) ;
#2886 = COLOUR_RGB ( '',0.2509803921568627416, 0.2509803921568627416, 0.2509803921568627416 ) ;
#2887 = CARTESIAN_POINT ( 'NONE',  ( -0.5999999999999999778, 0.1000000000000000056, 0.6750000000000000444 ) ) ;
#2888 = ORIENTED_EDGE ( 'NONE', *, *, #788, .F. ) ;
#2889 = FILL_AREA_STYLE_COLOUR ( '', #160 ) ;
#2890 = CARTESIAN_POINT ( 'NONE',  ( -0.7500000000000000000, 0.9499999999999999556, -0.7500000000000000000 ) ) ;
#2891 = EDGE_CURVE ( 'NONE', #2612, #3895, #3732, .T. ) ;
#2892 = VECTOR ( 'NONE', #4280, 1000.000000000000000 ) ;
#2893 = EDGE_CURVE ( 'NONE', #1339, #3448, #2229, .T. ) ;
#2894 = SURFACE_STYLE_FILL_AREA ( #4055 ) ;
#2895 = SURFACE_SIDE_STYLE ('',( #2789 ) ) ;
#2896 = VECTOR ( 'NONE', #2326, 1000.000000000000000 ) ;
#2897 = ORIENTED_EDGE ( 'NONE', *, *, #60, .T. ) ;
#2898 = PRODUCT_RELATED_PRODUCT_CATEGORY ( 'part', '', ( #4753 ) ) ;
#2899 = VERTEX_POINT ( 'NONE', #265 ) ;
#2900 = ORIENTED_EDGE ( 'NONE', *, *, #3500, .T. ) ;
#2901 = SURFACE_STYLE_FILL_AREA ( #1237 ) ;
#2902 = LINE ( 'NONE', #4455, #3941 ) ;
#2903 = AXIS2_PLACEMENT_3D ( 'NONE', #5061, #1964, #1486 ) ;
#2904 = DIRECTION ( 'NONE',  ( -1.000000000000000000, 0.000000000000000000, 0.000000000000000000 ) ) ;
#2905 = EDGE_CURVE ( 'NONE', #994, #4500, #2592, .T. ) ;
#2906 = AXIS2_PLACEMENT_3D ( 'NONE', #1661, #840, #2838 ) ;
#2907 = PRESENTATION_STYLE_ASSIGNMENT (( #3679 ) ) ;
#2908 = CARTESIAN_POINT ( 'NONE',  ( -0.7249999999999999778, 0.1000000000000000056, 0.6750000000000000444 ) ) ;
#2909 = EDGE_CURVE ( 'NONE', #2210, #3448, #4910, .T. ) ;
#2910 = ORIENTED_EDGE ( 'NONE', *, *, #842, .T. ) ;
#2911 = PRESENTATION_STYLE_ASSIGNMENT (( #4773 ) ) ;
#2912 = DIRECTION ( 'NONE',  ( 1.000000000000000000, 0.000000000000000000, -1.084202172485503818E-16 ) ) ;
#2913 = DIRECTION ( 'NONE',  ( 0.000000000000000000, 1.000000000000000000, 0.000000000000000000 ) ) ;
#2914 =( LENGTH_UNIT ( ) NAMED_UNIT ( * ) SI_UNIT ( .MILLI., .METRE. ) );
#2915 = VERTEX_POINT ( 'NONE', #3385 ) ;
#2916 = PRESENTATION_STYLE_ASSIGNMENT (( #131 ) ) ;
#2917 = AXIS2_PLACEMENT_3D ( 'NONE', #3096, #1066, #786 ) ;
#2918 = LINE ( 'NONE', #157, #2474 ) ;
#2919 = DIRECTION ( 'NONE',  ( 0.000000000000000000, 0.000000000000000000, 1.000000000000000000 ) ) ;
#2920 = CARTESIAN_POINT ( 'NONE',  ( -0.7500000000000000000, 0.1000000000000000056, -0.5500000000000000444 ) ) ;
#2921 = ORIENTED_EDGE ( 'NONE', *, *, #2045, .T. ) ;
#2922 = ORIENTED_EDGE ( 'NONE', *, *, #4593, .T. ) ;
#2923 = VERTEX_POINT ( 'NONE', #3435 ) ;
#2924 = VERTEX_POINT ( 'NONE', #4982 ) ;
#2925 = CARTESIAN_POINT ( 'NONE',  ( -1.000000000000000000, 0.1000000000000000056, 0.1000000000000000056 ) ) ;
#2926 = VECTOR ( 'NONE', #3198, 1000.000000000000000 ) ;
#2927 = DIRECTION ( 'NONE',  ( 1.000000000000000000, 0.000000000000000000, -1.971276677246365208E-15 ) ) ;
#2928 = VECTOR ( 'NONE', #983, 1000.000000000000114 ) ;
#2929 = LINE ( 'NONE', #3285, #2842 ) ;
#2930 = ORIENTED_EDGE ( 'NONE', *, *, #3485, .F. ) ;
#2931 =( NAMED_UNIT ( * ) PLANE_ANGLE_UNIT ( ) SI_UNIT ( $, .RADIAN. ) );
#2932 = CARTESIAN_POINT ( 'NONE',  ( 0.8499999999999999778, 0.000000000000000000, -1.000000000000000000 ) ) ;
#2933 = AXIS2_PLACEMENT_3D ( 'NONE', #3925, #3542, #10 ) ;
#2934 = CARTESIAN_POINT ( 'NONE',  ( 0.8499999999999999778, 0.1000000000000000056, -0.8499999999999999778 ) ) ;
#2935 = DIRECTION ( 'NONE',  ( 0.000000000000000000, 0.000000000000000000, -1.000000000000000000 ) ) ;
#2936 = LINE ( 'NONE', #3762, #338 ) ;
#2937 = VERTEX_POINT ( 'NONE', #2932 ) ;
#2938 =( LENGTH_UNIT ( ) NAMED_UNIT ( * ) SI_UNIT ( .MILLI., .METRE. ) );
#2939 =( NAMED_UNIT ( * ) SI_UNIT ( $, .STERADIAN. ) SOLID_ANGLE_UNIT ( ) );
#2940 = CARTESIAN_POINT ( 'NONE',  ( -1.000000000000000000, 0.1000000000000000056, -0.3499999999999999778 ) ) ;
#2941 =( NAMED_UNIT ( * ) SI_UNIT ( $, .STERADIAN. ) SOLID_ANGLE_UNIT ( ) );
#2942 = ORIENTED_EDGE ( 'NONE', *, *, #1356, .T. ) ;
#2943 = EDGE_LOOP ( 'NONE', ( #2655, #455, #3413, #1532 ) ) ;
#2944 = VERTEX_POINT ( 'NONE', #617 ) ;
#2945 = ORIENTED_EDGE ( 'NONE', *, *, #3663, .T. ) ;
#2946 = DIRECTION ( 'NONE',  ( -1.000000000000000000, 0.000000000000000000, 2.365532012695650161E-15 ) ) ;
#2947 = DIRECTION ( 'NONE',  ( 0.000000000000000000, 0.000000000000000000, 1.000000000000000000 ) ) ;
#2948 = PRESENTATION_STYLE_ASSIGNMENT (( #3795 ) ) ;
#2949 = LINE ( 'NONE', #3486, #642 ) ;
#2950 = PLANE ( 'NONE',  #3401 ) ;
#2951 = ORIENTED_EDGE ( 'NONE', *, *, #2360, .F. ) ;
#2952 = ADVANCED_FACE ( 'NONE', ( #775 ), #4252, .F. ) ;
#2953 = EDGE_CURVE ( 'NONE', #4934, #3577, #2773, .T. ) ;
#2954 = CARTESIAN_POINT ( 'NONE',  ( -0.5999999999999999778, 0.1000000000000000056, 1.000000000000000000 ) ) ;
#2955 = CIRCLE ( 'NONE', #548, 0.1250000000000000000 ) ;
#2956 = AXIS2_PLACEMENT_3D ( 'NONE', #2473, #909, #4821 ) ;
#2957 = DIRECTION ( 'NONE',  ( 0.000000000000000000, -1.000000000000000000, 0.000000000000000000 ) ) ;
#2958 = EDGE_CURVE ( 'NONE', #354, #1558, #4685, .T. ) ;
#2959 = PRESENTATION_LAYER_ASSIGNMENT (  '', '', ( #80 ) ) ;
#2960 = CARTESIAN_POINT ( 'NONE',  ( -1.000000000000000000, 0.1000000000000000056, 0.3499999999999999778 ) ) ;
#2961 = FACE_OUTER_BOUND ( 'NONE', #1502, .T. ) ;
#2962 = ORIENTED_EDGE ( 'NONE', *, *, #2905, .T. ) ;
#2963 = PRESENTATION_STYLE_ASSIGNMENT (( #227 ) ) ;
#2964 = SURFACE_STYLE_USAGE ( .BOTH. , #546 ) ;
#2965 = COLOUR_RGB ( '',0.2509803921568627416, 0.2509803921568627416, 0.2509803921568627416 ) ;
#2966 = ADVANCED_FACE ( 'NONE', ( #2747 ), #3846, .F. ) ;
#2967 = COLOUR_RGB ( '',0.2509803921568627416, 0.2509803921568627416, 0.2509803921568627416 ) ;
#2968 = DIRECTION ( 'NONE',  ( -1.000000000000000000, 0.000000000000000000, 2.891205793294680200E-15 ) ) ;
#2969 = FILL_AREA_STYLE ('',( #2628 ) ) ;
#2970 = EDGE_CURVE ( 'NONE', #896, #2973, #2396, .T. ) ;
#2971 = ORIENTED_EDGE ( 'NONE', *, *, #3928, .T. ) ;
#2972 = PRESENTATION_LAYER_ASSIGNMENT (  '', '', ( #2809 ) ) ;
#2973 = VERTEX_POINT ( 'NONE', #3957 ) ;
#2974 = VERTEX_POINT ( 'NONE', #1942 ) ;
#2975 = CARTESIAN_POINT ( 'NONE',  ( 1.000000000000000000, 0.1000000000000000056, 0.8499999999999999778 ) ) ;
#2976 = EDGE_CURVE ( 'NONE', #2644, #164, #4307, .T. ) ;
#2977 = ORIENTED_EDGE ( 'NONE', *, *, #3798, .F. ) ;
#2978 = LINE ( 'NONE', #4902, #627 ) ;
#2979 = LINE ( 'NONE', #2657, #4053 ) ;
#2980 = VECTOR ( 'NONE', #1603, 1000.000000000000000 ) ;
#2981 = FACE_OUTER_BOUND ( 'NONE', #309, .T. ) ;
#2982 = SURFACE_SIDE_STYLE ('',( #4157 ) ) ;
#2983 = ORIENTED_EDGE ( 'NONE', *, *, #4044, .F. ) ;
#2984 = VECTOR ( 'NONE', #104, 1000.000000000000000 ) ;
#2985 = DIRECTION ( 'NONE',  ( 0.000000000000000000, 0.000000000000000000, -1.000000000000000000 ) ) ;
#2986 = DIRECTION ( 'NONE',  ( -1.000000000000000000, 0.000000000000000000, 1.182766006347819953E-15 ) ) ;
#2987 =( NAMED_UNIT ( * ) PLANE_ANGLE_UNIT ( ) SI_UNIT ( $, .RADIAN. ) );
#2988 = STYLED_ITEM ( 'NONE', ( #4337 ), #1890 ) ;
#2989 = EDGE_CURVE ( 'NONE', #3359, #629, #2667, .T. ) ;
#2990 = DIRECTION ( 'NONE',  ( 0.000000000000000000, 1.000000000000000000, 0.000000000000000000 ) ) ;
#2991 = EDGE_LOOP ( 'NONE', ( #4454, #4257, #1858, #3368 ) ) ;
#2992 =( NAMED_UNIT ( * ) PLANE_ANGLE_UNIT ( ) SI_UNIT ( $, .RADIAN. ) );
#2993 = PLANE ( 'NONE',  #1830 ) ;
#2994 = CYLINDRICAL_SURFACE ( 'NONE', #4675, 0.1250000000000000000 ) ;
#2995 = LINE ( 'NONE', #966, #3975 ) ;
#2996 = ORIENTED_EDGE ( 'NONE', *, *, #2308, .F. ) ;
#2997 = ORIENTED_EDGE ( 'NONE', *, *, #1344, .F. ) ;
#2998 = DIRECTION ( 'NONE',  ( 0.000000000000000000, 0.000000000000000000, 1.000000000000000000 ) ) ;
#2999 = LINE ( 'NONE', #2175, #1233 ) ;
#3000 = SURFACE_STYLE_FILL_AREA ( #3378 ) ;
#3001 = CARTESIAN_POINT ( 'NONE',  ( -1.000000000000000000, 0.05000000000000000278, 1.000000000000000000 ) ) ;
#3002 = DIRECTION ( 'NONE',  ( 0.000000000000000000, 0.000000000000000000, -1.000000000000000000 ) ) ;
#3003 = AXIS2_PLACEMENT_3D ( 'NONE', #4914, #2595, #618 ) ;
#3004 = ORIENTED_EDGE ( 'NONE', *, *, #3334, .F. ) ;
#3005 = FACE_OUTER_BOUND ( 'NONE', #4027, .T. ) ;
#3006 = CARTESIAN_POINT ( 'NONE',  ( -1.000000000000000000, 0.1000000000000000056, 0.1000000000000000056 ) ) ;
#3007 = CARTESIAN_POINT ( 'NONE',  ( -1.000000000000000000, 0.1000000000000000056, -0.3499999999999999778 ) ) ;
#3008 = ADVANCED_FACE ( 'NONE', ( #3931 ), #343, .T. ) ;
#3009 = LINE ( 'NONE', #1351, #4220 ) ;
#3010 = CARTESIAN_POINT ( 'NONE',  ( -1.000000000000000000, 0.05000000000000000278, 0.1000000000000000056 ) ) ;
#3011 = EDGE_LOOP ( 'NONE', ( #4318, #2930, #105, #4213 ) ) ;
#3013 = SURFACE_STYLE_FILL_AREA ( #2600 ) ;
#3012 =( NAMED_UNIT ( * ) PLANE_ANGLE_UNIT ( ) SI_UNIT ( $, .RADIAN. ) );
#3014 = MECHANICAL_DESIGN_GEOMETRIC_PRESENTATION_REPRESENTATION (  '', ( #3261 ), #1189 ) ;
#3015 = EDGE_CURVE ( 'NONE', #812, #3452, #5036, .T. ) ;
#3016 = SURFACE_STYLE_USAGE ( .BOTH. , #4968 ) ;
#3017 = FACE_OUTER_BOUND ( 'NONE', #787, .T. ) ;
#3018 = VERTEX_POINT ( 'NONE', #3106 ) ;
#3019 = ORIENTED_EDGE ( 'NONE', *, *, #596, .F. ) ;
#3020 =( NAMED_UNIT ( * ) SI_UNIT ( $, .STERADIAN. ) SOLID_ANGLE_UNIT ( ) );
#3021 = CARTESIAN_POINT ( 'NONE',  ( 0.5999999999999999778, 0.000000000000000000, -1.000000000000000000 ) ) ;
#3022 = FACE_OUTER_BOUND ( 'NONE', #1819, .T. ) ;
#3023 = CARTESIAN_POINT ( 'NONE',  ( -1.000000000000000000, 0.05000000000000000278, 1.000000000000000000 ) ) ;
#3024 = CARTESIAN_POINT ( 'NONE',  ( 0.4000000000000000222, 0.1000000000000000056, -1.000000000000000000 ) ) ;
#3025 = ORIENTED_EDGE ( 'NONE', *, *, #207, .T. ) ;
#3026 = FILL_AREA_STYLE ('',( #4200 ) ) ;
#3027 = DIRECTION ( 'NONE',  ( 0.000000000000000000, -1.000000000000000000, 0.000000000000000000 ) ) ;
#3028 = PLANE ( 'NONE',  #243 ) ;
#3029 = DIRECTION ( 'NONE',  ( -1.000000000000000000, 0.000000000000000000, 0.000000000000000000 ) ) ;
#3030 = CLOSED_SHELL ( 'NONE', ( #1367, #1938, #262, #3718 ) ) ;
#3031 = ORIENTED_EDGE ( 'NONE', *, *, #2483, .T. ) ;
#3032 = SURFACE_STYLE_USAGE ( .BOTH. , #1164 ) ;
#3033 = VECTOR ( 'NONE', #3374, 1000.000000000000000 ) ;
#3034 = STYLED_ITEM ( 'NONE', ( #942 ), #4256 ) ;
#3035 = DIRECTION ( 'NONE',  ( -1.000000000000000000, 0.000000000000000000, 3.469446951953614978E-15 ) ) ;
#3036 = ORIENTED_EDGE ( 'NONE', *, *, #3978, .F. ) ;
#3037 = DIRECTION ( 'NONE',  ( -1.000000000000000000, 0.000000000000000000, 2.316250095764480076E-15 ) ) ;
#3038 = STYLED_ITEM ( 'NONE', ( #4178 ), #1973 ) ;
#3039 = COLOUR_RGB ( '',0.2509803921568627416, 0.2509803921568627416, 0.2509803921568627416 ) ;
#3040 = DIRECTION ( 'NONE',  ( 0.000000000000000000, 0.000000000000000000, 1.000000000000000000 ) ) ;
#3041 =( GEOMETRIC_REPRESENTATION_CONTEXT ( 3 ) GLOBAL_UNCERTAINTY_ASSIGNED_CONTEXT ( ( #2320 ) ) GLOBAL_UNIT_ASSIGNED_CONTEXT ( ( #139, #823, #2078 ) ) REPRESENTATION_CONTEXT ( 'NONE', 'WORKASPACE' ) );
#3042 = FACE_OUTER_BOUND ( 'NONE', #4614, .T. ) ;
#3043 = ADVANCED_FACE ( 'NONE', ( #4655 ), #1134, .F. ) ;
#3044 = EDGE_LOOP ( 'NONE', ( #751, #2865, #4718, #1016 ) ) ;
#3045 = EDGE_CURVE ( 'NONE', #1476, #2915, #5063, .T. ) ;
#3046 = EDGE_CURVE ( 'NONE', #1896, #876, #1967, .T. ) ;
#3047 = STYLED_ITEM ( 'NONE', ( #2907 ), #3887 ) ;
#3048 = ORIENTED_EDGE ( 'NONE', *, *, #161, .F. ) ;
#3049 = EDGE_CURVE ( 'NONE', #3630, #851, #3992, .T. ) ;
#3050 = CARTESIAN_POINT ( 'NONE',  ( -1.000000000000000000, 0.1000000000000000056, -0.8499999999999999778 ) ) ;
#3051 = LINE ( 'NONE', #4172, #2145 ) ;
#3052 = CARTESIAN_POINT ( 'NONE',  ( 0.000000000000000000, 0.1000000000000000056, 0.000000000000000000 ) ) ;
#3053 = VERTEX_POINT ( 'NONE', #4736 ) ;
#3054 = MECHANICAL_DESIGN_GEOMETRIC_PRESENTATION_REPRESENTATION (  '', ( #177 ), #2727 ) ;
#3055 = EDGE_CURVE ( 'NONE', #2867, #4427, #2849, .T. ) ;
#3056 = DIRECTION ( 'NONE',  ( -3.942553354492735149E-16, 0.000000000000000000, 1.000000000000000000 ) ) ;
#3057 = PRESENTATION_STYLE_ASSIGNMENT (( #4202 ) ) ;
#3058 = UNCERTAINTY_MEASURE_WITH_UNIT (LENGTH_MEASURE( 1.000000000000000082E-05 ), #4260, 'distance_accuracy_value', 'NONE');
#3059 = ADVANCED_FACE ( 'NONE', ( #2079 ), #3186, .F. ) ;
#3060 = DIRECTION ( 'NONE',  ( 0.000000000000000000, -1.000000000000000000, 0.000000000000000000 ) ) ;
#3061 = VECTOR ( 'NONE', #4618, 1000.000000000000000 ) ;
#3062 = AXIS2_PLACEMENT_3D ( 'NONE', #451, #1273, #3973 ) ;
#3063 = ORIENTED_EDGE ( 'NONE', *, *, #4037, .F. ) ;
#3064 = CARTESIAN_POINT ( 'NONE',  ( -1.000000000000000000, 1.000000000000000000, 1.000000000000000000 ) ) ;
#3065 = CARTESIAN_POINT ( 'NONE',  ( -0.4000000000000000222, 0.000000000000000000, 1.000000000000000000 ) ) ;
#3066 = ORIENTED_EDGE ( 'NONE', *, *, #3800, .T. ) ;
#3067 = CARTESIAN_POINT ( 'NONE',  ( 1.000000000000000000, 0.1000000000000000056, 0.09999999999999829858 ) ) ;
#3068 = PRESENTATION_LAYER_ASSIGNMENT (  '', '', ( #414 ) ) ;
#3069 = CIRCLE ( 'NONE', #4197, 0.1250000000000000000 ) ;
#3070 = CARTESIAN_POINT ( 'NONE',  ( -0.4000000000000000222, 0.1000000000000000056, 1.000000000000000000 ) ) ;
#3071 = EDGE_CURVE ( 'NONE', #7, #712, #3607, .T. ) ;
#3072 = DIRECTION ( 'NONE',  ( 0.000000000000000000, -1.000000000000000000, 0.000000000000000000 ) ) ;
#3073 = ORIENTED_EDGE ( 'NONE', *, *, #1972, .T. ) ;
#3074 = DIRECTION ( 'NONE',  ( 0.000000000000000000, -1.000000000000000000, 0.000000000000000000 ) ) ;
#3075 = DIRECTION ( 'NONE',  ( 0.000000000000000000, 1.000000000000000000, 0.000000000000000000 ) ) ;
#3076 = ORIENTED_EDGE ( 'NONE', *, *, #3424, .F. ) ;
#3077 = ORIENTED_EDGE ( 'NONE', *, *, #1549, .F. ) ;
#3078 = DIRECTION ( 'NONE',  ( 1.000000000000000000, 0.000000000000000000, 0.000000000000000000 ) ) ;
#3079 = CARTESIAN_POINT ( 'NONE',  ( -0.4000000000000000222, 0.1000000000000000056, 1.000000000000000000 ) ) ;
#3080 = DIRECTION ( 'NONE',  ( -0.000000000000000000, 1.000000000000000000, 0.000000000000000000 ) ) ;
#3081 = EDGE_LOOP ( 'NONE', ( #971, #441, #2476, #4878 ) ) ;
#3082 = VECTOR ( 'NONE', #838, 1000.000000000000000 ) ;
#3083 = PRESENTATION_STYLE_ASSIGNMENT (( #5038 ) ) ;
#3084 = PRESENTATION_LAYER_ASSIGNMENT (  '', '', ( #1499 ) ) ;
#3085 = CARTESIAN_POINT ( 'NONE',  ( -0.4000000000000000222, 0.1000000000000000056, 1.000000000000000000 ) ) ;
#3086 = ORIENTED_EDGE ( 'NONE', *, *, #4556, .T. ) ;
#3087 = CARTESIAN_POINT ( 'NONE',  ( -0.1000000000000000056, 0.05000000000000000278, 1.000000000000000000 ) ) ;
#3088 = VECTOR ( 'NONE', #4336, 1000.000000000000000 ) ;
#3089 = SURFACE_STYLE_FILL_AREA ( #3830 ) ;
#3090 = ORIENTED_EDGE ( 'NONE', *, *, #669, .F. ) ;
#3091 = SURFACE_SIDE_STYLE ('',( #2757 ) ) ;
#3092 = DIRECTION ( 'NONE',  ( 0.000000000000000000, -1.000000000000000000, 0.000000000000000000 ) ) ;
#3093 = PLANE ( 'NONE',  #247 ) ;
#3094 = ORIENTED_EDGE ( 'NONE', *, *, #2360, .T. ) ;
#3095 = COLOUR_RGB ( '',0.2509803921568627416, 0.2509803921568627416, 0.2509803921568627416 ) ;
#3096 = CARTESIAN_POINT ( 'NONE',  ( 0.000000000000000000, 0.05000000000000000278, 0.000000000000000000 ) ) ;
#3097 = VECTOR ( 'NONE', #1482, 1000.000000000000000 ) ;
#3098 = ORIENTED_EDGE ( 'NONE', *, *, #2660, .F. ) ;
#3099 = ORIENTED_EDGE ( 'NONE', *, *, #3383, .T. ) ;
#3100 = FACE_OUTER_BOUND ( 'NONE', #4045, .T. ) ;
#3101 = LINE ( 'NONE', #2768, #2111 ) ;
#3102 = DIRECTION ( 'NONE',  ( 9.757819552369541878E-16, 0.000000000000000000, 1.000000000000000000 ) ) ;
#3103 = CARTESIAN_POINT ( 'NONE',  ( -0.7249999999999999778, 0.000000000000000000, 0.6750000000000000444 ) ) ;
#3104 = ORIENTED_EDGE ( 'NONE', *, *, #3421, .T. ) ;
#3105 = DIRECTION ( 'NONE',  ( 0.000000000000000000, -1.000000000000000000, 0.000000000000000000 ) ) ;
#3106 = CARTESIAN_POINT ( 'NONE',  ( -1.000000000000000000, 0.1000000000000000056, 0.8499999999999999778 ) ) ;
#3107 =( NAMED_UNIT ( * ) SI_UNIT ( $, .STERADIAN. ) SOLID_ANGLE_UNIT ( ) );
#3108 = CARTESIAN_POINT ( 'NONE',  ( 1.000000000000000000, 0.1000000000000000056, 0.3499999999999999778 ) ) ;
#3109 = EDGE_CURVE ( 'NONE', #3427, #3301, #2873, .T. ) ;
#3110 = ORIENTED_EDGE ( 'NONE', *, *, #4419, .T. ) ;
#3111 = CARTESIAN_POINT ( 'NONE',  ( -0.4000000000000000222, 0.000000000000000000, -1.000000000000000000 ) ) ;
#3112 = SURFACE_STYLE_USAGE ( .BOTH. , #1165 ) ;
#3113 = EDGE_LOOP ( 'NONE', ( #684, #349, #151, #2983 ) ) ;
#3114 = LINE ( 'NONE', #723, #4628 ) ;
#3115 = LINE ( 'NONE', #1579, #3534 ) ;
#3116 = EDGE_CURVE ( 'NONE', #1218, #3315, #1651, .T. ) ;
#3117 = VECTOR ( 'NONE', #3429, 1000.000000000000000 ) ;
#3118 = AXIS2_PLACEMENT_3D ( 'NONE', #3224, #1247, #27 ) ;
#3119 = CARTESIAN_POINT ( 'NONE',  ( 0.7249999999999999778, 0.000000000000000000, 0.2250000000000000056 ) ) ;
#3120 = AXIS2_PLACEMENT_3D ( 'NONE', #434, #3570, #2436 ) ;
#3121 = EDGE_LOOP ( 'NONE', ( #4084, #1936, #2520, #1243 ) ) ;
#3122 = CARTESIAN_POINT ( 'NONE',  ( -0.4000000000000000222, 0.1000000000000000056, 1.000000000000000000 ) ) ;
#3123 = DIRECTION ( 'NONE',  ( -1.000000000000000000, 0.000000000000000000, 1.734723475976805122E-15 ) ) ;
#3124 = CIRCLE ( 'NONE', #2306, 0.1250000000000000000 ) ;
#3125 = EDGE_CURVE ( 'NONE', #4702, #3233, #1288, .T. ) ;
#3126 = ORIENTED_EDGE ( 'NONE', *, *, #1012, .T. ) ;
#3127 = VERTEX_POINT ( 'NONE', #4432 ) ;
#3128 = DIRECTION ( 'NONE',  ( 0.000000000000000000, -1.000000000000000000, 0.000000000000000000 ) ) ;
#3129 = CARTESIAN_POINT ( 'NONE',  ( 0.7249999999999999778, 0.000000000000000000, -0.3499999999999999778 ) ) ;
#3130 = UNCERTAINTY_MEASURE_WITH_UNIT (LENGTH_MEASURE( 1.000000000000000082E-05 ), #3847, 'distance_accuracy_value', 'NONE');
#3131 = CARTESIAN_POINT ( 'NONE',  ( -1.000000000000000000, 0.05000000000000000278, 1.000000000000000000 ) ) ;
#3132 = DIRECTION ( 'NONE',  ( 0.000000000000000000, -1.000000000000000000, 0.000000000000000000 ) ) ;
#3133 = CARTESIAN_POINT ( 'NONE',  ( -0.5999999999999999778, 0.1000000000000000056, 1.000000000000000000 ) ) ;
#3134 = ORIENTED_EDGE ( 'NONE', *, *, #1988, .F. ) ;
#3135 = EDGE_CURVE ( 'NONE', #1302, #3786, #4835, .T. ) ;
#3136 = VECTOR ( 'NONE', #845, 1000.000000000000000 ) ;
#3138 = DIRECTION ( 'NONE',  ( -7.885106708985500867E-16, 0.000000000000000000, -1.000000000000000000 ) ) ;
#3137 = UNCERTAINTY_MEASURE_WITH_UNIT (LENGTH_MEASURE( 1.000000000000000082E-05 ), #2190, 'distance_accuracy_value', 'NONE');
#3139 = DIRECTION ( 'NONE',  ( 1.000000000000000000, 0.000000000000000000, 1.734723475976805122E-15 ) ) ;
#3140 =( NAMED_UNIT ( * ) SI_UNIT ( $, .STERADIAN. ) SOLID_ANGLE_UNIT ( ) );
#3141 = CARTESIAN_POINT ( 'NONE',  ( 0.7249999999999999778, 0.1000000000000000056, 0.6750000000000000444 ) ) ;
#3142 =( NAMED_UNIT ( * ) PLANE_ANGLE_UNIT ( ) SI_UNIT ( $, .RADIAN. ) );
#3143 = VERTEX_POINT ( 'NONE', #3214 ) ;
#3144 = CARTESIAN_POINT ( 'NONE',  ( -1.000000000000000000, 0.1000000000000000056, 0.8499999999999999778 ) ) ;
#3145 =( NAMED_UNIT ( * ) SI_UNIT ( $, .STERADIAN. ) SOLID_ANGLE_UNIT ( ) );
#3146 = VERTEX_POINT ( 'NONE', #2411 ) ;
#3147 = PRESENTATION_LAYER_ASSIGNMENT (  '', '', ( #177 ) ) ;
#3148 = DIRECTION ( 'NONE',  ( 0.000000000000000000, 1.000000000000000000, 0.000000000000000000 ) ) ;
#3149 = VERTEX_POINT ( 'NONE', #538 ) ;
#3150 =( LENGTH_UNIT ( ) NAMED_UNIT ( * ) SI_UNIT ( .MILLI., .METRE. ) );
#3151 = AXIS2_PLACEMENT_3D ( 'NONE', #3119, #3072, #2761 ) ;
#3152 = UNCERTAINTY_MEASURE_WITH_UNIT (LENGTH_MEASURE( 1.000000000000000082E-05 ), #2863, 'distance_accuracy_value', 'NONE');
#3153 = ORIENTED_EDGE ( 'NONE', *, *, #4329, .T. ) ;
#3154 = DIRECTION ( 'NONE',  ( -0.000000000000000000, 1.000000000000000000, 0.000000000000000000 ) ) ;
#3155 = CARTESIAN_POINT ( 'NONE',  ( -1.000000000000000000, 0.05000000000000000278, -0.1000000000000000056 ) ) ;
#3156 = CARTESIAN_POINT ( 'NONE',  ( -0.7500000000000000000, 0.9499999999999999556, -0.7500000000000000000 ) ) ;
#3157 = DIRECTION ( 'NONE',  ( -1.000000000000000000, 0.000000000000000000, 7.589415207398530052E-16 ) ) ;
#3158 = ORIENTED_EDGE ( 'NONE', *, *, #3738, .F. ) ;
#3159 = FACE_OUTER_BOUND ( 'NONE', #4175, .T. ) ;
#3160 = DIRECTION ( 'NONE',  ( 1.000000000000000000, 0.000000000000000000, -1.971276677246365208E-15 ) ) ;
#3161 = LINE ( 'NONE', #3608, #401 ) ;
#3162 = SURFACE_STYLE_USAGE ( .BOTH. , #3188 ) ;
#3163 =( GEOMETRIC_REPRESENTATION_CONTEXT ( 3 ) GLOBAL_UNCERTAINTY_ASSIGNED_CONTEXT ( ( #5055 ) ) GLOBAL_UNIT_ASSIGNED_CONTEXT ( ( #4049, #2006, #3971 ) ) REPRESENTATION_CONTEXT ( 'NONE', 'WORKASPACE' ) );
#3164 = ORIENTED_EDGE ( 'NONE', *, *, #4332, .F. ) ;
#3165 = VECTOR ( 'NONE', #1779, 1000.000000000000000 ) ;
#3166 = CARTESIAN_POINT ( 'NONE',  ( -0.4000000000000000222, 0.1000000000000000056, -1.000000000000000000 ) ) ;
#3167 = ORIENTED_EDGE ( 'NONE', *, *, #74, .T. ) ;
#3168 = PRESENTATION_LAYER_ASSIGNMENT (  '', '', ( #4711 ) ) ;
#3169 = CARTESIAN_POINT ( 'NONE',  ( -0.7249999999999999778, 0.1000000000000000056, 0.5500000000000000444 ) ) ;
#3170 = CARTESIAN_POINT ( 'NONE',  ( -1.000000000000000000, 0.1000000000000000056, 0.5500000000000000444 ) ) ;
#3171 = EDGE_CURVE ( 'NONE', #2839, #7, #4456, .T. ) ;
#3172 = STYLED_ITEM ( 'NONE', ( #4312 ), #1108 ) ;
#3173 = DIRECTION ( 'NONE',  ( 0.000000000000000000, 0.000000000000000000, -1.000000000000000000 ) ) ;
#3174 = PRESENTATION_LAYER_ASSIGNMENT (  '', '', ( #4874 ) ) ;
#3175 = FACE_OUTER_BOUND ( 'NONE', #3537, .T. ) ;
#3176 = EDGE_LOOP ( 'NONE', ( #3747, #476, #700, #707 ) ) ;
#3177 = DIRECTION ( 'NONE',  ( 0.000000000000000000, 0.000000000000000000, 1.000000000000000000 ) ) ;
#3178 = EDGE_CURVE ( 'NONE', #212, #1793, #4586, .T. ) ;
#3179 = ORIENTED_EDGE ( 'NONE', *, *, #2668, .F. ) ;
#3180 = COLOUR_RGB ( '',0.2509803921568627416, 0.2509803921568627416, 0.2509803921568627416 ) ;
#3181 = LINE ( 'NONE', #1977, #4881 ) ;
#3182 = CARTESIAN_POINT ( 'NONE',  ( -0.4000000000000000222, 0.05000000000000000278, 1.000000000000000000 ) ) ;
#3183 = ORIENTED_EDGE ( 'NONE', *, *, #4044, .T. ) ;
#3184 = EDGE_CURVE ( 'NONE', #517, #1464, #4380, .T. ) ;
#3185 = FACE_OUTER_BOUND ( 'NONE', #4581, .T. ) ;
#3186 = PLANE ( 'NONE',  #3550 ) ;
#3187 = CARTESIAN_POINT ( 'NONE',  ( 0.7249999999999999778, 0.1000000000000000056, -0.5500000000000000444 ) ) ;
#3188 = SURFACE_SIDE_STYLE ('',( #4333 ) ) ;
#3189 = ORIENTED_EDGE ( 'NONE', *, *, #2478, .T. ) ;
#3190 = DIRECTION ( 'NONE',  ( 0.000000000000000000, 1.000000000000000000, 0.000000000000000000 ) ) ;
#3191 = ORIENTED_EDGE ( 'NONE', *, *, #4590, .T. ) ;
#3192 = DIRECTION ( 'NONE',  ( 0.000000000000000000, 0.000000000000000000, -1.000000000000000000 ) ) ;
#3193 = CARTESIAN_POINT ( 'NONE',  ( 0.8499999999999999778, 0.1000000000000000056, 1.000000000000000000 ) ) ;
#3194 = DIRECTION ( 'NONE',  ( 0.000000000000000000, -1.000000000000000000, 0.000000000000000000 ) ) ;
#3195 = ADVANCED_FACE ( 'NONE', ( #3283 ), #2438, .F. ) ;
#3196 = FACE_OUTER_BOUND ( 'NONE', #2408, .T. ) ;
#3197 = ORIENTED_EDGE ( 'NONE', *, *, #2308, .T. ) ;
#3198 = DIRECTION ( 'NONE',  ( 1.000000000000000000, 0.000000000000000000, -7.885106708985500867E-16 ) ) ;
#3199 = EDGE_LOOP ( 'NONE', ( #3073, #673, #3328, #4615, #1428, #4552, #2334, #2546, #1060, #2095, #3025, #4239, #779, #28, #4632, #1961, #1458, #194, #3948, #728 ) ) ;
#3200 = EDGE_CURVE ( 'NONE', #3372, #2944, #4443, .T. ) ;
#3201 = CLOSED_SHELL ( 'NONE', ( #573, #5068, #3059, #4991, #3967, #1598 ) ) ;
#3202 = VECTOR ( 'NONE', #2661, 1000.000000000000000 ) ;
#3203 =( NAMED_UNIT ( * ) SI_UNIT ( $, .STERADIAN. ) SOLID_ANGLE_UNIT ( ) );
#3204 = PRESENTATION_LAYER_ASSIGNMENT (  '', '', ( #4030 ) ) ;
#3205 = CARTESIAN_POINT ( 'NONE',  ( -1.000000000000000000, 0.05000000000000000278, -0.3499999999999999778 ) ) ;
#3206 = EDGE_CURVE ( 'NONE', #3218, #2708, #39, .T. ) ;
#3207 = FACE_OUTER_BOUND ( 'NONE', #3697, .T. ) ;
#3208 = EDGE_CURVE ( 'NONE', #2395, #1616, #2048, .T. ) ;
#3209 = ORIENTED_EDGE ( 'NONE', *, *, #3178, .F. ) ;
#3210 = EDGE_CURVE ( 'NONE', #2210, #3146, #4519, .T. ) ;
#3211 = MECHANICAL_DESIGN_GEOMETRIC_PRESENTATION_REPRESENTATION (  '', ( #80 ), #4907 ) ;
#3212 = ORIENTED_EDGE ( 'NONE', *, *, #3500, .F. ) ;
#3213 = LINE ( 'NONE', #4430, #1037 ) ;
#3214 = CARTESIAN_POINT ( 'NONE',  ( -0.5999999999999999778, 0.1000000000000000056, 1.000000000000000000 ) ) ;
#3215 = CARTESIAN_POINT ( 'NONE',  ( 0.7249999999999999778, 0.1000000000000000056, -0.5500000000000000444 ) ) ;
#3216 =( GEOMETRIC_REPRESENTATION_CONTEXT ( 3 ) GLOBAL_UNCERTAINTY_ASSIGNED_CONTEXT ( ( #4648 ) ) GLOBAL_UNIT_ASSIGNED_CONTEXT ( ( #2177, #513, #561 ) ) REPRESENTATION_CONTEXT ( 'NONE', 'WORKASPACE' ) );
#3217 = CARTESIAN_POINT ( 'NONE',  ( -0.5999999999999999778, 0.05000000000000000278, 0.6750000000000000444 ) ) ;
#3218 = VERTEX_POINT ( 'NONE', #117 ) ;
#3219 = MECHANICAL_DESIGN_GEOMETRIC_PRESENTATION_REPRESENTATION (  '', ( #4113 ), #4775 ) ;
#3220 = DIRECTION ( 'NONE',  ( 0.000000000000000000, 1.000000000000000000, 0.000000000000000000 ) ) ;
#3221 = CARTESIAN_POINT ( 'NONE',  ( 0.7249999999999999778, 0.05000000000000000278, 0.5500000000000000444 ) ) ;
#3222 = DIRECTION ( 'NONE',  ( 0.000000000000000000, -1.000000000000000000, 0.000000000000000000 ) ) ;
#3223 =( GEOMETRIC_REPRESENTATION_CONTEXT ( 3 ) GLOBAL_UNCERTAINTY_ASSIGNED_CONTEXT ( ( #4304 ) ) GLOBAL_UNIT_ASSIGNED_CONTEXT ( ( #1198, #4006, #3670 ) ) REPRESENTATION_CONTEXT ( 'NONE', 'WORKASPACE' ) );
#3224 = CARTESIAN_POINT ( 'NONE',  ( 0.7249999999999999778, 0.1000000000000000056, 0.2250000000000000056 ) ) ;
#3225 = ORIENTED_EDGE ( 'NONE', *, *, #3874, .F. ) ;
#3226 = AXIS2_PLACEMENT_3D ( 'NONE', #4600, #3571, #1913 ) ;
#3227 = SURFACE_STYLE_USAGE ( .BOTH. , #2424 ) ;
#3228 = ADVANCED_FACE ( 'NONE', ( #2515 ), #3258, .F. ) ;
#3229 = AXIS2_PLACEMENT_3D ( 'NONE', #404, #3251, #2041 ) ;
#3230 = VECTOR ( 'NONE', #201, 1000.000000000000000 ) ;
#3231 = PLANE ( 'NONE',  #3229 ) ;
#3232 = MECHANICAL_DESIGN_GEOMETRIC_PRESENTATION_REPRESENTATION (  '', ( #991 ), #3651 ) ;
#3233 = VERTEX_POINT ( 'NONE', #3021 ) ;
#3234 = EDGE_LOOP ( 'NONE', ( #2292, #4856, #3844, #1068 ) ) ;
#3235 = DIRECTION ( 'NONE',  ( 1.000802005371239959E-15, 0.000000000000000000, -1.000000000000000000 ) ) ;
#3236 = DIRECTION ( 'NONE',  ( 0.000000000000000000, 1.000000000000000000, 0.000000000000000000 ) ) ;
#3237 =( NAMED_UNIT ( * ) PLANE_ANGLE_UNIT ( ) SI_UNIT ( $, .RADIAN. ) );
#3238 = CARTESIAN_POINT ( 'NONE',  ( -0.4000000000000000222, 0.05000000000000000278, 4.336808689942015271E-17 ) ) ;
#3239 = VERTEX_POINT ( 'NONE', #1754 ) ;
#3240 = SURFACE_STYLE_USAGE ( .BOTH. , #1655 ) ;
#3241 =( NAMED_UNIT ( * ) PLANE_ANGLE_UNIT ( ) SI_UNIT ( $, .RADIAN. ) );
#3242 = CARTESIAN_POINT ( 'NONE',  ( 1.000000000000000000, 0.000000000000000000, 0.8499999999999999778 ) ) ;
#3243 = UNCERTAINTY_MEASURE_WITH_UNIT (LENGTH_MEASURE( 1.000000000000000082E-05 ), #4348, 'distance_accuracy_value', 'NONE');
#3244 = AXIS2_PLACEMENT_3D ( 'NONE', #4065, #4814, #2832 ) ;
#3245 = DIRECTION ( 'NONE',  ( -7.885106708985500867E-16, 0.000000000000000000, 1.000000000000000000 ) ) ;
#3246 = ORIENTED_EDGE ( 'NONE', *, *, #4450, .F. ) ;
#3247 = SURFACE_STYLE_FILL_AREA ( #1713 ) ;
#3248 = DIRECTION ( 'NONE',  ( 0.000000000000000000, 1.000000000000000000, 0.000000000000000000 ) ) ;
#3249 = MECHANICAL_DESIGN_GEOMETRIC_PRESENTATION_REPRESENTATION (  '', ( #3815 ), #3321 ) ;
#3250 = CARTESIAN_POINT ( 'NONE',  ( -0.5999999999999999778, 0.1000000000000000056, -0.6999999999999999556 ) ) ;
#3251 = DIRECTION ( 'NONE',  ( 1.000000000000000000, 0.000000000000000000, 1.445602896647344044E-15 ) ) ;
#3252 = PRESENTATION_STYLE_ASSIGNMENT (( #86 ) ) ;
#3253 = SURFACE_STYLE_USAGE ( .BOTH. , #3694 ) ;
#3254 = PRESENTATION_LAYER_ASSIGNMENT (  '', '', ( #2765 ) ) ;
#3255 = EDGE_LOOP ( 'NONE', ( #1390, #703, #3698, #303 ) ) ;
#3256 = EDGE_LOOP ( 'NONE', ( #2283, #270, #2782, #3391 ) ) ;
#3257 = ORIENTED_EDGE ( 'NONE', *, *, #910, .F. ) ;
#3258 = PLANE ( 'NONE',  #407 ) ;
#3259 = CARTESIAN_POINT ( 'NONE',  ( 1.000000000000000000, 0.000000000000000000, -0.1000000000000000056 ) ) ;
#3260 = DIRECTION ( 'NONE',  ( 0.000000000000000000, -1.000000000000000000, 0.000000000000000000 ) ) ;
#3261 = STYLED_ITEM ( 'NONE', ( #4548 ), #602 ) ;
#3262 = ORIENTED_EDGE ( 'NONE', *, *, #4590, .F. ) ;
#3263 =( LENGTH_UNIT ( ) NAMED_UNIT ( * ) SI_UNIT ( .MILLI., .METRE. ) );
#3264 = SURFACE_STYLE_FILL_AREA ( #3664 ) ;
#3265 = FILL_AREA_STYLE ('',( #1266 ) ) ;
#3266 = LINE ( 'NONE', #3193, #1751 ) ;
#3267 = ADVANCED_FACE ( 'NONE', ( #560 ), #1725, .F. ) ;
#3268 = FACE_OUTER_BOUND ( 'NONE', #3044, .T. ) ;
#3269 = ORIENTED_EDGE ( 'NONE', *, *, #1650, .F. ) ;
#3270 = LINE ( 'NONE', #1303, #4122 ) ;
#3271 = EDGE_CURVE ( 'NONE', #876, #5044, #493, .T. ) ;
#3272 = LINE ( 'NONE', #109, #2817 ) ;
#3273 = EDGE_CURVE ( 'NONE', #1864, #2806, #2151, .T. ) ;
#3274 = CARTESIAN_POINT ( 'NONE',  ( -0.7249999999999999778, 0.1000000000000000056, 0.3499999999999999778 ) ) ;
#3275 = VERTEX_POINT ( 'NONE', #1407 ) ;
#3276 = CLOSED_SHELL ( 'NONE', ( #3481, #4613, #3667, #1922, #4405, #146 ) ) ;
#3277 = VECTOR ( 'NONE', #4565, 1000.000000000000000 ) ;
#3278 = VERTEX_POINT ( 'NONE', #656 ) ;
#3279 = ORIENTED_EDGE ( 'NONE', *, *, #1344, .T. ) ;
#3280 = FACE_OUTER_BOUND ( 'NONE', #2826, .T. ) ;
#3281 = VECTOR ( 'NONE', #328, 1000.000000000000000 ) ;
#3282 = DIRECTION ( 'NONE',  ( 1.000000000000000000, 0.000000000000000000, -1.182766006347821925E-15 ) ) ;
#3283 = FACE_OUTER_BOUND ( 'NONE', #558, .T. ) ;
#3284 = DIRECTION ( 'NONE',  ( 0.000000000000000000, -1.000000000000000000, 0.000000000000000000 ) ) ;
#3285 = CARTESIAN_POINT ( 'NONE',  ( 0.4000000000000000222, 0.000000000000000000, -1.000000000000000000 ) ) ;
#3286 = STYLED_ITEM ( 'NONE', ( #145 ), #4480 ) ;
#3287 = EDGE_CURVE ( 'NONE', #973, #3149, #999, .T. ) ;
#3288 = ORIENTED_EDGE ( 'NONE', *, *, #298, .T. ) ;
#3289 = MECHANICAL_DESIGN_GEOMETRIC_PRESENTATION_REPRESENTATION (  '', ( #2710 ), #3041 ) ;
#3290 = DIRECTION ( 'NONE',  ( 0.000000000000000000, -1.000000000000000000, 0.000000000000000000 ) ) ;
#3291 = CARTESIAN_POINT ( 'NONE',  ( -1.000000000000000000, 0.1000000000000000056, -0.5500000000000000444 ) ) ;
#3292 = FACE_OUTER_BOUND ( 'NONE', #3407, .T. ) ;
#3293 = VERTEX_POINT ( 'NONE', #2584 ) ;
#3294 = CARTESIAN_POINT ( 'NONE',  ( -0.7249999999999999778, 0.1000000000000000056, -0.1000000000000000056 ) ) ;
#3295 = VECTOR ( 'NONE', #2904, 1000.000000000000000 ) ;
#3296 = FILL_AREA_STYLE_COLOUR ( '', #2967 ) ;
#3297 = DIRECTION ( 'NONE',  ( 1.000000000000000000, 0.000000000000000000, 3.942553354492735149E-16 ) ) ;
#3298 = FILL_AREA_STYLE ('',( #891 ) ) ;
#3299 = FILL_AREA_STYLE ('',( #553 ) ) ;
#3300 = VECTOR ( 'NONE', #5006, 1000.000000000000000 ) ;
#3301 = VERTEX_POINT ( 'NONE', #4192 ) ;
#3302 = ORIENTED_EDGE ( 'NONE', *, *, #2577, .F. ) ;
#3303 = ORIENTED_EDGE ( 'NONE', *, *, #1711, .F. ) ;
#3304 = DIRECTION ( 'NONE',  ( 0.000000000000000000, -1.000000000000000000, 0.000000000000000000 ) ) ;
#3305 = AXIS2_PLACEMENT_3D ( 'NONE', #872, #2409, #3655 ) ;
#3306 = DIRECTION ( 'NONE',  ( 1.000000000000000000, 0.000000000000000000, 1.445602896647332014E-15 ) ) ;
#3307 = COLOUR_RGB ( '',0.2509803921568627416, 0.2509803921568627416, 0.2509803921568627416 ) ;
#3308 =( NAMED_UNIT ( * ) SI_UNIT ( $, .STERADIAN. ) SOLID_ANGLE_UNIT ( ) );
#3309 = FACE_OUTER_BOUND ( 'NONE', #4908, .T. ) ;
#3310 = ORIENTED_EDGE ( 'NONE', *, *, #1808, .F. ) ;
#3311 = DIRECTION ( 'NONE',  ( 1.000000000000000000, 0.000000000000000000, -7.885106708985500867E-16 ) ) ;
#3312 = DIRECTION ( 'NONE',  ( 1.000000000000000000, 0.000000000000000000, -9.363564216920241542E-16 ) ) ;
#3313 = CARTESIAN_POINT ( 'NONE',  ( 1.000000000000000000, 0.1000000000000000056, 0.3499999999999999778 ) ) ;
#3314 = PLANE ( 'NONE',  #989 ) ;
#3315 = VERTEX_POINT ( 'NONE', #4861 ) ;
#3316 = DIRECTION ( 'NONE',  ( 1.000000000000000000, 0.000000000000000000, 3.942553354492730219E-16 ) ) ;
#3317 = MECHANICAL_DESIGN_GEOMETRIC_PRESENTATION_REPRESENTATION (  '', ( #4867 ), #4076 ) ;
#3318 = CARTESIAN_POINT ( 'NONE',  ( 0.5999999999999999778, 0.1000000000000000056, 1.000000000000000000 ) ) ;
#3319 = PRESENTATION_LAYER_ASSIGNMENT (  '', '', ( #2338 ) ) ;
#3320 = CARTESIAN_POINT ( 'NONE',  ( -0.7249999999999999778, 0.1000000000000000056, 0.6750000000000000444 ) ) ;
#3321 =( GEOMETRIC_REPRESENTATION_CONTEXT ( 3 ) GLOBAL_UNCERTAINTY_ASSIGNED_CONTEXT ( ( #421 ) ) GLOBAL_UNIT_ASSIGNED_CONTEXT ( ( #590, #4906, #2587 ) ) REPRESENTATION_CONTEXT ( 'NONE', 'WORKASPACE' ) );
#3322 = LINE ( 'NONE', #4471, #2406 ) ;
#3323 = EDGE_CURVE ( 'NONE', #2944, #4727, #1364, .T. ) ;
#3324 = EDGE_CURVE ( 'NONE', #1855, #620, #567, .T. ) ;
#3325 = EDGE_LOOP ( 'NONE', ( #4563, #647, #385, #3695, #1257, #187, #3451 ) ) ;
#3326 = ORIENTED_EDGE ( 'NONE', *, *, #1012, .F. ) ;
#3327 = VERTEX_POINT ( 'NONE', #2535 ) ;
#3328 = ORIENTED_EDGE ( 'NONE', *, *, #4094, .T. ) ;
#3329 = DIRECTION ( 'NONE',  ( -1.000000000000000000, 0.000000000000000000, 1.445602896647330042E-15 ) ) ;
#3330 = PRESENTATION_STYLE_ASSIGNMENT (( #1044 ) ) ;
#3331 =( LENGTH_UNIT ( ) NAMED_UNIT ( * ) SI_UNIT ( .MILLI., .METRE. ) );
#3332 = CARTESIAN_POINT ( 'NONE',  ( -0.8499999999999999778, 0.000000000000000000, 0.8499999999999999778 ) ) ;
#3333 = VECTOR ( 'NONE', #3912, 1000.000000000000000 ) ;
#3334 = EDGE_CURVE ( 'NONE', #4502, #2020, #191, .T. ) ;
#3335 = ORIENTED_EDGE ( 'NONE', *, *, #1555, .F. ) ;
#3336 = COLOUR_RGB ( '',0.2509803921568627416, 0.2509803921568627416, 0.2509803921568627416 ) ;
#3337 = SURFACE_STYLE_USAGE ( .BOTH. , #4508 ) ;
#3338 = CARTESIAN_POINT ( 'NONE',  ( -0.7249999999999999778, 0.1000000000000000056, 0.3499999999999999778 ) ) ;
#3339 = MECHANICAL_DESIGN_GEOMETRIC_PRESENTATION_REPRESENTATION (  '', ( #2601 ), #1686 ) ;
#3340 = EDGE_CURVE ( 'NONE', #2395, #3275, #2999, .T. ) ;
#3341 = DIRECTION ( 'NONE',  ( 1.668003342285400130E-15, 0.000000000000000000, 1.000000000000000000 ) ) ;
#3342 = EDGE_CURVE ( 'NONE', #1049, #1627, #1019, .T. ) ;
#3343 = EDGE_LOOP ( 'NONE', ( #943, #4189, #3036, #970 ) ) ;
#3344 = FILL_AREA_STYLE ('',( #4207 ) ) ;
#3345 = PRESENTATION_STYLE_ASSIGNMENT (( #1330 ) ) ;
#3346 = EDGE_CURVE ( 'NONE', #4934, #4234, #2558, .T. ) ;
#3347 = CARTESIAN_POINT ( 'NONE',  ( 0.7249999999999999778, 0.1000000000000000056, -0.3499999999999999778 ) ) ;
#3348 = ADVANCED_FACE ( 'NONE', ( #3402 ), #3751, .T. ) ;
#3349 = ORIENTED_EDGE ( 'NONE', *, *, #2059, .T. ) ;
#3350 = ORIENTED_EDGE ( 'NONE', *, *, #313, .F. ) ;
#3351 = ORIENTED_EDGE ( 'NONE', *, *, #5075, .F. ) ;
#3352 = CARTESIAN_POINT ( 'NONE',  ( -1.000000000000000000, 0.000000000000000000, 0.3499999999999999778 ) ) ;
#3353 = ORIENTED_EDGE ( 'NONE', *, *, #625, .F. ) ;
#3354 = CARTESIAN_POINT ( 'NONE',  ( 0.7249999999999999778, 0.1000000000000000056, -0.3499999999999999778 ) ) ;
#3355 = DIRECTION ( 'NONE',  ( 0.000000000000000000, 1.000000000000000000, 0.000000000000000000 ) ) ;
#3356 = FILL_AREA_STYLE ('',( #589 ) ) ;
#3357 = EDGE_CURVE ( 'NONE', #4702, #2422, #2979, .T. ) ;
#3358 = CYLINDRICAL_SURFACE ( 'NONE', #1175, 0.1250000000000000000 ) ;
#3359 = VERTEX_POINT ( 'NONE', #4322 ) ;
#3360 = AXIS2_PLACEMENT_3D ( 'NONE', #4437, #305, #3400 ) ;
#3361 = MECHANICAL_DESIGN_GEOMETRIC_PRESENTATION_REPRESENTATION (  '', ( #471 ), #3623 ) ;
#3362 = DIRECTION ( 'NONE',  ( -1.000802005371239959E-15, 0.000000000000000000, 1.000000000000000000 ) ) ;
#3363 = PRESENTATION_LAYER_ASSIGNMENT (  '', '', ( #3034 ) ) ;
#3364 = LINE ( 'NONE', #2568, #4612 ) ;
#3365 = VECTOR ( 'NONE', #4765, 1000.000000000000000 ) ;
#3366 = LINE ( 'NONE', #3313, #2015 ) ;
#3367 = SURFACE_SIDE_STYLE ('',( #1027 ) ) ;
#3368 = ORIENTED_EDGE ( 'NONE', *, *, #440, .F. ) ;
#3369 = VECTOR ( 'NONE', #5009, 1000.000000000000000 ) ;
#3370 = VECTOR ( 'NONE', #550, 1000.000000000000000 ) ;
#3371 = DIRECTION ( 'NONE',  ( -1.000000000000000000, 0.000000000000000000, 7.228014483236679792E-16 ) ) ;
#3372 = VERTEX_POINT ( 'NONE', #1931 ) ;
#3373 = EDGE_LOOP ( 'NONE', ( #2054, #4249, #4295, #3262 ) ) ;
#3374 = DIRECTION ( 'NONE',  ( 0.000000000000000000, 0.000000000000000000, -1.000000000000000000 ) ) ;
#3375 = LINE ( 'NONE', #3476, #1035 ) ;
#3376 = CARTESIAN_POINT ( 'NONE',  ( -0.7249999999999999778, 0.1000000000000000056, -0.2250000000000000056 ) ) ;
#3377 = VECTOR ( 'NONE', #3540, 1000.000000000000000 ) ;
#3378 = FILL_AREA_STYLE ('',( #4567 ) ) ;
#3379 = LINE ( 'NONE', #3730, #4994 ) ;
#3380 = DIRECTION ( 'NONE',  ( 0.000000000000000000, -1.000000000000000000, 0.000000000000000000 ) ) ;
#3381 = ADVANCED_FACE ( 'NONE', ( #3100 ), #768, .F. ) ;
#3382 = ORIENTED_EDGE ( 'NONE', *, *, #454, .T. ) ;
#3383 = EDGE_CURVE ( 'NONE', #2973, #896, #1562, .T. ) ;
#3384 = CARTESIAN_POINT ( 'NONE',  ( 1.000000000000000000, 0.1000000000000000056, 0.8499999999999999778 ) ) ;
#3385 = CARTESIAN_POINT ( 'NONE',  ( -1.000000000000000000, 0.05000000000000000278, -0.8499999999999999778 ) ) ;
#3386 = DIRECTION ( 'NONE',  ( 1.000000000000000000, 0.000000000000000000, -7.885106708985500867E-16 ) ) ;
#3387 = ADVANCED_FACE ( 'NONE', ( #3816 ), #2741, .F. ) ;
#3388 =( GEOMETRIC_REPRESENTATION_CONTEXT ( 3 ) GLOBAL_UNCERTAINTY_ASSIGNED_CONTEXT ( ( #1270 ) ) GLOBAL_UNIT_ASSIGNED_CONTEXT ( ( #3576, #4720, #3705 ) ) REPRESENTATION_CONTEXT ( 'NONE', 'WORKASPACE' ) );
#3389 = FILL_AREA_STYLE ('',( #4938 ) ) ;
#3390 = CARTESIAN_POINT ( 'NONE',  ( 1.000000000000000000, 0.1000000000000000056, 0.09999999999999829858 ) ) ;
#3391 = ORIENTED_EDGE ( 'NONE', *, *, #2970, .T. ) ;
#3392 = DIRECTION ( 'NONE',  ( 1.000000000000000000, 0.000000000000000000, -2.365532012695650161E-15 ) ) ;
#3394 = DIRECTION ( 'NONE',  ( 1.668003342285400130E-15, 0.000000000000000000, 1.000000000000000000 ) ) ;
#3393 = DIRECTION ( 'NONE',  ( 0.000000000000000000, 0.000000000000000000, -1.000000000000000000 ) ) ;
#3395 =( NAMED_UNIT ( * ) PLANE_ANGLE_UNIT ( ) SI_UNIT ( $, .RADIAN. ) );
#3396 = DIRECTION ( 'NONE',  ( 0.000000000000000000, 1.000000000000000000, 0.000000000000000000 ) ) ;
#3397 = ORIENTED_EDGE ( 'NONE', *, *, #2970, .F. ) ;
#3398 = PRESENTATION_LAYER_ASSIGNMENT (  '', '', ( #4709 ) ) ;
#3399 = ORIENTED_EDGE ( 'NONE', *, *, #2660, .T. ) ;
#3400 = DIRECTION ( 'NONE',  ( 1.000000000000000000, 0.000000000000000000, -2.365532012695650161E-15 ) ) ;
#3401 = AXIS2_PLACEMENT_3D ( 'NONE', #4090, #928, #1781 ) ;
#3402 = FACE_OUTER_BOUND ( 'NONE', #3603, .T. ) ;
#3403 = SURFACE_SIDE_STYLE ('',( #4154 ) ) ;
#3404 = LINE ( 'NONE', #1847, #4422 ) ;
#3405 = CARTESIAN_POINT ( 'NONE',  ( 0.5999999999999999778, 0.000000000000000000, 0.6750000000000000444 ) ) ;
#3406 = VECTOR ( 'NONE', #3761, 1000.000000000000000 ) ;
#3407 = EDGE_LOOP ( 'NONE', ( #466, #1385, #4164, #256 ) ) ;
#3408 = AXIS2_PLACEMENT_3D ( 'NONE', #761, #1865, #2321 ) ;
#3409 = PLANE ( 'NONE',  #4106 ) ;
#3410 = LINE ( 'NONE', #3436, #969 ) ;
#3411 =( NAMED_UNIT ( * ) SI_UNIT ( $, .STERADIAN. ) SOLID_ANGLE_UNIT ( ) );
#3412 = AXIS2_PLACEMENT_3D ( 'NONE', #2954, #4489, #3362 ) ;
#3413 = ORIENTED_EDGE ( 'NONE', *, *, #2794, .T. ) ;
#3414 = DIRECTION ( 'NONE',  ( 0.000000000000000000, 0.000000000000000000, 1.000000000000000000 ) ) ;
#3415 = FILL_AREA_STYLE ('',( #4493 ) ) ;
#3416 = VERTEX_POINT ( 'NONE', #4245 ) ;
#3417 = EDGE_CURVE ( 'NONE', #4130, #4624, #1097, .T. ) ;
#3419 = DIRECTION ( 'NONE',  ( 0.000000000000000000, 0.000000000000000000, 1.000000000000000000 ) ) ;
#3418 =( LENGTH_UNIT ( ) NAMED_UNIT ( * ) SI_UNIT ( .MILLI., .METRE. ) );
#3420 = EDGE_CURVE ( 'NONE', #4234, #3901, #709, .T. ) ;
#3421 = EDGE_CURVE ( 'NONE', #2296, #2973, #3840, .T. ) ;
#3422 = AXIS2_PLACEMENT_3D ( 'NONE', #1874, #4299, #2327 ) ;
#3423 = EDGE_CURVE ( 'NONE', #2762, #4128, #1454, .T. ) ;
#3424 = EDGE_CURVE ( 'NONE', #1647, #3630, #1564, .T. ) ;
#3425 = DIRECTION ( 'NONE',  ( 0.000000000000000000, -1.000000000000000000, 0.000000000000000000 ) ) ;
#3426 = EDGE_CURVE ( 'NONE', #3327, #1476, #4679, .T. ) ;
#3427 = VERTEX_POINT ( 'NONE', #1126 ) ;
#3428 = ORIENTED_EDGE ( 'NONE', *, *, #4329, .F. ) ;
#3429 = DIRECTION ( 'NONE',  ( 0.000000000000000000, -1.000000000000000000, 0.000000000000000000 ) ) ;
#3430 = EDGE_CURVE ( 'NONE', #3053, #61, #3924, .T. ) ;
#3431 = DIRECTION ( 'NONE',  ( 0.000000000000000000, -1.000000000000000000, 0.000000000000000000 ) ) ;
#3432 = DIRECTION ( 'NONE',  ( 0.000000000000000000, 1.000000000000000000, 0.000000000000000000 ) ) ;
#3433 =( NAMED_UNIT ( * ) PLANE_ANGLE_UNIT ( ) SI_UNIT ( $, .RADIAN. ) );
#3434 = EDGE_LOOP ( 'NONE', ( #2029, #1722, #4013, #4059 ) ) ;
#3435 = CARTESIAN_POINT ( 'NONE',  ( 0.7249999999999999778, 0.000000000000000000, -0.1000000000000000056 ) ) ;
#3436 = CARTESIAN_POINT ( 'NONE',  ( 1.000000000000000000, 0.000000000000000000, 0.8499999999999999778 ) ) ;
#3437 = LINE ( 'NONE', #3108, #4704 ) ;
#3438 = ORIENTED_EDGE ( 'NONE', *, *, #1744, .T. ) ;
#3439 = DIRECTION ( 'NONE',  ( 0.000000000000000000, 1.000000000000000000, 0.000000000000000000 ) ) ;
#3440 = VECTOR ( 'NONE', #1453, 1000.000000000000000 ) ;
#3441 = CIRCLE ( 'NONE', #1867, 0.1250000000000000000 ) ;
#3442 = DIRECTION ( 'NONE',  ( 0.000000000000000000, 1.000000000000000000, 0.000000000000000000 ) ) ;
#3443 = ORIENTED_EDGE ( 'NONE', *, *, #2248, .F. ) ;
#3444 = PLANE ( 'NONE',  #1269 ) ;
#3445 = DIRECTION ( 'NONE',  ( 0.000000000000000000, -1.000000000000000000, 0.000000000000000000 ) ) ;
#3446 =( GEOMETRIC_REPRESENTATION_CONTEXT ( 3 ) GLOBAL_UNCERTAINTY_ASSIGNED_CONTEXT ( ( #1174 ) ) GLOBAL_UNIT_ASSIGNED_CONTEXT ( ( #2251, #662, #1941 ) ) REPRESENTATION_CONTEXT ( 'NONE', 'WORKASPACE' ) );
#3447 =( NAMED_UNIT ( * ) SI_UNIT ( $, .STERADIAN. ) SOLID_ANGLE_UNIT ( ) );
#3448 = VERTEX_POINT ( 'NONE', #3129 ) ;
#3449 = PRESENTATION_LAYER_ASSIGNMENT (  '', '', ( #4509 ) ) ;
#3450 = CARTESIAN_POINT ( 'NONE',  ( 0.8499999999999999778, 0.000000000000000000, 1.000000000000000000 ) ) ;
#3451 = ORIENTED_EDGE ( 'NONE', *, *, #3767, .F. ) ;
#3452 = VERTEX_POINT ( 'NONE', #3155 ) ;
#3453 = DIRECTION ( 'NONE',  ( 0.000000000000000000, 0.000000000000000000, -1.000000000000000000 ) ) ;
#3454 = CARTESIAN_POINT ( 'NONE',  ( 1.000000000000000000, 0.000000000000000000, -0.8499999999999999778 ) ) ;
#3455 = PLANE ( 'NONE',  #3422 ) ;
#3456 = LINE ( 'NONE', #1433, #3780 ) ;
#3457 = LINE ( 'NONE', #3133, #4795 ) ;
#3458 = COLOUR_RGB ( '',0.2509803921568627416, 0.2509803921568627416, 0.2509803921568627416 ) ;
#3459 = VERTEX_POINT ( 'NONE', #381 ) ;
#3460 = VECTOR ( 'NONE', #2797, 1000.000000000000000 ) ;
#3461 = FILL_AREA_STYLE_COLOUR ( '', #3558 ) ;
#3462 = DIRECTION ( 'NONE',  ( 0.000000000000000000, 1.000000000000000000, 0.000000000000000000 ) ) ;
#3463 = FACE_OUTER_BOUND ( 'NONE', #379, .T. ) ;
#3464 = UNCERTAINTY_MEASURE_WITH_UNIT (LENGTH_MEASURE( 1.000000000000000082E-05 ), #1248, 'distance_accuracy_value', 'NONE');
#3465 = PRESENTATION_LAYER_ASSIGNMENT (  '', '', ( #572 ) ) ;
#3466 = STYLED_ITEM ( 'NONE', ( #4416 ), #1660 ) ;
#3467 = ORIENTED_EDGE ( 'NONE', *, *, #835, .T. ) ;
#3468 = CARTESIAN_POINT ( 'NONE',  ( -1.000000000000000000, 0.000000000000000000, -0.5500000000000000444 ) ) ;
#3469 = DIRECTION ( 'NONE',  ( -1.000000000000000000, 0.000000000000000000, 1.445602896647340100E-15 ) ) ;
#3470 = ORIENTED_EDGE ( 'NONE', *, *, #3015, .F. ) ;
#3471 = SURFACE_STYLE_USAGE ( .BOTH. , #3091 ) ;
#3472 = PRESENTATION_LAYER_ASSIGNMENT (  '', '', ( #4598 ) ) ;
#3473 = MECHANICAL_DESIGN_GEOMETRIC_PRESENTATION_REPRESENTATION (  '', ( #745 ), #5014 ) ;
#3474 = CARTESIAN_POINT ( 'NONE',  ( 0.4000000000000000222, 0.1000000000000000056, 1.000000000000000000 ) ) ;
#3475 = ORIENTED_EDGE ( 'NONE', *, *, #788, .T. ) ;
#3476 = CARTESIAN_POINT ( 'NONE',  ( -0.8499999999999999778, 0.000000000000000000, -0.8499999999999999778 ) ) ;
#3477 = CARTESIAN_POINT ( 'NONE',  ( 0.000000000000000000, 0.05000000000000000278, -0.8499999999999999778 ) ) ;
#3478 = ORIENTED_EDGE ( 'NONE', *, *, #4771, .F. ) ;
#3479 = ORIENTED_EDGE ( 'NONE', *, *, #4556, .F. ) ;
#3480 = PRESENTATION_STYLE_ASSIGNMENT (( #4243 ) ) ;
#3481 = ADVANCED_FACE ( 'NONE', ( #3512 ), #3869, .F. ) ;
#3482 = CARTESIAN_POINT ( 'NONE',  ( 1.301042606982609857E-15, 0.05000000000000000278, 0.5500000000000000444 ) ) ;
#3483 = EDGE_CURVE ( 'NONE', #2899, #4882, #4272, .T. ) ;
#3484 = DIRECTION ( 'NONE',  ( 1.000000000000000000, 0.000000000000000000, -7.228014483236679792E-16 ) ) ;
#3485 = EDGE_CURVE ( 'NONE', #534, #793, #1178, .T. ) ;
#3486 = CARTESIAN_POINT ( 'NONE',  ( 0.1000000000000000056, 0.1000000000000000056, -1.000000000000000000 ) ) ;
#3487 = FILL_AREA_STYLE_COLOUR ( '', #2426 ) ;
#3488 = EDGE_LOOP ( 'NONE', ( #13, #4676, #849, #4410 ) ) ;
#3490 = LINE ( 'NONE', #4713, #528 ) ;
#3489 = UNCERTAINTY_MEASURE_WITH_UNIT (LENGTH_MEASURE( 1.000000000000000082E-05 ), #153, 'distance_accuracy_value', 'NONE');
#3491 = LINE ( 'NONE', #1076, #315 ) ;
#3492 = EDGE_CURVE ( 'NONE', #1776, #712, #2243, .T. ) ;
#3493 = DIRECTION ( 'NONE',  ( -1.000000000000000000, 0.000000000000000000, -1.000802005371239959E-15 ) ) ;
#3494 = CARTESIAN_POINT ( 'NONE',  ( 1.000000000000000000, 0.000000000000000000, 0.3499999999999999778 ) ) ;
#3495 = ORIENTED_EDGE ( 'NONE', *, *, #4396, .F. ) ;
#3496 = DIRECTION ( 'NONE',  ( 1.000000000000000000, 0.000000000000000000, 1.478457507934775927E-16 ) ) ;
#3497 = DIRECTION ( 'NONE',  ( 0.000000000000000000, -1.000000000000000000, 0.000000000000000000 ) ) ;
#3498 = ORIENTED_EDGE ( 'NONE', *, *, #4111, .F. ) ;
#3499 = DIRECTION ( 'NONE',  ( 0.000000000000000000, 0.000000000000000000, 1.000000000000000000 ) ) ;
#3500 = EDGE_CURVE ( 'NONE', #5044, #2631, #356, .T. ) ;
#3501 = PLANE ( 'NONE',  #3946 ) ;
#3502 = EDGE_CURVE ( 'NONE', #61, #506, #1729, .T. ) ;
#3503 = CARTESIAN_POINT ( 'NONE',  ( 0.000000000000000000, 0.1000000000000000056, 0.000000000000000000 ) ) ;
#3504 = ORIENTED_EDGE ( 'NONE', *, *, #824, .T. ) ;
#3505 = CIRCLE ( 'NONE', #1769, 0.1250000000000000000 ) ;
#3506 = UNCERTAINTY_MEASURE_WITH_UNIT (LENGTH_MEASURE( 1.000000000000000082E-05 ), #2359, 'distance_accuracy_value', 'NONE');
#3507 = SURFACE_STYLE_USAGE ( .BOTH. , #4642 ) ;
#3508 = EDGE_CURVE ( 'NONE', #4347, #2147, #1064, .T. ) ;
#3509 = EDGE_LOOP ( 'NONE', ( #3770, #4523, #1075, #4012 ) ) ;
#3510 = ORIENTED_EDGE ( 'NONE', *, *, #4419, .F. ) ;
#3511 = LINE ( 'NONE', #3565, #1448 ) ;
#3512 = FACE_OUTER_BOUND ( 'NONE', #5067, .T. ) ;
#3513 = LINE ( 'NONE', #1538, #3097 ) ;
#3514 = LINE ( 'NONE', #2274, #4354 ) ;
#3515 = LINE ( 'NONE', #1514, #4149 ) ;
#3516 = VERTEX_POINT ( 'NONE', #4755 ) ;
#3517 =( NAMED_UNIT ( * ) SI_UNIT ( $, .STERADIAN. ) SOLID_ANGLE_UNIT ( ) );
#3518 = EDGE_CURVE ( 'NONE', #2662, #1613, #4783, .T. ) ;
#3519 = DIRECTION ( 'NONE',  ( 0.000000000000000000, -1.000000000000000000, 0.000000000000000000 ) ) ;
#3520 = CARTESIAN_POINT ( 'NONE',  ( -1.000000000000000000, 0.000000000000000000, 0.3499999999999999778 ) ) ;
#3521 = ORIENTED_EDGE ( 'NONE', *, *, #1669, .F. ) ;
#3522 =( NAMED_UNIT ( * ) PLANE_ANGLE_UNIT ( ) SI_UNIT ( $, .RADIAN. ) );
#3523 = LINE ( 'NONE', #1888, #4342 ) ;
#3524 = DIRECTION ( 'NONE',  ( 0.000000000000000000, -1.000000000000000000, 0.000000000000000000 ) ) ;
#3525 = LINE ( 'NONE', #3833, #3625 ) ;
#3526 = VECTOR ( 'NONE', #5053, 1000.000000000000000 ) ;
#3527 = VECTOR ( 'NONE', #4503, 1000.000000000000000 ) ;
#3528 = CARTESIAN_POINT ( 'NONE',  ( 0.7249999999999999778, 0.1000000000000000056, 0.2250000000000000056 ) ) ;
#3529 = MECHANICAL_DESIGN_GEOMETRIC_PRESENTATION_REPRESENTATION (  '', ( #3777 ), #4660 ) ;
#3530 = VERTEX_POINT ( 'NONE', #4374 ) ;
#3531 = ADVANCED_BREP_SHAPE_REPRESENTATION ( 'TPS259472ARPWR', ( #192, #199, #3610, #1912, #3591, #170, #3621, #260, #1966, #1879, #1893, #3682, #2097 ), #1416 ) ;
#3532 =( NAMED_UNIT ( * ) SI_UNIT ( $, .STERADIAN. ) SOLID_ANGLE_UNIT ( ) );
#3533 =( LENGTH_UNIT ( ) NAMED_UNIT ( * ) SI_UNIT ( .MILLI., .METRE. ) );
#3534 = VECTOR ( 'NONE', #1892, 1000.000000000000000 ) ;
#3535 = AXIS2_PLACEMENT_3D ( 'NONE', #3891, #3977, #4004 ) ;
#3536 = ORIENTED_EDGE ( 'NONE', *, *, #578, .F. ) ;
#3537 = EDGE_LOOP ( 'NONE', ( #4823, #540, #4544, #332, #3604, #317, #2466 ) ) ;
#3538 = DIRECTION ( 'NONE',  ( 0.000000000000000000, -1.000000000000000000, 0.000000000000000000 ) ) ;
#3539 = MECHANICAL_DESIGN_GEOMETRIC_PRESENTATION_REPRESENTATION (  '', ( #4985 ), #555 ) ;
#3540 = DIRECTION ( 'NONE',  ( 0.000000000000000000, 1.000000000000000000, 0.000000000000000000 ) ) ;
#3541 = UNCERTAINTY_MEASURE_WITH_UNIT (LENGTH_MEASURE( 1.000000000000000082E-05 ), #1261, 'distance_accuracy_value', 'NONE');
#3542 = DIRECTION ( 'NONE',  ( -0.7071067811865490160, 0.000000000000000000, -0.7071067811865461294 ) ) ;
#3543 = DIRECTION ( 'NONE',  ( 0.000000000000000000, 0.000000000000000000, 1.000000000000000000 ) ) ;
#3544 = VERTEX_POINT ( 'NONE', #3648 ) ;
#3545 = SURFACE_STYLE_FILL_AREA ( #1878 ) ;
#3546 = ADVANCED_FACE ( 'NONE', ( #502 ), #4732, .F. ) ;
#3547 =( NAMED_UNIT ( * ) PLANE_ANGLE_UNIT ( ) SI_UNIT ( $, .RADIAN. ) );
#3548 = CYLINDRICAL_SURFACE ( 'NONE', #430, 0.1250000000000000000 ) ;
#3549 = EDGE_LOOP ( 'NONE', ( #3197, #408, #1843, #3279 ) ) ;
#3550 = AXIS2_PLACEMENT_3D ( 'NONE', #1623, #3678, #2461 ) ;
#3551 = LINE ( 'NONE', #1857, #4689 ) ;
#3552 = ORIENTED_EDGE ( 'NONE', *, *, #4491, .T. ) ;
#3553 = EDGE_CURVE ( 'NONE', #4643, #1339, #818, .T. ) ;
#3554 = COLOUR_RGB ( '',0.2509803921568627416, 0.2509803921568627416, 0.2509803921568627416 ) ;
#3555 = DIRECTION ( 'NONE',  ( 0.000000000000000000, 0.000000000000000000, 1.000000000000000000 ) ) ;
#3556 = CARTESIAN_POINT ( 'NONE',  ( -0.7500000000000000000, 1.000000000000000000, -0.7500000000000000000 ) ) ;
#3557 = CARTESIAN_POINT ( 'NONE',  ( 0.5999999999999999778, 0.05000000000000000278, -2.001604010742474939E-16 ) ) ;
#3558 = COLOUR_RGB ( '',0.2509803921568627416, 0.2509803921568627416, 0.2509803921568627416 ) ;
#3559 = ORIENTED_EDGE ( 'NONE', *, *, #2110, .F. ) ;
#3560 = PLANE ( 'NONE',  #2465 ) ;
#3561 = AXIS2_PLACEMENT_3D ( 'NONE', #3390, #4939, #2186 ) ;
#3562 = DIRECTION ( 'NONE',  ( 1.084202172485503818E-16, 0.000000000000000000, 1.000000000000000000 ) ) ;
#3563 = EDGE_CURVE ( 'NONE', #1563, #1041, #3272, .T. ) ;
#3564 = EDGE_LOOP ( 'NONE', ( #4970, #3269, #3536, #1274 ) ) ;
#3565 = CARTESIAN_POINT ( 'NONE',  ( 0.4000000000000000222, 0.1000000000000000056, -1.000000000000000000 ) ) ;
#3566 = FILL_AREA_STYLE ('',( #4806 ) ) ;
#3567 = CARTESIAN_POINT ( 'NONE',  ( -0.7249999999999999778, 0.05000000000000000278, 0.3499999999999999778 ) ) ;
#3568 = ORIENTED_EDGE ( 'NONE', *, *, #824, .F. ) ;
#3570 = DIRECTION ( 'NONE',  ( 1.478457507934775927E-16, 0.000000000000000000, -1.000000000000000000 ) ) ;
#3569 = MECHANICAL_DESIGN_GEOMETRIC_PRESENTATION_REPRESENTATION (  '', ( #268 ), #668 ) ;
#3571 = DIRECTION ( 'NONE',  ( 0.000000000000000000, -1.000000000000000000, 0.000000000000000000 ) ) ;
#3572 = SURFACE_STYLE_USAGE ( .BOTH. , #2026 ) ;
#3573 = PRESENTATION_LAYER_ASSIGNMENT (  '', '', ( #2250 ) ) ;
#3574 = ORIENTED_EDGE ( 'NONE', *, *, #4967, .T. ) ;
#3575 = DIRECTION ( 'NONE',  ( -3.469446951953614978E-15, 0.000000000000000000, -1.000000000000000000 ) ) ;
#3576 =( LENGTH_UNIT ( ) NAMED_UNIT ( * ) SI_UNIT ( .MILLI., .METRE. ) );
#3577 = VERTEX_POINT ( 'NONE', #1252 ) ;
#3578 = MECHANICAL_DESIGN_GEOMETRIC_PRESENTATION_REPRESENTATION (  '', ( #1499 ), #4070 ) ;
#3579 = CARTESIAN_POINT ( 'NONE',  ( 1.000000000000000000, 0.1000000000000000056, 0.8499999999999999778 ) ) ;
#3580 = DIRECTION ( 'NONE',  ( 0.000000000000000000, 0.000000000000000000, -1.000000000000000000 ) ) ;
#3581 = EDGE_CURVE ( 'NONE', #1254, #4780, #3599, .T. ) ;
#3582 = AXIS2_PLACEMENT_3D ( 'NONE', #1325, #2913, #4465 ) ;
#3583 = UNCERTAINTY_MEASURE_WITH_UNIT (LENGTH_MEASURE( 1.000000000000000082E-05 ), #4248, 'distance_accuracy_value', 'NONE');
#3584 = PLANE ( 'NONE',  #714 ) ;
#3585 = MECHANICAL_DESIGN_GEOMETRIC_PRESENTATION_REPRESENTATION (  '', ( #4874 ), #2513 ) ;
#3586 = ADVANCED_FACE ( 'NONE', ( #1201 ), #3231, .F. ) ;
#3587 = PLANE ( 'NONE',  #22 ) ;
#3588 = ORIENTED_EDGE ( 'NONE', *, *, #3921, .F. ) ;
#3589 = DIRECTION ( 'NONE',  ( -1.000000000000000000, 0.000000000000000000, 8.673617379884029556E-16 ) ) ;
#3590 = ADVANCED_FACE ( 'NONE', ( #1992 ), #2402, .T. ) ;
#3591 = MANIFOLD_SOLID_BREP ( 'NONE', #1701 ) ;
#3592 = ADVANCED_FACE ( 'NONE', ( #2694, #3930 ), #1332, .F. ) ;
#3593 = AXIS2_PLACEMENT_3D ( 'NONE', #312, #1462, #694 ) ;
#3594 = FILL_AREA_STYLE_COLOUR ( '', #4918 ) ;
#3595 = ADVANCED_FACE ( 'NONE', ( #4224 ), #342, .F. ) ;
#3596 = ORIENTED_EDGE ( 'NONE', *, *, #819, .F. ) ;
#3597 = VECTOR ( 'NONE', #1375, 1000.000000000000000 ) ;
#3598 = FACE_OUTER_BOUND ( 'NONE', #536, .T. ) ;
#3599 = LINE ( 'NONE', #4827, #4592 ) ;
#3600 = CARTESIAN_POINT ( 'NONE',  ( 0.000000000000000000, 0.000000000000000000, 0.000000000000000000 ) ) ;
#3601 = LINE ( 'NONE', #1203, #4899 ) ;
#3602 = EDGE_CURVE ( 'NONE', #3901, #2413, #3491, .T. ) ;
#3603 = EDGE_LOOP ( 'NONE', ( #1515, #1313, #3588, #4003 ) ) ;
#3604 = ORIENTED_EDGE ( 'NONE', *, *, #1176, .T. ) ;
#3605 = LINE ( 'NONE', #1621, #2872 ) ;
#3606 =( NAMED_UNIT ( * ) PLANE_ANGLE_UNIT ( ) SI_UNIT ( $, .RADIAN. ) );
#3607 = LINE ( 'NONE', #825, #3460 ) ;
#3608 = CARTESIAN_POINT ( 'NONE',  ( -1.000000000000000000, 0.1000000000000000056, 0.1000000000000000056 ) ) ;
#3609 = EDGE_LOOP ( 'NONE', ( #5041, #1410, #2723, #4997 ) ) ;
#3610 = MANIFOLD_SOLID_BREP ( 'NONE', #1210 ) ;
#3611 = CARTESIAN_POINT ( 'NONE',  ( 0.8499999999999999778, 0.1000000000000000056, 1.000000000000000000 ) ) ;
#3612 = EDGE_CURVE ( 'NONE', #1924, #4643, #1184, .T. ) ;
#3613 = CARTESIAN_POINT ( 'NONE',  ( -1.000000000000000000, 0.000000000000000000, 0.8499999999999999778 ) ) ;
#3614 = DIRECTION ( 'NONE',  ( 0.000000000000000000, -1.000000000000000000, 0.000000000000000000 ) ) ;
#3615 = SURFACE_SIDE_STYLE ('',( #837 ) ) ;
#3616 = CARTESIAN_POINT ( 'NONE',  ( -0.7249999999999999778, 0.1000000000000000056, 0.5500000000000000444 ) ) ;
#3617 = UNCERTAINTY_MEASURE_WITH_UNIT (LENGTH_MEASURE( 1.000000000000000082E-05 ), #2598, 'distance_accuracy_value', 'NONE');
#3618 = PRESENTATION_STYLE_ASSIGNMENT (( #4748 ) ) ;
#3619 = VERTEX_POINT ( 'NONE', #386 ) ;
#3620 = FILL_AREA_STYLE ('',( #1354 ) ) ;
#3621 = MANIFOLD_SOLID_BREP ( 'NONE', #3276 ) ;
#3622 = LINE ( 'NONE', #2479, #935 ) ;
#3623 =( GEOMETRIC_REPRESENTATION_CONTEXT ( 3 ) GLOBAL_UNCERTAINTY_ASSIGNED_CONTEXT ( ( #862 ) ) GLOBAL_UNIT_ASSIGNED_CONTEXT ( ( #3756, #2931, #1702 ) ) REPRESENTATION_CONTEXT ( 'NONE', 'WORKASPACE' ) );
#3624 = SURFACE_SIDE_STYLE ('',( #1640 ) ) ;
#3625 = VECTOR ( 'NONE', #4263, 1000.000000000000000 ) ;
#3626 = SURFACE_STYLE_USAGE ( .BOTH. , #2895 ) ;
#3627 = AXIS2_PLACEMENT_3D ( 'NONE', #2062, #839, #2811 ) ;
#3628 = FILL_AREA_STYLE ('',( #1232 ) ) ;
#3629 = PLANE ( 'NONE',  #4259 ) ;
#3630 = VERTEX_POINT ( 'NONE', #2410 ) ;
#3631 = ORIENTED_EDGE ( 'NONE', *, *, #1120, .T. ) ;
#3632 = CARTESIAN_POINT ( 'NONE',  ( 0.8499999999999999778, 0.1000000000000000056, -1.000000000000000000 ) ) ;
#3633 =( LENGTH_UNIT ( ) NAMED_UNIT ( * ) SI_UNIT ( .MILLI., .METRE. ) );
#3634 = MECHANICAL_DESIGN_GEOMETRIC_PRESENTATION_REPRESENTATION (  '', ( #3047 ), #318 ) ;
#3635 = DIRECTION ( 'NONE',  ( 0.000000000000000000, 0.000000000000000000, -1.000000000000000000 ) ) ;
#3636 = ORIENTED_EDGE ( 'NONE', *, *, #2855, .T. ) ;
#3637 =( GEOMETRIC_REPRESENTATION_CONTEXT ( 3 ) GLOBAL_UNCERTAINTY_ASSIGNED_CONTEXT ( ( #2695 ) ) GLOBAL_UNIT_ASSIGNED_CONTEXT ( ( #2040, #868, #2481 ) ) REPRESENTATION_CONTEXT ( 'NONE', 'WORKASPACE' ) );
#3638 = LINE ( 'NONE', #1628, #3088 ) ;
#3639 = DIRECTION ( 'NONE',  ( 0.000000000000000000, -1.000000000000000000, 0.000000000000000000 ) ) ;
#3640 =( GEOMETRIC_REPRESENTATION_CONTEXT ( 3 ) GLOBAL_UNCERTAINTY_ASSIGNED_CONTEXT ( ( #2304 ) ) GLOBAL_UNIT_ASSIGNED_CONTEXT ( ( #1400, #990, #3787 ) ) REPRESENTATION_CONTEXT ( 'NONE', 'WORKASPACE' ) );
#3641 = LINE ( 'NONE', #4391, #1705 ) ;
#3642 = SURFACE_STYLE_USAGE ( .BOTH. , #475 ) ;
#3643 = ORIENTED_EDGE ( 'NONE', *, *, #2214, .T. ) ;
#3644 = AXIS2_PLACEMENT_3D ( 'NONE', #3905, #3462, #4714 ) ;
#3645 = DIRECTION ( 'NONE',  ( -1.000000000000000000, 0.000000000000000000, 1.971276677246365208E-15 ) ) ;
#3646 = MECHANICAL_DESIGN_GEOMETRIC_PRESENTATION_REPRESENTATION (  '', ( #739 ), #4850 ) ;
#3647 = CARTESIAN_POINT ( 'NONE',  ( -0.1000000000000000056, 0.1000000000000000056, -1.000000000000000000 ) ) ;
#3648 = CARTESIAN_POINT ( 'NONE',  ( 0.7249999999999999778, 0.1000000000000000056, 0.09999999999999889533 ) ) ;
#3649 = LINE ( 'NONE', #2403, #2162 ) ;
#3650 = CARTESIAN_POINT ( 'NONE',  ( -1.000000000000000000, 0.1000000000000000056, -0.3499999999999999778 ) ) ;
#3651 =( GEOMETRIC_REPRESENTATION_CONTEXT ( 3 ) GLOBAL_UNCERTAINTY_ASSIGNED_CONTEXT ( ( #3058 ) ) GLOBAL_UNIT_ASSIGNED_CONTEXT ( ( #4260, #4286, #3145 ) ) REPRESENTATION_CONTEXT ( 'NONE', 'WORKASPACE' ) );
#3652 = EDGE_LOOP ( 'NONE', ( #3399, #2922, #244, #1693, #3504, #1234, #3225, #1361, #2044, #4355, #2818, #2076, #2381, #1028, #4866, #3094, #4978, #394 ) ) ;
#3653 = UNCERTAINTY_MEASURE_WITH_UNIT (LENGTH_MEASURE( 1.000000000000000082E-05 ), #1253, 'distance_accuracy_value', 'NONE');
#3654 = ORIENTED_EDGE ( 'NONE', *, *, #207, .F. ) ;
#3655 = DIRECTION ( 'NONE',  ( 1.000000000000000000, 0.000000000000000000, -1.445602896647340100E-15 ) ) ;
#3656 = FACE_OUTER_BOUND ( 'NONE', #3853, .T. ) ;
#3657 = EDGE_CURVE ( 'NONE', #1254, #2924, #2796, .T. ) ;
#3658 = CARTESIAN_POINT ( 'NONE',  ( 0.7249999999999999778, 0.1000000000000000056, -0.2250000000000000056 ) ) ;
#3659 = DIRECTION ( 'NONE',  ( 0.000000000000000000, -1.000000000000000000, 0.000000000000000000 ) ) ;
#3660 = SURFACE_SIDE_STYLE ('',( #2082 ) ) ;
#3661 = ORIENTED_EDGE ( 'NONE', *, *, #4444, .F. ) ;
#3662 = CARTESIAN_POINT ( 'NONE',  ( 0.7249999999999999778, 0.05000000000000000278, 0.2250000000000000056 ) ) ;
#3663 = EDGE_CURVE ( 'NONE', #3577, #4859, #1238, .T. ) ;
#3664 = FILL_AREA_STYLE ('',( #68 ) ) ;
#3665 = STYLED_ITEM ( 'NONE', ( #2948 ), #592 ) ;
#3666 = CARTESIAN_POINT ( 'NONE',  ( -0.7500000000000000000, 1.000000000000000000, -0.7500000000000000000 ) ) ;
#3667 = ADVANCED_FACE ( 'NONE', ( #3656 ), #3991, .F. ) ;
#3668 = CARTESIAN_POINT ( 'NONE',  ( -1.000000000000000000, 0.1000000000000000056, -0.8499999999999999778 ) ) ;
#3669 = ORIENTED_EDGE ( 'NONE', *, *, #2574, .F. ) ;
#3670 =( NAMED_UNIT ( * ) SI_UNIT ( $, .STERADIAN. ) SOLID_ANGLE_UNIT ( ) );
#3671 = CIRCLE ( 'NONE', #3582, 0.1250000000000000000 ) ;
#3672 = ADVANCED_FACE ( 'NONE', ( #1996 ), #2829, .T. ) ;
#3673 = FACE_OUTER_BOUND ( 'NONE', #1768, .T. ) ;
#3674 = AXIS2_PLACEMENT_3D ( 'NONE', #1321, #2058, #1632 ) ;
#3675 = ORIENTED_EDGE ( 'NONE', *, *, #4388, .T. ) ;
#3676 = ORIENTED_EDGE ( 'NONE', *, *, #411, .T. ) ;
#3677 = ORIENTED_EDGE ( 'NONE', *, *, #2419, .F. ) ;
#3678 = DIRECTION ( 'NONE',  ( 0.000000000000000000, 0.000000000000000000, 1.000000000000000000 ) ) ;
#3679 = SURFACE_STYLE_USAGE ( .BOTH. , #1001 ) ;
#3680 = CARTESIAN_POINT ( 'NONE',  ( -0.5999999999999999778, 0.000000000000000000, 1.000000000000000000 ) ) ;
#3681 = ORIENTED_EDGE ( 'NONE', *, *, #4388, .F. ) ;
#3682 = MANIFOLD_SOLID_BREP ( 'NONE', #2785 ) ;
#3683 = DIRECTION ( 'NONE',  ( -7.589415207398530052E-16, 0.000000000000000000, -1.000000000000000000 ) ) ;
#3684 = CARTESIAN_POINT ( 'NONE',  ( -0.5999999999999999778, 0.1000000000000000056, 1.000000000000000000 ) ) ;
#3685 = DIRECTION ( 'NONE',  ( 0.000000000000000000, -1.000000000000000000, 0.000000000000000000 ) ) ;
#3686 = CARTESIAN_POINT ( 'NONE',  ( 0.7249999999999999778, 0.1000000000000000056, -0.6750000000000000444 ) ) ;
#3687 = LINE ( 'NONE', #150, #4389 ) ;
#3688 =( NAMED_UNIT ( * ) PLANE_ANGLE_UNIT ( ) SI_UNIT ( $, .RADIAN. ) );
#3689 = ORIENTED_EDGE ( 'NONE', *, *, #313, .T. ) ;
#3690 = CARTESIAN_POINT ( 'NONE',  ( -0.8499999999999999778, 0.05000000000000000278, -1.228762462150241974E-15 ) ) ;
#3691 = FACE_OUTER_BOUND ( 'NONE', #2943, .T. ) ;
#3692 = CARTESIAN_POINT ( 'NONE',  ( -1.000000000000000000, 0.1000000000000000056, -0.3499999999999999778 ) ) ;
#3693 = SURFACE_STYLE_FILL_AREA ( #1309 ) ;
#3694 = SURFACE_SIDE_STYLE ('',( #2621 ) ) ;
#3695 = ORIENTED_EDGE ( 'NONE', *, *, #1036, .F. ) ;
#3696 = VECTOR ( 'NONE', #1112, 1000.000000000000000 ) ;
#3697 = EDGE_LOOP ( 'NONE', ( #3288, #4738, #1485, #946 ) ) ;
#3698 = ORIENTED_EDGE ( 'NONE', *, *, #4048, .F. ) ;
#3699 = STYLED_ITEM ( 'NONE', ( #917 ), #4281 ) ;
#3700 = ORIENTED_EDGE ( 'NONE', *, *, #2266, .F. ) ;
#3701 = PRESENTATION_LAYER_ASSIGNMENT (  '', '', ( #2378 ) ) ;
#3702 = CARTESIAN_POINT ( 'NONE',  ( 0.5999999999999999778, 0.05000000000000000278, -1.000000000000000000 ) ) ;
#3703 = CARTESIAN_POINT ( 'NONE',  ( -0.7249999999999999778, 0.1000000000000000056, -0.2250000000000000056 ) ) ;
#3704 = ORIENTED_EDGE ( 'NONE', *, *, #1665, .T. ) ;
#3705 =( NAMED_UNIT ( * ) SI_UNIT ( $, .STERADIAN. ) SOLID_ANGLE_UNIT ( ) );
#3706 = STYLED_ITEM ( 'NONE', ( #2278 ), #3610 ) ;
#3707 = FILL_AREA_STYLE_COLOUR ( '', #4474 ) ;
#3708 = LINE ( 'NONE', #1371, #2172 ) ;
#3709 = AXIS2_PLACEMENT_3D ( 'NONE', #3703, #171, #4863 ) ;
#3710 = SURFACE_STYLE_FILL_AREA ( #3389 ) ;
#3711 = ADVANCED_FACE ( 'NONE', ( #4629 ), #3028, .F. ) ;
#3712 = ORIENTED_EDGE ( 'NONE', *, *, #1425, .F. ) ;
#3713 = DIRECTION ( 'NONE',  ( 0.000000000000000000, 1.000000000000000000, 0.000000000000000000 ) ) ;
#3714 = EDGE_CURVE ( 'NONE', #1627, #1172, #1521, .T. ) ;
#3715 =( NAMED_UNIT ( * ) PLANE_ANGLE_UNIT ( ) SI_UNIT ( $, .RADIAN. ) );
#3716 = AXIS2_PLACEMENT_3D ( 'NONE', #4481, #3355, #948 ) ;
#3717 = LINE ( 'NONE', #4125, #4436 ) ;
#3718 = ADVANCED_FACE ( 'NONE', ( #3463 ), #365, .T. ) ;
#3719 = FACE_OUTER_BOUND ( 'NONE', #1319, .T. ) ;
#3720 = DIRECTION ( 'NONE',  ( 1.084202172485503818E-16, 0.000000000000000000, -1.000000000000000000 ) ) ;
#3721 = VECTOR ( 'NONE', #1279, 1000.000000000000000 ) ;
#3722 = VECTOR ( 'NONE', #1471, 1000.000000000000000 ) ;
#3723 = ORIENTED_EDGE ( 'NONE', *, *, #2447, .T. ) ;
#3724 = ORIENTED_EDGE ( 'NONE', *, *, #3184, .F. ) ;
#3725 = ORIENTED_EDGE ( 'NONE', *, *, #605, .T. ) ;
#3726 = LINE ( 'NONE', #2512, #2870 ) ;
#3727 = AXIS2_PLACEMENT_3D ( 'NONE', #409, #1676, #1208 ) ;
#3728 = AXIS2_PLACEMENT_3D ( 'NONE', #3600, #57, #4425 ) ;
#3729 = PRESENTATION_LAYER_ASSIGNMENT (  '', '', ( #2988 ) ) ;
#3730 = CARTESIAN_POINT ( 'NONE',  ( 1.000000000000000000, 0.05000000000000000278, 1.000000000000000000 ) ) ;
#3731 = EDGE_LOOP ( 'NONE', ( #3134, #4321, #115, #1102 ) ) ;
#3732 = LINE ( 'NONE', #1851, #44 ) ;
#3733 = ADVANCED_FACE ( 'NONE', ( #2309 ), #1832, .F. ) ;
#3734 = LINE ( 'NONE', #3291, #213 ) ;
#3735 = CARTESIAN_POINT ( 'NONE',  ( 1.000000000000000000, 0.1000000000000000056, -0.3499999999999999778 ) ) ;
#3736 = ORIENTED_EDGE ( 'NONE', *, *, #3581, .T. ) ;
#3737 = CARTESIAN_POINT ( 'NONE',  ( 1.000000000000000000, 0.000000000000000000, -0.3499999999999999778 ) ) ;
#3738 = EDGE_CURVE ( 'NONE', #2457, #4347, #2748, .T. ) ;
#3739 = DIRECTION ( 'NONE',  ( 1.000000000000000000, 0.000000000000000000, -1.668003342285400130E-15 ) ) ;
#3740 = VECTOR ( 'NONE', #3029, 1000.000000000000000 ) ;
#3741 = DIRECTION ( 'NONE',  ( 1.000000000000000000, 0.000000000000000000, 1.445602896647340100E-15 ) ) ;
#3742 = EDGE_CURVE ( 'NONE', #2675, #2699, #3410, .T. ) ;
#3743 = MECHANICAL_DESIGN_GEOMETRIC_PRESENTATION_REPRESENTATION (  '', ( #4711 ), #5029 ) ;
#3744 = DIRECTION ( 'NONE',  ( 1.000000000000000000, 0.000000000000000000, 0.000000000000000000 ) ) ;
#3745 = EDGE_LOOP ( 'NONE', ( #3915, #3748, #1360, #902 ) ) ;
#3746 = CIRCLE ( 'NONE', #521, 0.1250000000000000000 ) ;
#3747 = ORIENTED_EDGE ( 'NONE', *, *, #3742, .T. ) ;
#3748 = ORIENTED_EDGE ( 'NONE', *, *, #2290, .T. ) ;
#3749 = ORIENTED_EDGE ( 'NONE', *, *, #4761, .T. ) ;
#3750 = PLANE ( 'NONE',  #3535 ) ;
#3751 = CYLINDRICAL_SURFACE ( 'NONE', #903, 0.1250000000000000000 ) ;
#3752 = LINE ( 'NONE', #2176, #3813 ) ;
#3753 = VECTOR ( 'NONE', #4159, 1000.000000000000000 ) ;
#3754 = ORIENTED_EDGE ( 'NONE', *, *, #3742, .F. ) ;
#3755 = AXIS2_PLACEMENT_3D ( 'NONE', #1978, #4722, #1889 ) ;
#3756 =( LENGTH_UNIT ( ) NAMED_UNIT ( * ) SI_UNIT ( .MILLI., .METRE. ) );
#3757 = LINE ( 'NONE', #1053, #1841 ) ;
#3758 = PRESENTATION_LAYER_ASSIGNMENT (  '', '', ( #3261 ) ) ;
#3759 = DIRECTION ( 'NONE',  ( 0.000000000000000000, -1.000000000000000000, 0.000000000000000000 ) ) ;
#3760 = ADVANCED_FACE ( 'NONE', ( #4601 ), #1437, .T. ) ;
#3761 = DIRECTION ( 'NONE',  ( 1.000000000000000000, 0.000000000000000000, 1.734723475976805122E-15 ) ) ;
#3762 = CARTESIAN_POINT ( 'NONE',  ( -0.1000000000000000056, 0.1000000000000000056, 1.000000000000000000 ) ) ;
#3763 = VERTEX_POINT ( 'NONE', #4017 ) ;
#3764 = FILL_AREA_STYLE_COLOUR ( '', #1413 ) ;
#3765 = CARTESIAN_POINT ( 'NONE',  ( 0.7249999999999999778, 0.1000000000000000056, 0.6750000000000000444 ) ) ;
#3766 = SURFACE_STYLE_FILL_AREA ( #2552 ) ;
#3767 = EDGE_CURVE ( 'NONE', #620, #4129, #2049, .T. ) ;
#3768 = VERTEX_POINT ( 'NONE', #2081 ) ;
#3769 = ORIENTED_EDGE ( 'NONE', *, *, #3171, .F. ) ;
#3770 = ORIENTED_EDGE ( 'NONE', *, *, #4486, .F. ) ;
#3771 = DIRECTION ( 'NONE',  ( 0.000000000000000000, 1.000000000000000000, 0.000000000000000000 ) ) ;
#3772 = PLANE ( 'NONE',  #2620 ) ;
#3773 = CARTESIAN_POINT ( 'NONE',  ( 0.4000000000000000222, 0.1000000000000000056, -1.000000000000000000 ) ) ;
#3774 = DIRECTION ( 'NONE',  ( 1.000000000000000000, 0.000000000000000000, 0.000000000000000000 ) ) ;
#3775 = ORIENTED_EDGE ( 'NONE', *, *, #4340, .F. ) ;
#3776 = VECTOR ( 'NONE', #3972, 1000.000000000000000 ) ;
#3777 = STYLED_ITEM ( 'NONE', ( #4378 ), #170 ) ;
#3778 = DIRECTION ( 'NONE',  ( 0.000000000000000000, -1.000000000000000000, 0.000000000000000000 ) ) ;
#3779 = DIRECTION ( 'NONE',  ( 0.000000000000000000, 0.000000000000000000, -1.000000000000000000 ) ) ;
#3780 = VECTOR ( 'NONE', #4650, 1000.000000000000000 ) ;
#3781 =( GEOMETRIC_REPRESENTATION_CONTEXT ( 3 ) GLOBAL_UNCERTAINTY_ASSIGNED_CONTEXT ( ( #4414 ) ) GLOBAL_UNIT_ASSIGNED_CONTEXT ( ( #78, #2114, #2091 ) ) REPRESENTATION_CONTEXT ( 'NONE', 'WORKASPACE' ) );
#3782 = DIRECTION ( 'NONE',  ( -1.000000000000000000, 0.000000000000000000, 0.000000000000000000 ) ) ;
#3783 = PRESENTATION_LAYER_ASSIGNMENT (  '', '', ( #397 ) ) ;
#3784 = DIRECTION ( 'NONE',  ( 0.000000000000000000, -1.000000000000000000, 0.000000000000000000 ) ) ;
#3785 = CARTESIAN_POINT ( 'NONE',  ( -0.5999999999999999778, 0.05000000000000000278, -1.000000000000000000 ) ) ;
#3786 = VERTEX_POINT ( 'NONE', #4767 ) ;
#3787 =( NAMED_UNIT ( * ) SI_UNIT ( $, .STERADIAN. ) SOLID_ANGLE_UNIT ( ) );
#3788 = CIRCLE ( 'NONE', #6, 0.1250000000000000000 ) ;
#3789 = FACE_OUTER_BOUND ( 'NONE', #1848, .T. ) ;
#3790 = CARTESIAN_POINT ( 'NONE',  ( -1.000000000000000000, 0.05000000000000000278, 0.3499999999999999778 ) ) ;
#3791 = EDGE_LOOP ( 'NONE', ( #912, #3596, #3498, #5052 ) ) ;
#3792 = VERTEX_POINT ( 'NONE', #1573 ) ;
#3793 = CARTESIAN_POINT ( 'NONE',  ( -0.8499999999999999778, 0.1000000000000000056, 0.8499999999999999778 ) ) ;
#3794 = AXIS2_PLACEMENT_3D ( 'NONE', #9, #686, #4974 ) ;
#3795 = SURFACE_STYLE_USAGE ( .BOTH. , #3403 ) ;
#3796 = LINE ( 'NONE', #1825, #1298 ) ;
#3797 = ORIENTED_EDGE ( 'NONE', *, *, #5, .F. ) ;
#3798 = EDGE_CURVE ( 'NONE', #1224, #3239, #3161, .T. ) ;
#3799 = COLOUR_RGB ( '',0.2509803921568627416, 0.2509803921568627416, 0.2509803921568627416 ) ;
#3800 = EDGE_CURVE ( 'NONE', #1069, #706, #4359, .T. ) ;
#3801 = CARTESIAN_POINT ( 'NONE',  ( -0.8499999999999999778, 0.1000000000000000056, 1.000000000000000000 ) ) ;
#3802 = CARTESIAN_POINT ( 'NONE',  ( -0.7249999999999999778, 0.1000000000000000056, 0.5500000000000000444 ) ) ;
#3803 = CARTESIAN_POINT ( 'NONE',  ( -0.4000000000000000222, 0.000000000000000000, 1.000000000000000000 ) ) ;
#3804 = EDGE_CURVE ( 'NONE', #4780, #1723, #827, .T. ) ;
#3805 = DIRECTION ( 'NONE',  ( 1.000000000000000000, 0.000000000000000000, 0.000000000000000000 ) ) ;
#3806 = DIRECTION ( 'NONE',  ( -0.000000000000000000, 1.000000000000000000, 0.000000000000000000 ) ) ;
#3807 = ORIENTED_EDGE ( 'NONE', *, *, #749, .F. ) ;
#3808 = SURFACE_STYLE_FILL_AREA ( #3344 ) ;
#3809 = ADVANCED_FACE ( 'NONE', ( #489 ), #118, .T. ) ;
#3810 = DIRECTION ( 'NONE',  ( 1.000000000000000000, 0.000000000000000000, 0.000000000000000000 ) ) ;
#3811 = AXIS2_PLACEMENT_3D ( 'NONE', #4797, #2912, #906 ) ;
#3812 = ORIENTED_EDGE ( 'NONE', *, *, #4923, .F. ) ;
#3813 = VECTOR ( 'NONE', #1020, 1000.000000000000000 ) ;
#3814 = EDGE_LOOP ( 'NONE', ( #2171, #3428, #4926, #816 ) ) ;
#3815 = STYLED_ITEM ( 'NONE', ( #4933 ), #4972 ) ;
#3816 = FACE_OUTER_BOUND ( 'NONE', #507, .T. ) ;
#3817 = PLANE ( 'NONE',  #927 ) ;
#3818 = CARTESIAN_POINT ( 'NONE',  ( 0.1000000000000000056, 0.000000000000000000, -1.000000000000000000 ) ) ;
#3819 =( NAMED_UNIT ( * ) SI_UNIT ( $, .STERADIAN. ) SOLID_ANGLE_UNIT ( ) );
#3820 = PRESENTATION_LAYER_ASSIGNMENT (  '', '', ( #438 ) ) ;
#3821 = ORIENTED_EDGE ( 'NONE', *, *, #2134, .T. ) ;
#3822 = VECTOR ( 'NONE', #3945, 1000.000000000000000 ) ;
#3823 = CARTESIAN_POINT ( 'NONE',  ( -1.000000000000000000, 0.1000000000000000056, -0.3499999999999999778 ) ) ;
#3824 = DIRECTION ( 'NONE',  ( 0.000000000000000000, -1.000000000000000000, 0.000000000000000000 ) ) ;
#3825 = UNCERTAINTY_MEASURE_WITH_UNIT (LENGTH_MEASURE( 1.000000000000000082E-05 ), #3949, 'distance_accuracy_value', 'NONE');
#3826 = DIRECTION ( 'NONE',  ( 0.000000000000000000, 0.000000000000000000, -1.000000000000000000 ) ) ;
#3827 =( GEOMETRIC_REPRESENTATION_CONTEXT ( 3 ) GLOBAL_UNCERTAINTY_ASSIGNED_CONTEXT ( ( #2836 ) ) GLOBAL_UNIT_ASSIGNED_CONTEXT ( ( #1192, #4314, #4262 ) ) REPRESENTATION_CONTEXT ( 'NONE', 'WORKASPACE' ) );
#3828 = ORIENTED_EDGE ( 'NONE', *, *, #4865, .T. ) ;
#3829 = LINE ( 'NONE', #290, #4948 ) ;
#3830 = FILL_AREA_STYLE ('',( #3852 ) ) ;
#3831 = ORIENTED_EDGE ( 'NONE', *, *, #3208, .T. ) ;
#3832 = DIRECTION ( 'NONE',  ( 0.000000000000000000, 1.000000000000000000, 0.000000000000000000 ) ) ;
#3833 = CARTESIAN_POINT ( 'NONE',  ( -1.000000000000000000, 0.05000000000000000278, 1.000000000000000000 ) ) ;
#3834 = FILL_AREA_STYLE_COLOUR ( '', #2886 ) ;
#3835 = ORIENTED_EDGE ( 'NONE', *, *, #3055, .F. ) ;
#3836 = CARTESIAN_POINT ( 'NONE',  ( -1.000000000000000000, 0.000000000000000000, -0.1000000000000000056 ) ) ;
#3837 = ORIENTED_EDGE ( 'NONE', *, *, #972, .T. ) ;
#3838 = VERTEX_POINT ( 'NONE', #3259 ) ;
#3839 = CARTESIAN_POINT ( 'NONE',  ( -0.8499999999999999778, 0.000000000000000000, -0.8499999999999999778 ) ) ;
#3840 = LINE ( 'NONE', #281, #3377 ) ;
#3841 =( LENGTH_UNIT ( ) NAMED_UNIT ( * ) SI_UNIT ( .MILLI., .METRE. ) );
#3842 = DIRECTION ( 'NONE',  ( -1.445602896647340100E-15, 0.000000000000000000, 1.000000000000000000 ) ) ;
#3843 =( NAMED_UNIT ( * ) PLANE_ANGLE_UNIT ( ) SI_UNIT ( $, .RADIAN. ) );
#3844 = ORIENTED_EDGE ( 'NONE', *, *, #3563, .T. ) ;
#3845 = PLANE ( 'NONE',  #1733 ) ;
#3846 = PLANE ( 'NONE',  #12 ) ;
#3847 =( LENGTH_UNIT ( ) NAMED_UNIT ( * ) SI_UNIT ( .MILLI., .METRE. ) );
#3848 = FACE_OUTER_BOUND ( 'NONE', #4402, .T. ) ;
#3849 = ORIENTED_EDGE ( 'NONE', *, *, #4537, .T. ) ;
#3850 = DIRECTION ( 'NONE',  ( 1.000000000000000000, 0.000000000000000000, -9.363564216920241542E-16 ) ) ;
#3851 = STYLED_ITEM ( 'NONE', ( #431 ), #4186 ) ;
#3852 = FILL_AREA_STYLE_COLOUR ( '', #908 ) ;
#3853 = EDGE_LOOP ( 'NONE', ( #3574, #250, #2654, #4105 ) ) ;
#3854 = DIRECTION ( 'NONE',  ( 0.000000000000000000, 0.000000000000000000, 1.000000000000000000 ) ) ;
#3855 = DIRECTION ( 'NONE',  ( 0.000000000000000000, 1.000000000000000000, 0.000000000000000000 ) ) ;
#3856 =( GEOMETRIC_REPRESENTATION_CONTEXT ( 3 ) GLOBAL_UNCERTAINTY_ASSIGNED_CONTEXT ( ( #4319 ) ) GLOBAL_UNIT_ASSIGNED_CONTEXT ( ( #716, #2358, #1460 ) ) REPRESENTATION_CONTEXT ( 'NONE', 'WORKASPACE' ) );
#3857 = ADVANCED_FACE ( 'NONE', ( #777 ), #2462, .F. ) ;
#3858 = ADVANCED_FACE ( 'NONE', ( #412 ), #1998, .T. ) ;
#3859 = CARTESIAN_POINT ( 'NONE',  ( -0.1000000000000000056, 0.1000000000000000056, 1.000000000000000000 ) ) ;
#3860 = ORIENTED_EDGE ( 'NONE', *, *, #3492, .T. ) ;
#3861 = LINE ( 'NONE', #4240, #3281 ) ;
#3862 = VECTOR ( 'NONE', #798, 1000.000000000000000 ) ;
#3863 = AXIS2_PLACEMENT_3D ( 'NONE', #134, #2820, #1617 ) ;
#3864 = EDGE_LOOP ( 'NONE', ( #741, #3031, #492, #4452 ) ) ;
#3865 = VECTOR ( 'NONE', #4757, 1000.000000000000000 ) ;
#3866 = EDGE_LOOP ( 'NONE', ( #1901, #4940, #2433, #4721 ) ) ;
#3867 = EDGE_CURVE ( 'NONE', #4129, #2196, #1780, .T. ) ;
#3868 = SURFACE_STYLE_USAGE ( .BOTH. , #4646 ) ;
#3869 = PLANE ( 'NONE',  #15 ) ;
#3870 = DIRECTION ( 'NONE',  ( 1.000000000000000000, 0.000000000000000000, -9.363564216920241542E-16 ) ) ;
#3871 = PLANE ( 'NONE',  #480 ) ;
#3872 = STYLED_ITEM ( 'NONE', ( #2783 ), #419 ) ;
#3873 = VERTEX_POINT ( 'NONE', #4505 ) ;
#3874 = EDGE_CURVE ( 'NONE', #1613, #1811, #3379, .T. ) ;
#3875 = AXIS2_PLACEMENT_3D ( 'NONE', #4133, #258, #614 ) ;
#3876 = PRESENTATION_STYLE_ASSIGNMENT (( #2745 ) ) ;
#3877 = DIRECTION ( 'NONE',  ( 0.000000000000000000, -1.000000000000000000, 0.000000000000000000 ) ) ;
#3878 = CARTESIAN_POINT ( 'NONE',  ( 1.000000000000000000, 0.1000000000000000056, 0.3499999999999999778 ) ) ;
#3879 = FILL_AREA_STYLE_COLOUR ( '', #1084 ) ;
#3880 = ADVANCED_FACE ( 'NONE', ( #4136 ), #4932, .T. ) ;
#3881 = VECTOR ( 'NONE', #2990, 1000.000000000000000 ) ;
#3882 = ORIENTED_EDGE ( 'NONE', *, *, #74, .F. ) ;
#3883 = FILL_AREA_STYLE_COLOUR ( '', #4716 ) ;
#3884 = LINE ( 'NONE', #3065, #254 ) ;
#3885 = ORIENTED_EDGE ( 'NONE', *, *, #3049, .T. ) ;
#3886 = LINE ( 'NONE', #2367, #1355 ) ;
#3887 = ADVANCED_FACE ( 'NONE', ( #1757 ), #949, .T. ) ;
#3888 = COLOUR_RGB ( '',0.7529411764705882248, 0.7529411764705882248, 0.7529411764705882248 ) ;
#3889 = LINE ( 'NONE', #4993, #2623 ) ;
#3890 = ORIENTED_EDGE ( 'NONE', *, *, #4083, .T. ) ;
#3891 = CARTESIAN_POINT ( 'NONE',  ( 0.7249999999999999778, 0.1000000000000000056, 0.6750000000000000444 ) ) ;
#3892 = DIRECTION ( 'NONE',  ( 1.000000000000000000, 0.000000000000000000, 1.478457507934775927E-16 ) ) ;
#3893 = ORIENTED_EDGE ( 'NONE', *, *, #1169, .T. ) ;
#3894 = EDGE_CURVE ( 'NONE', #4183, #4129, #2586, .T. ) ;
#3895 = VERTEX_POINT ( 'NONE', #1366 ) ;
#3896 = DIRECTION ( 'NONE',  ( 0.000000000000000000, -1.000000000000000000, 0.000000000000000000 ) ) ;
#3897 = CARTESIAN_POINT ( 'NONE',  ( 0.7249999999999999778, 0.05000000000000000278, 0.6750000000000000444 ) ) ;
#3898 = UNCERTAINTY_MEASURE_WITH_UNIT (LENGTH_MEASURE( 1.000000000000000082E-05 ), #2823, 'distance_accuracy_value', 'NONE');
#3899 = CARTESIAN_POINT ( 'NONE',  ( -1.000000000000000000, 0.1000000000000000056, -0.1000000000000000056 ) ) ;
#3900 = DIRECTION ( 'NONE',  ( 0.000000000000000000, -1.000000000000000000, 0.000000000000000000 ) ) ;
#3901 = VERTEX_POINT ( 'NONE', #926 ) ;
#3902 = VECTOR ( 'NONE', #4227, 1000.000000000000000 ) ;
#3904 = LINE ( 'NONE', #361, #2649 ) ;
#3903 = UNCERTAINTY_MEASURE_WITH_UNIT (LENGTH_MEASURE( 1.000000000000000082E-05 ), #1045, 'distance_accuracy_value', 'NONE');
#3905 = CARTESIAN_POINT ( 'NONE',  ( -0.7500000000000000000, 1.000000000000000000, -0.7500000000000000000 ) ) ;
#3906 = CARTESIAN_POINT ( 'NONE',  ( -0.7500000000000000000, 0.9499999999999999556, -0.7500000000000000000 ) ) ;
#3907 = AXIS2_PLACEMENT_3D ( 'NONE', #900, #1653, #465 ) ;
#3908 = CARTESIAN_POINT ( 'NONE',  ( -1.000000000000000000, 0.1000000000000000056, 0.3499999999999999778 ) ) ;
#3909 = VERTEX_POINT ( 'NONE', #2121 ) ;
#3910 = DIRECTION ( 'NONE',  ( -1.000000000000000000, 0.000000000000000000, 0.000000000000000000 ) ) ;
#3911 = CARTESIAN_POINT ( 'NONE',  ( 0.8499999999999999778, 0.1000000000000000056, -0.8499999999999999778 ) ) ;
#3912 = DIRECTION ( 'NONE',  ( 0.000000000000000000, 0.000000000000000000, -1.000000000000000000 ) ) ;
#3913 = CARTESIAN_POINT ( 'NONE',  ( -1.000000000000000000, 0.1000000000000000056, -0.3499999999999999778 ) ) ;
#3914 = LINE ( 'NONE', #3557, #3979 ) ;
#3915 = ORIENTED_EDGE ( 'NONE', *, *, #4999, .F. ) ;
#3916 = FILL_AREA_STYLE_COLOUR ( '', #3039 ) ;
#3917 =( GEOMETRIC_REPRESENTATION_CONTEXT ( 3 ) GLOBAL_UNCERTAINTY_ASSIGNED_CONTEXT ( ( #3617 ) ) GLOBAL_UNIT_ASSIGNED_CONTEXT ( ( #2598, #1443, #4582 ) ) REPRESENTATION_CONTEXT ( 'NONE', 'WORKASPACE' ) );
#3918 = UNCERTAINTY_MEASURE_WITH_UNIT (LENGTH_MEASURE( 1.000000000000000082E-05 ), #4279, 'distance_accuracy_value', 'NONE');
#3919 = DIRECTION ( 'NONE',  ( -1.000000000000000000, 0.000000000000000000, 2.316250095764480076E-15 ) ) ;
#3920 = ORIENTED_EDGE ( 'NONE', *, *, #596, .T. ) ;
#3921 = EDGE_CURVE ( 'NONE', #2457, #4671, #3954, .T. ) ;
#3922 = VERTEX_POINT ( 'NONE', #1342 ) ;
#3923 = LINE ( 'NONE', #1478, #389 ) ;
#3924 = LINE ( 'NONE', #3482, #2564 ) ;
#3925 = CARTESIAN_POINT ( 'NONE',  ( -0.7500000000000000000, 0.1000000000000000056, -0.5500000000000000444 ) ) ;
#3926 = CARTESIAN_POINT ( 'NONE',  ( -1.000000000000000000, 0.1000000000000000056, 0.8499999999999999778 ) ) ;
#3927 = ORIENTED_EDGE ( 'NONE', *, *, #2847, .T. ) ;
#3928 = EDGE_CURVE ( 'NONE', #4951, #1382, #4483, .T. ) ;
#3929 =( NAMED_UNIT ( * ) PLANE_ANGLE_UNIT ( ) SI_UNIT ( $, .RADIAN. ) );
#3930 = FACE_OUTER_BOUND ( 'NONE', #2083, .T. ) ;
#3931 = FACE_OUTER_BOUND ( 'NONE', #424, .T. ) ;
#3932 = FILL_AREA_STYLE ('',( #3879 ) ) ;
#3933 = VERTEX_POINT ( 'NONE', #3332 ) ;
#3934 = LINE ( 'NONE', #4384, #1763 ) ;
#3935 = DIRECTION ( 'NONE',  ( 0.000000000000000000, -1.000000000000000000, 0.000000000000000000 ) ) ;
#3936 = ORIENTED_EDGE ( 'NONE', *, *, #4124, .F. ) ;
#3937 = FILL_AREA_STYLE ('',( #322 ) ) ;
#3938 = LINE ( 'NONE', #4668, #963 ) ;
#3939 = CLOSED_SHELL ( 'NONE', ( #1547, #2063, #4168, #1766, #2677, #4847 ) ) ;
#3940 = AXIS2_PLACEMENT_3D ( 'NONE', #4731, #2786, #817 ) ;
#3941 = VECTOR ( 'NONE', #2557, 1000.000000000000000 ) ;
#3942 = LINE ( 'NONE', #398, #1735 ) ;
#3943 = ORIENTED_EDGE ( 'NONE', *, *, #3963, .T. ) ;
#3944 = DIRECTION ( 'NONE',  ( -7.885106708985500867E-16, 0.000000000000000000, 1.000000000000000000 ) ) ;
#3945 = DIRECTION ( 'NONE',  ( 0.000000000000000000, -1.000000000000000000, 0.000000000000000000 ) ) ;
#3946 = AXIS2_PLACEMENT_3D ( 'NONE', #1469, #1980, #5020 ) ;
#3947 = AXIS2_PLACEMENT_3D ( 'NONE', #1250, #1328, #2139 ) ;
#3948 = ORIENTED_EDGE ( 'NONE', *, *, #2435, .T. ) ;
#3949 =( LENGTH_UNIT ( ) NAMED_UNIT ( * ) SI_UNIT ( .MILLI., .METRE. ) );
#3950 = PRESENTATION_LAYER_ASSIGNMENT (  '', '', ( #2710 ) ) ;
#3951 = CARTESIAN_POINT ( 'NONE',  ( -0.1000000000000000056, 0.000000000000000000, -1.000000000000000000 ) ) ;
#3952 = CARTESIAN_POINT ( 'NONE',  ( -0.5999999999999999778, 0.1000000000000000056, 0.6750000000000000444 ) ) ;
#3953 = APPLICATION_PROTOCOL_DEFINITION ( 'draft international standard', 'automotive_design', 1998, #5050 ) ;
#3954 = CIRCLE ( 'NONE', #3709, 0.1250000000000000000 ) ;
#3955 = ORIENTED_EDGE ( 'NONE', *, *, #4626, .T. ) ;
#3956 = SURFACE_SIDE_STYLE ('',( #487 ) ) ;
#3957 = CARTESIAN_POINT ( 'NONE',  ( -0.7500000000000000000, 1.000000000000000000, -0.8499999999999999778 ) ) ;
#3958 = DIRECTION ( 'NONE',  ( 0.000000000000000000, 0.000000000000000000, -1.000000000000000000 ) ) ;
#3959 = CARTESIAN_POINT ( 'NONE',  ( -1.000000000000000000, 0.1000000000000000056, -0.3499999999999999778 ) ) ;
#3960 = ORIENTED_EDGE ( 'NONE', *, *, #3049, .F. ) ;
#3961 = EDGE_CURVE ( 'NONE', #59, #2116, #2949, .T. ) ;
#3962 = VECTOR ( 'NONE', #1209, 1000.000000000000000 ) ;
#3963 = EDGE_CURVE ( 'NONE', #4643, #2210, #4273, .T. ) ;
#3964 = EDGE_CURVE ( 'NONE', #1903, #2974, #688, .T. ) ;
#3965 = DIRECTION ( 'NONE',  ( -1.000000000000000000, 0.000000000000000000, 0.000000000000000000 ) ) ;
#3966 = SURFACE_SIDE_STYLE ('',( #4739 ) ) ;
#3967 = ADVANCED_FACE ( 'NONE', ( #2328 ), #3871, .F. ) ;
#3968 = EDGE_LOOP ( 'NONE', ( #90, #371, #4204, #4435 ) ) ;
#3969 = CARTESIAN_POINT ( 'NONE',  ( -0.5999999999999999778, 0.1000000000000000056, -0.6999999999999999556 ) ) ;
#3970 = COLOUR_RGB ( '',0.2509803921568627416, 0.2509803921568627416, 0.2509803921568627416 ) ;
#3971 =( NAMED_UNIT ( * ) SI_UNIT ( $, .STERADIAN. ) SOLID_ANGLE_UNIT ( ) );
#3972 = DIRECTION ( 'NONE',  ( 0.000000000000000000, -1.000000000000000000, 0.000000000000000000 ) ) ;
#3973 = DIRECTION ( 'NONE',  ( -9.757819552369541878E-16, 0.000000000000000000, -1.000000000000000000 ) ) ;
#3974 =( GEOMETRIC_REPRESENTATION_CONTEXT ( 3 ) GLOBAL_UNCERTAINTY_ASSIGNED_CONTEXT ( ( #1256 ) ) GLOBAL_UNIT_ASSIGNED_CONTEXT ( ( #1571, #3929, #1104 ) ) REPRESENTATION_CONTEXT ( 'NONE', 'WORKASPACE' ) );
#3975 = VECTOR ( 'NONE', #3744, 1000.000000000000000 ) ;
#3976 = ORIENTED_EDGE ( 'NONE', *, *, #4031, .F. ) ;
#3977 = DIRECTION ( 'NONE',  ( 0.000000000000000000, -1.000000000000000000, 0.000000000000000000 ) ) ;
#3978 = EDGE_CURVE ( 'NONE', #2389, #2486, #4595, .T. ) ;
#3979 = VECTOR ( 'NONE', #1583, 1000.000000000000000 ) ;
#3980 = LINE ( 'NONE', #52, #329 ) ;
#3981 = EDGE_CURVE ( 'NONE', #3516, #3427, #3514, .T. ) ;
#3982 = ORIENTED_EDGE ( 'NONE', *, *, #1600, .F. ) ;
#3983 = CARTESIAN_POINT ( 'NONE',  ( 1.000000000000000000, 0.1000000000000000056, -0.8499999999999999778 ) ) ;
#3984 = DIRECTION ( 'NONE',  ( 0.000000000000000000, -1.000000000000000000, 0.000000000000000000 ) ) ;
#3985 = PRESENTATION_STYLE_ASSIGNMENT (( #4400 ) ) ;
#3986 = CARTESIAN_POINT ( 'NONE',  ( 1.000000000000000000, 0.000000000000000000, -0.8499999999999999778 ) ) ;
#3987 = ORIENTED_EDGE ( 'NONE', *, *, #1902, .T. ) ;
#3988 = VERTEX_POINT ( 'NONE', #2691 ) ;
#3990 =( NAMED_UNIT ( * ) PLANE_ANGLE_UNIT ( ) SI_UNIT ( $, .RADIAN. ) );
#3989 = COLOUR_RGB ( '',0.2509803921568627416, 0.2509803921568627416, 0.2509803921568627416 ) ;
#3991 = PLANE ( 'NONE',  #4506 ) ;
#3992 = LINE ( 'NONE', #2103, #2980 ) ;
#3993 = PLANE ( 'NONE',  #38 ) ;
#3994 = VECTOR ( 'NONE', #2808, 1000.000000000000000 ) ;
#3995 = VERTEX_POINT ( 'NONE', #1483 ) ;
#3996 = FACE_OUTER_BOUND ( 'NONE', #1, .T. ) ;
#3997 = CARTESIAN_POINT ( 'NONE',  ( -1.000000000000000000, 0.1000000000000000056, -0.5500000000000000444 ) ) ;
#3998 = PRESENTATION_LAYER_ASSIGNMENT (  '', '', ( #3815 ) ) ;
#3999 = FACE_OUTER_BOUND ( 'NONE', #4196, .T. ) ;
#4000 = VECTOR ( 'NONE', #4770, 1000.000000000000000 ) ;
#4001 = DIRECTION ( 'NONE',  ( 0.000000000000000000, 1.000000000000000000, 0.000000000000000000 ) ) ;
#4002 = CARTESIAN_POINT ( 'NONE',  ( 1.000000000000000000, 0.1000000000000000056, -0.1000000000000000056 ) ) ;
#4003 = ORIENTED_EDGE ( 'NONE', *, *, #3738, .T. ) ;
#4004 = DIRECTION ( 'NONE',  ( 0.000000000000000000, 0.000000000000000000, -1.000000000000000000 ) ) ;
#4005 = MECHANICAL_DESIGN_GEOMETRIC_PRESENTATION_REPRESENTATION (  '', ( #608 ), #3827 ) ;
#4006 =( NAMED_UNIT ( * ) PLANE_ANGLE_UNIT ( ) SI_UNIT ( $, .RADIAN. ) );
#4007 = ORIENTED_EDGE ( 'NONE', *, *, #1488, .T. ) ;
#4008 = MECHANICAL_DESIGN_GEOMETRIC_PRESENTATION_REPRESENTATION (  '', ( #4554 ), #3917 ) ;
#4009 = LINE ( 'NONE', #3250, #4268 ) ;
#4010 = VECTOR ( 'NONE', #1906, 1000.000000000000000 ) ;
#4011 = CARTESIAN_POINT ( 'NONE',  ( -7.392287539673871009E-17, 0.05000000000000000278, 0.1000000000000000056 ) ) ;
#4012 = ORIENTED_EDGE ( 'NONE', *, *, #1107, .F. ) ;
#4013 = ORIENTED_EDGE ( 'NONE', *, *, #1438, .T. ) ;
#4014 = FACE_OUTER_BOUND ( 'NONE', #321, .T. ) ;
#4015 = SURFACE_SIDE_STYLE ('',( #410 ) ) ;
#4016 = CARTESIAN_POINT ( 'NONE',  ( -1.000000000000000000, 0.05000000000000000278, 1.000000000000000000 ) ) ;
#4017 = CARTESIAN_POINT ( 'NONE',  ( 1.000000000000000000, 0.000000000000000000, 0.09999999999999829858 ) ) ;
#4018 = CARTESIAN_POINT ( 'NONE',  ( -0.7249999999999999778, 0.1000000000000000056, 0.2250000000000000056 ) ) ;
#4019 = EDGE_LOOP ( 'NONE', ( #1995, #77, #233, #866 ) ) ;
#4020 = CARTESIAN_POINT ( 'NONE',  ( 0.7249999999999999778, 0.1000000000000000056, 0.6750000000000000444 ) ) ;
#4021 = PRESENTATION_STYLE_ASSIGNMENT (( #1683 ) ) ;
#4022 = DIRECTION ( 'NONE',  ( 3.336006684570795427E-16, 0.000000000000000000, 1.000000000000000000 ) ) ;
#4023 = FILL_AREA_STYLE_COLOUR ( '', #4826 ) ;
#4024 = UNCERTAINTY_MEASURE_WITH_UNIT (LENGTH_MEASURE( 1.000000000000000082E-05 ), #1981, 'distance_accuracy_value', 'NONE');
#4025 = DIRECTION ( 'NONE',  ( 0.000000000000000000, -1.000000000000000000, 0.000000000000000000 ) ) ;
#4026 = SURFACE_STYLE_FILL_AREA ( #865 ) ;
#4027 = EDGE_LOOP ( 'NONE', ( #278, #1181, #2555, #1472 ) ) ;
#4028 =( NAMED_UNIT ( * ) PLANE_ANGLE_UNIT ( ) SI_UNIT ( $, .RADIAN. ) );
#4029 = COLOUR_RGB ( '',0.2509803921568627416, 0.2509803921568627416, 0.2509803921568627416 ) ;
#4030 = STYLED_ITEM ( 'NONE', ( #2639 ), #2038 ) ;
#4031 = EDGE_CURVE ( 'NONE', #4896, #1382, #3051, .T. ) ;
#4032 =( GEOMETRIC_REPRESENTATION_CONTEXT ( 3 ) GLOBAL_UNCERTAINTY_ASSIGNED_CONTEXT ( ( #1152 ) ) GLOBAL_UNIT_ASSIGNED_CONTEXT ( ( #3418, #4185, #649 ) ) REPRESENTATION_CONTEXT ( 'NONE', 'WORKASPACE' ) );
#4033 = STYLED_ITEM ( 'NONE', ( #2067 ), #2430 ) ;
#4034 = SURFACE_STYLE_FILL_AREA ( #3298 ) ;
#4035 = CARTESIAN_POINT ( 'NONE',  ( 0.7249999999999999778, 0.1000000000000000056, -0.2250000000000000056 ) ) ;
#4036 = ORIENTED_EDGE ( 'NONE', *, *, #1182, .T. ) ;
#4037 = EDGE_CURVE ( 'NONE', #4183, #113, #2246, .T. ) ;
#4038 = PRESENTATION_LAYER_ASSIGNMENT (  '', '', ( #1135 ) ) ;
#4039 = ORIENTED_EDGE ( 'NONE', *, *, #228, .F. ) ;
#4040 =( LENGTH_UNIT ( ) NAMED_UNIT ( * ) SI_UNIT ( .MILLI., .METRE. ) );
#4041 = DIRECTION ( 'NONE',  ( 0.000000000000000000, 0.000000000000000000, 1.000000000000000000 ) ) ;
#4042 = VECTOR ( 'NONE', #3842, 1000.000000000000000 ) ;
#4043 = FILL_AREA_STYLE_COLOUR ( '', #2588 ) ;
#4044 = EDGE_CURVE ( 'NONE', #4901, #3988, #2803, .T. ) ;
#4045 = EDGE_LOOP ( 'NONE', ( #4221, #2170, #1089, #2921 ) ) ;
#4046 = COLOUR_RGB ( '',0.2509803921568627416, 0.2509803921568627416, 0.2509803921568627416 ) ;
#4047 = DIRECTION ( 'NONE',  ( 0.000000000000000000, -1.000000000000000000, 0.000000000000000000 ) ) ;
#4048 = EDGE_CURVE ( 'NONE', #20, #4477, #282, .T. ) ;
#4049 =( LENGTH_UNIT ( ) NAMED_UNIT ( * ) SI_UNIT ( .MILLI., .METRE. ) );
#4050 = EDGE_CURVE ( 'NONE', #3452, #1720, #4219, .T. ) ;
#4051 = ORIENTED_EDGE ( 'NONE', *, *, #4092, .T. ) ;
#4052 =( NAMED_UNIT ( * ) SI_UNIT ( $, .STERADIAN. ) SOLID_ANGLE_UNIT ( ) );
#4053 = VECTOR ( 'NONE', #1071, 1000.000000000000000 ) ;
#4054 = VECTOR ( 'NONE', #4915, 1000.000000000000000 ) ;
#4055 = FILL_AREA_STYLE ('',( #2688 ) ) ;
#4056 = CARTESIAN_POINT ( 'NONE',  ( -0.7249999999999999778, 0.1000000000000000056, -0.2250000000000000056 ) ) ;
#4057 = AXIS2_PLACEMENT_3D ( 'NONE', #175, #2985, #3778 ) ;
#4058 = ORIENTED_EDGE ( 'NONE', *, *, #4699, .F. ) ;
#4059 = ORIENTED_EDGE ( 'NONE', *, *, #2451, .F. ) ;
#4060 = ORIENTED_EDGE ( 'NONE', *, *, #2641, .T. ) ;
#4061 = SURFACE_STYLE_USAGE ( .BOTH. , #4833 ) ;
#4062 = DIRECTION ( 'NONE',  ( -1.734723475976805122E-15, 0.000000000000000000, -1.000000000000000000 ) ) ;
#4063 = DIRECTION ( 'NONE',  ( 0.000000000000000000, 1.000000000000000000, 0.000000000000000000 ) ) ;
#4064 = DIRECTION ( 'NONE',  ( 0.000000000000000000, 0.000000000000000000, -1.000000000000000000 ) ) ;
#4065 = CARTESIAN_POINT ( 'NONE',  ( 0.7249999999999999778, 0.1000000000000000056, -0.6750000000000000444 ) ) ;
#4066 = ORIENTED_EDGE ( 'NONE', *, *, #2206, .F. ) ;
#4067 = SURFACE_SIDE_STYLE ('',( #3264 ) ) ;
#4068 = DIRECTION ( 'NONE',  ( 0.000000000000000000, -1.000000000000000000, 0.000000000000000000 ) ) ;
#4069 = MECHANICAL_DESIGN_GEOMETRIC_PRESENTATION_REPRESENTATION (  '', ( #4709 ), #2252 ) ;
#4070 =( GEOMETRIC_REPRESENTATION_CONTEXT ( 3 ) GLOBAL_UNCERTAINTY_ASSIGNED_CONTEXT ( ( #3541 ) ) GLOBAL_UNIT_ASSIGNED_CONTEXT ( ( #1261, #515, #2388 ) ) REPRESENTATION_CONTEXT ( 'NONE', 'WORKASPACE' ) );
#4071 =( NAMED_UNIT ( * ) SI_UNIT ( $, .STERADIAN. ) SOLID_ANGLE_UNIT ( ) );
#4072 = ORIENTED_EDGE ( 'NONE', *, *, #1681, .F. ) ;
#4073 = DIRECTION ( 'NONE',  ( -1.445602896647340100E-15, 0.000000000000000000, -1.000000000000000000 ) ) ;
#4074 = DIRECTION ( 'NONE',  ( 0.000000000000000000, 0.000000000000000000, -1.000000000000000000 ) ) ;
#4075 =( GEOMETRIC_REPRESENTATION_CONTEXT ( 3 ) GLOBAL_UNCERTAINTY_ASSIGNED_CONTEXT ( ( #1077 ) ) GLOBAL_UNIT_ASSIGNED_CONTEXT ( ( #2672, #3522, #2284 ) ) REPRESENTATION_CONTEXT ( 'NONE', 'WORKASPACE' ) );
#4076 =( GEOMETRIC_REPRESENTATION_CONTEXT ( 3 ) GLOBAL_UNCERTAINTY_ASSIGNED_CONTEXT ( ( #4653 ) ) GLOBAL_UNIT_ASSIGNED_CONTEXT ( ( #4211, #681, #2346 ) ) REPRESENTATION_CONTEXT ( 'NONE', 'WORKASPACE' ) );
#4077 = CARTESIAN_POINT ( 'NONE',  ( -0.7249999999999999778, 0.1000000000000000056, -0.1000000000000000056 ) ) ;
#4078 = DIRECTION ( 'NONE',  ( -3.942553354492735149E-16, 0.000000000000000000, 1.000000000000000000 ) ) ;
#4079 = SURFACE_SIDE_STYLE ('',( #4034 ) ) ;
#4080 =( NAMED_UNIT ( * ) SI_UNIT ( $, .STERADIAN. ) SOLID_ANGLE_UNIT ( ) );
#4081 = AXIS2_PLACEMENT_3D ( 'NONE', #2640, #4201, #3779 ) ;
#4082 = ORIENTED_EDGE ( 'NONE', *, *, #373, .T. ) ;
#4083 = EDGE_CURVE ( 'NONE', #2116, #4951, #1907, .T. ) ;
#4084 = ORIENTED_EDGE ( 'NONE', *, *, #4180, .F. ) ;
#4085 = ORIENTED_EDGE ( 'NONE', *, *, #3071, .F. ) ;
#4086 = ORIENTED_EDGE ( 'NONE', *, *, #3921, .T. ) ;
#4087 = LINE ( 'NONE', #1897, #1537 ) ;
#4088 = CARTESIAN_POINT ( 'NONE',  ( -0.7249999999999999778, 0.000000000000000000, 0.2250000000000000056 ) ) ;
#4089 = CARTESIAN_POINT ( 'NONE',  ( -0.7249999999999999778, 0.1000000000000000056, -0.2250000000000000056 ) ) ;
#4090 = CARTESIAN_POINT ( 'NONE',  ( -1.000000000000000000, 0.1000000000000000056, -0.5500000000000000444 ) ) ;
#4091 = ORIENTED_EDGE ( 'NONE', *, *, #578, .T. ) ;
#4092 = EDGE_CURVE ( 'NONE', #3577, #4361, #5032, .T. ) ;
#4093 = DIRECTION ( 'NONE',  ( 0.000000000000000000, -1.000000000000000000, 0.000000000000000000 ) ) ;
#4094 = EDGE_CURVE ( 'NONE', #706, #1249, #1073, .T. ) ;
#4095 = ORIENTED_EDGE ( 'NONE', *, *, #3612, .F. ) ;
#4096 = DIRECTION ( 'NONE',  ( -1.734723475976805122E-15, 0.000000000000000000, -1.000000000000000000 ) ) ;
#4097 = CARTESIAN_POINT ( 'NONE',  ( -0.5999999999999999778, 0.1000000000000000056, -1.000000000000000000 ) ) ;
#4098 = CYLINDRICAL_SURFACE ( 'NONE', #1747, 0.1000000000000000472 ) ;
#4099 = FACE_OUTER_BOUND ( 'NONE', #345, .T. ) ;
#4100 = ORIENTED_EDGE ( 'NONE', *, *, #1132, .F. ) ;
#4101 = ORIENTED_EDGE ( 'NONE', *, *, #3804, .F. ) ;
#4102 = ORIENTED_EDGE ( 'NONE', *, *, #1120, .F. ) ;
#4103 = AXIS2_PLACEMENT_3D ( 'NONE', #4056, #504, #2094 ) ;
#4104 = EDGE_CURVE ( 'NONE', #360, #354, #3456, .T. ) ;
#4105 = ORIENTED_EDGE ( 'NONE', *, *, #4031, .T. ) ;
#4106 = AXIS2_PLACEMENT_3D ( 'NONE', #4777, #3194, #3173 ) ;
#4107 = CARTESIAN_POINT ( 'NONE',  ( -0.5999999999999999778, 0.1000000000000000056, -0.6999999999999999556 ) ) ;
#4108 = DIRECTION ( 'NONE',  ( 1.000000000000000000, 0.000000000000000000, 0.000000000000000000 ) ) ;
#4109 = VECTOR ( 'NONE', #1287, 1000.000000000000000 ) ;
#4110 = VERTEX_POINT ( 'NONE', #1129 ) ;
#4111 = EDGE_CURVE ( 'NONE', #2218, #3792, #637, .T. ) ;
#4112 = LINE ( 'NONE', #3338, #606 ) ;
#4113 = STYLED_ITEM ( 'NONE', ( #2318 ), #1519 ) ;
#4114 = DIRECTION ( 'NONE',  ( 1.000000000000000000, 0.000000000000000000, 0.000000000000000000 ) ) ;
#4115 = EDGE_CURVE ( 'NONE', #951, #3909, #1409, .T. ) ;
#4116 = EDGE_CURVE ( 'NONE', #629, #4727, #3796, .T. ) ;
#4117 = AXIS2_PLACEMENT_3D ( 'NONE', #4194, #3432, #1456 ) ;
#4118 = EDGE_CURVE ( 'NONE', #660, #2457, #3404, .T. ) ;
#4119 = DIRECTION ( 'NONE',  ( 1.000000000000000000, 0.000000000000000000, 1.734723475976805122E-15 ) ) ;
#4120 = LINE ( 'NONE', #4143, #3881 ) ;
#4121 = ORIENTED_EDGE ( 'NONE', *, *, #3417, .F. ) ;
#4122 = VECTOR ( 'NONE', #3562, 1000.000000000000000 ) ;
#4123 = VECTOR ( 'NONE', #2947, 1000.000000000000000 ) ;
#4124 = EDGE_CURVE ( 'NONE', #2578, #3516, #2213, .T. ) ;
#4125 = CARTESIAN_POINT ( 'NONE',  ( 1.000000000000000000, 0.1000000000000000056, -0.8499999999999999778 ) ) ;
#4126 = STYLED_ITEM ( 'NONE', ( #790 ), #3590 ) ;
#4127 = AXIS2_PLACEMENT_3D ( 'NONE', #3503, #5047, #2343 ) ;
#4128 = VERTEX_POINT ( 'NONE', #3182 ) ;
#4129 = VERTEX_POINT ( 'NONE', #406 ) ;
#4130 = VERTEX_POINT ( 'NONE', #3986 ) ;
#4131 = FACE_OUTER_BOUND ( 'NONE', #1508, .T. ) ;
#4132 =( GEOMETRIC_REPRESENTATION_CONTEXT ( 3 ) GLOBAL_UNCERTAINTY_ASSIGNED_CONTEXT ( ( #5060 ) ) GLOBAL_UNIT_ASSIGNED_CONTEXT ( ( #1670, #579, #2941 ) ) REPRESENTATION_CONTEXT ( 'NONE', 'WORKASPACE' ) );
#4133 = CARTESIAN_POINT ( 'NONE',  ( 0.7249999999999999778, 0.000000000000000000, 0.6750000000000000444 ) ) ;
#4134 = MECHANICAL_DESIGN_GEOMETRIC_PRESENTATION_REPRESENTATION (  '', ( #576 ), #3388 ) ;
#4135 =( NAMED_UNIT ( * ) SI_UNIT ( $, .STERADIAN. ) SOLID_ANGLE_UNIT ( ) );
#4136 = FACE_OUTER_BOUND ( 'NONE', #764, .T. ) ;
#4137 = EDGE_CURVE ( 'NONE', #2234, #1523, #848, .T. ) ;
#4138 = ORIENTED_EDGE ( 'NONE', *, *, #3581, .F. ) ;
#4139 =( NAMED_UNIT ( * ) SI_UNIT ( $, .STERADIAN. ) SOLID_ANGLE_UNIT ( ) );
#4140 = LINE ( 'NONE', #1805, #2679 ) ;
#4141 = CARTESIAN_POINT ( 'NONE',  ( 1.000000000000000000, 0.000000000000000000, -0.1000000000000000056 ) ) ;
#4142 = CARTESIAN_POINT ( 'NONE',  ( 0.5999999999999999778, 0.1000000000000000056, -1.000000000000000000 ) ) ;
#4143 = CARTESIAN_POINT ( 'NONE',  ( 1.000000000000000000, 0.05000000000000000278, 1.000000000000000000 ) ) ;
#4144 = VERTEX_POINT ( 'NONE', #3567 ) ;
#4145 = DIRECTION ( 'NONE',  ( 1.000000000000000000, 0.000000000000000000, 0.000000000000000000 ) ) ;
#4146 = FILL_AREA_STYLE ('',( #622 ) ) ;
#4147 = CIRCLE ( 'NONE', #3244, 0.1250000000000000000 ) ;
#4148 = CARTESIAN_POINT ( 'NONE',  ( -1.000000000000000000, 0.1000000000000000056, -0.8499999999999999778 ) ) ;
#4149 = VECTOR ( 'NONE', #659, 1000.000000000000000 ) ;
#4150 = VERTEX_POINT ( 'NONE', #34 ) ;
#4151 = ORIENTED_EDGE ( 'NONE', *, *, #2687, .F. ) ;
#4152 = ORIENTED_EDGE ( 'NONE', *, *, #4293, .F. ) ;
#4153 = FACE_OUTER_BOUND ( 'NONE', #3176, .T. ) ;
#4154 = SURFACE_STYLE_FILL_AREA ( #2153 ) ;
#4155 = DIRECTION ( 'NONE',  ( 0.000000000000000000, -1.000000000000000000, 0.000000000000000000 ) ) ;
#4156 = VECTOR ( 'NONE', #2778, 1000.000000000000000 ) ;
#4157 = SURFACE_STYLE_FILL_AREA ( #4485 ) ;
#4158 = ORIENTED_EDGE ( 'NONE', *, *, #4115, .T. ) ;
#4159 = DIRECTION ( 'NONE',  ( 0.000000000000000000, -1.000000000000000000, 0.000000000000000000 ) ) ;
#4160 = VECTOR ( 'NONE', #1933, 1000.000000000000000 ) ;
#4161 = FACE_OUTER_BOUND ( 'NONE', #403, .T. ) ;
#4162 = LINE ( 'NONE', #1785, #2428 ) ;
#4163 = LINE ( 'NONE', #4466, #496 ) ;
#4164 = ORIENTED_EDGE ( 'NONE', *, *, #663, .F. ) ;
#4165 = DIRECTION ( 'NONE',  ( 0.000000000000000000, 0.000000000000000000, 1.000000000000000000 ) ) ;
#4166 = SURFACE_STYLE_USAGE ( .BOTH. , #4538 ) ;
#4167 = FILL_AREA_STYLE ('',( #1013 ) ) ;
#4168 = ADVANCED_FACE ( 'NONE', ( #3207 ), #3629, .F. ) ;
#4169 = ORIENTED_EDGE ( 'NONE', *, *, #4482, .T. ) ;
#4170 = ORIENTED_EDGE ( 'NONE', *, *, #1481, .F. ) ;
#4171 = DIRECTION ( 'NONE',  ( 0.000000000000000000, -1.000000000000000000, 0.000000000000000000 ) ) ;
#4172 = CARTESIAN_POINT ( 'NONE',  ( 0.4000000000000000222, 0.1000000000000000056, 1.000000000000000000 ) ) ;
#4173 = DIRECTION ( 'NONE',  ( -1.000000000000000000, 0.000000000000000000, -1.084202172485503818E-16 ) ) ;
#4174 = EDGE_CURVE ( 'NONE', #113, #4453, #1154, .T. ) ;
#4175 = EDGE_LOOP ( 'NONE', ( #1122, #806, #4570, #719 ) ) ;
#4176 = AXIS2_PLACEMENT_3D ( 'NONE', #2325, #3154, #1534 ) ;
#4177 = PRESENTATION_LAYER_ASSIGNMENT (  '', '', ( #471 ) ) ;
#4178 = PRESENTATION_STYLE_ASSIGNMENT (( #3337 ) ) ;
#4179 = CARTESIAN_POINT ( 'NONE',  ( 1.000000000000000000, 0.1000000000000000056, -0.5500000000000000444 ) ) ;
#4180 = EDGE_CURVE ( 'NONE', #1383, #499, #3124, .T. ) ;
#4181 = LINE ( 'NONE', #4141, #2750 ) ;
#4182 = SURFACE_STYLE_USAGE ( .BOTH. , #3367 ) ;
#4183 = VERTEX_POINT ( 'NONE', #1539 ) ;
#4184 = SURFACE_SIDE_STYLE ('',( #3808 ) ) ;
#4185 =( NAMED_UNIT ( * ) PLANE_ANGLE_UNIT ( ) SI_UNIT ( $, .RADIAN. ) );
#4186 = ADVANCED_FACE ( 'NONE', ( #2769 ), #4300, .T. ) ;
#4187 = PLANE ( 'NONE',  #2917 ) ;
#4188 = COLOUR_RGB ( '',0.2509803921568627416, 0.2509803921568627416, 0.2509803921568627416 ) ;
#4189 = ORIENTED_EDGE ( 'NONE', *, *, #1665, .F. ) ;
#4190 = ORIENTED_EDGE ( 'NONE', *, *, #4593, .F. ) ;
#4191 = DIRECTION ( 'NONE',  ( -1.734723475976805122E-15, 0.000000000000000000, 1.000000000000000000 ) ) ;
#4192 = CARTESIAN_POINT ( 'NONE',  ( 1.000000000000000000, 0.05000000000000000278, 0.3499999999999999778 ) ) ;
#4193 = PRESENTATION_LAYER_ASSIGNMENT (  '', '', ( #4126 ) ) ;
#4194 = CARTESIAN_POINT ( 'NONE',  ( 0.7249999999999999778, 0.1000000000000000056, 0.2250000000000000056 ) ) ;
#4195 = DIRECTION ( 'NONE',  ( -0.000000000000000000, 1.000000000000000000, 0.000000000000000000 ) ) ;
#4196 = EDGE_LOOP ( 'NONE', ( #3559, #505, #5048, #921 ) ) ;
#4197 = AXIS2_PLACEMENT_3D ( 'NONE', #4498, #3396, #1015 ) ;
#4198 = COLOUR_RGB ( '',0.2509803921568627416, 0.2509803921568627416, 0.2509803921568627416 ) ;
#4199 = CARTESIAN_POINT ( 'NONE',  ( 1.000000000000000000, 0.1000000000000000056, -0.3499999999999999778 ) ) ;
#4200 = FILL_AREA_STYLE_COLOUR ( '', #4980 ) ;
#4201 = DIRECTION ( 'NONE',  ( 0.000000000000000000, -1.000000000000000000, 0.000000000000000000 ) ) ;
#4202 = SURFACE_STYLE_USAGE ( .BOTH. , #2642 ) ;
#4203 =( NAMED_UNIT ( * ) SI_UNIT ( $, .STERADIAN. ) SOLID_ANGLE_UNIT ( ) );
#4204 = ORIENTED_EDGE ( 'NONE', *, *, #4137, .T. ) ;
#4205 = FILL_AREA_STYLE ('',( #3883 ) ) ;
#4206 = ORIENTED_EDGE ( 'NONE', *, *, #411, .F. ) ;
#4207 = FILL_AREA_STYLE_COLOUR ( '', #3336 ) ;
#4208 = CARTESIAN_POINT ( 'NONE',  ( 0.5999999999999999778, 0.1000000000000000056, 1.000000000000000000 ) ) ;
#4209 = AXIS2_PLACEMENT_3D ( 'NONE', #4611, #3123, #1119 ) ;
#4210 = CARTESIAN_POINT ( 'NONE',  ( 1.000000000000000000, 0.1000000000000000056, 0.5500000000000000444 ) ) ;
#4211 =( LENGTH_UNIT ( ) NAMED_UNIT ( * ) SI_UNIT ( .MILLI., .METRE. ) );
#4212 = MECHANICAL_DESIGN_GEOMETRIC_PRESENTATION_REPRESENTATION (  '', ( #2250 ), #846 ) ;
#4213 = ORIENTED_EDGE ( 'NONE', *, *, #1650, .T. ) ;
#4214 = ORIENTED_EDGE ( 'NONE', *, *, #4995, .F. ) ;
#4215 = LINE ( 'NONE', #3352, #3440 ) ;
#4216 = MECHANICAL_DESIGN_GEOMETRIC_PRESENTATION_REPRESENTATION (  '', ( #4945 ), #929 ) ;
#4217 = DIRECTION ( 'NONE',  ( -1.000000000000000000, 0.000000000000000000, 7.228014483236679792E-16 ) ) ;
#4218 = LINE ( 'NONE', #357, #1271 ) ;
#4219 = LINE ( 'NONE', #3023, #2541 ) ;
#4220 = VECTOR ( 'NONE', #4513, 1000.000000000000000 ) ;
#4221 = ORIENTED_EDGE ( 'NONE', *, *, #3417, .T. ) ;
#4222 = VECTOR ( 'NONE', #1589, 1000.000000000000000 ) ;
#4223 = FILL_AREA_STYLE_COLOUR ( '', #2236 ) ;
#4224 = FACE_OUTER_BOUND ( 'NONE', #3564, .T. ) ;
#4225 = SURFACE_STYLE_USAGE ( .BOTH. , #797 ) ;
#4226 = UNCERTAINTY_MEASURE_WITH_UNIT (LENGTH_MEASURE( 1.000000000000000082E-05 ), #1123, 'distance_accuracy_value', 'NONE');
#4227 = DIRECTION ( 'NONE',  ( -1.000000000000000000, 0.000000000000000000, 0.000000000000000000 ) ) ;
#4228 = EDGE_CURVE ( 'NONE', #20, #851, #3601, .T. ) ;
#4229 = ADVANCED_FACE ( 'NONE', ( #4707 ), #2791, .F. ) ;
#4230 = VECTOR ( 'NONE', #601, 1000.000000000000000 ) ;
#4231 = VERTEX_POINT ( 'NONE', #3952 ) ;
#4232 = CIRCLE ( 'NONE', #1103, 0.1250000000000000000 ) ;
#4233 = CARTESIAN_POINT ( 'NONE',  ( -1.000000000000000000, 0.05000000000000000278, -1.000000000000000000 ) ) ;
#4234 = VERTEX_POINT ( 'NONE', #4681 ) ;
#4235 = CARTESIAN_POINT ( 'NONE',  ( 1.000000000000000000, 0.1000000000000000056, -0.1000000000000000056 ) ) ;
#4236 = DIRECTION ( 'NONE',  ( 0.000000000000000000, -1.000000000000000000, 0.000000000000000000 ) ) ;
#4237 = ADVANCED_FACE ( 'NONE', ( #1618 ), #1597, .F. ) ;
#4238 = CARTESIAN_POINT ( 'NONE',  ( 0.7249999999999999778, 0.1000000000000000056, -0.5500000000000000444 ) ) ;
#4239 = ORIENTED_EDGE ( 'NONE', *, *, #4999, .T. ) ;
#4240 = CARTESIAN_POINT ( 'NONE',  ( 0.4000000000000000222, 0.1000000000000000056, -1.000000000000000000 ) ) ;
#4241 = ORIENTED_EDGE ( 'NONE', *, *, #2665, .T. ) ;
#4242 = VERTEX_POINT ( 'NONE', #4353 ) ;
#4243 = SURFACE_STYLE_USAGE ( .BOTH. , #1904 ) ;
#4244 = EDGE_CURVE ( 'NONE', #1291, #4276, #2404, .T. ) ;
#4245 = CARTESIAN_POINT ( 'NONE',  ( 0.4000000000000000222, 0.1000000000000000056, 1.000000000000000000 ) ) ;
#4246 = CARTESIAN_POINT ( 'NONE',  ( 1.000000000000000000, 0.1000000000000000056, -0.8499999999999999778 ) ) ;
#4247 = CARTESIAN_POINT ( 'NONE',  ( -0.7249999999999999778, 0.05000000000000000278, 0.6750000000000000444 ) ) ;
#4248 =( LENGTH_UNIT ( ) NAMED_UNIT ( * ) SI_UNIT ( .MILLI., .METRE. ) );
#4249 = ORIENTED_EDGE ( 'NONE', *, *, #2893, .F. ) ;
#4250 = EDGE_CURVE ( 'NONE', #1884, #1720, #2431, .T. ) ;
#4251 = CARTESIAN_POINT ( 'NONE',  ( -1.000000000000000000, 0.000000000000000000, -0.3499999999999999778 ) ) ;
#4252 = PLANE ( 'NONE',  #3593 ) ;
#4253 =( NAMED_UNIT ( * ) SI_UNIT ( $, .STERADIAN. ) SOLID_ANGLE_UNIT ( ) );
#4254 = CARTESIAN_POINT ( 'NONE',  ( -0.6500000000000000222, 0.05000000000000000278, -0.6500000000000000222 ) ) ;
#4255 = COLOUR_RGB ( '',0.2509803921568627416, 0.2509803921568627416, 0.2509803921568627416 ) ;
#4256 = ADVANCED_FACE ( 'NONE', ( #4451 ), #1310, .T. ) ;
#4257 = ORIENTED_EDGE ( 'NONE', *, *, #3184, .T. ) ;
#4258 = LINE ( 'NONE', #2645, #1091 ) ;
#4259 = AXIS2_PLACEMENT_3D ( 'NONE', #1180, #384, #2454 ) ;
#4260 =( LENGTH_UNIT ( ) NAMED_UNIT ( * ) SI_UNIT ( .MILLI., .METRE. ) );
#4261 = DIRECTION ( 'NONE',  ( -1.445602896647344044E-15, 0.000000000000000000, -1.000000000000000000 ) ) ;
#4262 =( NAMED_UNIT ( * ) SI_UNIT ( $, .STERADIAN. ) SOLID_ANGLE_UNIT ( ) );
#4263 = DIRECTION ( 'NONE',  ( 0.000000000000000000, 1.000000000000000000, 0.000000000000000000 ) ) ;
#4264 = EDGE_CURVE ( 'NONE', #1558, #413, #1719, .T. ) ;
#4265 = DIRECTION ( 'NONE',  ( 0.000000000000000000, 0.000000000000000000, -1.000000000000000000 ) ) ;
#4266 = ORIENTED_EDGE ( 'NONE', *, *, #4497, .T. ) ;
#4267 = AXIS2_PLACEMENT_3D ( 'NONE', #3141, #5016, #1161 ) ;
#4268 = VECTOR ( 'NONE', #82, 1000.000000000000000 ) ;
#4269 = ORIENTED_EDGE ( 'NONE', *, *, #2891, .F. ) ;
#4270 = ORIENTED_EDGE ( 'NONE', *, *, #1356, .F. ) ;
#4271 = FILL_AREA_STYLE_COLOUR ( '', #4343 ) ;
#4272 = LINE ( 'NONE', #4705, #1894 ) ;
#4273 = LINE ( 'NONE', #4953, #1794 ) ;
#4274 =( LENGTH_UNIT ( ) NAMED_UNIT ( * ) SI_UNIT ( .MILLI., .METRE. ) );
#4275 = PRESENTATION_LAYER_ASSIGNMENT (  '', '', ( #3872 ) ) ;
#4276 = VERTEX_POINT ( 'NONE', #4472 ) ;
#4277 = VECTOR ( 'NONE', #4217, 1000.000000000000000 ) ;
#4278 = DIRECTION ( 'NONE',  ( 0.000000000000000000, 1.000000000000000000, 0.000000000000000000 ) ) ;
#4279 =( LENGTH_UNIT ( ) NAMED_UNIT ( * ) SI_UNIT ( .MILLI., .METRE. ) );
#4280 = DIRECTION ( 'NONE',  ( 0.000000000000000000, -1.000000000000000000, 0.000000000000000000 ) ) ;
#4281 = ADVANCED_FACE ( 'NONE', ( #4099 ), #2115, .T. ) ;
#4282 = DIRECTION ( 'NONE',  ( -1.000802005371239959E-15, 0.000000000000000000, 1.000000000000000000 ) ) ;
#4283 = VERTEX_POINT ( 'NONE', #4208 ) ;
#4284 = VERTEX_POINT ( 'NONE', #676 ) ;
#4285 = LINE ( 'NONE', #752, #205 ) ;
#4286 =( NAMED_UNIT ( * ) PLANE_ANGLE_UNIT ( ) SI_UNIT ( $, .RADIAN. ) );
#4287 = CARTESIAN_POINT ( 'NONE',  ( -0.1000000000000000056, 0.05000000000000000278, -1.084202172485506129E-17 ) ) ;
#4288 = CARTESIAN_POINT ( 'NONE',  ( 0.4000000000000000222, 0.000000000000000000, -1.000000000000000000 ) ) ;
#4289 =( GEOMETRIC_REPRESENTATION_CONTEXT ( 3 ) GLOBAL_UNCERTAINTY_ASSIGNED_CONTEXT ( ( #2061 ) ) GLOBAL_UNIT_ASSIGNED_CONTEXT ( ( #2002, #3241, #834 ) ) REPRESENTATION_CONTEXT ( 'NONE', 'WORKASPACE' ) );
#4290 = CARTESIAN_POINT ( 'NONE',  ( -0.7249999999999999778, 0.1000000000000000056, 0.6750000000000000444 ) ) ;
#4291 = CARTESIAN_POINT ( 'NONE',  ( -0.7500000000000000000, 0.1000000000000000056, -0.5500000000000000444 ) ) ;
#4292 = EDGE_LOOP ( 'NONE', ( #2538, #2709, #2363, #2951 ) ) ;
#4293 = EDGE_CURVE ( 'NONE', #2848, #210, #111, .T. ) ;
#4294 = ORIENTED_EDGE ( 'NONE', *, *, #2096, .T. ) ;
#4295 = ORIENTED_EDGE ( 'NONE', *, *, #2526, .F. ) ;
#4296 = CARTESIAN_POINT ( 'NONE',  ( 0.8499999999999999778, 0.1000000000000000056, 0.8499999999999999778 ) ) ;
#4297 = DIRECTION ( 'NONE',  ( 1.000000000000000000, 0.000000000000000000, -1.445602896647330042E-15 ) ) ;
#4298 = UNCERTAINTY_MEASURE_WITH_UNIT (LENGTH_MEASURE( 1.000000000000000082E-05 ), #1415, 'distance_accuracy_value', 'NONE');
#4299 = DIRECTION ( 'NONE',  ( 0.000000000000000000, -1.000000000000000000, 0.000000000000000000 ) ) ;
#4300 = PLANE ( 'NONE',  #800 ) ;
#4301 = PRESENTATION_LAYER_ASSIGNMENT (  '', '', ( #3665 ) ) ;
#4302 = ORIENTED_EDGE ( 'NONE', *, *, #2816, .T. ) ;
#4303 = VECTOR ( 'NONE', #222, 1000.000000000000000 ) ;
#4305 = LINE ( 'NONE', #4251, #1426 ) ;
#4304 = UNCERTAINTY_MEASURE_WITH_UNIT (LENGTH_MEASURE( 1.000000000000000082E-05 ), #1198, 'distance_accuracy_value', 'NONE');
#4306 = SURFACE_STYLE_USAGE ( .BOTH. , #4625 ) ;
#4307 = LINE ( 'NONE', #1997, #4362 ) ;
#4308 = FILL_AREA_STYLE ('',( #4813 ) ) ;
#4309 = VECTOR ( 'NONE', #67, 1000.000000000000000 ) ;
#4310 = SURFACE_STYLE_FILL_AREA ( #3932 ) ;
#4311 = ORIENTED_EDGE ( 'NONE', *, *, #4482, .F. ) ;
#4312 = PRESENTATION_STYLE_ASSIGNMENT (( #3240 ) ) ;
#4313 = ORIENTED_EDGE ( 'NONE', *, *, #3135, .F. ) ;
#4314 =( NAMED_UNIT ( * ) PLANE_ANGLE_UNIT ( ) SI_UNIT ( $, .RADIAN. ) );
#4315 = PLANE ( 'NONE',  #1042 ) ;
#4316 =( GEOMETRIC_REPRESENTATION_CONTEXT ( 3 ) GLOBAL_UNCERTAINTY_ASSIGNED_CONTEXT ( ( #1531 ) ) GLOBAL_UNIT_ASSIGNED_CONTEXT ( ( #495, #905, #932 ) ) REPRESENTATION_CONTEXT ( 'NONE', 'WORKASPACE' ) );
#4317 =( NAMED_UNIT ( * ) PLANE_ANGLE_UNIT ( ) SI_UNIT ( $, .RADIAN. ) );
#4318 = ORIENTED_EDGE ( 'NONE', *, *, #1145, .T. ) ;
#4319 = UNCERTAINTY_MEASURE_WITH_UNIT (LENGTH_MEASURE( 1.000000000000000082E-05 ), #716, 'distance_accuracy_value', 'NONE');
#4320 = VECTOR ( 'NONE', #4619, 1000.000000000000000 ) ;
#4321 = ORIENTED_EDGE ( 'NONE', *, *, #4264, .T. ) ;
#4322 = CARTESIAN_POINT ( 'NONE',  ( 0.7249999999999999778, 0.1000000000000000056, 0.3499999999999999778 ) ) ;
#4323 = DIRECTION ( 'NONE',  ( -1.000000000000000000, 0.000000000000000000, -7.885106708985500867E-16 ) ) ;
#4324 = EDGE_CURVE ( 'NONE', #3018, #4502, #1671, .T. ) ;
#4325 = DIRECTION ( 'NONE',  ( 0.000000000000000000, 1.000000000000000000, 0.000000000000000000 ) ) ;
#4326 = ADVANCED_FACE ( 'NONE', ( #4426 ), #892, .F. ) ;
#4327 = EDGE_CURVE ( 'NONE', #3895, #3416, #374, .T. ) ;
#4328 = ORIENTED_EDGE ( 'NONE', *, *, #1700, .F. ) ;
#4329 = EDGE_CURVE ( 'NONE', #2090, #2899, #756, .T. ) ;
#4330 =( LENGTH_UNIT ( ) NAMED_UNIT ( * ) SI_UNIT ( .MILLI., .METRE. ) );
#4331 = FILL_AREA_STYLE_COLOUR ( '', #3180 ) ;
#4332 = EDGE_CURVE ( 'NONE', #4144, #1884, #2955, .T. ) ;
#4333 = SURFACE_STYLE_FILL_AREA ( #1187 ) ;
#4334 = VERTEX_POINT ( 'NONE', #3913 ) ;
#4335 = EDGE_CURVE ( 'NONE', #4231, #4515, #3441, .T. ) ;
#4336 = DIRECTION ( 'NONE',  ( 0.000000000000000000, -1.000000000000000000, 0.000000000000000000 ) ) ;
#4337 = PRESENTATION_STYLE_ASSIGNMENT (( #45 ) ) ;
#4338 = ORIENTED_EDGE ( 'NONE', *, *, #2953, .T. ) ;
#4339 = LINE ( 'NONE', #417, #1928 ) ;
#4340 = EDGE_CURVE ( 'NONE', #2631, #347, #1086, .T. ) ;
#4341 = DIRECTION ( 'NONE',  ( -1.445602896647344044E-15, 0.000000000000000000, -1.000000000000000000 ) ) ;
#4342 = VECTOR ( 'NONE', #444, 1000.000000000000000 ) ;
#4343 = COLOUR_RGB ( '',0.2509803921568627416, 0.2509803921568627416, 0.2509803921568627416 ) ;
#4344 = AXIS2_PLACEMENT_3D ( 'NONE', #2920, #4966, #1063 ) ;
#4345 = CARTESIAN_POINT ( 'NONE',  ( -0.7249999999999999778, 0.1000000000000000056, 0.5500000000000000444 ) ) ;
#4346 = MECHANICAL_DESIGN_GEOMETRIC_PRESENTATION_REPRESENTATION (  '', ( #2378 ), #1790 ) ;
#4347 = VERTEX_POINT ( 'NONE', #5074 ) ;
#4348 =( LENGTH_UNIT ( ) NAMED_UNIT ( * ) SI_UNIT ( .MILLI., .METRE. ) );
#4349 = CARTESIAN_POINT ( 'NONE',  ( -0.7500000000000000000, 0.9499999999999999556, -0.7500000000000000000 ) ) ;
#4350 = ORIENTED_EDGE ( 'NONE', *, *, #3342, .T. ) ;
#4351 =( NAMED_UNIT ( * ) PLANE_ANGLE_UNIT ( ) SI_UNIT ( $, .RADIAN. ) );
#4352 =( NAMED_UNIT ( * ) PLANE_ANGLE_UNIT ( ) SI_UNIT ( $, .RADIAN. ) );
#4353 = CARTESIAN_POINT ( 'NONE',  ( 1.000000000000000000, 0.1000000000000000056, 0.09999999999999829858 ) ) ;
#4354 = VECTOR ( 'NONE', #359, 1000.000000000000000 ) ;
#4355 = ORIENTED_EDGE ( 'NONE', *, *, #3109, .T. ) ;
#4356 = PRESENTATION_STYLE_ASSIGNMENT (( #4061 ) ) ;
#4357 = FILL_AREA_STYLE ('',( #1649 ) ) ;
#4358 = DIRECTION ( 'NONE',  ( 0.000000000000000000, -1.000000000000000000, 0.000000000000000000 ) ) ;
#4359 = LINE ( 'NONE', #3187, #3862 ) ;
#4360 = LINE ( 'NONE', #3238, #766 ) ;
#4361 = VERTEX_POINT ( 'NONE', #26 ) ;
#4362 = VECTOR ( 'NONE', #2720, 1000.000000000000114 ) ;
#4363 = DIRECTION ( 'NONE',  ( 0.000000000000000000, -1.000000000000000000, 0.000000000000000000 ) ) ;
#4364 = ORIENTED_EDGE ( 'NONE', *, *, #418, .T. ) ;
#4365 = FILL_AREA_STYLE ('',( #3707 ) ) ;
#4366 = AXIS2_PLACEMENT_3D ( 'NONE', #1536, #84, #2453 ) ;
#4367 = CARTESIAN_POINT ( 'NONE',  ( -0.1000000000000000056, 0.000000000000000000, 1.000000000000000000 ) ) ;
#4368 = FILL_AREA_STYLE ('',( #2475 ) ) ;
#4369 = ORIENTED_EDGE ( 'NONE', *, *, #1971, .T. ) ;
#4370 = DIRECTION ( 'NONE',  ( 0.000000000000000000, 1.000000000000000000, 0.000000000000000000 ) ) ;
#4371 = CARTESIAN_POINT ( 'NONE',  ( 0.7249999999999999778, 0.1000000000000000056, -0.5500000000000000444 ) ) ;
#4372 = ORIENTED_EDGE ( 'NONE', *, *, #1883, .T. ) ;
#4373 = PLANE ( 'NONE',  #85 ) ;
#4374 = CARTESIAN_POINT ( 'NONE',  ( 1.000000000000000000, 0.1000000000000000056, -0.1000000000000000056 ) ) ;
#4375 = SURFACE_STYLE_FILL_AREA ( #3628 ) ;
#4376 = VERTEX_POINT ( 'NONE', #396 ) ;
#4377 = EDGE_LOOP ( 'NONE', ( #3510, #4501, #4302, #2784 ) ) ;
#4378 = PRESENTATION_STYLE_ASSIGNMENT (( #2828 ) ) ;
#4379 = CARTESIAN_POINT ( 'NONE',  ( -0.5999999999999999778, 0.1000000000000000056, -0.6999999999999999556 ) ) ;
#4380 = LINE ( 'NONE', #1677, #4920 ) ;
#4381 = DIRECTION ( 'NONE',  ( 0.000000000000000000, -1.000000000000000000, 0.000000000000000000 ) ) ;
#4382 = VECTOR ( 'NONE', #3060, 1000.000000000000000 ) ;
#4383 = ORIENTED_EDGE ( 'NONE', *, *, #4928, .F. ) ;
#4384 = CARTESIAN_POINT ( 'NONE',  ( 1.000000000000000000, 0.1000000000000000056, 0.3499999999999999778 ) ) ;
#4385 = CARTESIAN_POINT ( 'NONE',  ( -1.000000000000000000, 0.1000000000000000056, 0.1000000000000000056 ) ) ;
#4386 = PLANE ( 'NONE',  #443 ) ;
#4387 = EDGE_CURVE ( 'NONE', #174, #4896, #3115, .T. ) ;
#4388 = EDGE_CURVE ( 'NONE', #3922, #844, #3525, .T. ) ;
#4389 = VECTOR ( 'NONE', #4844, 1000.000000000000000 ) ;
#4390 = PRODUCT_DEFINITION_CONTEXT ( 'detailed design', #5050, 'design' ) ;
#4391 = CARTESIAN_POINT ( 'NONE',  ( -0.4000000000000000222, 0.1000000000000000056, -1.000000000000000000 ) ) ;
#4392 = CARTESIAN_POINT ( 'NONE',  ( -1.000000000000000000, 0.05000000000000000278, 0.5500000000000000444 ) ) ;
#4393 = ORIENTED_EDGE ( 'NONE', *, *, #510, .F. ) ;
#4394 = MECHANICAL_DESIGN_GEOMETRIC_PRESENTATION_REPRESENTATION (  '', ( #4550 ), #132 ) ;
#4395 = FILL_AREA_STYLE ('',( #3594 ) ) ;
#4396 = EDGE_CURVE ( 'NONE', #1283, #2533, #3938, .T. ) ;
#4397 = PRESENTATION_LAYER_ASSIGNMENT (  '', '', ( #4554 ) ) ;
#4398 =( NAMED_UNIT ( * ) SI_UNIT ( $, .STERADIAN. ) SOLID_ANGLE_UNIT ( ) );
#4399 = EDGE_CURVE ( 'NONE', #2389, #4564, #4607, .T. ) ;
#4400 = SURFACE_STYLE_USAGE ( .BOTH. , #4079 ) ;
#4401 = CARTESIAN_POINT ( 'NONE',  ( 0.5999999999999999778, 0.1000000000000000056, 1.000000000000000000 ) ) ;
#4402 = EDGE_LOOP ( 'NONE', ( #2303, #4769, #2487, #1137 ) ) ;
#4403 = UNCERTAINTY_MEASURE_WITH_UNIT (LENGTH_MEASURE( 1.000000000000000082E-05 ), #923, 'distance_accuracy_value', 'NONE');
#4404 = VERTEX_POINT ( 'NONE', #701 ) ;
#4405 = ADVANCED_FACE ( 'NONE', ( #1556 ), #3501, .F. ) ;
#4406 = CARTESIAN_POINT ( 'NONE',  ( -0.5999999999999999778, 0.000000000000000000, 1.000000000000000000 ) ) ;
#4407 = CARTESIAN_POINT ( 'NONE',  ( 1.000000000000000000, 0.05000000000000000278, -1.000000000000000000 ) ) ;
#4408 = FACE_OUTER_BOUND ( 'NONE', #3434, .T. ) ;
#4409 = ADVANCED_FACE ( 'NONE', ( #2340 ), #4638, .F. ) ;
#4410 = ORIENTED_EDGE ( 'NONE', *, *, #3135, .T. ) ;
#4411 = CARTESIAN_POINT ( 'NONE',  ( 0.5999999999999999778, 0.05000000000000000278, -0.6750000000000000444 ) ) ;
#4412 =( NAMED_UNIT ( * ) PLANE_ANGLE_UNIT ( ) SI_UNIT ( $, .RADIAN. ) );
#4413 = SURFACE_STYLE_USAGE ( .BOTH. , #71 ) ;
#4414 = UNCERTAINTY_MEASURE_WITH_UNIT (LENGTH_MEASURE( 1.000000000000000082E-05 ), #78, 'distance_accuracy_value', 'NONE');
#4415 = LINE ( 'NONE', #2780, #3776 ) ;
#4416 = PRESENTATION_STYLE_ASSIGNMENT (( #3642 ) ) ;
#4417 = ORIENTED_EDGE ( 'NONE', *, *, #3046, .F. ) ;
#4418 = FILL_AREA_STYLE_COLOUR ( '', #4424 ) ;
#4419 = EDGE_CURVE ( 'NONE', #1749, #263, #725, .T. ) ;
#4420 = DIRECTION ( 'NONE',  ( 0.000000000000000000, 0.000000000000000000, 1.000000000000000000 ) ) ;
#4421 = VECTOR ( 'NONE', #1340, 1000.000000000000000 ) ;
#4422 = VECTOR ( 'NONE', #1046, 1000.000000000000000 ) ;
#4423 = FILL_AREA_STYLE ('',( #2377 ) ) ;
#4424 = COLOUR_RGB ( '',0.2509803921568627416, 0.2509803921568627416, 0.2509803921568627416 ) ;
#4425 = DIRECTION ( 'NONE',  ( 0.000000000000000000, 0.000000000000000000, -1.000000000000000000 ) ) ;
#4426 = FACE_OUTER_BOUND ( 'NONE', #2488, .T. ) ;
#4427 = VERTEX_POINT ( 'NONE', #3170 ) ;
#4428 = VERTEX_POINT ( 'NONE', #4694 ) ;
#4429 = VERTEX_POINT ( 'NONE', #2317 ) ;
#4430 = CARTESIAN_POINT ( 'NONE',  ( 1.000000000000000000, 0.000000000000000000, 0.5500000000000000444 ) ) ;
#4431 = FILL_AREA_STYLE_COLOUR ( '', #2387 ) ;
#4432 = CARTESIAN_POINT ( 'NONE',  ( 1.000000000000000000, 0.1000000000000000056, 0.5500000000000000444 ) ) ;
#4433 = AXIS2_PLACEMENT_3D ( 'NONE', #437, #1211, #2798 ) ;
#4434 = CARTESIAN_POINT ( 'NONE',  ( 0.8499999999999999778, 0.05000000000000000278, 0.8499999999999999778 ) ) ;
#4435 = ORIENTED_EDGE ( 'NONE', *, *, #835, .F. ) ;
#4436 = VECTOR ( 'NONE', #3371, 1000.000000000000000 ) ;
#4437 = CARTESIAN_POINT ( 'NONE',  ( 0.7249999999999999778, 0.1000000000000000056, 0.5500000000000000444 ) ) ;
#4438 = SURFACE_SIDE_STYLE ('',( #415 ) ) ;
#4439 = VECTOR ( 'NONE', #3431, 1000.000000000000000 ) ;
#4440 = FACE_OUTER_BOUND ( 'NONE', #285, .T. ) ;
#4441 = PLANE ( 'NONE',  #2906 ) ;
#4442 = ORIENTED_EDGE ( 'NONE', *, *, #2282, .T. ) ;
#4443 = CIRCLE ( 'NONE', #331, 0.1250000000000000000 ) ;
#4444 = EDGE_CURVE ( 'NONE', #3293, #506, #3889, .T. ) ;
#4445 = CARTESIAN_POINT ( 'NONE',  ( -0.1000000000000000056, 0.1000000000000000056, -1.000000000000000000 ) ) ;
#4446 = STYLED_ITEM ( 'NONE', ( #16 ), #108 ) ;
#4447 = STYLED_ITEM ( 'NONE', ( #3618 ), #1646 ) ;
#4448 = DIRECTION ( 'NONE',  ( 1.668003342285400130E-15, 0.000000000000000000, 1.000000000000000000 ) ) ;
#4449 = FILL_AREA_STYLE_COLOUR ( '', #182 ) ;
#4450 = EDGE_CURVE ( 'NONE', #2848, #812, #2728, .T. ) ;
#4451 = FACE_OUTER_BOUND ( 'NONE', #4677, .T. ) ;
#4452 = ORIENTED_EDGE ( 'NONE', *, *, #1861, .F. ) ;
#4453 = VERTEX_POINT ( 'NONE', #1921 ) ;
#4454 = ORIENTED_EDGE ( 'NONE', *, *, #4763, .F. ) ;
#4455 = CARTESIAN_POINT ( 'NONE',  ( -0.5999999999999999778, 0.000000000000000000, -0.6999999999999999556 ) ) ;
#4456 = LINE ( 'NONE', #4407, #1726 ) ;
#4457 = DIRECTION ( 'NONE',  ( 1.000000000000000000, 0.000000000000000000, 7.392287539673879884E-16 ) ) ;
#4458 = CARTESIAN_POINT ( 'NONE',  ( 0.1000000000000000056, 0.000000000000000000, 1.000000000000000000 ) ) ;
#4459 = ADVANCED_FACE ( 'NONE', ( #2759 ), #4315, .F. ) ;
#4460 = ORIENTED_EDGE ( 'NONE', *, *, #4645, .F. ) ;
#4461 = CARTESIAN_POINT ( 'NONE',  ( -0.5999999999999999778, 0.1000000000000000056, 0.6750000000000000444 ) ) ;
#4462 = VECTOR ( 'NONE', #4631, 1000.000000000000000 ) ;
#4463 = CARTESIAN_POINT ( 'NONE',  ( 0.5999999999999999778, 0.1000000000000000056, -1.000000000000000000 ) ) ;
#4464 = AXIS2_PLACEMENT_3D ( 'NONE', #2611, #4173, #638 ) ;
#4465 = DIRECTION ( 'NONE',  ( 0.000000000000000000, 0.000000000000000000, -1.000000000000000000 ) ) ;
#4466 = CARTESIAN_POINT ( 'NONE',  ( 0.5999999999999999778, 0.1000000000000000056, 1.000000000000000000 ) ) ;
#4467 = EDGE_LOOP ( 'NONE', ( #3191, #3982, #30, #2297 ) ) ;
#4468 = DIRECTION ( 'NONE',  ( 1.000000000000000000, 0.000000000000000000, 0.000000000000000000 ) ) ;
#4469 = VECTOR ( 'NONE', #3414, 1000.000000000000000 ) ;
#4470 = AXIS2_PLACEMENT_3D ( 'NONE', #2861, #1639, #1615 ) ;
#4471 = CARTESIAN_POINT ( 'NONE',  ( 0.8499999999999999778, 0.1000000000000000056, -0.8499999999999999778 ) ) ;
#4472 = CARTESIAN_POINT ( 'NONE',  ( -0.7249999999999999778, 0.05000000000000000278, -0.1000000000000000056 ) ) ;
#4473 = EDGE_CURVE ( 'NONE', #4624, #2937, #1527, .T. ) ;
#4474 = COLOUR_RGB ( '',0.2509803921568627416, 0.2509803921568627416, 0.2509803921568627416 ) ;
#4475 = ORIENTED_EDGE ( 'NONE', *, *, #2214, .F. ) ;
#4476 = ORIENTED_EDGE ( 'NONE', *, *, #842, .F. ) ;
#4477 = VERTEX_POINT ( 'NONE', #2264 ) ;
#4478 = ORIENTED_EDGE ( 'NONE', *, *, #4546, .T. ) ;
#4479 = DIRECTION ( 'NONE',  ( -1.000000000000000000, 0.000000000000000000, -3.942553354492735149E-16 ) ) ;
#4480 = ADVANCED_FACE ( 'NONE', ( #4742 ), #2446, .F. ) ;
#4481 = CARTESIAN_POINT ( 'NONE',  ( -0.7249999999999999778, 0.000000000000000000, 0.6750000000000000444 ) ) ;
#4482 = EDGE_CURVE ( 'NONE', #1404, #4702, #1246, .T. ) ;
#4483 = LINE ( 'NONE', #2536, #2714 ) ;
#4484 = ADVANCED_FACE ( 'NONE', ( #3999 ), #522, .T. ) ;
#4485 = FILL_AREA_STYLE ('',( #978 ) ) ;
#4486 = EDGE_CURVE ( 'NONE', #2578, #4692, #420, .T. ) ;
#4487 = VERTEX_POINT ( 'NONE', #2856 ) ;
#4488 =( NAMED_UNIT ( * ) PLANE_ANGLE_UNIT ( ) SI_UNIT ( $, .RADIAN. ) );
#4489 = DIRECTION ( 'NONE',  ( -1.000000000000000000, 0.000000000000000000, -1.000802005371239959E-15 ) ) ;
#4490 = LINE ( 'NONE', #248, #4539 ) ;
#4491 = EDGE_CURVE ( 'NONE', #4428, #4934, #3266, .T. ) ;
#4492 = SURFACE_STYLE_USAGE ( .BOTH. , #4534 ) ;
#4493 = FILL_AREA_STYLE_COLOUR ( '', #4198 ) ;
#4494 = EDGE_LOOP ( 'NONE', ( #3936, #4916, #4058, #4072 ) ) ;
#4495 = PLANE ( 'NONE',  #1685 ) ;
#4496 = SURFACE_STYLE_FILL_AREA ( #603 ) ;
#4497 = EDGE_CURVE ( 'NONE', #1283, #347, #809, .T. ) ;
#4498 = CARTESIAN_POINT ( 'NONE',  ( -0.7249999999999999778, 0.000000000000000000, 0.2250000000000000056 ) ) ;
#4499 = ORIENTED_EDGE ( 'NONE', *, *, #4851, .F. ) ;
#4500 = VERTEX_POINT ( 'NONE', #446 ) ;
#4501 = ORIENTED_EDGE ( 'NONE', *, *, #88, .T. ) ;
#4502 = VERTEX_POINT ( 'NONE', #4820 ) ;
#4503 = DIRECTION ( 'NONE',  ( -1.000000000000000000, 0.000000000000000000, 1.182766006347821925E-15 ) ) ;
#4504 = LINE ( 'NONE', #1432, #781 ) ;
#4505 = CARTESIAN_POINT ( 'NONE',  ( 0.5999999999999999778, 0.000000000000000000, -0.6750000000000000444 ) ) ;
#4506 = AXIS2_PLACEMENT_3D ( 'NONE', #2102, #2871, #435 ) ;
#4507 = VERTEX_POINT ( 'NONE', #2033 ) ;
#4508 = SURFACE_SIDE_STYLE ('',( #2125 ) ) ;
#4509 = STYLED_ITEM ( 'NONE', ( #3057 ), #3760 ) ;
#4510 = FACE_OUTER_BOUND ( 'NONE', #1929, .T. ) ;
#4511 = CARTESIAN_POINT ( 'NONE',  ( -1.000000000000000000, 0.05000000000000000278, -1.000000000000000000 ) ) ;
#4512 = COLOUR_RGB ( '',0.2509803921568627416, 0.2509803921568627416, 0.2509803921568627416 ) ;
#4513 = DIRECTION ( 'NONE',  ( -3.469446951953614978E-15, 0.000000000000000000, -1.000000000000000000 ) ) ;
#4514 = CARTESIAN_POINT ( 'NONE',  ( 0.1000000000000000056, 0.1000000000000000056, 1.000000000000000000 ) ) ;
#4515 = VERTEX_POINT ( 'NONE', #3616 ) ;
#4516 = SURFACE_STYLE_USAGE ( .BOTH. , #4184 ) ;
#4517 = SURFACE_STYLE_FILL_AREA ( #4146 ) ;
#4518 = MECHANICAL_DESIGN_GEOMETRIC_PRESENTATION_REPRESENTATION (  '', ( #2809 ), #3640 ) ;
#4519 = CIRCLE ( 'NONE', #252, 0.1250000000000000000 ) ;
#4520 = CARTESIAN_POINT ( 'NONE',  ( -0.8499999999999999778, 0.05000000000000000278, -0.8499999999999999778 ) ) ;
#4521 =( LENGTH_UNIT ( ) NAMED_UNIT ( * ) SI_UNIT ( .MILLI., .METRE. ) );
#4522 = COLOUR_RGB ( '',0.2509803921568627416, 0.2509803921568627416, 0.2509803921568627416 ) ;
#4523 = ORIENTED_EDGE ( 'NONE', *, *, #4124, .T. ) ;
#4524 = EDGE_LOOP ( 'NONE', ( #1575, #4846, #2859, #4787 ) ) ;
#4525 = CARTESIAN_POINT ( 'NONE',  ( 1.000000000000000000, 0.05000000000000000278, 1.000000000000000000 ) ) ;
#4526 = ORIENTED_EDGE ( 'NONE', *, *, #2909, .F. ) ;
#4527 = CARTESIAN_POINT ( 'NONE',  ( 1.228762462150229944E-15, 0.05000000000000000278, 0.8499999999999999778 ) ) ;
#4528 = CARTESIAN_POINT ( 'NONE',  ( -0.8499999999999999778, 0.1000000000000000056, 0.8499999999999999778 ) ) ;
#4529 = DIRECTION ( 'NONE',  ( 1.000000000000000000, 0.000000000000000000, 0.000000000000000000 ) ) ;
#4530 = VERTEX_POINT ( 'NONE', #1297 ) ;
#4531 = FACE_OUTER_BOUND ( 'NONE', #42, .T. ) ;
#4532 = CARTESIAN_POINT ( 'NONE',  ( -1.000000000000000000, 0.05000000000000000278, -1.000000000000000000 ) ) ;
#4533 = DIRECTION ( 'NONE',  ( -3.336006684570795427E-16, 0.000000000000000000, -1.000000000000000000 ) ) ;
#4534 = SURFACE_SIDE_STYLE ('',( #3710 ) ) ;
#4535 = DIRECTION ( 'NONE',  ( 0.000000000000000000, 0.000000000000000000, 1.000000000000000000 ) ) ;
#4536 = ORIENTED_EDGE ( 'NONE', *, *, #161, .T. ) ;
#4537 = EDGE_CURVE ( 'NONE', #1229, #1004, #4490, .T. ) ;
#4538 = SURFACE_SIDE_STYLE ('',( #3013 ) ) ;
#4539 = VECTOR ( 'NONE', #4093, 1000.000000000000000 ) ;
#4540 = LINE ( 'NONE', #577, #2716 ) ;
#4541 = EDGE_CURVE ( 'NONE', #4334, #4661, #2130, .T. ) ;
#4542 = AXIS2_PLACEMENT_3D ( 'NONE', #615, #1368, #563 ) ;
#4543 = EDGE_LOOP ( 'NONE', ( #1782, #2494, #4311, #2777 ) ) ;
#4544 = ORIENTED_EDGE ( 'NONE', *, *, #4037, .T. ) ;
#4545 = CARTESIAN_POINT ( 'NONE',  ( -1.000000000000000000, 0.1000000000000000056, 0.3499999999999999778 ) ) ;
#4546 = EDGE_CURVE ( 'NONE', #4780, #1141, #4961, .T. ) ;
#4547 = DIRECTION ( 'NONE',  ( 0.000000000000000000, -1.000000000000000000, 0.000000000000000000 ) ) ;
#4548 = PRESENTATION_STYLE_ASSIGNMENT (( #1000 ) ) ;
#4549 = CARTESIAN_POINT ( 'NONE',  ( -1.000000000000000000, 0.1000000000000000056, 0.5500000000000000444 ) ) ;
#4550 = STYLED_ITEM ( 'NONE', ( #1572 ), #2952 ) ;
#4551 = FACE_OUTER_BOUND ( 'NONE', #4871, .T. ) ;
#4552 = ORIENTED_EDGE ( 'NONE', *, *, #3171, .T. ) ;
#4553 = AXIS2_PLACEMENT_3D ( 'NONE', #1849, #3138, #2664 ) ;
#4554 = STYLED_ITEM ( 'NONE', ( #2963 ), #2480 ) ;
#4555 = CYLINDRICAL_SURFACE ( 'NONE', #4081, 0.1250000000000000000 ) ;
#4556 = EDGE_CURVE ( 'NONE', #1172, #3630, #541, .T. ) ;
#4557 = CARTESIAN_POINT ( 'NONE',  ( 0.7249999999999999778, 0.1000000000000000056, -0.1000000000000000056 ) ) ;
#4558 = LINE ( 'NONE', #524, #1347 ) ;
#4559 = FACE_OUTER_BOUND ( 'NONE', #3199, .T. ) ;
#4560 = ORIENTED_EDGE ( 'NONE', *, *, #1669, .T. ) ;
#4561 = FILL_AREA_STYLE_COLOUR ( '', #4512 ) ;
#4562 = LINE ( 'NONE', #2940, #974 ) ;
#4563 = ORIENTED_EDGE ( 'NONE', *, *, #3324, .F. ) ;
#4564 = VERTEX_POINT ( 'NONE', #3803 ) ;
#4565 = DIRECTION ( 'NONE',  ( 1.000000000000000000, 0.000000000000000000, -9.363564216920241542E-16 ) ) ;
#4566 = SURFACE_SIDE_STYLE ('',( #2223 ) ) ;
#4567 = FILL_AREA_STYLE_COLOUR ( '', #4805 ) ;
#4568 = DIRECTION ( 'NONE',  ( 1.000000000000000000, 0.000000000000000000, 0.000000000000000000 ) ) ;
#4569 = VECTOR ( 'NONE', #836, 1000.000000000000000 ) ;
#4570 = ORIENTED_EDGE ( 'NONE', *, *, #156, .T. ) ;
#4571 = COLOUR_RGB ( '',0.2509803921568627416, 0.2509803921568627416, 0.2509803921568627416 ) ;
#4572 = COLOUR_RGB ( '',0.7529411764705882248, 0.7529411764705882248, 0.7529411764705882248 ) ;
#4573 = SURFACE_STYLE_FILL_AREA ( #3026 ) ;
#4574 = LINE ( 'NONE', #1006, #4876 ) ;
#4575 = FILL_AREA_STYLE ('',( #2254 ) ) ;
#4576 = VECTOR ( 'NONE', #4341, 1000.000000000000000 ) ;
#4577 = AXIS2_PLACEMENT_3D ( 'NONE', #1950, #3944, #400 ) ;
#4578 = CARTESIAN_POINT ( 'NONE',  ( -0.5999999999999999778, 0.1000000000000000056, -1.000000000000000000 ) ) ;
#4579 = ORIENTED_EDGE ( 'NONE', *, *, #1600, .T. ) ;
#4580 = DIRECTION ( 'NONE',  ( 1.000000000000000000, 0.000000000000000000, 0.000000000000000000 ) ) ;
#4581 = EDGE_LOOP ( 'NONE', ( #3470, #3837, #5017, #1093 ) ) ;
#4582 =( NAMED_UNIT ( * ) SI_UNIT ( $, .STERADIAN. ) SOLID_ANGLE_UNIT ( ) );
#4583 = COLOUR_RGB ( '',0.2509803921568627416, 0.2509803921568627416, 0.2509803921568627416 ) ;
#4584 = EDGE_CURVE ( 'NONE', #113, #2196, #3708, .T. ) ;
#4585 = CARTESIAN_POINT ( 'NONE',  ( 0.7249999999999999778, 0.1000000000000000056, 0.5500000000000000444 ) ) ;
#4586 = CIRCLE ( 'NONE', #2559, 0.1000000000000000472 ) ;
#4587 = ORIENTED_EDGE ( 'NONE', *, *, #2447, .F. ) ;
#4588 = EDGE_LOOP ( 'NONE', ( #5023, #2366, #1946, #1109 ) ) ;
#4589 = CARTESIAN_POINT ( 'NONE',  ( 0.4000000000000000222, 0.1000000000000000056, -1.000000000000000000 ) ) ;
#4590 = EDGE_CURVE ( 'NONE', #2923, #3838, #4181, .T. ) ;
#4591 = DIRECTION ( 'NONE',  ( 0.000000000000000000, 1.000000000000000000, 0.000000000000000000 ) ) ;
#4592 = VECTOR ( 'NONE', #1668, 1000.000000000000000 ) ;
#4593 = EDGE_CURVE ( 'NONE', #4809, #3619, #1732, .T. ) ;
#4594 = SURFACE_SIDE_STYLE ('',( #3000 ) ) ;
#4595 = LINE ( 'NONE', #3079, #3369 ) ;
#4596 = ORIENTED_EDGE ( 'NONE', *, *, #980, .T. ) ;
#4597 = AXIS2_PLACEMENT_3D ( 'NONE', #2489, #461, #116 ) ;
#4598 = STYLED_ITEM ( 'NONE', ( #4828 ), #199 ) ;
#4599 = VECTOR ( 'NONE', #4891, 1000.000000000000000 ) ;
#4600 = CARTESIAN_POINT ( 'NONE',  ( -0.7249999999999999778, 0.000000000000000000, -0.2250000000000000056 ) ) ;
#4601 = FACE_OUTER_BOUND ( 'NONE', #4808, .T. ) ;
#4602 = LINE ( 'NONE', #1078, #3902 ) ;
#4603 = ORIENTED_EDGE ( 'NONE', *, *, #3045, .T. ) ;
#4604 = CARTESIAN_POINT ( 'NONE',  ( -1.000000000000000000, 0.1000000000000000056, 0.8499999999999999778 ) ) ;
#4605 = VERTEX_POINT ( 'NONE', #2934 ) ;
#4606 = CARTESIAN_POINT ( 'NONE',  ( 0.1000000000000000056, 0.05000000000000000278, -9.757819552369549767E-17 ) ) ;
#4607 = LINE ( 'NONE', #3070, #1377 ) ;
#4608 = DIRECTION ( 'NONE',  ( 0.000000000000000000, -1.000000000000000000, 0.000000000000000000 ) ) ;
#4609 = EDGE_LOOP ( 'NONE', ( #2775, #91, #4036, #1327 ) ) ;
#4610 = DIRECTION ( 'NONE',  ( 3.942553354492730219E-16, 0.000000000000000000, -1.000000000000000000 ) ) ;
#4611 = CARTESIAN_POINT ( 'NONE',  ( 1.000000000000000000, 0.1000000000000000056, -0.3499999999999999778 ) ) ;
#4612 = VECTOR ( 'NONE', #3759, 1000.000000000000000 ) ;
#4613 = ADVANCED_FACE ( 'NONE', ( #4161 ), #597, .T. ) ;
#4614 = EDGE_LOOP ( 'NONE', ( #180, #390, #4095, #4579 ) ) ;
#4615 = ORIENTED_EDGE ( 'NONE', *, *, #1268, .T. ) ;
#4616 = LINE ( 'NONE', #1593, #3526 ) ;
#4617 = AXIS2_PLACEMENT_3D ( 'NONE', #3103, #4195, #1074 ) ;
#4618 = DIRECTION ( 'NONE',  ( -1.000000000000000000, 0.000000000000000000, 0.000000000000000000 ) ) ;
#4619 = DIRECTION ( 'NONE',  ( 1.084202172485503818E-16, 0.000000000000000000, -1.000000000000000000 ) ) ;
#4620 = ADVANCED_FACE ( 'NONE', ( #2524 ), #2207, .T. ) ;
#4621 = DIRECTION ( 'NONE',  ( 0.000000000000000000, -1.000000000000000000, 0.000000000000000000 ) ) ;
#4622 = FACE_OUTER_BOUND ( 'NONE', #3325, .T. ) ;
#4623 = CIRCLE ( 'NONE', #1835, 0.1250000000000000000 ) ;
#4624 = VERTEX_POINT ( 'NONE', #198 ) ;
#4625 = SURFACE_SIDE_STYLE ('',( #5035 ) ) ;
#4626 = EDGE_CURVE ( 'NONE', #2311, #3149, #934, .T. ) ;
#4627 = FILL_AREA_STYLE ('',( #4331 ) ) ;
#4628 = VECTOR ( 'NONE', #2700, 1000.000000000000000 ) ;
#4629 = FACE_OUTER_BOUND ( 'NONE', #2556, .T. ) ;
#4630 = UNCERTAINTY_MEASURE_WITH_UNIT (LENGTH_MEASURE( 1.000000000000000082E-05 ), #1557, 'distance_accuracy_value', 'NONE');
#4631 = DIRECTION ( 'NONE',  ( 0.000000000000000000, -1.000000000000000000, 0.000000000000000000 ) ) ;
#4632 = ORIENTED_EDGE ( 'NONE', *, *, #4699, .T. ) ;
#4633 = CARTESIAN_POINT ( 'NONE',  ( -0.7500000000000000000, 1.000000000000000000, -0.6500000000000000222 ) ) ;
#4634 =( GEOMETRIC_REPRESENTATION_CONTEXT ( 3 ) GLOBAL_UNCERTAINTY_ASSIGNED_CONTEXT ( ( #341 ) ) GLOBAL_UNIT_ASSIGNED_CONTEXT ( ( #3331, #636, #239 ) ) REPRESENTATION_CONTEXT ( 'NONE', 'WORKASPACE' ) );
#4635 = CARTESIAN_POINT ( 'NONE',  ( 1.000000000000000000, 0.05000000000000000278, -0.1000000000000000056 ) ) ;
#4636 = ORIENTED_EDGE ( 'NONE', *, *, #1488, .F. ) ;
#4637 = DIRECTION ( 'NONE',  ( 0.000000000000000000, 0.000000000000000000, -1.000000000000000000 ) ) ;
#4638 = PLANE ( 'NONE',  #1962 ) ;
#4639 = DIRECTION ( 'NONE',  ( 1.000000000000000000, 0.000000000000000000, 0.000000000000000000 ) ) ;
#4640 = ORIENTED_EDGE ( 'NONE', *, *, #3015, .T. ) ;
#4641 = FACE_OUTER_BOUND ( 'NONE', #2344, .T. ) ;
#4642 = SURFACE_SIDE_STYLE ('',( #1447 ) ) ;
#4643 = VERTEX_POINT ( 'NONE', #1764 ) ;
#4644 = ORIENTED_EDGE ( 'NONE', *, *, #2110, .T. ) ;
#4645 = EDGE_CURVE ( 'NONE', #4428, #2708, #3364, .T. ) ;
#4646 = SURFACE_SIDE_STYLE ('',( #4678 ) ) ;
#4647 = DIRECTION ( 'NONE',  ( 0.000000000000000000, 0.000000000000000000, 1.000000000000000000 ) ) ;
#4648 = UNCERTAINTY_MEASURE_WITH_UNIT (LENGTH_MEASURE( 1.000000000000000082E-05 ), #2177, 'distance_accuracy_value', 'NONE');
#4649 = SURFACE_STYLE_USAGE ( .BOTH. , #5056 ) ;
#4650 = DIRECTION ( 'NONE',  ( 1.084202172485503818E-16, 0.000000000000000000, 1.000000000000000000 ) ) ;
#4651 = PLANE ( 'NONE',  #2255 ) ;
#4652 = ORIENTED_EDGE ( 'NONE', *, *, #88, .F. ) ;
#4653 = UNCERTAINTY_MEASURE_WITH_UNIT (LENGTH_MEASURE( 1.000000000000000082E-05 ), #4211, 'distance_accuracy_value', 'NONE');
#4654 = SURFACE_STYLE_FILL_AREA ( #1965 ) ;
#4655 = FACE_OUTER_BOUND ( 'NONE', #3255, .T. ) ;
#4656 = SURFACE_SIDE_STYLE ('',( #288 ) ) ;
#4657 = LINE ( 'NONE', #4254, #2503 ) ;
#4658 = MECHANICAL_DESIGN_GEOMETRIC_PRESENTATION_REPRESENTATION (  '', ( #2376 ), #5065 ) ;
#4659 =( GEOMETRIC_REPRESENTATION_CONTEXT ( 3 ) GLOBAL_UNCERTAINTY_ASSIGNED_CONTEXT ( ( #4024 ) ) GLOBAL_UNIT_ASSIGNED_CONTEXT ( ( #1981, #2421, #4798 ) ) REPRESENTATION_CONTEXT ( 'NONE', 'WORKASPACE' ) );
#4660 =( GEOMETRIC_REPRESENTATION_CONTEXT ( 3 ) GLOBAL_UNCERTAINTY_ASSIGNED_CONTEXT ( ( #484 ) ) GLOBAL_UNIT_ASSIGNED_CONTEXT ( ( #1258, #2101, #1691 ) ) REPRESENTATION_CONTEXT ( 'NONE', 'WORKASPACE' ) );
#4661 = VERTEX_POINT ( 'NONE', #4912 ) ;
#4662 = DIRECTION ( 'NONE',  ( -1.000000000000000000, 0.000000000000000000, 0.000000000000000000 ) ) ;
#4663 = MECHANICAL_DESIGN_GEOMETRIC_PRESENTATION_REPRESENTATION (  '', ( #3034 ), #5070 ) ;
#4664 = CARTESIAN_POINT ( 'NONE',  ( 1.000000000000000000, 0.1000000000000000056, 0.3499999999999999778 ) ) ;
#4665 = ORIENTED_EDGE ( 'NONE', *, *, #804, .F. ) ;
#4666 = LINE ( 'NONE', #2726, #3333 ) ;
#4667 = AXIS2_PLACEMENT_3D ( 'NONE', #2345, #1118, #350 ) ;
#4668 = CARTESIAN_POINT ( 'NONE',  ( 0.8499999999999999778, 0.1000000000000000056, 0.8499999999999999778 ) ) ;
#4669 = PRESENTATION_LAYER_ASSIGNMENT (  '', '', ( #3706 ) ) ;
#4670 = LINE ( 'NONE', #2730, #826 ) ;
#4671 = VERTEX_POINT ( 'NONE', #1394 ) ;
#4672 = AXIS2_PLACEMENT_3D ( 'NONE', #3215, #1968, #18 ) ;
#4673 = UNCERTAINTY_MEASURE_WITH_UNIT (LENGTH_MEASURE( 1.000000000000000082E-05 ), #509, 'distance_accuracy_value', 'NONE');
#4674 = FACE_OUTER_BOUND ( 'NONE', #1833, .T. ) ;
#4675 = AXIS2_PLACEMENT_3D ( 'NONE', #3528, #4608, #4265 ) ;
#4676 = ORIENTED_EDGE ( 'NONE', *, *, #3978, .T. ) ;
#4677 = EDGE_LOOP ( 'NONE', ( #3126, #4644, #893, #4101, #4478, #483, #1760, #3860, #4085, #3769, #4838, #535, #3831, #4815, #3955, #459, #2075, #4007, #433, #2347 ) ) ;
#4678 = SURFACE_STYLE_FILL_AREA ( #708 ) ;
#4679 = LINE ( 'NONE', #3050, #3061 ) ;
#4680 = FACE_OUTER_BOUND ( 'NONE', #1506, .T. ) ;
#4681 = CARTESIAN_POINT ( 'NONE',  ( 0.8499999999999999778, 0.1000000000000000056, 0.8499999999999999778 ) ) ;
#4682 = DIRECTION ( 'NONE',  ( 0.000000000000000000, -1.000000000000000000, 0.000000000000000000 ) ) ;
#4683 = ORIENTED_EDGE ( 'NONE', *, *, #2134, .F. ) ;
#4684 = VECTOR ( 'NONE', #4788, 1000.000000000000000 ) ;
#4685 = LINE ( 'NONE', #2307, #1644 ) ;
#4686 = DIRECTION ( 'NONE',  ( 0.000000000000000000, 0.000000000000000000, 1.000000000000000000 ) ) ;
#4687 = DIRECTION ( 'NONE',  ( -1.000000000000000000, 0.000000000000000000, 0.000000000000000000 ) ) ;
#4688 = ORIENTED_EDGE ( 'NONE', *, *, #225, .F. ) ;
#4689 = VECTOR ( 'NONE', #1111, 1000.000000000000000 ) ;
#4690 = CARTESIAN_POINT ( 'NONE',  ( -1.000000000000000000, 1.000000000000000000, 1.000000000000000000 ) ) ;
#4691 = CARTESIAN_POINT ( 'NONE',  ( 0.7249999999999999778, 0.000000000000000000, 0.6750000000000000444 ) ) ;
#4692 = VERTEX_POINT ( 'NONE', #1008 ) ;
#4693 = CARTESIAN_POINT ( 'NONE',  ( 1.000000000000000000, 1.000000000000000000, 1.000000000000000000 ) ) ;
#4694 = CARTESIAN_POINT ( 'NONE',  ( 0.5999999999999999778, 0.1000000000000000056, 1.000000000000000000 ) ) ;
#4695 = EDGE_CURVE ( 'NONE', #499, #4284, #4937, .T. ) ;
#4696 = PLANE ( 'NONE',  #4127 ) ;
#4697 = ORIENTED_EDGE ( 'NONE', *, *, #804, .T. ) ;
#4698 =( NAMED_UNIT ( * ) PLANE_ANGLE_UNIT ( ) SI_UNIT ( $, .RADIAN. ) );
#4699 = EDGE_CURVE ( 'NONE', #3768, #2662, #3437, .T. ) ;
#4700 = DIRECTION ( 'NONE',  ( 0.000000000000000000, 0.000000000000000000, 1.000000000000000000 ) ) ;
#4701 = PRESENTATION_LAYER_ASSIGNMENT (  '', '', ( #4867 ) ) ;
#4702 = VERTEX_POINT ( 'NONE', #1136 ) ;
#4703 = PRODUCT_DEFINITION ( 'UNKNOWN', '', #4947, #4390 ) ;
#4704 = VECTOR ( 'NONE', #696, 1000.000000000000000 ) ;
#4705 = CARTESIAN_POINT ( 'NONE',  ( -0.8499999999999999778, 0.000000000000000000, 1.000000000000000000 ) ) ;
#4706 = DIRECTION ( 'NONE',  ( 0.000000000000000000, 1.000000000000000000, 0.000000000000000000 ) ) ;
#4707 = FACE_OUTER_BOUND ( 'NONE', #3373, .T. ) ;
#4708 = PRODUCT_CONTEXT ( 'NONE', #581, 'mechanical' ) ;
#4709 = STYLED_ITEM ( 'NONE', ( #1740 ), #525 ) ;
#4710 = ORIENTED_EDGE ( 'NONE', *, *, #2516, .F. ) ;
#4711 = STYLED_ITEM ( 'NONE', ( #1876 ), #5005 ) ;
#4712 = EDGE_CURVE ( 'NONE', #4671, #2147, #2333, .T. ) ;
#4713 = CARTESIAN_POINT ( 'NONE',  ( -0.7249999999999999778, 0.1000000000000000056, 0.5500000000000000444 ) ) ;
#4714 = DIRECTION ( 'NONE',  ( 0.000000000000000000, 0.000000000000000000, 1.000000000000000000 ) ) ;
#4715 = SURFACE_STYLE_FILL_AREA ( #4737 ) ;
#4716 = COLOUR_RGB ( '',0.2509803921568627416, 0.2509803921568627416, 0.2509803921568627416 ) ;
#4717 = PLANE ( 'NONE',  #1923 ) ;
#4718 = ORIENTED_EDGE ( 'NONE', *, *, #3342, .F. ) ;
#4719 = DIRECTION ( 'NONE',  ( 0.000000000000000000, 0.000000000000000000, -1.000000000000000000 ) ) ;
#4720 =( NAMED_UNIT ( * ) PLANE_ANGLE_UNIT ( ) SI_UNIT ( $, .RADIAN. ) );
#4721 = ORIENTED_EDGE ( 'NONE', *, *, #2143, .F. ) ;
#4722 = DIRECTION ( 'NONE',  ( 0.000000000000000000, -1.000000000000000000, 0.000000000000000000 ) ) ;
#4723 = DIRECTION ( 'NONE',  ( 1.000000000000000000, 0.000000000000000000, -3.336006684570795427E-16 ) ) ;
#4724 = VECTOR ( 'NONE', #3685, 1000.000000000000000 ) ;
#4725 = DIRECTION ( 'NONE',  ( 0.000000000000000000, -1.000000000000000000, 0.000000000000000000 ) ) ;
#4726 = DIRECTION ( 'NONE',  ( 0.000000000000000000, 1.000000000000000000, 0.000000000000000000 ) ) ;
#4727 = VERTEX_POINT ( 'NONE', #3494 ) ;
#4728 = CARTESIAN_POINT ( 'NONE',  ( 0.4000000000000000222, 0.05000000000000000278, -3.035766082959409950E-16 ) ) ;
#4729 = DIRECTION ( 'NONE',  ( 0.000000000000000000, 1.000000000000000000, 0.000000000000000000 ) ) ;
#4730 = EDGE_LOOP ( 'NONE', ( #1954, #733, #2647, #3724 ) ) ;
#4731 = CARTESIAN_POINT ( 'NONE',  ( -0.1000000000000000056, 0.1000000000000000056, -1.000000000000000000 ) ) ;
#4732 = PLANE ( 'NONE',  #335 ) ;
#4733 = SURFACE_STYLE_FILL_AREA ( #792 ) ;
#4734 = ORIENTED_EDGE ( 'NONE', *, *, #901, .T. ) ;
#4735 = FILL_AREA_STYLE_COLOUR ( '', #3799 ) ;
#4736 = CARTESIAN_POINT ( 'NONE',  ( 1.000000000000000000, 0.05000000000000000278, 0.5500000000000000444 ) ) ;
#4737 = FILL_AREA_STYLE ('',( #1241 ) ) ;
#4738 = ORIENTED_EDGE ( 'NONE', *, *, #4778, .F. ) ;
#4739 = SURFACE_STYLE_FILL_AREA ( #4772 ) ;
#4740 = VERTEX_POINT ( 'NONE', #3520 ) ;
#4741 = CARTESIAN_POINT ( 'NONE',  ( 1.000000000000000000, 0.1000000000000000056, 0.09999999999999829858 ) ) ;
#4742 = FACE_OUTER_BOUND ( 'NONE', #2681, .T. ) ;
#4743 = CLOSED_SHELL ( 'NONE', ( #5002, #1505, #3711, #4409, #3586, #850, #1430, #2132, #3880 ) ) ;
#4744 = AXIS2_PLACEMENT_3D ( 'NONE', #685, #3771, #3453 ) ;
#4745 = VECTOR ( 'NONE', #2288, 1000.000000000000000 ) ;
#4746 = LINE ( 'NONE', #2150, #549 ) ;
#4747 = VECTOR ( 'NONE', #1612, 1000.000000000000000 ) ;
#4748 = SURFACE_STYLE_USAGE ( .BOTH. , #1326 ) ;
#4749 = ORIENTED_EDGE ( 'NONE', *, *, #302, .T. ) ;
#4750 = CARTESIAN_POINT ( 'NONE',  ( 1.000000000000000000, 0.1000000000000000056, -0.5500000000000000444 ) ) ;
#4751 = CARTESIAN_POINT ( 'NONE',  ( 1.000000000000000000, 0.05000000000000000278, -0.3499999999999999778 ) ) ;
#4752 = COLOUR_RGB ( '',0.2509803921568627416, 0.2509803921568627416, 0.2509803921568627416 ) ;
#4753 = PRODUCT ( 'TPS259472ARPWR', 'TPS259472ARPWR', '', ( #4708 ) ) ;
#4754 = ORIENTED_EDGE ( 'NONE', *, *, #302, .F. ) ;
#4755 = CARTESIAN_POINT ( 'NONE',  ( 0.7249999999999999778, 0.1000000000000000056, 0.3499999999999999778 ) ) ;
#4756 =( LENGTH_UNIT ( ) NAMED_UNIT ( * ) SI_UNIT ( .MILLI., .METRE. ) );
#4757 = DIRECTION ( 'NONE',  ( 0.000000000000000000, -1.000000000000000000, 0.000000000000000000 ) ) ;
#4758 = SHAPE_DEFINITION_REPRESENTATION ( #2843, #3531 ) ;
#4759 = VECTOR ( 'NONE', #261, 1000.000000000000000 ) ;
#4760 = ORIENTED_EDGE ( 'NONE', *, *, #3200, .T. ) ;
#4761 = EDGE_CURVE ( 'NONE', #4404, #1049, #1882, .T. ) ;
#4762 = ORIENTED_EDGE ( 'NONE', *, *, #1268, .F. ) ;
#4763 = EDGE_CURVE ( 'NONE', #517, #1776, #1522, .T. ) ;
#4764 = FILL_AREA_STYLE_COLOUR ( '', #4572 ) ;
#4765 = DIRECTION ( 'NONE',  ( 0.000000000000000000, -1.000000000000000000, 0.000000000000000000 ) ) ;
#4766 = DIRECTION ( 'NONE',  ( 0.000000000000000000, 1.000000000000000000, 0.000000000000000000 ) ) ;
#4767 = CARTESIAN_POINT ( 'NONE',  ( -0.4000000000000000222, 0.1000000000000000056, -1.000000000000000000 ) ) ;
#4768 = DIRECTION ( 'NONE',  ( 0.000000000000000000, -1.000000000000000000, 0.000000000000000000 ) ) ;
#4769 = ORIENTED_EDGE ( 'NONE', *, *, #3116, .F. ) ;
#4770 = DIRECTION ( 'NONE',  ( -2.891205793294690455E-15, 0.000000000000000000, -1.000000000000000000 ) ) ;
#4771 = EDGE_CURVE ( 'NONE', #1041, #2924, #4657, .T. ) ;
#4772 = FILL_AREA_STYLE ('',( #805 ) ) ;
#4773 = SURFACE_STYLE_USAGE ( .BOTH. , #2882 ) ;
#4774 = AXIS2_PLACEMENT_3D ( 'NONE', #3897, #4591, #5054 ) ;
#4775 =( GEOMETRIC_REPRESENTATION_CONTEXT ( 3 ) GLOBAL_UNCERTAINTY_ASSIGNED_CONTEXT ( ( #4630 ) ) GLOBAL_UNIT_ASSIGNED_CONTEXT ( ( #1557, #4317, #3447 ) ) REPRESENTATION_CONTEXT ( 'NONE', 'WORKASPACE' ) );
#4776 = UNCERTAINTY_MEASURE_WITH_UNIT (LENGTH_MEASURE( 1.000000000000000082E-05 ), #2566, 'distance_accuracy_value', 'NONE');
#4777 = CARTESIAN_POINT ( 'NONE',  ( 0.000000000000000000, 0.05000000000000000278, 0.000000000000000000 ) ) ;
#4778 = EDGE_CURVE ( 'NONE', #3544, #3372, #2670, .T. ) ;
#4779 = PLANE ( 'NONE',  #3561 ) ;
#4780 = VERTEX_POINT ( 'NONE', #4578 ) ;
#4781 = ADVANCED_FACE ( 'NONE', ( #1915 ), #778, .T. ) ;
#4782 = FILL_AREA_STYLE ('',( #3296 ) ) ;
#4783 = LINE ( 'NONE', #1307, #3721 ) ;
#4784 = EDGE_CURVE ( 'NONE', #2581, #2116, #667, .T. ) ;
#4785 =( NAMED_UNIT ( * ) SI_UNIT ( $, .STERADIAN. ) SOLID_ANGLE_UNIT ( ) );
#4786 = VERTEX_POINT ( 'NONE', #1943 ) ;
#4787 = ORIENTED_EDGE ( 'NONE', *, *, #3109, .F. ) ;
#4788 = DIRECTION ( 'NONE',  ( 0.000000000000000000, -1.000000000000000000, 0.000000000000000000 ) ) ;
#4789 = DIRECTION ( 'NONE',  ( 1.084202172485503818E-16, 0.000000000000000000, 1.000000000000000000 ) ) ;
#4790 = AXIS2_PLACEMENT_3D ( 'NONE', #1289, #3260, #3635 ) ;
#4791 = EDGE_LOOP ( 'NONE', ( #304, #2868, #3310, #920 ) ) ;
#4792 = ADVANCED_FACE ( 'NONE', ( #2749 ), #3548, .T. ) ;
#4793 = SURFACE_STYLE_FILL_AREA ( #1576 ) ;
#4794 = CARTESIAN_POINT ( 'NONE',  ( -0.5999999999999999778, 0.1000000000000000056, -0.6999999999999999556 ) ) ;
#4795 = VECTOR ( 'NONE', #284, 1000.000000000000000 ) ;
#4796 = LINE ( 'NONE', #1294, #1094 ) ;
#4797 = CARTESIAN_POINT ( 'NONE',  ( -0.4000000000000000222, 0.1000000000000000056, -1.000000000000000000 ) ) ;
#4798 =( NAMED_UNIT ( * ) SI_UNIT ( $, .STERADIAN. ) SOLID_ANGLE_UNIT ( ) );
#4799 = CARTESIAN_POINT ( 'NONE',  ( 1.000000000000000000, 0.05000000000000000278, 0.09999999999999829858 ) ) ;
#4800 = VERTEX_POINT ( 'NONE', #1491 ) ;
#4801 = PLANE ( 'NONE',  #3947 ) ;
#4802 = CARTESIAN_POINT ( 'NONE',  ( -0.4000000000000000222, 0.1000000000000000056, -1.000000000000000000 ) ) ;
#4803 = VECTOR ( 'NONE', #754, 1000.000000000000000 ) ;
#4804 = LINE ( 'NONE', #1278, #4992 ) ;
#4805 = COLOUR_RGB ( '',0.2509803921568627416, 0.2509803921568627416, 0.2509803921568627416 ) ;
#4806 = FILL_AREA_STYLE_COLOUR ( '', #3970 ) ;
#4807 = CARTESIAN_POINT ( 'NONE',  ( -1.000000000000000000, 0.1000000000000000056, 0.8499999999999999778 ) ) ;
#4808 = EDGE_LOOP ( 'NONE', ( #2348, #3066, #2138, #4190 ) ) ;
#4809 = VERTEX_POINT ( 'NONE', #4986 ) ;
#4810 = EDGE_LOOP ( 'NONE', ( #4760, #3019, #4950, #1466 ) ) ;
#4811 = DIRECTION ( 'NONE',  ( 1.182766006347821925E-15, 0.000000000000000000, 1.000000000000000000 ) ) ;
#4812 = DIRECTION ( 'NONE',  ( -0.000000000000000000, 1.000000000000000000, 0.000000000000000000 ) ) ;
#4813 = FILL_AREA_STYLE_COLOUR ( '', #1052 ) ;
#4814 = DIRECTION ( 'NONE',  ( 0.000000000000000000, 1.000000000000000000, 0.000000000000000000 ) ) ;
#4815 = ORIENTED_EDGE ( 'NONE', *, *, #794, .T. ) ;
#4816 = CARTESIAN_POINT ( 'NONE',  ( -0.8499999999999999778, 0.1000000000000000056, -1.000000000000000000 ) ) ;
#4817 = EDGE_CURVE ( 'NONE', #354, #4128, #1463, .T. ) ;
#4818 = CARTESIAN_POINT ( 'NONE',  ( 1.000000000000000000, 0.1000000000000000056, 0.3499999999999999778 ) ) ;
#4819 = EDGE_CURVE ( 'NONE', #1627, #1647, #4602, .T. ) ;
#4820 = CARTESIAN_POINT ( 'NONE',  ( -0.8499999999999999778, 0.1000000000000000056, 0.8499999999999999778 ) ) ;
#4821 = DIRECTION ( 'NONE',  ( 0.000000000000000000, 1.000000000000000000, 0.000000000000000000 ) ) ;
#4822 = ADVANCED_FACE ( 'NONE', ( #3848 ), #2493, .T. ) ;
#4823 = ORIENTED_EDGE ( 'NONE', *, *, #4335, .T. ) ;
#4824 = VECTOR ( 'NONE', #1363, 1000.000000000000000 ) ;
#4825 = PRESENTATION_LAYER_ASSIGNMENT (  '', '', ( #1960 ) ) ;
#4826 = COLOUR_RGB ( '',0.2509803921568627416, 0.2509803921568627416, 0.2509803921568627416 ) ;
#4827 = CARTESIAN_POINT ( 'NONE',  ( -0.5999999999999999778, 0.1000000000000000056, -0.6999999999999999556 ) ) ;
#4828 = PRESENTATION_STYLE_ASSIGNMENT (( #847 ) ) ;
#4829 = SURFACE_SIDE_STYLE ('',( #2507 ) ) ;
#4830 = ORIENTED_EDGE ( 'NONE', *, *, #957, .T. ) ;
#4831 = ORIENTED_EDGE ( 'NONE', *, *, #4967, .F. ) ;
#4832 = EDGE_LOOP ( 'NONE', ( #871, #3335, #4170, #279 ) ) ;
#4833 = SURFACE_SIDE_STYLE ('',( #2795 ) ) ;
#4834 = PRESENTATION_STYLE_ASSIGNMENT (( #1602 ) ) ;
#4835 = LINE ( 'NONE', #1239, #3295 ) ;
#4836 = CARTESIAN_POINT ( 'NONE',  ( -1.000000000000000000, 0.1000000000000000056, 0.1000000000000000056 ) ) ;
#4837 =( LENGTH_UNIT ( ) NAMED_UNIT ( * ) SI_UNIT ( .MILLI., .METRE. ) );
#4838 = ORIENTED_EDGE ( 'NONE', *, *, #1803, .T. ) ;
#4839 = VECTOR ( 'NONE', #2550, 1000.000000000000000 ) ;
#4840 = CARTESIAN_POINT ( 'NONE',  ( -0.7500000000000000000, 0.9499999999999999556, -0.7500000000000000000 ) ) ;
#4841 = FACE_OUTER_BOUND ( 'NONE', #580, .T. ) ;
#4842 = SURFACE_SIDE_STYLE ('',( #2420 ) ) ;
#4843 = AXIS2_PLACEMENT_3D ( 'NONE', #3376, #4547, #216 ) ;
#4844 = DIRECTION ( 'NONE',  ( 1.000000000000000000, 0.000000000000000000, 1.478457507934775927E-16 ) ) ;
#4845 =( LENGTH_UNIT ( ) NAMED_UNIT ( * ) SI_UNIT ( .MILLI., .METRE. ) );
#4846 = ORIENTED_EDGE ( 'NONE', *, *, #1681, .T. ) ;
#4847 = ADVANCED_FACE ( 'NONE', ( #95 ), #439, .T. ) ;
#4848 = MECHANICAL_DESIGN_GEOMETRIC_PRESENTATION_REPRESENTATION (  '', ( #414 ), #907 ) ;
#4849 = COLOUR_RGB ( '',0.7529411764705882248, 0.7529411764705882248, 0.7529411764705882248 ) ;
#4850 =( GEOMETRIC_REPRESENTATION_CONTEXT ( 3 ) GLOBAL_UNCERTAINTY_ASSIGNED_CONTEXT ( ( #1853 ) ) GLOBAL_UNIT_ASSIGNED_CONTEXT ( ( #2914, #543, #2646 ) ) REPRESENTATION_CONTEXT ( 'NONE', 'WORKASPACE' ) );
#4851 = EDGE_CURVE ( 'NONE', #2422, #1591, #4147, .T. ) ;
#4852 = SURFACE_STYLE_USAGE ( .BOTH. , #3624 ) ;
#4853 = ADVANCED_FACE ( 'NONE', ( #2875 ), #3993, .F. ) ;
#4854 = EDGE_CURVE ( 'NONE', #2486, #1302, #828, .T. ) ;
#4855 = SURFACE_STYLE_USAGE ( .BOTH. , #1718 ) ;
#4856 = ORIENTED_EDGE ( 'NONE', *, *, #4928, .T. ) ;
#4857 = ORIENTED_EDGE ( 'NONE', *, *, #1204, .F. ) ;
#4858 = ORIENTED_EDGE ( 'NONE', *, *, #2518, .T. ) ;
#4859 = VERTEX_POINT ( 'NONE', #4434 ) ;
#4860 = DIRECTION ( 'NONE',  ( 0.000000000000000000, -1.000000000000000000, 0.000000000000000000 ) ) ;
#4861 = CARTESIAN_POINT ( 'NONE',  ( -0.7249999999999999778, 0.000000000000000000, 0.1000000000000000056 ) ) ;
#4862 = ADVANCED_FACE ( 'NONE', ( #4408 ), #65, .T. ) ;
#4863 = DIRECTION ( 'NONE',  ( 0.000000000000000000, 0.000000000000000000, -1.000000000000000000 ) ) ;
#4864 =( NAMED_UNIT ( * ) PLANE_ANGLE_UNIT ( ) SI_UNIT ( $, .RADIAN. ) );
#4865 = EDGE_CURVE ( 'NONE', #4487, #3275, #1574, .T. ) ;
#4866 = ORIENTED_EDGE ( 'NONE', *, *, #3206, .F. ) ;
#4867 = STYLED_ITEM ( 'NONE', ( #1987 ), #296 ) ;
#4868 = VECTOR ( 'NONE', #1806, 1000.000000000000000 ) ;
#4869 = CARTESIAN_POINT ( 'NONE',  ( -4.336808689942025625E-16, 0.05000000000000000278, -0.5500000000000000444 ) ) ;
#4870 = DIRECTION ( 'NONE',  ( 8.673617379884029556E-16, 0.000000000000000000, 1.000000000000000000 ) ) ;
#4871 = EDGE_LOOP ( 'NONE', ( #3725, #1477, #1095, #3704 ) ) ;
#4872 = FACE_OUTER_BOUND ( 'NONE', #930, .T. ) ;
#4873 = VECTOR ( 'NONE', #4662, 1000.000000000000000 ) ;
#4874 = STYLED_ITEM ( 'NONE', ( #1952 ), #358 ) ;
#4875 = LINE ( 'NONE', #4921, #323 ) ;
#4876 = VECTOR ( 'NONE', #2253, 1000.000000000000000 ) ;
#4877 = FILL_AREA_STYLE_COLOUR ( '', #4849 ) ;
#4878 = ORIENTED_EDGE ( 'NONE', *, *, #569, .T. ) ;
#4879 = ORIENTED_EDGE ( 'NONE', *, *, #4819, .F. ) ;
#4880 = EDGE_LOOP ( 'NONE', ( #2324, #4417, #3048, #3754, #460, #3775, #3212 ) ) ;
#4881 = VECTOR ( 'NONE', #3235, 1000.000000000000000 ) ;
#4882 = VERTEX_POINT ( 'NONE', #3680 ) ;
#4883 = CARTESIAN_POINT ( 'NONE',  ( 1.000000000000000000, 0.1000000000000000056, -0.8499999999999999778 ) ) ;
#4884 =( NAMED_UNIT ( * ) SI_UNIT ( $, .STERADIAN. ) SOLID_ANGLE_UNIT ( ) );
#4885 =( NAMED_UNIT ( * ) PLANE_ANGLE_UNIT ( ) SI_UNIT ( $, .RADIAN. ) );
#4886 = ORIENTED_EDGE ( 'NONE', *, *, #1803, .F. ) ;
#4887 = SURFACE_STYLE_USAGE ( .BOTH. , #565 ) ;
#4888 = CARTESIAN_POINT ( 'NONE',  ( -0.7500000000000000000, 0.9499999999999999556, -0.6500000000000000222 ) ) ;
#4889 = FILL_AREA_STYLE ('',( #956 ) ) ;
#4890 = CARTESIAN_POINT ( 'NONE',  ( -0.7249999999999999778, 0.000000000000000000, 0.3499999999999999778 ) ) ;
#4891 = DIRECTION ( 'NONE',  ( 1.000000000000000000, 0.000000000000000000, -1.971276677246365208E-15 ) ) ;
#4892 = ORIENTED_EDGE ( 'NONE', *, *, #1586, .F. ) ;
#4893 = PRESENTATION_STYLE_ASSIGNMENT (( #4516 ) ) ;
#4894 = CARTESIAN_POINT ( 'NONE',  ( -1.000000000000000000, 0.1000000000000000056, 0.5500000000000000444 ) ) ;
#4895 = MECHANICAL_DESIGN_GEOMETRIC_PRESENTATION_REPRESENTATION (  '', ( #3038 ), #2129 ) ;
#4896 = VERTEX_POINT ( 'NONE', #855 ) ;
#4897 = ORIENTED_EDGE ( 'NONE', *, *, #3423, .F. ) ;
#4898 = ORIENTED_EDGE ( 'NONE', *, *, #794, .F. ) ;
#4899 = VECTOR ( 'NONE', #3132, 1000.000000000000000 ) ;
#4900 = SURFACE_STYLE_FILL_AREA ( #257 ) ;
#4901 = VERTEX_POINT ( 'NONE', #3217 ) ;
#4902 = CARTESIAN_POINT ( 'NONE',  ( -0.7249999999999999778, 0.1000000000000000056, 0.5500000000000000444 ) ) ;
#4903 = DIRECTION ( 'NONE',  ( 0.000000000000000000, -1.000000000000000000, 0.000000000000000000 ) ) ;
#4904 = CARTESIAN_POINT ( 'NONE',  ( 1.000000000000000000, 0.1000000000000000056, 0.09999999999999829858 ) ) ;
#4905 = SURFACE_STYLE_FILL_AREA ( #3356 ) ;
#4906 =( NAMED_UNIT ( * ) PLANE_ANGLE_UNIT ( ) SI_UNIT ( $, .RADIAN. ) );
#4907 =( GEOMETRIC_REPRESENTATION_CONTEXT ( 3 ) GLOBAL_UNCERTAINTY_ASSIGNED_CONTEXT ( ( #351 ) ) GLOBAL_UNIT_ASSIGNED_CONTEXT ( ( #4040, #3606, #1259 ) ) REPRESENTATION_CONTEXT ( 'NONE', 'WORKASPACE' ) );
#4908 = EDGE_LOOP ( 'NONE', ( #3885, #1844, #870, #1788 ) ) ;
#4909 = ADVANCED_FACE ( 'NONE', ( #1679 ), #4717, .T. ) ;
#4910 = LINE ( 'NONE', #1370, #3753 ) ;
#4911 = AXIS2_PLACEMENT_3D ( 'NONE', #3320, #4946, #651 ) ;
#4912 = CARTESIAN_POINT ( 'NONE',  ( -1.000000000000000000, 0.000000000000000000, -0.3499999999999999778 ) ) ;
#4913 = EDGE_CURVE ( 'NONE', #4530, #4128, #4360, .T. ) ;
#4914 = CARTESIAN_POINT ( 'NONE',  ( 0.7249999999999999778, 0.05000000000000000278, -0.2250000000000000056 ) ) ;
#4915 = DIRECTION ( 'NONE',  ( 3.336006684570795427E-16, 0.000000000000000000, 1.000000000000000000 ) ) ;
#4916 = ORIENTED_EDGE ( 'NONE', *, *, #2483, .F. ) ;
#4917 = DIRECTION ( 'NONE',  ( -1.000000000000000000, 0.000000000000000000, 0.000000000000000000 ) ) ;
#4918 = COLOUR_RGB ( '',0.2509803921568627416, 0.2509803921568627416, 0.2509803921568627416 ) ;
#4919 = ADVANCED_FACE ( 'NONE', ( #2852 ), #2463, .F. ) ;
#4920 = VECTOR ( 'NONE', #4041, 1000.000000000000000 ) ;
#4921 = CARTESIAN_POINT ( 'NONE',  ( 0.1000000000000000056, 0.1000000000000000056, -1.000000000000000000 ) ) ;
#4922 = DIRECTION ( 'NONE',  ( 0.000000000000000000, -1.000000000000000000, 0.000000000000000000 ) ) ;
#4923 = EDGE_CURVE ( 'NONE', #2296, #138, #1673, .T. ) ;
#4924 = AXIS2_PLACEMENT_3D ( 'NONE', #4664, #3035, #291 ) ;
#4925 = EDGE_LOOP ( 'NONE', ( #4858, #1427, #2286, #1150 ) ) ;
#4926 = ORIENTED_EDGE ( 'NONE', *, *, #1176, .F. ) ;
#4927 = LINE ( 'NONE', #2495, #3117 ) ;
#4928 = EDGE_CURVE ( 'NONE', #802, #1563, #2122, .T. ) ;
#4929 = CARTESIAN_POINT ( 'NONE',  ( 0.7249999999999999778, 0.1000000000000000056, 0.5500000000000000444 ) ) ;
#4930 = DIRECTION ( 'NONE',  ( -1.445602896647344044E-15, 0.000000000000000000, 1.000000000000000000 ) ) ;
#4931 = LINE ( 'NONE', #4904, #3165 ) ;
#4932 = CYLINDRICAL_SURFACE ( 'NONE', #2630, 0.1250000000000000000 ) ;
#4933 = PRESENTATION_STYLE_ASSIGNMENT (( #2562 ) ) ;
#4934 = VERTEX_POINT ( 'NONE', #1318 ) ;
#4935 = FILL_AREA_STYLE ('',( #2180 ) ) ;
#4936 = LINE ( 'NONE', #2181, #2268 ) ;
#4937 = LINE ( 'NONE', #4557, #4462 ) ;
#4938 = FILL_AREA_STYLE_COLOUR ( '', #1937 ) ;
#4939 = DIRECTION ( 'NONE',  ( 2.316250095764480076E-15, 0.000000000000000000, 1.000000000000000000 ) ) ;
#4940 = ORIENTED_EDGE ( 'NONE', *, *, #1422, .T. ) ;
#4941 = VECTOR ( 'NONE', #2957, 1000.000000000000000 ) ;
#4942 = LINE ( 'NONE', #3067, #1100 ) ;
#4943 = PLANE ( 'NONE',  #4944 ) ;
#4944 = AXIS2_PLACEMENT_3D ( 'NONE', #1011, #1423, #183 ) ;
#4945 = STYLED_ITEM ( 'NONE', ( #1758 ), #4919 ) ;
#4946 = DIRECTION ( 'NONE',  ( 0.000000000000000000, 1.000000000000000000, 0.000000000000000000 ) ) ;
#4947 = PRODUCT_DEFINITION_FORMATION_WITH_SPECIFIED_SOURCE ( 'ANY', '', #4753, .NOT_KNOWN. ) ;
#4948 = VECTOR ( 'NONE', #3850, 1000.000000000000000 ) ;
#4949 = SURFACE_SIDE_STYLE ('',( #3766 ) ) ;
#4950 = ORIENTED_EDGE ( 'NONE', *, *, #1040, .F. ) ;
#4951 = VERTEX_POINT ( 'NONE', #4458 ) ;
#4952 = CARTESIAN_POINT ( 'NONE',  ( 1.000000000000000000, 0.1000000000000000056, -0.1000000000000000056 ) ) ;
#4953 = CARTESIAN_POINT ( 'NONE',  ( 1.000000000000000000, 0.1000000000000000056, -0.3499999999999999778 ) ) ;
#4954 = VECTOR ( 'NONE', #3222, 1000.000000000000000 ) ;
#4955 = PLANE ( 'NONE',  #1255 ) ;
#4956 = ORIENTED_EDGE ( 'NONE', *, *, #53, .T. ) ;
#4957 = DIRECTION ( 'NONE',  ( 0.000000000000000000, -1.000000000000000000, 0.000000000000000000 ) ) ;
#4958 = CARTESIAN_POINT ( 'NONE',  ( -0.8499999999999999778, 0.1000000000000000056, -0.8499999999999999778 ) ) ;
#4959 = DIRECTION ( 'NONE',  ( 1.000000000000000000, 0.000000000000000000, -1.445602896647330042E-15 ) ) ;
#4960 = MECHANICAL_DESIGN_GEOMETRIC_PRESENTATION_REPRESENTATION (  '', ( #3665 ), #4634 ) ;
#4961 = LINE ( 'NONE', #2231, #4868 ) ;
#4962 = ADVANCED_FACE ( 'NONE', ( #3309 ), #2950, .F. ) ;
#4963 = ORIENTED_EDGE ( 'NONE', *, *, #2266, .T. ) ;
#4964 = DIRECTION ( 'NONE',  ( 0.000000000000000000, -1.000000000000000000, 0.000000000000000000 ) ) ;
#4965 = ORIENTED_EDGE ( 'NONE', *, *, #1741, .T. ) ;
#4966 = DIRECTION ( 'NONE',  ( -0.7071067811865490160, 0.000000000000000000, -0.7071067811865461294 ) ) ;
#4967 = EDGE_CURVE ( 'NONE', #1382, #2581, #2929, .T. ) ;
#4968 = SURFACE_SIDE_STYLE ('',( #1032 ) ) ;
#4969 = FILL_AREA_STYLE ('',( #377 ) ) ;
#4970 = ORIENTED_EDGE ( 'NONE', *, *, #1335, .T. ) ;
#4971 = ORIENTED_EDGE ( 'NONE', *, *, #373, .F. ) ;
#4972 = ADVANCED_FACE ( 'NONE', ( #2537 ), #3358, .F. ) ;
#4973 = LINE ( 'NONE', #4589, #2702 ) ;
#4974 = DIRECTION ( 'NONE',  ( 1.000000000000000000, 0.000000000000000000, -7.228014483236679792E-16 ) ) ;
#4975 =( NAMED_UNIT ( * ) PLANE_ANGLE_UNIT ( ) SI_UNIT ( $, .RADIAN. ) );
#4976 = DIRECTION ( 'NONE',  ( 0.000000000000000000, -1.000000000000000000, 0.000000000000000000 ) ) ;
#4977 = VECTOR ( 'NONE', #3614, 1000.000000000000000 ) ;
#4978 = ORIENTED_EDGE ( 'NONE', *, *, #4626, .F. ) ;
#4979 = VECTOR ( 'NONE', #1282, 1000.000000000000000 ) ;
#4980 = COLOUR_RGB ( '',0.2509803921568627416, 0.2509803921568627416, 0.2509803921568627416 ) ;
#4981 =( NAMED_UNIT ( * ) PLANE_ANGLE_UNIT ( ) SI_UNIT ( $, .RADIAN. ) );
#4982 = CARTESIAN_POINT ( 'NONE',  ( -0.5999999999999999778, 0.05000000000000000278, -0.6999999999999999556 ) ) ;
#4983 =( LENGTH_UNIT ( ) NAMED_UNIT ( * ) SI_UNIT ( .MILLI., .METRE. ) );
#4984 = UNCERTAINTY_MEASURE_WITH_UNIT (LENGTH_MEASURE( 1.000000000000000082E-05 ), #1821, 'distance_accuracy_value', 'NONE');
#4985 = STYLED_ITEM ( 'NONE', ( #3083 ), #3733 ) ;
#4986 = CARTESIAN_POINT ( 'NONE',  ( 0.7249999999999999778, 0.05000000000000000278, -0.5500000000000000444 ) ) ;
#4987 = ORIENTED_EDGE ( 'NONE', *, *, #4104, .F. ) ;
#4988 = PRESENTATION_STYLE_ASSIGNMENT (( #3032 ) ) ;
#4989 = PLANE ( 'NONE',  #4924 ) ;
#4990 = ORIENTED_EDGE ( 'NONE', *, *, #2847, .F. ) ;
#4991 = ADVANCED_FACE ( 'NONE', ( #4551 ), #1022, .F. ) ;
#4992 = VECTOR ( 'NONE', #1331, 1000.000000000000000 ) ;
#4993 = CARTESIAN_POINT ( 'NONE',  ( 0.5999999999999999778, 0.1000000000000000056, 0.6750000000000000444 ) ) ;
#4994 = VECTOR ( 'NONE', #2561, 1000.000000000000000 ) ;
#4995 = EDGE_CURVE ( 'NONE', #4427, #1599, #2225, .T. ) ;
#4996 = CARTESIAN_POINT ( 'NONE',  ( -0.8499999999999999778, 0.1000000000000000056, -0.8499999999999999778 ) ) ;
#4997 = ORIENTED_EDGE ( 'NONE', *, *, #2687, .T. ) ;
#4998 = CARTESIAN_POINT ( 'NONE',  ( 0.7249999999999999778, 0.000000000000000000, -0.6750000000000000444 ) ) ;
#4999 = EDGE_CURVE ( 'NONE', #3127, #3053, #740, .T. ) ;
#5000 = VECTOR ( 'NONE', #1260, 1000.000000000000000 ) ;
#5001 = ORIENTED_EDGE ( 'NONE', *, *, #901, .F. ) ;
#5002 = ADVANCED_FACE ( 'NONE', ( #4622 ), #2692, .F. ) ;
#5003 = ORIENTED_EDGE ( 'NONE', *, *, #4050, .F. ) ;
#5005 = ADVANCED_FACE ( 'NONE', ( #690 ), #4955, .F. ) ;
#5004 = CARTESIAN_POINT ( 'NONE',  ( -0.7249999999999999778, 0.1000000000000000056, 0.1000000000000000056 ) ) ;
#5006 = DIRECTION ( 'NONE',  ( 1.668003342285400130E-15, 0.000000000000000000, 1.000000000000000000 ) ) ;
#5007 = AXIS2_PLACEMENT_3D ( 'NONE', #3692, #4078, #3297 ) ;
#5008 = CARTESIAN_POINT ( 'NONE',  ( -0.4000000000000000222, 0.1000000000000000056, -1.000000000000000000 ) ) ;
#5009 = DIRECTION ( 'NONE',  ( 1.000000000000000000, 0.000000000000000000, 0.000000000000000000 ) ) ;
#5010 = DIRECTION ( 'NONE',  ( 0.000000000000000000, -1.000000000000000000, 0.000000000000000000 ) ) ;
#5011 = ORIENTED_EDGE ( 'NONE', *, *, #4645, .T. ) ;
#5012 = SURFACE_SIDE_STYLE ('',( #3545 ) ) ;
#5013 = EDGE_CURVE ( 'NONE', #4800, #1041, #3515, .T. ) ;
#5014 =( GEOMETRIC_REPRESENTATION_CONTEXT ( 3 ) GLOBAL_UNCERTAINTY_ASSIGNED_CONTEXT ( ( #103 ) ) GLOBAL_UNIT_ASSIGNED_CONTEXT ( ( #125, #2086, #2056 ) ) REPRESENTATION_CONTEXT ( 'NONE', 'WORKASPACE' ) );
#5015 = SURFACE_STYLE_FILL_AREA ( #4627 ) ;
#5016 = DIRECTION ( 'NONE',  ( 0.000000000000000000, -1.000000000000000000, 0.000000000000000000 ) ) ;
#5017 = ORIENTED_EDGE ( 'NONE', *, *, #4244, .T. ) ;
#5018 = PLANE ( 'NONE',  #2733 ) ;
#5019 = ORIENTED_EDGE ( 'NONE', *, *, #749, .T. ) ;
#5020 = DIRECTION ( 'NONE',  ( -9.757819552369541878E-16, 0.000000000000000000, -1.000000000000000000 ) ) ;
#5021 = EDGE_CURVE ( 'NONE', #3143, #2762, #3457, .T. ) ;
#5022 = CARTESIAN_POINT ( 'NONE',  ( -0.7249999999999999778, 0.1000000000000000056, 0.2250000000000000056 ) ) ;
#5023 = ORIENTED_EDGE ( 'NONE', *, *, #447, .F. ) ;
#5024 =( NAMED_UNIT ( * ) PLANE_ANGLE_UNIT ( ) SI_UNIT ( $, .RADIAN. ) );
#5025 = AXIS2_PLACEMENT_3D ( 'NONE', #1348, #1025, #4114 ) ;
#5026 = EDGE_LOOP ( 'NONE', ( #2597, #2743, #3063, #2003 ) ) ;
#5027 = ORIENTED_EDGE ( 'NONE', *, *, #3894, .F. ) ;
#5028 = PRESENTATION_STYLE_ASSIGNMENT (( #3868 ) ) ;
#5029 =( GEOMETRIC_REPRESENTATION_CONTEXT ( 3 ) GLOBAL_UNCERTAINTY_ASSIGNED_CONTEXT ( ( #3583 ) ) GLOBAL_UNIT_ASSIGNED_CONTEXT ( ( #4248, #3843, #3819 ) ) REPRESENTATION_CONTEXT ( 'NONE', 'WORKASPACE' ) );
#5030 = DIRECTION ( 'NONE',  ( -0.000000000000000000, 1.000000000000000000, 0.000000000000000000 ) ) ;
#5031 = CARTESIAN_POINT ( 'NONE',  ( 1.000000000000000000, 0.1000000000000000056, 0.3499999999999999778 ) ) ;
#5032 = LINE ( 'NONE', #1875, #3202 ) ;
#5033 = COLOUR_RGB ( '',0.2509803921568627416, 0.2509803921568627416, 0.2509803921568627416 ) ;
#5034 = ORIENTED_EDGE ( 'NONE', *, *, #4387, .T. ) ;
#5035 = SURFACE_STYLE_FILL_AREA ( #2746 ) ;
#5036 = LINE ( 'NONE', #1520, #2892 ) ;
#5037 = MECHANICAL_DESIGN_GEOMETRIC_PRESENTATION_REPRESENTATION (  '', ( #2108 ), #1264 ) ;
#5038 = SURFACE_STYLE_USAGE ( .BOTH. , #4656 ) ;
#5039 = SURFACE_SIDE_STYLE ('',( #4310 ) ) ;
#5040 = PRESENTATION_LAYER_ASSIGNMENT (  '', '', ( #2683 ) ) ;
#5041 = ORIENTED_EDGE ( 'NONE', *, *, #2729, .T. ) ;
#5042 = CARTESIAN_POINT ( 'NONE',  ( 0.4000000000000000222, 0.1000000000000000056, -1.000000000000000000 ) ) ;
#5043 = COLOUR_RGB ( '',0.2509803921568627416, 0.2509803921568627416, 0.2509803921568627416 ) ;
#5044 = VERTEX_POINT ( 'NONE', #3405 ) ;
#5045 = LINE ( 'NONE', #3169, #2599 ) ;
#5046 = CARTESIAN_POINT ( 'NONE',  ( 0.5999999999999999778, 0.1000000000000000056, -1.000000000000000000 ) ) ;
#5047 = DIRECTION ( 'NONE',  ( -0.000000000000000000, 1.000000000000000000, 0.000000000000000000 ) ) ;
#5048 = ORIENTED_EDGE ( 'NONE', *, *, #4817, .T. ) ;
#5049 = SURFACE_STYLE_USAGE ( .BOTH. , #1559 ) ;
#5050 = APPLICATION_CONTEXT ( 'automotive_design' ) ;
#5051 = ORIENTED_EDGE ( 'NONE', *, *, #4118, .F. ) ;
#5052 = ORIENTED_EDGE ( 'NONE', *, *, #1003, .T. ) ;
#5053 = DIRECTION ( 'NONE',  ( 0.000000000000000000, -1.000000000000000000, 0.000000000000000000 ) ) ;
#5054 = DIRECTION ( 'NONE',  ( 0.000000000000000000, 0.000000000000000000, -1.000000000000000000 ) ) ;
#5055 = UNCERTAINTY_MEASURE_WITH_UNIT (LENGTH_MEASURE( 1.000000000000000082E-05 ), #4049, 'distance_accuracy_value', 'NONE');
#5056 = SURFACE_SIDE_STYLE ('',( #791 ) ) ;
#5057 = DIRECTION ( 'NONE',  ( 0.000000000000000000, 1.000000000000000000, 0.000000000000000000 ) ) ;
#5058 = CARTESIAN_POINT ( 'NONE',  ( 1.000000000000000000, 0.1000000000000000056, 0.5500000000000000444 ) ) ;
#5059 = EDGE_LOOP ( 'NONE', ( #3661, #1121, #5011, #1284 ) ) ;
#5061 = CARTESIAN_POINT ( 'NONE',  ( -0.7249999999999999778, 0.1000000000000000056, 0.2250000000000000056 ) ) ;
#5060 = UNCERTAINTY_MEASURE_WITH_UNIT (LENGTH_MEASURE( 1.000000000000000082E-05 ), #1670, 'distance_accuracy_value', 'NONE');
#5062 = FILL_AREA_STYLE_COLOUR ( '', #1304 ) ;
#5063 = LINE ( 'NONE', #1546, #1062 ) ;
#5064 = CARTESIAN_POINT ( 'NONE',  ( -1.000000000000000000, 0.05000000000000000278, -1.000000000000000000 ) ) ;
#5065 =( GEOMETRIC_REPRESENTATION_CONTEXT ( 3 ) GLOBAL_UNCERTAINTY_ASSIGNED_CONTEXT ( ( #4984 ) ) GLOBAL_UNIT_ASSIGNED_CONTEXT ( ( #1821, #1384, #3020 ) ) REPRESENTATION_CONTEXT ( 'NONE', 'WORKASPACE' ) );
#5066 = VECTOR ( 'NONE', #2119, 1000.000000000000000 ) ;
#5067 = EDGE_LOOP ( 'NONE', ( #944, #4831, #1023, #2443 ) ) ;
#5068 = ADVANCED_FACE ( 'NONE', ( #2247 ), #4651, .T. ) ;
#5069 = FACE_OUTER_BOUND ( 'NONE', #2738, .T. ) ;
#5070 =( GEOMETRIC_REPRESENTATION_CONTEXT ( 3 ) GLOBAL_UNCERTAINTY_ASSIGNED_CONTEXT ( ( #1932 ) ) GLOBAL_UNIT_ASSIGNED_CONTEXT ( ( #1746, #3012, #4080 ) ) REPRESENTATION_CONTEXT ( 'NONE', 'WORKASPACE' ) );
#5071 = LINE ( 'NONE', #1140, #2492 ) ;
#5072 = VERTEX_POINT ( 'NONE', #3024 ) ;
#5073 = LINE ( 'NONE', #3579, #4156 ) ;
#5074 = CARTESIAN_POINT ( 'NONE',  ( -0.7249999999999999778, 0.000000000000000000, -0.1000000000000000056 ) ) ;
#5075 = EDGE_CURVE ( 'NONE', #4786, #4882, #339, .T. ) ;
ENDSEC;
END-ISO-10303-21;
