ISO-10303-21;
HEADER;
FILE_DESCRIPTION (( 'STEP AP214' ),
    '1' );
FILE_NAME ('ACASA470124701P100.STEP',
    '2022-09-20T20:53:50',
    ( '' ),
    ( '' ),
    'SwSTEP 2.0',
    'SolidWorks 2017',
    '' );
FILE_SCHEMA (( 'AUTOMOTIVE_DESIGN' ));
ENDSEC;

DATA;
#1 = VERTEX_POINT ( 'NONE', #1259 ) ;
#2 = ORIENTED_EDGE ( 'NONE', *, *, #1830, .F. ) ;
#3 = DIRECTION ( 'NONE',  ( -1.000000000000000000, 0.0000000000000000000, 0.0000000000000000000 ) ) ;
#4 = LINE ( 'NONE', #1773, #2926 ) ;
#5 = EDGE_CURVE ( 'NONE', #3315, #1925, #2750, .T. ) ;
#6 = DIRECTION ( 'NONE',  ( -2.168404344971008100E-015, 0.0000000000000000000, 1.000000000000000000 ) ) ;
#7 = LINE ( 'NONE', #345, #1315 ) ;
#8 = VECTOR ( 'NONE', #3449, 1000.000000000000000 ) ;
#9 = AXIS2_PLACEMENT_3D ( 'NONE', #2288, #1949, #2625 ) ;
#10 = ORIENTED_EDGE ( 'NONE', *, *, #81, .F. ) ;
#11 = LINE ( 'NONE', #1183, #3138 ) ;
#12 = ORIENTED_EDGE ( 'NONE', *, *, #1357, .T. ) ;
#13 = VECTOR ( 'NONE', #3077, 1000.000000000000000 ) ;
#14 = CARTESIAN_POINT ( 'NONE',  ( -0.6249999999999932300, 0.5100000000000000100, 0.1999999999999997100 ) ) ;
#15 = VERTEX_POINT ( 'NONE', #1171 ) ;
#16 = LINE ( 'NONE', #2734, #2514 ) ;
#17 = AXIS2_PLACEMENT_3D ( 'NONE', #2163, #3829, #905 ) ;
#18 = EDGE_LOOP ( 'NONE', ( #1838, #3356, #551, #3170, #1131, #1725, #2733, #2850, #3202, #2784, #1389, #1173, #2553, #1793, #3349, #1683, #2488, #826, #649, #4148, #3403, #3440, #4161, #1818, #3038, #328, #2178, #873, #1628, #4233, #2715, #3982, #287, #3912, #560, #3387, #2671, #851, #1235, #1824 ) ) ;
#19 = CARTESIAN_POINT ( 'NONE',  ( -0.7099999999999933000, 0.5100000000000000100, -1.600000000000000300 ) ) ;
#20 = ADVANCED_FACE ( 'NONE', ( #4063 ), #3567, .T. ) ;
#21 = ORIENTED_EDGE ( 'NONE', *, *, #2632, .T. ) ;
#22 = VECTOR ( 'NONE', #1599, 1000.000000000000000 ) ;
#23 = EDGE_CURVE ( 'NONE', #1880, #2674, #3369, .T. ) ;
#24 = DIRECTION ( 'NONE',  ( 0.0000000000000000000, -1.000000000000000000, 0.0000000000000000000 ) ) ;
#25 = VERTEX_POINT ( 'NONE', #1639 ) ;
#26 = CARTESIAN_POINT ( 'NONE',  ( -0.7099999999999933000, 0.04000000000000004900, 0.1999999999999996500 ) ) ;
#27 = FACE_OUTER_BOUND ( 'NONE', #3309, .T. ) ;
#28 = CARTESIAN_POINT ( 'NONE',  ( 0.3500000000000000900, 0.03999999999999999400, -0.6000000000000003100 ) ) ;
#29 = VERTEX_POINT ( 'NONE', #2244 ) ;
#30 = EDGE_CURVE ( 'NONE', #3560, #237, #34, .T. ) ;
#31 = VECTOR ( 'NONE', #1873, 1000.000000000000000 ) ;
#32 = EDGE_LOOP ( 'NONE', ( #421, #4114, #1157, #2594, #4044, #216, #251, #2053 ) ) ;
#33 = DIRECTION ( 'NONE',  ( -2.710505431213761100E-016, 0.0000000000000000000, 1.000000000000000000 ) ) ;
#34 = LINE ( 'NONE', #332, #2697 ) ;
#35 = EDGE_CURVE ( 'NONE', #4140, #3453, #794, .T. ) ;
#36 = DIRECTION ( 'NONE',  ( -1.000000000000000000, 0.0000000000000000000, -1.807003620809173900E-016 ) ) ;
#37 = ORIENTED_EDGE ( 'NONE', *, *, #1324, .T. ) ;
#38 = ORIENTED_EDGE ( 'NONE', *, *, #1529, .F. ) ;
#39 = CARTESIAN_POINT ( 'NONE',  ( 0.7100000000000001900, 0.04000000000000004900, -0.1999999999999998700 ) ) ;
#40 = ADVANCED_FACE ( 'NONE', ( #1872 ), #1902, .F. ) ;
#41 = DIRECTION ( 'NONE',  ( 0.0000000000000000000, 0.0000000000000000000, -1.000000000000000000 ) ) ;
#42 = CARTESIAN_POINT ( 'NONE',  ( -0.7099999999999933000, 0.5100000000000000100, -1.600000000000000300 ) ) ;
#43 = EDGE_LOOP ( 'NONE', ( #395, #3277, #2971, #2401 ) ) ;
#44 = VECTOR ( 'NONE', #1497, 1000.000000000000000 ) ;
#45 = CARTESIAN_POINT ( 'NONE',  ( 0.4499999999999836400, 0.5100000000000000100, 0.8249999999999980700 ) ) ;
#46 = ORIENTED_EDGE ( 'NONE', *, *, #1498, .T. ) ;
#47 = ORIENTED_EDGE ( 'NONE', *, *, #2600, .T. ) ;
#48 = CARTESIAN_POINT ( 'NONE',  ( 0.7500000000000002200, 0.5500000000000000400, -1.599999999999999200 ) ) ;
#49 = VECTOR ( 'NONE', #4085, 1000.000000000000000 ) ;
#50 = CARTESIAN_POINT ( 'NONE',  ( 0.7500000000000002200, 0.0000000000000000000, 1.599999999999999200 ) ) ;
#51 = EDGE_LOOP ( 'NONE', ( #2209, #2115, #1829, #2812 ) ) ;
#52 = VECTOR ( 'NONE', #463, 1000.000000000000000 ) ;
#53 = EDGE_CURVE ( 'NONE', #2284, #4054, #1623, .T. ) ;
#54 = DIRECTION ( 'NONE',  ( 0.0000000000000000000, 1.000000000000000000, 0.0000000000000000000 ) ) ;
#55 = CARTESIAN_POINT ( 'NONE',  ( -0.6250000000000015500, 0.5100000000000000100, -1.000000000000000000 ) ) ;
#56 = EDGE_LOOP ( 'NONE', ( #21, #352, #1876, #2259 ) ) ;
#57 = LINE ( 'NONE', #512, #1892 ) ;
#58 =( NAMED_UNIT ( * ) SI_UNIT ( $, .STERADIAN. ) SOLID_ANGLE_UNIT ( ) );
#59 = VECTOR ( 'NONE', #3576, 1000.000000000000000 ) ;
#60 = CARTESIAN_POINT ( 'NONE',  ( 0.7099999999999930800, 0.0000000000000000000, -1.000000000000000000 ) ) ;
#61 = CARTESIAN_POINT ( 'NONE',  ( 0.7500000000000001100, 0.5500000000000000400, 0.9999999999999991100 ) ) ;
#62 = DIRECTION ( 'NONE',  ( 0.0000000000000000000, 0.0000000000000000000, 1.000000000000000000 ) ) ;
#63 = VERTEX_POINT ( 'NONE', #1920 ) ;
#64 = ADVANCED_FACE ( 'NONE', ( #3475 ), #625, .F. ) ;
#65 = ORIENTED_EDGE ( 'NONE', *, *, #581, .F. ) ;
#66 = LINE ( 'NONE', #874, #2844 ) ;
#67 = CARTESIAN_POINT ( 'NONE',  ( 0.3500000000000002000, 0.03999999999999999400, -1.000000000000000000 ) ) ;
#68 = VERTEX_POINT ( 'NONE', #1613 ) ;
#69 = AXIS2_PLACEMENT_3D ( 'NONE', #325, #4267, #2606 ) ;
#70 = LINE ( 'NONE', #4037, #4046 ) ;
#71 = CARTESIAN_POINT ( 'NONE',  ( -0.7099999999999933000, 0.04000000000000004900, 1.599999999999998500 ) ) ;
#72 = PLANE ( 'NONE',  #2497 ) ;
#73 = ORIENTED_EDGE ( 'NONE', *, *, #2072, .F. ) ;
#74 = DIRECTION ( 'NONE',  ( 1.000000000000000000, 0.0000000000000000000, -0.0000000000000000000 ) ) ;
#75 = APPLICATION_CONTEXT ( 'automotive_design' ) ;
#76 = SURFACE_STYLE_FILL_AREA ( #1903 ) ;
#77 = AXIS2_PLACEMENT_3D ( 'NONE', #2150, #1231, #2826 ) ;
#78 = DIRECTION ( 'NONE',  ( 0.0000000000000000000, 0.0000000000000000000, 1.000000000000000000 ) ) ;
#79 = LINE ( 'NONE', #620, #1297 ) ;
#80 = ORIENTED_EDGE ( 'NONE', *, *, #3189, .T. ) ;
#81 = EDGE_CURVE ( 'NONE', #63, #2502, #3323, .T. ) ;
#82 = ORIENTED_EDGE ( 'NONE', *, *, #3861, .F. ) ;
#83 = VECTOR ( 'NONE', #1266, 1000.000000000000000 ) ;
#84 = DIRECTION ( 'NONE',  ( 2.710505431213761100E-016, 0.0000000000000000000, 1.000000000000000000 ) ) ;
#85 = ORIENTED_EDGE ( 'NONE', *, *, #1467, .T. ) ;
#86 = CARTESIAN_POINT ( 'NONE',  ( -0.4500000000000001800, 0.5300000000000000300, 1.600000000000000300 ) ) ;
#87 = ADVANCED_FACE ( 'NONE', ( #2430 ), #1247, .T. ) ;
#88 = DIRECTION ( 'NONE',  ( 1.000000000000000000, 0.0000000000000000000, 0.0000000000000000000 ) ) ;
#89 = FACE_OUTER_BOUND ( 'NONE', #1044, .T. ) ;
#90 = SURFACE_STYLE_USAGE ( .BOTH. , #2021 ) ;
#91 = EDGE_CURVE ( 'NONE', #1135, #4001, #3270, .T. ) ;
#92 = VERTEX_POINT ( 'NONE', #3241 ) ;
#93 = ORIENTED_EDGE ( 'NONE', *, *, #2233, .T. ) ;
#94 = LINE ( 'NONE', #1816, #2385 ) ;
#95 = ORIENTED_EDGE ( 'NONE', *, *, #3189, .F. ) ;
#96 = CARTESIAN_POINT ( 'NONE',  ( 0.4500000000000001800, 0.5100000000000000100, -1.399999999999999200 ) ) ;
#97 = EDGE_LOOP ( 'NONE', ( #3854, #3163, #344, #4108 ) ) ;
#98 = VERTEX_POINT ( 'NONE', #301 ) ;
#99 =( LENGTH_UNIT ( ) NAMED_UNIT ( * ) SI_UNIT ( .MILLI., .METRE. ) );
#100 = VECTOR ( 'NONE', #1136, 1000.000000000000000 ) ;
#101 = AXIS2_PLACEMENT_3D ( 'NONE', #3063, #790, #3049 ) ;
#102 = ORIENTED_EDGE ( 'NONE', *, *, #2989, .T. ) ;
#103 = LINE ( 'NONE', #1877, #1940 ) ;
#104 = VERTEX_POINT ( 'NONE', #928 ) ;
#105 = CARTESIAN_POINT ( 'NONE',  ( 0.7500000000000001100, 0.03999999999999999400, -0.5999999999999996400 ) ) ;
#106 = ADVANCED_FACE ( 'NONE', ( #699 ), #2999, .F. ) ;
#107 = EDGE_CURVE ( 'NONE', #3884, #781, #4112, .T. ) ;
#108 = CARTESIAN_POINT ( 'NONE',  ( 0.4500000000000001800, 0.5100000000000000100, -0.9999999999999991100 ) ) ;
#109 = ORIENTED_EDGE ( 'NONE', *, *, #2860, .F. ) ;
#110 = DIRECTION ( 'NONE',  ( 0.0000000000000000000, -1.000000000000000000, 0.0000000000000000000 ) ) ;
#111 = CIRCLE ( 'NONE', #4275, 0.1750000000000000200 ) ;
#112 = EDGE_CURVE ( 'NONE', #2105, #2340, #1972, .T. ) ;
#113 = ORIENTED_EDGE ( 'NONE', *, *, #469, .F. ) ;
#114 = PLANE ( 'NONE',  #1634 ) ;
#115 = COLOUR_RGB ( '',0.7921568627450980000, 0.8196078431372548800, 0.9333333333333333500 ) ;
#116 = CARTESIAN_POINT ( 'NONE',  ( -0.7099999999999933000, 0.04000000000000004900, -1.600000000000000300 ) ) ;
#117 = FACE_OUTER_BOUND ( 'NONE', #273, .T. ) ;
#118 = VERTEX_POINT ( 'NONE', #50 ) ;
#119 = STYLED_ITEM ( 'NONE', ( #3055 ), #665 ) ;
#120 = DIRECTION ( 'NONE',  ( 0.0000000000000000000, 0.0000000000000000000, 1.000000000000000000 ) ) ;
#121 = ORIENTED_EDGE ( 'NONE', *, *, #690, .F. ) ;
#122 = EDGE_CURVE ( 'NONE', #3087, #118, #946, .T. ) ;
#123 = FACE_OUTER_BOUND ( 'NONE', #1257, .T. ) ;
#124 = ORIENTED_EDGE ( 'NONE', *, *, #53, .T. ) ;
#125 = ORIENTED_EDGE ( 'NONE', *, *, #2103, .F. ) ;
#126 = FACE_OUTER_BOUND ( 'NONE', #2075, .T. ) ;
#127 = AXIS2_PLACEMENT_3D ( 'NONE', #3478, #566, #3803 ) ;
#128 = CARTESIAN_POINT ( 'NONE',  ( -0.7500000000000001100, 0.5500000000000000400, 1.000000000000000000 ) ) ;
#129 = ORIENTED_EDGE ( 'NONE', *, *, #3963, .T. ) ;
#130 = ADVANCED_FACE ( 'NONE', ( #1509 ), #1023, .T. ) ;
#131 = LINE ( 'NONE', #1425, #1447 ) ;
#132 = VECTOR ( 'NONE', #1059, 1000.000000000000000 ) ;
#133 = CARTESIAN_POINT ( 'NONE',  ( -0.4499999999999835200, 0.5100000000000000100, 0.8249999999999984000 ) ) ;
#134 = ORIENTED_EDGE ( 'NONE', *, *, #3738, .T. ) ;
#135 = DIRECTION ( 'NONE',  ( -1.000000000000000000, 0.0000000000000000000, -7.228014483236699500E-016 ) ) ;
#136 = VERTEX_POINT ( 'NONE', #1691 ) ;
#137 = EDGE_CURVE ( 'NONE', #1140, #2101, #3849, .T. ) ;
#138 = CARTESIAN_POINT ( 'NONE',  ( 0.7100000000000001900, 0.04000000000000004900, 0.9999999999999991100 ) ) ;
#139 = CARTESIAN_POINT ( 'NONE',  ( 0.7500000000000001100, 0.5500000000000000400, -0.5999999999999996400 ) ) ;
#140 = ORIENTED_EDGE ( 'NONE', *, *, #4257, .F. ) ;
#141 = DIRECTION ( 'NONE',  ( 0.0000000000000000000, 1.000000000000000000, 0.0000000000000000000 ) ) ;
#142 = DIRECTION ( 'NONE',  ( 0.0000000000000000000, 0.0000000000000000000, 1.000000000000000000 ) ) ;
#143 = ORIENTED_EDGE ( 'NONE', *, *, #1357, .F. ) ;
#144 = EDGE_CURVE ( 'NONE', #3557, #2333, #1669, .T. ) ;
#145 = CARTESIAN_POINT ( 'NONE',  ( -0.6500000000000001300, 0.5500000000000000400, 1.599999999999999900 ) ) ;
#146 = LINE ( 'NONE', #1182, #3011 ) ;
#147 = ORIENTED_EDGE ( 'NONE', *, *, #3878, .F. ) ;
#148 = VERTEX_POINT ( 'NONE', #667 ) ;
#149 = PRESENTATION_LAYER_ASSIGNMENT (  '', '', ( #386 ) ) ;
#150 = DIRECTION ( 'NONE',  ( 0.0000000000000000000, -0.0000000000000000000, -1.000000000000000000 ) ) ;
#151 = CARTESIAN_POINT ( 'NONE',  ( 0.4500000000000001800, 0.5100000000000000100, 0.9999999999999991100 ) ) ;
#152 = LINE ( 'NONE', #2681, #4082 ) ;
#153 = PLANE ( 'NONE',  #3258 ) ;
#154 = CARTESIAN_POINT ( 'NONE',  ( 0.3500000000000002000, 0.03999999999999999400, -1.000000000000000000 ) ) ;
#155 = VERTEX_POINT ( 'NONE', #717 ) ;
#156 = VECTOR ( 'NONE', #2565, 1000.000000000000000 ) ;
#157 = DIRECTION ( 'NONE',  ( 1.000000000000000000, -0.0000000000000000000, -2.168404344971008100E-015 ) ) ;
#158 = EDGE_CURVE ( 'NONE', #1240, #490, #2071, .T. ) ;
#159 = LINE ( 'NONE', #250, #412 ) ;
#160 = DIRECTION ( 'NONE',  ( 1.000000000000000000, 0.0000000000000000000, 0.0000000000000000000 ) ) ;
#161 = VERTEX_POINT ( 'NONE', #1985 ) ;
#162 = CARTESIAN_POINT ( 'NONE',  ( 0.6250000000000000000, 0.04000000000000004900, -0.8250000000000001800 ) ) ;
#163 = VECTOR ( 'NONE', #2867, 1000.000000000000000 ) ;
#164 = EDGE_CURVE ( 'NONE', #2264, #3805, #2959, .T. ) ;
#165 = CARTESIAN_POINT ( 'NONE',  ( -0.6249999999999932300, 0.5100000000000000100, -0.2000000000000000900 ) ) ;
#166 = ADVANCED_FACE ( 'NONE', ( #4165 ), #2638, .F. ) ;
#167 = VERTEX_POINT ( 'NONE', #3991 ) ;
#168 = DIRECTION ( 'NONE',  ( -1.000000000000000000, 0.0000000000000000000, 0.0000000000000000000 ) ) ;
#169 = ORIENTED_EDGE ( 'NONE', *, *, #1051, .T. ) ;
#170 = CLOSED_SHELL ( 'NONE', ( #3161, #106, #4089, #2328, #1706, #2859, #743, #722, #4064, #3960 ) ) ;
#171 = CARTESIAN_POINT ( 'NONE',  ( 0.6500000000000001300, 0.5500000000000000400, -1.399999999999999200 ) ) ;
#172 = CARTESIAN_POINT ( 'NONE',  ( -0.4500000000000002300, 0.5500000000000000400, 0.6000000000000003100 ) ) ;
#173 = DIRECTION ( 'NONE',  ( 0.0000000000000000000, 0.0000000000000000000, 1.000000000000000000 ) ) ;
#174 = FACE_OUTER_BOUND ( 'NONE', #1784, .T. ) ;
#175 = ORIENTED_EDGE ( 'NONE', *, *, #3500, .T. ) ;
#176 = DIRECTION ( 'NONE',  ( 0.0000000000000000000, -1.000000000000000000, 0.0000000000000000000 ) ) ;
#177 = LINE ( 'NONE', #1032, #2578 ) ;
#178 = AXIS2_PLACEMENT_3D ( 'NONE', #2144, #3126, #1785 ) ;
#179 = ORIENTED_EDGE ( 'NONE', *, *, #4045, .T. ) ;
#180 = CARTESIAN_POINT ( 'NONE',  ( 0.4500000000000001800, 0.5100000000000000100, 1.600000000000000300 ) ) ;
#181 = ORIENTED_EDGE ( 'NONE', *, *, #2299, .T. ) ;
#182 = CARTESIAN_POINT ( 'NONE',  ( -0.4300000000000001600, 0.5500000000000000400, 1.600000000000000300 ) ) ;
#183 = LINE ( 'NONE', #2252, #289 ) ;
#184 = EDGE_CURVE ( 'NONE', #3172, #4150, #440, .T. ) ;
#185 = CARTESIAN_POINT ( 'NONE',  ( -0.7099999999999933000, 0.5100000000000000100, -1.000000000000000000 ) ) ;
#186 = VECTOR ( 'NONE', #2801, 1000.000000000000000 ) ;
#187 = ADVANCED_FACE ( 'NONE', ( #1094 ), #1036, .F. ) ;
#188 = ORIENTED_EDGE ( 'NONE', *, *, #788, .T. ) ;
#189 = VERTEX_POINT ( 'NONE', #3658 ) ;
#190 = EDGE_CURVE ( 'NONE', #1880, #1658, #349, .T. ) ;
#191 = DIRECTION ( 'NONE',  ( 1.000000000000000000, 0.0000000000000000000, 0.0000000000000000000 ) ) ;
#192 = FACE_OUTER_BOUND ( 'NONE', #3282, .T. ) ;
#193 = ORIENTED_EDGE ( 'NONE', *, *, #158, .T. ) ;
#194 = DIRECTION ( 'NONE',  ( -0.0000000000000000000, 1.000000000000000000, 0.0000000000000000000 ) ) ;
#195 = DIRECTION ( 'NONE',  ( 1.000000000000000000, 0.0000000000000000000, 0.0000000000000000000 ) ) ;
#196 = MECHANICAL_DESIGN_GEOMETRIC_PRESENTATION_REPRESENTATION (  '', ( #119 ), #3279 ) ;
#197 = EDGE_CURVE ( 'NONE', #2125, #3485, #3216, .T. ) ;
#198 = ORIENTED_EDGE ( 'NONE', *, *, #4121, .F. ) ;
#199 = VERTEX_POINT ( 'NONE', #4075 ) ;
#200 = LINE ( 'NONE', #1760, #709 ) ;
#201 = CARTESIAN_POINT ( 'NONE',  ( -0.7099999999999765400, 0.0000000000000000000, 0.5999999999999998700 ) ) ;
#202 = DIRECTION ( 'NONE',  ( 0.0000000000000000000, -1.000000000000000000, 0.0000000000000000000 ) ) ;
#203 = CARTESIAN_POINT ( 'NONE',  ( -0.7099999999999933000, 0.04000000000000004900, 0.9999999999999995600 ) ) ;
#204 = DIRECTION ( 'NONE',  ( 0.0000000000000000000, 0.0000000000000000000, -1.000000000000000000 ) ) ;
#205 = VECTOR ( 'NONE', #357, 1000.000000000000000 ) ;
#206 = CARTESIAN_POINT ( 'NONE',  ( -0.3500000000000002000, -0.0000000000000000000, -1.000000000000000000 ) ) ;
#207 = ADVANCED_FACE ( 'NONE', ( #1200 ), #3577, .F. ) ;
#208 = AXIS2_PLACEMENT_3D ( 'NONE', #1672, #3999, #323 ) ;
#209 = DIRECTION ( 'NONE',  ( 0.0000000000000000000, -1.000000000000000000, 0.0000000000000000000 ) ) ;
#210 = LINE ( 'NONE', #1588, #2249 ) ;
#211 = DIRECTION ( 'NONE',  ( -0.0000000000000000000, -1.000000000000000000, -0.0000000000000000000 ) ) ;
#212 = DIRECTION ( 'NONE',  ( 1.000000000000000000, -0.0000000000000000000, -0.0000000000000000000 ) ) ;
#213 = DIRECTION ( 'NONE',  ( -0.0000000000000000000, -0.0000000000000000000, 1.000000000000000000 ) ) ;
#214 = LINE ( 'NONE', #2696, #2406 ) ;
#215 = EDGE_CURVE ( 'NONE', #3623, #2399, #996, .T. ) ;
#216 = ORIENTED_EDGE ( 'NONE', *, *, #1079, .F. ) ;
#217 = UNCERTAINTY_MEASURE_WITH_UNIT (LENGTH_MEASURE( 1.000000000000000100E-005 ), #3987, 'distance_accuracy_value', 'NONE');
#218 = CARTESIAN_POINT ( 'NONE',  ( -0.6249999999999846800, 0.5100000000000000100, 0.9999999999999995600 ) ) ;
#219 = DIRECTION ( 'NONE',  ( 1.000000000000000000, -0.0000000000000000000, -7.228014483236699500E-016 ) ) ;
#220 = CARTESIAN_POINT ( 'NONE',  ( 0.6249999999999849000, 0.04000000000000004900, 0.5999999999999996400 ) ) ;
#221 = EDGE_CURVE ( 'NONE', #1146, #1102, #599, .T. ) ;
#222 = EDGE_LOOP ( 'NONE', ( #2480, #3067, #635, #3747, #143, #554 ) ) ;
#223 = CARTESIAN_POINT ( 'NONE',  ( -0.7099999999999933000, 0.5100000000000000100, -1.600000000000000300 ) ) ;
#224 = VECTOR ( 'NONE', #1365, 1000.000000000000000 ) ;
#225 = DIRECTION ( 'NONE',  ( -0.0000000000000000000, -1.000000000000000000, -0.0000000000000000000 ) ) ;
#226 = ORIENTED_EDGE ( 'NONE', *, *, #462, .F. ) ;
#227 = AXIS2_PLACEMENT_3D ( 'NONE', #2382, #2018, #2739 ) ;
#228 = CARTESIAN_POINT ( 'NONE',  ( 0.7099999999999849800, 0.04000000000000004900, -0.2000000000000002600 ) ) ;
#229 = ORIENTED_EDGE ( 'NONE', *, *, #267, .T. ) ;
#230 = DIRECTION ( 'NONE',  ( 1.000000000000000000, 0.0000000000000000000, -0.0000000000000000000 ) ) ;
#231 = ADVANCED_FACE ( 'NONE', ( #89 ), #1746, .F. ) ;
#232 = VECTOR ( 'NONE', #728, 1000.000000000000000 ) ;
#233 = EDGE_LOOP ( 'NONE', ( #2130, #3188, #3157, #3888 ) ) ;
#234 = AXIS2_PLACEMENT_3D ( 'NONE', #1088, #1062, #1117 ) ;
#235 = DIRECTION ( 'NONE',  ( -0.0000000000000000000, 1.000000000000000000, -0.0000000000000000000 ) ) ;
#236 = LINE ( 'NONE', #1142, #845 ) ;
#237 = VERTEX_POINT ( 'NONE', #138 ) ;
#238 = CARTESIAN_POINT ( 'NONE',  ( -0.7099999999999933000, 0.04000000000000004900, 1.599999999999998500 ) ) ;
#239 = VECTOR ( 'NONE', #3014, 1000.000000000000000 ) ;
#240 = EDGE_LOOP ( 'NONE', ( #2376, #1024, #1519, #1544 ) ) ;
#241 = EDGE_CURVE ( 'NONE', #954, #63, #293, .T. ) ;
#242 = DIRECTION ( 'NONE',  ( 0.0000000000000000000, -1.000000000000000000, 0.0000000000000000000 ) ) ;
#243 = ORIENTED_EDGE ( 'NONE', *, *, #3041, .F. ) ;
#244 = ORIENTED_EDGE ( 'NONE', *, *, #1965, .F. ) ;
#245 = VECTOR ( 'NONE', #3388, 1000.000000000000000 ) ;
#246 = EDGE_LOOP ( 'NONE', ( #1104, #1813, #2280, #1408 ) ) ;
#247 = EDGE_CURVE ( 'NONE', #2962, #2097, #4163, .T. ) ;
#248 = CARTESIAN_POINT ( 'NONE',  ( 0.4500000000000001800, 0.5299999999999995800, -1.600000000000000300 ) ) ;
#249 = FACE_OUTER_BOUND ( 'NONE', #4195, .T. ) ;
#250 = CARTESIAN_POINT ( 'NONE',  ( 0.6500000000000001300, 0.03999999999999999400, -1.599999999999999000 ) ) ;
#251 = ORIENTED_EDGE ( 'NONE', *, *, #4149, .F. ) ;
#252 = CARTESIAN_POINT ( 'NONE',  ( 0.6250000000000001100, 0.5100000000000000100, -0.7750000000000004700 ) ) ;
#253 = DIRECTION ( 'NONE',  ( -1.000000000000000000, 0.0000000000000000000, 0.0000000000000000000 ) ) ;
#254 = LINE ( 'NONE', #3240, #3746 ) ;
#255 = EDGE_CURVE ( 'NONE', #2124, #2502, #1040, .T. ) ;
#256 = ORIENTED_EDGE ( 'NONE', *, *, #1993, .F. ) ;
#257 = CARTESIAN_POINT ( 'NONE',  ( -0.7099999999999933000, 0.04000000000000004900, -1.600000000000000300 ) ) ;
#258 = VECTOR ( 'NONE', #4109, 1000.000000000000000 ) ;
#259 = AXIS2_PLACEMENT_3D ( 'NONE', #3568, #3287, #2246 ) ;
#260 = VERTEX_POINT ( 'NONE', #4051 ) ;
#261 = VECTOR ( 'NONE', #2296, 1000.000000000000000 ) ;
#262 = DIRECTION ( 'NONE',  ( 0.0000000000000000000, 0.0000000000000000000, 1.000000000000000000 ) ) ;
#263 = LINE ( 'NONE', #1109, #3249 ) ;
#264 = CARTESIAN_POINT ( 'NONE',  ( -0.7099999999999933000, 0.04000000000000004900, 0.6000000000000003100 ) ) ;
#265 = ORIENTED_EDGE ( 'NONE', *, *, #1783, .F. ) ;
#266 = CARTESIAN_POINT ( 'NONE',  ( -0.4500000000000001800, 0.5100000000000000100, 1.000000000000000000 ) ) ;
#267 = EDGE_CURVE ( 'NONE', #2186, #1240, #1255, .T. ) ;
#268 = ORIENTED_EDGE ( 'NONE', *, *, #4103, .F. ) ;
#269 = LINE ( 'NONE', #1147, #1329 ) ;
#270 = ORIENTED_EDGE ( 'NONE', *, *, #3488, .F. ) ;
#271 = CARTESIAN_POINT ( 'NONE',  ( -0.6500000000000001300, 0.5500000000000000400, -1.400000000000000100 ) ) ;
#272 = DIRECTION ( 'NONE',  ( 0.0000000000000000000, -0.0000000000000000000, -1.000000000000000000 ) ) ;
#273 = EDGE_LOOP ( 'NONE', ( #4014, #3261, #93, #80 ) ) ;
#274 = ORIENTED_EDGE ( 'NONE', *, *, #371, .T. ) ;
#275 = FACE_OUTER_BOUND ( 'NONE', #1574, .T. ) ;
#276 = EDGE_CURVE ( 'NONE', #501, #2706, #1713, .T. ) ;
#277 = ORIENTED_EDGE ( 'NONE', *, *, #2796, .T. ) ;
#278 = DIRECTION ( 'NONE',  ( -1.000000000000000000, -0.0000000000000000000, -0.0000000000000000000 ) ) ;
#279 = EDGE_LOOP ( 'NONE', ( #47, #326, #1465, #2766 ) ) ;
#280 = FACE_OUTER_BOUND ( 'NONE', #2569, .T. ) ;
#281 = CARTESIAN_POINT ( 'NONE',  ( -0.3500000000000001400, -0.0000000000000000000, -1.599999999999999900 ) ) ;
#282 = ORIENTED_EDGE ( 'NONE', *, *, #3047, .T. ) ;
#283 = EDGE_CURVE ( 'NONE', #2101, #260, #548, .T. ) ;
#284 = CARTESIAN_POINT ( 'NONE',  ( 0.6500000000000001300, 0.5500000000000000400, 1.399999999999999200 ) ) ;
#285 = CARTESIAN_POINT ( 'NONE',  ( 0.6500000000000001300, 0.0000000000000000000, -1.599999999999999000 ) ) ;
#286 = VECTOR ( 'NONE', #4070, 1000.000000000000000 ) ;
#287 = ORIENTED_EDGE ( 'NONE', *, *, #3467, .F. ) ;
#288 = PLANE ( 'NONE',  #475 ) ;
#289 = VECTOR ( 'NONE', #993, 1000.000000000000000 ) ;
#290 = MECHANICAL_DESIGN_GEOMETRIC_PRESENTATION_REPRESENTATION (  '', ( #718 ), #2331 ) ;
#291 = DIRECTION ( 'NONE',  ( 0.0000000000000000000, 1.000000000000000000, -0.0000000000000000000 ) ) ;
#292 = DIRECTION ( 'NONE',  ( 1.000000000000000000, 0.0000000000000000000, 0.0000000000000000000 ) ) ;
#293 = LINE ( 'NONE', #3075, #3268 ) ;
#294 = CARTESIAN_POINT ( 'NONE',  ( 0.7099999999999767600, 0.5100000000000000100, 0.5999999999999996400 ) ) ;
#295 = DIRECTION ( 'NONE',  ( 1.000000000000000000, -0.0000000000000000000, 0.0000000000000000000 ) ) ;
#296 = CARTESIAN_POINT ( 'NONE',  ( 0.3499999999999998700, 0.0000000000000000000, 0.9999999999999995600 ) ) ;
#297 = VERTEX_POINT ( 'NONE', #3753 ) ;
#298 = ORIENTED_EDGE ( 'NONE', *, *, #3105, .T. ) ;
#299 = CARTESIAN_POINT ( 'NONE',  ( 0.7100000000000001900, 0.5100000000000000100, -1.600000000000000300 ) ) ;
#300 = DIRECTION ( 'NONE',  ( -1.000000000000000000, -0.0000000000000000000, 2.168404344971008100E-015 ) ) ;
#301 = CARTESIAN_POINT ( 'NONE',  ( -0.3500000000000002000, 0.03999999999999999400, -1.000000000000000000 ) ) ;
#302 = LINE ( 'NONE', #1762, #2440 ) ;
#303 = VERTEX_POINT ( 'NONE', #1064 ) ;
#304 = VERTEX_POINT ( 'NONE', #4106 ) ;
#305 = EDGE_CURVE ( 'NONE', #877, #2984, #4059, .T. ) ;
#306 = DIRECTION ( 'NONE',  ( 0.0000000000000000000, -1.000000000000000000, 0.0000000000000000000 ) ) ;
#307 = DIRECTION ( 'NONE',  ( -1.000000000000000000, -0.0000000000000000000, -0.0000000000000000000 ) ) ;
#308 = DIRECTION ( 'NONE',  ( 1.000000000000000000, 0.0000000000000000000, 0.0000000000000000000 ) ) ;
#309 = EDGE_LOOP ( 'NONE', ( #1238, #1213, #10, #1463 ) ) ;
#310 = ORIENTED_EDGE ( 'NONE', *, *, #1690, .T. ) ;
#311 = LINE ( 'NONE', #499, #3696 ) ;
#312 = EDGE_CURVE ( 'NONE', #1827, #1440, #2272, .T. ) ;
#313 = PLANE ( 'NONE',  #343 ) ;
#314 = EDGE_LOOP ( 'NONE', ( #3869, #2915, #725, #3208, #886, #1025 ) ) ;
#315 = LINE ( 'NONE', #1850, #358 ) ;
#316 = LINE ( 'NONE', #1300, #3193 ) ;
#317 = AXIS2_PLACEMENT_3D ( 'NONE', #1642, #2630, #3302 ) ;
#318 = ORIENTED_EDGE ( 'NONE', *, *, #3636, .T. ) ;
#319 = FACE_OUTER_BOUND ( 'NONE', #1409, .T. ) ;
#320 = DIRECTION ( 'NONE',  ( -0.0000000000000000000, -1.000000000000000000, -0.0000000000000000000 ) ) ;
#321 = ORIENTED_EDGE ( 'NONE', *, *, #338, .F. ) ;
#322 = EDGE_LOOP ( 'NONE', ( #1356, #2033, #2609, #3481 ) ) ;
#323 = DIRECTION ( 'NONE',  ( 1.807003620809173900E-016, 0.0000000000000000000, -1.000000000000000000 ) ) ;
#324 = LINE ( 'NONE', #2044, #2251 ) ;
#325 = CARTESIAN_POINT ( 'NONE',  ( 0.6500000000000001300, 0.5500000000000000400, -1.399999999999999200 ) ) ;
#326 = ORIENTED_EDGE ( 'NONE', *, *, #3684, .F. ) ;
#327 = ADVANCED_FACE ( 'NONE', ( #2227 ), #2043, .F. ) ;
#328 = ORIENTED_EDGE ( 'NONE', *, *, #680, .F. ) ;
#329 = DIRECTION ( 'NONE',  ( 1.000000000000000000, 0.0000000000000000000, 0.0000000000000000000 ) ) ;
#330 = LINE ( 'NONE', #1919, #2099 ) ;
#331 = EDGE_CURVE ( 'NONE', #3721, #1492, #744, .T. ) ;
#332 = CARTESIAN_POINT ( 'NONE',  ( 0.7500000000000001100, 0.03999999999999999400, 0.9999999999999991100 ) ) ;
#333 = EDGE_LOOP ( 'NONE', ( #479, #370, #4266, #3533 ) ) ;
#334 = ORIENTED_EDGE ( 'NONE', *, *, #2779, .F. ) ;
#335 = FACE_OUTER_BOUND ( 'NONE', #1825, .T. ) ;
#336 = DIRECTION ( 'NONE',  ( -1.807003620809173900E-016, 0.0000000000000000000, -1.000000000000000000 ) ) ;
#337 = CARTESIAN_POINT ( 'NONE',  ( 0.7100000000000001900, 0.04000000000000004900, 1.599999999999998500 ) ) ;
#338 = EDGE_CURVE ( 'NONE', #167, #367, #2749, .T. ) ;
#339 = CIRCLE ( 'NONE', #2687, 0.1750000000000000200 ) ;
#340 = ORIENTED_EDGE ( 'NONE', *, *, #3986, .F. ) ;
#341 = CARTESIAN_POINT ( 'NONE',  ( -0.7099999999999933000, 0.04000000000000004900, 0.9999999999999995600 ) ) ;
#342 = LINE ( 'NONE', #2658, #132 ) ;
#343 = AXIS2_PLACEMENT_3D ( 'NONE', #3638, #2281, #2603 ) ;
#344 = ORIENTED_EDGE ( 'NONE', *, *, #1666, .T. ) ;
#345 = CARTESIAN_POINT ( 'NONE',  ( -0.7099999999999933000, 0.04000000000000004900, -1.000000000000000000 ) ) ;
#346 = EDGE_CURVE ( 'NONE', #524, #3325, #1822, .T. ) ;
#347 = VECTOR ( 'NONE', #1121, 1000.000000000000000 ) ;
#348 = ADVANCED_FACE ( 'NONE', ( #2692 ), #3106, .F. ) ;
#349 = LINE ( 'NONE', #372, #239 ) ;
#350 = ORIENTED_EDGE ( 'NONE', *, *, #305, .T. ) ;
#351 = ORIENTED_EDGE ( 'NONE', *, *, #708, .T. ) ;
#352 = ORIENTED_EDGE ( 'NONE', *, *, #107, .F. ) ;
#353 = VECTOR ( 'NONE', #3515, 1000.000000000000000 ) ;
#354 = ORIENTED_EDGE ( 'NONE', *, *, #487, .F. ) ;
#355 = EDGE_CURVE ( 'NONE', #1759, #1130, #385, .T. ) ;
#356 = ORIENTED_EDGE ( 'NONE', *, *, #3438, .F. ) ;
#357 = DIRECTION ( 'NONE',  ( 0.0000000000000000000, 0.0000000000000000000, -1.000000000000000000 ) ) ;
#358 = VECTOR ( 'NONE', #1864, 1000.000000000000000 ) ;
#359 = EDGE_CURVE ( 'NONE', #2648, #1, #236, .T. ) ;
#360 = CARTESIAN_POINT ( 'NONE',  ( 0.4500000000000001800, 0.5500000000000000400, -1.399999999999999200 ) ) ;
#361 = EDGE_LOOP ( 'NONE', ( #2318, #657, #134, #605 ) ) ;
#362 = ORIENTED_EDGE ( 'NONE', *, *, #4095, .F. ) ;
#363 = LINE ( 'NONE', #3967, #3756 ) ;
#364 = DIRECTION ( 'NONE',  ( -1.000000000000000000, 0.0000000000000000000, 0.0000000000000000000 ) ) ;
#365 = FACE_OUTER_BOUND ( 'NONE', #56, .T. ) ;
#366 = CARTESIAN_POINT ( 'NONE',  ( -0.7500000000000002200, 0.0000000000000000000, 1.600000000000000100 ) ) ;
#367 = VERTEX_POINT ( 'NONE', #3432 ) ;
#368 = ORIENTED_EDGE ( 'NONE', *, *, #519, .T. ) ;
#369 = CARTESIAN_POINT ( 'NONE',  ( -0.7099999999999933000, 0.04000000000000004900, -1.600000000000000300 ) ) ;
#370 = ORIENTED_EDGE ( 'NONE', *, *, #283, .T. ) ;
#371 = EDGE_CURVE ( 'NONE', #2051, #2931, #992, .T. ) ;
#372 = CARTESIAN_POINT ( 'NONE',  ( -0.6250000000000015500, 0.0000000000000000000, -1.000000000000000000 ) ) ;
#373 = DIRECTION ( 'NONE',  ( -1.000000000000000000, 0.0000000000000000000, 7.228014483236699500E-016 ) ) ;
#374 = ADVANCED_FACE ( 'NONE', ( #1352 ), #4273, .F. ) ;
#375 = LINE ( 'NONE', #1995, #2853 ) ;
#376 = CARTESIAN_POINT ( 'NONE',  ( 0.0000000000000000000, 0.0000000000000000000, 0.0000000000000000000 ) ) ;
#377 = APPLICATION_PROTOCOL_DEFINITION ( 'draft international standard', 'automotive_design', 1998, #1684 ) ;
#378 = DIRECTION ( 'NONE',  ( 0.0000000000000000000, 0.0000000000000000000, -1.000000000000000000 ) ) ;
#379 = ORIENTED_EDGE ( 'NONE', *, *, #2538, .T. ) ;
#380 = EDGE_CURVE ( 'NONE', #1831, #3331, #1620, .T. ) ;
#381 = LINE ( 'NONE', #953, #4214 ) ;
#382 = CARTESIAN_POINT ( 'NONE',  ( 0.3499999999999999800, 0.03999999999999999400, 0.1999999999999996500 ) ) ;
#383 = CARTESIAN_POINT ( 'NONE',  ( 0.7500000000000001100, 0.5100000000000000100, 0.5999999999999996400 ) ) ;
#384 = DIRECTION ( 'NONE',  ( 0.0000000000000000000, 0.0000000000000000000, 1.000000000000000000 ) ) ;
#385 = LINE ( 'NONE', #2774, #2481 ) ;
#386 = STYLED_ITEM ( 'NONE', ( #536 ), #1414 ) ;
#387 = ORIENTED_EDGE ( 'NONE', *, *, #1789, .F. ) ;
#388 = VERTEX_POINT ( 'NONE', #2474 ) ;
#389 = STYLED_ITEM ( 'NONE', ( #962 ), #3217 ) ;
#390 = FACE_OUTER_BOUND ( 'NONE', #3192, .T. ) ;
#391 = EDGE_LOOP ( 'NONE', ( #2274, #2029, #3100, #3198 ) ) ;
#392 = ORIENTED_EDGE ( 'NONE', *, *, #1280, .F. ) ;
#393 = ORIENTED_EDGE ( 'NONE', *, *, #1860, .F. ) ;
#394 = DIRECTION ( 'NONE',  ( 0.0000000000000000000, 0.0000000000000000000, -1.000000000000000000 ) ) ;
#395 = ORIENTED_EDGE ( 'NONE', *, *, #3572, .F. ) ;
#396 = UNCERTAINTY_MEASURE_WITH_UNIT (LENGTH_MEASURE( 1.000000000000000100E-005 ), #2194, 'distance_accuracy_value', 'NONE');
#397 = ORIENTED_EDGE ( 'NONE', *, *, #2649, .F. ) ;
#398 = ADVANCED_FACE ( 'NONE', ( #3783 ), #1506, .F. ) ;
#399 = LINE ( 'NONE', #784, #1370 ) ;
#400 = EDGE_CURVE ( 'NONE', #2051, #807, #2912, .T. ) ;
#401 = DIRECTION ( 'NONE',  ( -1.000000000000000000, 0.0000000000000000000, 0.0000000000000000000 ) ) ;
#402 = ORIENTED_EDGE ( 'NONE', *, *, #1201, .F. ) ;
#403 = DIRECTION ( 'NONE',  ( 2.710505431213763100E-016, 0.0000000000000000000, 1.000000000000000000 ) ) ;
#404 = LINE ( 'NONE', #299, #2085 ) ;
#405 = CARTESIAN_POINT ( 'NONE',  ( -0.7500000000000001100, 0.0000000000000000000, -0.6000000000000000900 ) ) ;
#406 = EDGE_CURVE ( 'NONE', #2991, #1827, #3366, .T. ) ;
#407 = DIRECTION ( 'NONE',  ( 0.0000000000000000000, 0.0000000000000000000, -1.000000000000000000 ) ) ;
#408 = DIRECTION ( 'NONE',  ( 0.0000000000000000000, 0.0000000000000000000, 1.000000000000000000 ) ) ;
#409 = VERTEX_POINT ( 'NONE', #2126 ) ;
#410 = FACE_OUTER_BOUND ( 'NONE', #1020, .T. ) ;
#411 = DIRECTION ( 'NONE',  ( 1.000000000000000000, 0.0000000000000000000, 0.0000000000000000000 ) ) ;
#412 = VECTOR ( 'NONE', #3181, 1000.000000000000000 ) ;
#413 = AXIS2_PLACEMENT_3D ( 'NONE', #19, #3293, #3574 ) ;
#414 = EDGE_CURVE ( 'NONE', #491, #2323, #2379, .T. ) ;
#415 = LINE ( 'NONE', #4011, #1847 ) ;
#416 = VECTOR ( 'NONE', #1444, 1000.000000000000000 ) ;
#417 = VERTEX_POINT ( 'NONE', #1808 ) ;
#418 = AXIS2_PLACEMENT_3D ( 'NONE', #4207, #2532, #579 ) ;
#419 = CARTESIAN_POINT ( 'NONE',  ( 0.7100000000000001900, 0.04000000000000004900, 1.599999999999998500 ) ) ;
#420 = ORIENTED_EDGE ( 'NONE', *, *, #890, .F. ) ;
#421 = ORIENTED_EDGE ( 'NONE', *, *, #2016, .T. ) ;
#422 = VECTOR ( 'NONE', #963, 1000.000000000000000 ) ;
#423 = CARTESIAN_POINT ( 'NONE',  ( -0.4500000000000001800, 0.0000000000000000000, -0.8249999999999988500 ) ) ;
#424 = ADVANCED_FACE ( 'NONE', ( #3472 ), #814, .T. ) ;
#425 = ORIENTED_EDGE ( 'NONE', *, *, #3074, .T. ) ;
#426 = DIRECTION ( 'NONE',  ( -0.0000000000000000000, 1.000000000000000000, -0.0000000000000000000 ) ) ;
#427 = CARTESIAN_POINT ( 'NONE',  ( 0.4499999999999837500, 0.5100000000000000100, 0.7750000000000009100 ) ) ;
#428 = VECTOR ( 'NONE', #1362, 1000.000000000000000 ) ;
#429 = DIRECTION ( 'NONE',  ( 0.0000000000000000000, 0.0000000000000000000, 1.000000000000000000 ) ) ;
#430 = LINE ( 'NONE', #2122, #4105 ) ;
#431 = EDGE_CURVE ( 'NONE', #3693, #3623, #3844, .T. ) ;
#432 = DIRECTION ( 'NONE',  ( 0.0000000000000000000, 0.0000000000000000000, 1.000000000000000000 ) ) ;
#433 = CARTESIAN_POINT ( 'NONE',  ( 0.7100000000000001900, 0.5100000000000000100, 1.599999999999998500 ) ) ;
#434 = VECTOR ( 'NONE', #2672, 1000.000000000000000 ) ;
#435 = CARTESIAN_POINT ( 'NONE',  ( -0.6249999999999932300, 0.04000000000000004900, -0.2000000000000000900 ) ) ;
#436 = ORIENTED_EDGE ( 'NONE', *, *, #943, .T. ) ;
#437 = CARTESIAN_POINT ( 'NONE',  ( 0.7100000000000001900, 0.5500000000000000400, 0.9999999999999991100 ) ) ;
#438 = VECTOR ( 'NONE', #160, 1000.000000000000000 ) ;
#439 = EDGE_CURVE ( 'NONE', #2621, #2439, #2068, .T. ) ;
#440 = LINE ( 'NONE', #3313, #2381 ) ;
#441 = ORIENTED_EDGE ( 'NONE', *, *, #305, .F. ) ;
#442 = DIRECTION ( 'NONE',  ( -1.355252715606880000E-016, -0.0000000000000000000, 1.000000000000000000 ) ) ;
#443 = ADVANCED_FACE ( 'NONE', ( #494 ), #3781, .F. ) ;
#444 = AXIS2_PLACEMENT_3D ( 'NONE', #376, #2683, #1039 ) ;
#445 = ORIENTED_EDGE ( 'NONE', *, *, #2718, .T. ) ;
#446 = ORIENTED_EDGE ( 'NONE', *, *, #2103, .T. ) ;
#447 = EDGE_LOOP ( 'NONE', ( #3938, #1614, #2866, #1654 ) ) ;
#448 = DIRECTION ( 'NONE',  ( -0.0000000000000000000, 0.0000000000000000000, -1.000000000000000000 ) ) ;
#449 = PLANE ( 'NONE',  #1151 ) ;
#450 = VERTEX_POINT ( 'NONE', #218 ) ;
#451 = ORIENTED_EDGE ( 'NONE', *, *, #3799, .T. ) ;
#452 = LINE ( 'NONE', #2517, #2083 ) ;
#453 = VECTOR ( 'NONE', #1243, 1000.000000000000000 ) ;
#454 = DIRECTION ( 'NONE',  ( -1.000000000000000000, 0.0000000000000000000, -2.168404344971008100E-015 ) ) ;
#455 = CARTESIAN_POINT ( 'NONE',  ( 0.7100000000000001900, 0.04000000000000004900, -1.600000000000000300 ) ) ;
#456 = CARTESIAN_POINT ( 'NONE',  ( -0.6500000000000001300, 0.5100000000000000100, -1.400000000000000100 ) ) ;
#457 = EDGE_CURVE ( 'NONE', #4084, #4150, #3683, .T. ) ;
#458 = LINE ( 'NONE', #2491, #2772 ) ;
#459 = DIRECTION ( 'NONE',  ( 0.0000000000000000000, 0.0000000000000000000, 1.000000000000000000 ) ) ;
#460 = CARTESIAN_POINT ( 'NONE',  ( 0.4500000000000001800, 0.5500000000000000400, 1.600000000000000300 ) ) ;
#461 = LINE ( 'NONE', #2290, #2298 ) ;
#462 = EDGE_CURVE ( 'NONE', #2991, #1211, #1869, .T. ) ;
#463 = DIRECTION ( 'NONE',  ( -0.0000000000000000000, -0.0000000000000000000, 1.000000000000000000 ) ) ;
#464 = CARTESIAN_POINT ( 'NONE',  ( 0.7100000000000001900, 0.5500000000000000400, -0.1999999999999999300 ) ) ;
#465 = DIRECTION ( 'NONE',  ( 0.0000000000000000000, -0.0000000000000000000, 1.000000000000000000 ) ) ;
#466 = VECTOR ( 'NONE', #586, 1000.000000000000000 ) ;
#467 = DIRECTION ( 'NONE',  ( 0.0000000000000000000, 0.0000000000000000000, -1.000000000000000000 ) ) ;
#468 = EDGE_LOOP ( 'NONE', ( #4281, #2427, #3992, #2637 ) ) ;
#469 = EDGE_CURVE ( 'NONE', #3939, #702, #1969, .T. ) ;
#470 = FACE_OUTER_BOUND ( 'NONE', #2669, .T. ) ;
#471 = ORIENTED_EDGE ( 'NONE', *, *, #247, .F. ) ;
#472 = ORIENTED_EDGE ( 'NONE', *, *, #1581, .F. ) ;
#473 = LINE ( 'NONE', #4111, #3310 ) ;
#474 = CARTESIAN_POINT ( 'NONE',  ( -0.7099999999999933000, 0.5500000000000000400, -0.2000000000000000400 ) ) ;
#475 = AXIS2_PLACEMENT_3D ( 'NONE', #1939, #1565, #3269 ) ;
#476 = DIRECTION ( 'NONE',  ( 1.355252715606880000E-016, 0.0000000000000000000, -1.000000000000000000 ) ) ;
#477 = EDGE_LOOP ( 'NONE', ( #229, #3275, #2508, #1754 ) ) ;
#478 = MANIFOLD_SOLID_BREP ( 'Pin 8', #2082 ) ;
#479 = ORIENTED_EDGE ( 'NONE', *, *, #2655, .F. ) ;
#480 = CARTESIAN_POINT ( 'NONE',  ( -0.7099999999999933000, 0.04000000000000004900, -1.600000000000000300 ) ) ;
#481 = VECTOR ( 'NONE', #1617, 1000.000000000000000 ) ;
#482 =( NAMED_UNIT ( * ) SI_UNIT ( $, .STERADIAN. ) SOLID_ANGLE_UNIT ( ) );
#483 = DIRECTION ( 'NONE',  ( 0.0000000000000000000, 0.0000000000000000000, 1.000000000000000000 ) ) ;
#484 = ORIENTED_EDGE ( 'NONE', *, *, #3215, .F. ) ;
#485 = ORIENTED_EDGE ( 'NONE', *, *, #2538, .F. ) ;
#486 = VECTOR ( 'NONE', #3830, 1000.000000000000000 ) ;
#487 = EDGE_CURVE ( 'NONE', #2668, #1130, #3321, .T. ) ;
#488 = CARTESIAN_POINT ( 'NONE',  ( -0.4499999999999834700, 0.04000000000000004900, 0.7750000000000010200 ) ) ;
#489 = DIRECTION ( 'NONE',  ( -0.0000000000000000000, 0.0000000000000000000, -1.000000000000000000 ) ) ;
#490 = VERTEX_POINT ( 'NONE', #3913 ) ;
#491 = VERTEX_POINT ( 'NONE', #882 ) ;
#492 = VECTOR ( 'NONE', #3235, 1000.000000000000000 ) ;
#493 = EDGE_CURVE ( 'NONE', #3961, #3334, #2224, .T. ) ;
#494 = FACE_OUTER_BOUND ( 'NONE', #1954, .T. ) ;
#495 =( LENGTH_UNIT ( ) NAMED_UNIT ( * ) SI_UNIT ( .MILLI., .METRE. ) );
#496 = ORIENTED_EDGE ( 'NONE', *, *, #3488, .T. ) ;
#497 = EDGE_CURVE ( 'NONE', #2008, #1222, #2426, .T. ) ;
#498 = ORIENTED_EDGE ( 'NONE', *, *, #1226, .T. ) ;
#499 = CARTESIAN_POINT ( 'NONE',  ( 0.7500000000000002200, 0.5500000000000000400, -1.599999999999999200 ) ) ;
#500 = LINE ( 'NONE', #4184, #3583 ) ;
#501 = VERTEX_POINT ( 'NONE', #921 ) ;
#502 = PLANE ( 'NONE',  #3758 ) ;
#503 = CARTESIAN_POINT ( 'NONE',  ( 0.7500000000000000000, 0.5500000000000000400, 0.1999999999999999300 ) ) ;
#504 = DIRECTION ( 'NONE',  ( 0.0000000000000000000, 0.0000000000000000000, -1.000000000000000000 ) ) ;
#505 = ORIENTED_EDGE ( 'NONE', *, *, #493, .F. ) ;
#506 = LINE ( 'NONE', #2768, #49 ) ;
#507 = CARTESIAN_POINT ( 'NONE',  ( -0.6249999999999932300, 0.0000000000000000000, -0.2000000000000000900 ) ) ;
#508 = ADVANCED_FACE ( 'NONE', ( #3680 ), #4189, .T. ) ;
#509 = AXIS2_PLACEMENT_3D ( 'NONE', #2795, #1164, #824 ) ;
#510 = PLANE ( 'NONE',  #3147 ) ;
#511 = VECTOR ( 'NONE', #2058, 1000.000000000000000 ) ;
#512 = CARTESIAN_POINT ( 'NONE',  ( 0.7100000000000001900, 0.04000000000000004900, -1.600000000000000300 ) ) ;
#513 = CARTESIAN_POINT ( 'NONE',  ( 0.0000000000000000000, 0.5500000000000000400, 0.0000000000000000000 ) ) ;
#514 = ORIENTED_EDGE ( 'NONE', *, *, #1615, .F. ) ;
#515 = LINE ( 'NONE', #2443, #2828 ) ;
#516 = PLANE ( 'NONE',  #2078 ) ;
#517 = DIRECTION ( 'NONE',  ( -1.000000000000000000, 0.0000000000000000000, 0.0000000000000000000 ) ) ;
#518 = DIRECTION ( 'NONE',  ( -0.0000000000000000000, -1.000000000000000000, -0.0000000000000000000 ) ) ;
#519 = EDGE_CURVE ( 'NONE', #304, #29, #1401, .T. ) ;
#520 = LINE ( 'NONE', #2228, #59 ) ;
#521 = ORIENTED_EDGE ( 'NONE', *, *, #3167, .T. ) ;
#522 = VECTOR ( 'NONE', #1721, 1000.000000000000000 ) ;
#523 = CARTESIAN_POINT ( 'NONE',  ( 0.3499999999999998700, 0.0000000000000000000, 1.399999999999999700 ) ) ;
#524 = VERTEX_POINT ( 'NONE', #2199 ) ;
#525 = LINE ( 'NONE', #405, #1950 ) ;
#526 = EDGE_CURVE ( 'NONE', #1440, #1135, #2798, .T. ) ;
#527 =( LENGTH_UNIT ( ) NAMED_UNIT ( * ) SI_UNIT ( .MILLI., .METRE. ) );
#528 = ORIENTED_EDGE ( 'NONE', *, *, #3194, .F. ) ;
#529 = ORIENTED_EDGE ( 'NONE', *, *, #3713, .F. ) ;
#530 = VECTOR ( 'NONE', #426, 1000.000000000000000 ) ;
#531 = ORIENTED_EDGE ( 'NONE', *, *, #1807, .T. ) ;
#532 = DIRECTION ( 'NONE',  ( 0.0000000000000000000, -0.0000000000000000000, -1.000000000000000000 ) ) ;
#533 = CARTESIAN_POINT ( 'NONE',  ( 0.7500000000000001100, 0.5500000000000000400, -0.9999999999999991100 ) ) ;
#534 = DIRECTION ( 'NONE',  ( -0.0000000000000000000, 1.000000000000000000, 0.0000000000000000000 ) ) ;
#535 = ORIENTED_EDGE ( 'NONE', *, *, #215, .F. ) ;
#536 = PRESENTATION_STYLE_ASSIGNMENT (( #2911 ) ) ;
#537 = DIRECTION ( 'NONE',  ( 0.0000000000000000000, 0.0000000000000000000, 1.000000000000000000 ) ) ;
#538 = VECTOR ( 'NONE', #611, 1000.000000000000000 ) ;
#539 = AXIS2_PLACEMENT_3D ( 'NONE', #3687, #1736, #1705 ) ;
#540 = CARTESIAN_POINT ( 'NONE',  ( -0.4500000000000002300, 0.5500000000000000400, -0.6000000000000003100 ) ) ;
#541 = EDGE_LOOP ( 'NONE', ( #3109, #1655, #889, #628 ) ) ;
#542 = DIRECTION ( 'NONE',  ( 0.0000000000000000000, 0.0000000000000000000, -1.000000000000000000 ) ) ;
#543 = ORIENTED_EDGE ( 'NONE', *, *, #3691, .T. ) ;
#544 = LINE ( 'NONE', #868, #3951 ) ;
#545 = VERTEX_POINT ( 'NONE', #2904 ) ;
#546 = EDGE_CURVE ( 'NONE', #1658, #3596, #544, .T. ) ;
#547 = DIRECTION ( 'NONE',  ( 0.0000000000000000000, 0.0000000000000000000, 1.000000000000000000 ) ) ;
#548 = LINE ( 'NONE', #746, #3166 ) ;
#549 = CARTESIAN_POINT ( 'NONE',  ( -0.6500000000000001300, 0.5500000000000000400, 1.599999999999999900 ) ) ;
#550 = CARTESIAN_POINT ( 'NONE',  ( 0.6250000000000013300, 0.04000000000000004900, -1.000000000000000000 ) ) ;
#551 = ORIENTED_EDGE ( 'NONE', *, *, #3861, .T. ) ;
#552 = PLANE ( 'NONE',  #3450 ) ;
#553 = VERTEX_POINT ( 'NONE', #248 ) ;
#554 = ORIENTED_EDGE ( 'NONE', *, *, #2431, .F. ) ;
#555 = PLANE ( 'NONE',  #2529 ) ;
#556 = DIRECTION ( 'NONE',  ( 0.0000000000000000000, 0.0000000000000000000, -1.000000000000000000 ) ) ;
#557 = DIRECTION ( 'NONE',  ( -0.0000000000000000000, -0.0000000000000000000, 1.000000000000000000 ) ) ;
#558 = MECHANICAL_DESIGN_GEOMETRIC_PRESENTATION_REPRESENTATION (  '', ( #2524 ), #1503 ) ;
#559 = EDGE_CURVE ( 'NONE', #68, #1572, #2374, .T. ) ;
#560 = ORIENTED_EDGE ( 'NONE', *, *, #2718, .F. ) ;
#561 = ORIENTED_EDGE ( 'NONE', *, *, #2013, .F. ) ;
#562 = VECTOR ( 'NONE', #1801, 1000.000000000000000 ) ;
#563 = CARTESIAN_POINT ( 'NONE',  ( -0.4500000000000002300, 0.5500000000000000400, 0.6000000000000003100 ) ) ;
#564 = CARTESIAN_POINT ( 'NONE',  ( 0.7099999999999849800, 0.0000000000000000000, 0.1999999999999994300 ) ) ;
#565 = DIRECTION ( 'NONE',  ( -0.0000000000000000000, 1.000000000000000000, 0.0000000000000000000 ) ) ;
#566 = DIRECTION ( 'NONE',  ( 2.168404344971008100E-015, -0.0000000000000000000, 1.000000000000000000 ) ) ;
#567 = VECTOR ( 'NONE', #141, 1000.000000000000000 ) ;
#568 = CARTESIAN_POINT ( 'NONE',  ( -0.4499999999999918500, 0.04000000000000004900, 0.02499999999999844000 ) ) ;
#569 = CARTESIAN_POINT ( 'NONE',  ( 0.7500000000000002200, 0.5500000000000000400, -1.599999999999999200 ) ) ;
#570 = VERTEX_POINT ( 'NONE', #2185 ) ;
#571 = LINE ( 'NONE', #1358, #3983 ) ;
#572 = PRESENTATION_STYLE_ASSIGNMENT (( #90 ) ) ;
#573 = CARTESIAN_POINT ( 'NONE',  ( -0.4500000000000002300, 0.5100000000000000100, -0.8249999999999988500 ) ) ;
#574 = FACE_OUTER_BOUND ( 'NONE', #2698, .T. ) ;
#575 = EDGE_CURVE ( 'NONE', #1413, #3151, #2117, .T. ) ;
#576 = ORIENTED_EDGE ( 'NONE', *, *, #2922, .T. ) ;
#577 = LINE ( 'NONE', #2161, #3762 ) ;
#578 = DIRECTION ( 'NONE',  ( -1.355252715606880000E-016, -0.0000000000000000000, 1.000000000000000000 ) ) ;
#579 = DIRECTION ( 'NONE',  ( 0.0000000000000000000, 0.0000000000000000000, -1.000000000000000000 ) ) ;
#580 = ORIENTED_EDGE ( 'NONE', *, *, #1189, .F. ) ;
#581 = EDGE_CURVE ( 'NONE', #2105, #3091, #1917, .T. ) ;
#582 = ORIENTED_EDGE ( 'NONE', *, *, #3267, .T. ) ;
#583 = ORIENTED_EDGE ( 'NONE', *, *, #694, .T. ) ;
#584 = PLANE ( 'NONE',  #3882 ) ;
#585 = FACE_OUTER_BOUND ( 'NONE', #899, .T. ) ;
#586 = DIRECTION ( 'NONE',  ( -0.0000000000000000000, 1.000000000000000000, -0.0000000000000000000 ) ) ;
#587 = ORIENTED_EDGE ( 'NONE', *, *, #1467, .F. ) ;
#588 = LINE ( 'NONE', #617, #2994 ) ;
#589 = CARTESIAN_POINT ( 'NONE',  ( 0.6249999999999849000, 0.0000000000000000000, 0.9999999999999995600 ) ) ;
#590 = CARTESIAN_POINT ( 'NONE',  ( 0.4500000000000001800, 0.5100000000000000100, -0.1999999999999999300 ) ) ;
#591 = UNCERTAINTY_MEASURE_WITH_UNIT (LENGTH_MEASURE( 1.000000000000000100E-005 ), #3730, 'distance_accuracy_value', 'NONE');
#592 = FACE_OUTER_BOUND ( 'NONE', #2855, .T. ) ;
#593 = ORIENTED_EDGE ( 'NONE', *, *, #2293, .T. ) ;
#594 = CARTESIAN_POINT ( 'NONE',  ( -0.7099999999999765400, 0.5100000000000000100, 0.5999999999999998700 ) ) ;
#595 = AXIS2_PLACEMENT_3D ( 'NONE', #3851, #1511, #1862 ) ;
#596 = CARTESIAN_POINT ( 'NONE',  ( 0.7100000000000001900, 0.04000000000000004900, -1.600000000000000300 ) ) ;
#597 = DIRECTION ( 'NONE',  ( -1.000000000000000000, 0.0000000000000000000, 0.0000000000000000000 ) ) ;
#598 = PLANE ( 'NONE',  #1819 ) ;
#599 = LINE ( 'NONE', #760, #1149 ) ;
#600 = EDGE_CURVE ( 'NONE', #1831, #3410, #4268, .T. ) ;
#601 = DIRECTION ( 'NONE',  ( -0.0000000000000000000, -1.000000000000000000, -0.0000000000000000000 ) ) ;
#602 = CARTESIAN_POINT ( 'NONE',  ( -0.6249999999999920100, 0.0000000000000000000, 0.02499999999999963400 ) ) ;
#603 = VERTEX_POINT ( 'NONE', #1224 ) ;
#604 = PLANE ( 'NONE',  #1703 ) ;
#605 = ORIENTED_EDGE ( 'NONE', *, *, #3074, .F. ) ;
#606 = ORIENTED_EDGE ( 'NONE', *, *, #91, .F. ) ;
#607 = LINE ( 'NONE', #3474, #1826 ) ;
#608 = EDGE_LOOP ( 'NONE', ( #3668, #979, #318, #2234 ) ) ;
#609 = EDGE_CURVE ( 'NONE', #991, #2008, #1502, .T. ) ;
#610 = DIRECTION ( 'NONE',  ( 0.0000000000000000000, -1.000000000000000000, 0.0000000000000000000 ) ) ;
#611 = DIRECTION ( 'NONE',  ( 1.000000000000000000, 0.0000000000000000000, 2.168404344971008100E-015 ) ) ;
#612 = DIRECTION ( 'NONE',  ( 0.0000000000000000000, 0.0000000000000000000, 1.000000000000000000 ) ) ;
#613 = DIRECTION ( 'NONE',  ( 0.0000000000000000000, 0.0000000000000000000, 1.000000000000000000 ) ) ;
#614 = DIRECTION ( 'NONE',  ( 0.0000000000000000000, 0.0000000000000000000, 1.000000000000000000 ) ) ;
#615 = AXIS2_PLACEMENT_3D ( 'NONE', #3570, #3847, #230 ) ;
#616 = LINE ( 'NONE', #480, #4025 ) ;
#617 = CARTESIAN_POINT ( 'NONE',  ( -0.7099999999999849800, 0.0000000000000000000, -0.2000000000000000400 ) ) ;
#618 = AXIS2_PLACEMENT_3D ( 'NONE', #2210, #4231, #2167 ) ;
#619 = LINE ( 'NONE', #3278, #2932 ) ;
#620 = CARTESIAN_POINT ( 'NONE',  ( -0.4500000000000001800, 0.5500000000000000400, -1.000000000000000000 ) ) ;
#621 = DIRECTION ( 'NONE',  ( -1.355252715606880000E-016, -0.0000000000000000000, 1.000000000000000000 ) ) ;
#622 = CIRCLE ( 'NONE', #1206, 0.1750000000000002400 ) ;
#623 = EDGE_LOOP ( 'NONE', ( #4115, #2709, #1254, #1184 ) ) ;
#624 = EDGE_CURVE ( 'NONE', #3966, #648, #1616, .T. ) ;
#625 = PLANE ( 'NONE',  #3902 ) ;
#626 = ORIENTED_EDGE ( 'NONE', *, *, #2916, .T. ) ;
#627 = SURFACE_STYLE_FILL_AREA ( #4065 ) ;
#628 = ORIENTED_EDGE ( 'NONE', *, *, #2238, .T. ) ;
#629 = SURFACE_STYLE_USAGE ( .BOTH. , #4264 ) ;
#630 = ORIENTED_EDGE ( 'NONE', *, *, #1555, .T. ) ;
#631 = LINE ( 'NONE', #1696, #2310 ) ;
#632 = EDGE_CURVE ( 'NONE', #4262, #1047, #741, .T. ) ;
#633 = ORIENTED_EDGE ( 'NONE', *, *, #4265, .F. ) ;
#634 = DIRECTION ( 'NONE',  ( -0.0000000000000000000, 1.000000000000000000, -0.0000000000000000000 ) ) ;
#635 = ORIENTED_EDGE ( 'NONE', *, *, #1442, .F. ) ;
#636 = LINE ( 'NONE', #3513, #833 ) ;
#637 = CARTESIAN_POINT ( 'NONE',  ( -0.7099999999999849800, 0.0000000000000000000, 0.1999999999999996500 ) ) ;
#638 = AXIS2_PLACEMENT_3D ( 'NONE', #1647, #1605, #4282 ) ;
#639 = EDGE_CURVE ( 'NONE', #1759, #3939, #183, .T. ) ;
#640 = DIRECTION ( 'NONE',  ( -1.000000000000000000, 0.0000000000000000000, -0.0000000000000000000 ) ) ;
#641 = DIRECTION ( 'NONE',  ( 2.710505431213763100E-016, -0.0000000000000000000, -1.000000000000000000 ) ) ;
#642 = PRODUCT_DEFINITION_CONTEXT ( 'detailed design', #75, 'design' ) ;
#643 = CARTESIAN_POINT ( 'NONE',  ( 0.6249999999999849000, 0.5100000000000000100, 0.5999999999999996400 ) ) ;
#644 = ADVANCED_FACE ( 'NONE', ( #645 ), #4236, .F. ) ;
#645 = FACE_OUTER_BOUND ( 'NONE', #314, .T. ) ;
#646 = CARTESIAN_POINT ( 'NONE',  ( -0.7500000000000000000, 0.0000000000000000000, -0.2000000000000000400 ) ) ;
#647 = SURFACE_STYLE_FILL_AREA ( #1556 ) ;
#648 = VERTEX_POINT ( 'NONE', #1319 ) ;
#649 = ORIENTED_EDGE ( 'NONE', *, *, #221, .F. ) ;
#650 = DIRECTION ( 'NONE',  ( 0.0000000000000000000, -1.000000000000000000, 0.0000000000000000000 ) ) ;
#651 = CARTESIAN_POINT ( 'NONE',  ( -0.6500000000000001300, 0.5500000000000000400, 1.599999999999999900 ) ) ;
#652 = CARTESIAN_POINT ( 'NONE',  ( -0.7099999999999933000, 0.04000000000000004900, -1.600000000000000300 ) ) ;
#653 = ORIENTED_EDGE ( 'NONE', *, *, #772, .T. ) ;
#654 = ORIENTED_EDGE ( 'NONE', *, *, #122, .F. ) ;
#655 = ORIENTED_EDGE ( 'NONE', *, *, #3546, .F. ) ;
#656 = EDGE_CURVE ( 'NONE', #2284, #4262, #381, .T. ) ;
#657 = ORIENTED_EDGE ( 'NONE', *, *, #2067, .T. ) ;
#658 = FACE_OUTER_BOUND ( 'NONE', #3037, .T. ) ;
#659 = EDGE_CURVE ( 'NONE', #1114, #2265, #3569, .T. ) ;
#660 = CARTESIAN_POINT ( 'NONE',  ( 0.3500000000000002000, 0.03999999999999999400, -1.599999999999999000 ) ) ;
#661 = DIRECTION ( 'NONE',  ( 0.0000000000000000000, -1.000000000000000000, 0.0000000000000000000 ) ) ;
#662 = ADVANCED_FACE ( 'NONE', ( #1251 ), #3000, .F. ) ;
#663 = VECTOR ( 'NONE', #3496, 1000.000000000000000 ) ;
#664 = CARTESIAN_POINT ( 'NONE',  ( -0.7099999999999933000, 0.04000000000000004900, -1.600000000000000300 ) ) ;
#665 = MANIFOLD_SOLID_BREP ( 'Pin 3', #3554 ) ;
#666 = DIRECTION ( 'NONE',  ( -0.0000000000000000000, -1.000000000000000000, -0.0000000000000000000 ) ) ;
#667 = CARTESIAN_POINT ( 'NONE',  ( 0.6500000000000001300, 0.5500000000000000400, -1.599999999999999000 ) ) ;
#668 = FACE_OUTER_BOUND ( 'NONE', #541, .T. ) ;
#669 = AXIS2_PLACEMENT_3D ( 'NONE', #1796, #2088, #1772 ) ;
#670 = DIRECTION ( 'NONE',  ( 0.0000000000000000000, 0.0000000000000000000, 1.000000000000000000 ) ) ;
#671 = ORIENTED_EDGE ( 'NONE', *, *, #493, .T. ) ;
#672 = FACE_OUTER_BOUND ( 'NONE', #2622, .T. ) ;
#673 = CARTESIAN_POINT ( 'NONE',  ( -0.7500000000000001100, 0.0000000000000000000, 0.6000000000000000900 ) ) ;
#674 = VERTEX_POINT ( 'NONE', #1931 ) ;
#675 = CARTESIAN_POINT ( 'NONE',  ( -0.4500000000000001800, 0.5100000000000000100, 1.600000000000000300 ) ) ;
#676 = LINE ( 'NONE', #507, #4091 ) ;
#677 = CARTESIAN_POINT ( 'NONE',  ( -0.7099999999999933000, 0.5100000000000000100, -0.2000000000000000900 ) ) ;
#678 = CARTESIAN_POINT ( 'NONE',  ( 0.7099999999999930800, 0.5100000000000000100, -0.6000000000000005300 ) ) ;
#679 = ORIENTED_EDGE ( 'NONE', *, *, #3306, .F. ) ;
#680 = EDGE_CURVE ( 'NONE', #3693, #1673, #892, .T. ) ;
#681 = CARTESIAN_POINT ( 'NONE',  ( 0.4500000000000000700, 0.0000000000000000000, -0.8249999999999990700 ) ) ;
#682 = VERTEX_POINT ( 'NONE', #3624 ) ;
#683 = ORIENTED_EDGE ( 'NONE', *, *, #2222, .F. ) ;
#684 = VECTOR ( 'NONE', #2857, 1000.000000000000000 ) ;
#685 = DIRECTION ( 'NONE',  ( -0.0000000000000000000, 1.000000000000000000, -0.0000000000000000000 ) ) ;
#686 = ADVANCED_FACE ( 'NONE', ( #1559 ), #313, .F. ) ;
#687 = VERTEX_POINT ( 'NONE', #660 ) ;
#688 = CARTESIAN_POINT ( 'NONE',  ( -0.7500000000000000000, 0.5100000000000000100, 0.2000000000000000400 ) ) ;
#689 = CARTESIAN_POINT ( 'NONE',  ( -0.3500000000000005300, 0.0000000000000000000, 1.599999999999999900 ) ) ;
#690 = EDGE_CURVE ( 'NONE', #2323, #2816, #4056, .T. ) ;
#691 = LINE ( 'NONE', #4238, #538 ) ;
#692 = CYLINDRICAL_SURFACE ( 'NONE', #2841, 0.1750000000000000700 ) ;
#693 = VERTEX_POINT ( 'NONE', #2633 ) ;
#694 = EDGE_CURVE ( 'NONE', #1102, #1343, #2686, .T. ) ;
#695 = DIRECTION ( 'NONE',  ( -2.710505431213761100E-016, -0.0000000000000000000, 1.000000000000000000 ) ) ;
#696 = AXIS2_PLACEMENT_3D ( 'NONE', #4285, #3536, #1558 ) ;
#697 = PLANE ( 'NONE',  #3934 ) ;
#698 = CARTESIAN_POINT ( 'NONE',  ( 0.4299999999999996600, 0.5500000000000000400, 0.0000000000000000000 ) ) ;
#699 = FACE_OUTER_BOUND ( 'NONE', #1258, .T. ) ;
#700 = EDGE_LOOP ( 'NONE', ( #2995, #3686, #2423, #4097, #4283, #2466 ) ) ;
#701 = CARTESIAN_POINT ( 'NONE',  ( 0.7100000000000001900, 0.5100000000000000100, -1.600000000000000300 ) ) ;
#702 = VERTEX_POINT ( 'NONE', #677 ) ;
#703 = DIRECTION ( 'NONE',  ( 1.000000000000000000, 0.0000000000000000000, 0.0000000000000000000 ) ) ;
#704 = ADVANCED_FACE ( 'NONE', ( #1148 ), #3276, .F. ) ;
#705 = EDGE_CURVE ( 'NONE', #1228, #1492, #1034, .T. ) ;
#706 = VECTOR ( 'NONE', #135, 1000.000000000000000 ) ;
#707 = EDGE_LOOP ( 'NONE', ( #2788, #3385, #2360, #965 ) ) ;
#708 = EDGE_CURVE ( 'NONE', #2147, #1440, #79, .T. ) ;
#709 = VECTOR ( 'NONE', #3425, 1000.000000000000000 ) ;
#710 = CARTESIAN_POINT ( 'NONE',  ( -0.6249999999999834600, 0.0000000000000000000, 0.7749999999999999100 ) ) ;
#711 = CARTESIAN_POINT ( 'NONE',  ( 0.7500000000000000000, 0.0000000000000000000, -0.1999999999999999300 ) ) ;
#712 = VECTOR ( 'NONE', #2777, 1000.000000000000000 ) ;
#713 = DIRECTION ( 'NONE',  ( -1.000000000000000000, 0.0000000000000000000, -2.168404344971008100E-015 ) ) ;
#714 = PLANE ( 'NONE',  #3782 ) ;
#715 = ORIENTED_EDGE ( 'NONE', *, *, #2287, .T. ) ;
#716 = LINE ( 'NONE', #26, #4032 ) ;
#717 = CARTESIAN_POINT ( 'NONE',  ( 0.4500000000000000100, 0.5100000000000000100, -0.8249999999999990700 ) ) ;
#718 = STYLED_ITEM ( 'NONE', ( #1075 ), #1918 ) ;
#719 = ORIENTED_EDGE ( 'NONE', *, *, #1494, .T. ) ;
#720 = FACE_OUTER_BOUND ( 'NONE', #3828, .T. ) ;
#721 = ORIENTED_EDGE ( 'NONE', *, *, #1116, .T. ) ;
#722 = ADVANCED_FACE ( 'NONE', ( #4107 ), #2572, .F. ) ;
#723 = CARTESIAN_POINT ( 'NONE',  ( 0.6250000000000001100, 0.04000000000000004900, -0.7750000000000004700 ) ) ;
#724 = SURFACE_STYLE_USAGE ( .BOTH. , #3357 ) ;
#725 = ORIENTED_EDGE ( 'NONE', *, *, #3299, .F. ) ;
#726 = VECTOR ( 'NONE', #2243, 1000.000000000000000 ) ;
#727 = AXIS2_PLACEMENT_3D ( 'NONE', #3864, #4217, #1537 ) ;
#728 = DIRECTION ( 'NONE',  ( 1.000000000000000000, 0.0000000000000000000, -7.228014483236699500E-016 ) ) ;
#729 = VERTEX_POINT ( 'NONE', #980 ) ;
#730 = CIRCLE ( 'NONE', #669, 0.1750000000000000700 ) ;
#731 = ORIENTED_EDGE ( 'NONE', *, *, #3766, .T. ) ;
#732 = LINE ( 'NONE', #3971, #224 ) ;
#733 = EDGE_CURVE ( 'NONE', #3842, #553, #1087, .T. ) ;
#734 = CARTESIAN_POINT ( 'NONE',  ( 0.7099999999999930800, 0.04000000000000004900, -0.6000000000000005300 ) ) ;
#735 = CARTESIAN_POINT ( 'NONE',  ( -0.7099999999999933000, 0.5500000000000000400, 0.6000000000000000900 ) ) ;
#736 = LINE ( 'NONE', #863, #3622 ) ;
#737 = CARTESIAN_POINT ( 'NONE',  ( -0.7500000000000002200, 0.5500000000000000400, -1.600000000000000100 ) ) ;
#738 =( NAMED_UNIT ( * ) SI_UNIT ( $, .STERADIAN. ) SOLID_ANGLE_UNIT ( ) );
#739 = EDGE_CURVE ( 'NONE', #2332, #2648, #3731, .T. ) ;
#740 = ORIENTED_EDGE ( 'NONE', *, *, #1030, .T. ) ;
#741 = LINE ( 'NONE', #3943, #1037 ) ;
#742 = ORIENTED_EDGE ( 'NONE', *, *, #30, .T. ) ;
#743 = ADVANCED_FACE ( 'NONE', ( #3464 ), #4042, .F. ) ;
#744 = LINE ( 'NONE', #1049, #3059 ) ;
#745 = AXIS2_PLACEMENT_3D ( 'NONE', #4216, #1252, #1584 ) ;
#746 = CARTESIAN_POINT ( 'NONE',  ( 0.3500000000000002000, 0.0000000000000000000, -1.599999999999999000 ) ) ;
#747 = DIRECTION ( 'NONE',  ( -0.0000000000000000000, -1.000000000000000000, -0.0000000000000000000 ) ) ;
#748 = VECTOR ( 'NONE', #2650, 1000.000000000000000 ) ;
#749 = MECHANICAL_DESIGN_GEOMETRIC_PRESENTATION_REPRESENTATION (  '', ( #1928 ), #3477 ) ;
#750 = CARTESIAN_POINT ( 'NONE',  ( -0.4500000000000001800, 0.5500000000000000400, 1.000000000000000000 ) ) ;
#751 = CARTESIAN_POINT ( 'NONE',  ( 0.7500000000000001100, 0.0000000000000000000, 0.5999999999999996400 ) ) ;
#752 = VECTOR ( 'NONE', #1397, 1000.000000000000000 ) ;
#753 = ORIENTED_EDGE ( 'NONE', *, *, #3194, .T. ) ;
#754 = ORIENTED_EDGE ( 'NONE', *, *, #759, .F. ) ;
#755 = PLANE ( 'NONE',  #2438 ) ;
#756 = EDGE_LOOP ( 'NONE', ( #2158, #270, #393, #1363 ) ) ;
#757 = CARTESIAN_POINT ( 'NONE',  ( -0.3500000000000004200, 0.03999999999999999400, 0.5999999999999998700 ) ) ;
#758 = VECTOR ( 'NONE', #821, 1000.000000000000000 ) ;
#759 = EDGE_CURVE ( 'NONE', #1100, #2764, #1553, .T. ) ;
#760 = CARTESIAN_POINT ( 'NONE',  ( 0.4499999999999837500, 0.04000000000000004900, -1.600000000000000300 ) ) ;
#761 = ORIENTED_EDGE ( 'NONE', *, *, #3789, .T. ) ;
#762 = VECTOR ( 'NONE', #597, 1000.000000000000000 ) ;
#763 = CARTESIAN_POINT ( 'NONE',  ( 0.7500000000000001100, 0.5500000000000000400, 0.5999999999999996400 ) ) ;
#764 = VERTEX_POINT ( 'NONE', #1007 ) ;
#765 = EDGE_CURVE ( 'NONE', #3788, #1602, #2169, .T. ) ;
#766 = CARTESIAN_POINT ( 'NONE',  ( 0.4500000000000001200, 0.04000000000000004900, -0.7750000000000018000 ) ) ;
#767 = ADVANCED_FACE ( 'NONE', ( #989 ), #3022, .F. ) ;
#768 = CARTESIAN_POINT ( 'NONE',  ( -0.4500000000000002300, 0.5500000000000000400, -0.6000000000000003100 ) ) ;
#769 = FACE_OUTER_BOUND ( 'NONE', #3773, .T. ) ;
#770 = VECTOR ( 'NONE', #1512, 1000.000000000000000 ) ;
#771 = DIRECTION ( 'NONE',  ( -1.000000000000000000, 0.0000000000000000000, 0.0000000000000000000 ) ) ;
#772 = EDGE_CURVE ( 'NONE', #877, #987, #177, .T. ) ;
#773 = ORIENTED_EDGE ( 'NONE', *, *, #1166, .F. ) ;
#774 = LINE ( 'NONE', #4062, #1326 ) ;
#775 = CARTESIAN_POINT ( 'NONE',  ( -0.7500000000000000000, 0.5500000000000000400, 0.2000000000000000400 ) ) ;
#776 = AXIS2_PLACEMENT_3D ( 'NONE', #2200, #1195, #3852 ) ;
#777 = DIRECTION ( 'NONE',  ( 0.0000000000000000000, -0.0000000000000000000, -1.000000000000000000 ) ) ;
#778 = ORIENTED_EDGE ( 'NONE', *, *, #2123, .T. ) ;
#779 = FACE_OUTER_BOUND ( 'NONE', #2214, .T. ) ;
#780 = DIRECTION ( 'NONE',  ( 0.0000000000000000000, -1.000000000000000000, 0.0000000000000000000 ) ) ;
#781 = VERTEX_POINT ( 'NONE', #1711 ) ;
#782 = EDGE_LOOP ( 'NONE', ( #1750, #1162, #816, #3737 ) ) ;
#783 = ORIENTED_EDGE ( 'NONE', *, *, #2377, .T. ) ;
#784 = CARTESIAN_POINT ( 'NONE',  ( 0.4499999999999837500, 0.5100000000000000100, 0.7750000000000008000 ) ) ;
#785 = DIRECTION ( 'NONE',  ( -0.0000000000000000000, -0.0000000000000000000, -1.000000000000000000 ) ) ;
#786 = ADVANCED_FACE ( 'NONE', ( #2421 ), #2326, .F. ) ;
#787 = CYLINDRICAL_SURFACE ( 'NONE', #3139, 0.1750000000000000200 ) ;
#788 = EDGE_CURVE ( 'NONE', #553, #1420, #375, .T. ) ;
#789 = VECTOR ( 'NONE', #3068, 1000.000000000000000 ) ;
#790 = DIRECTION ( 'NONE',  ( 1.000000000000000000, 0.0000000000000000000, -2.710505431213761100E-016 ) ) ;
#791 = VECTOR ( 'NONE', #262, 1000.000000000000000 ) ;
#792 = EDGE_CURVE ( 'NONE', #3826, #1602, #3626, .T. ) ;
#793 = CARTESIAN_POINT ( 'NONE',  ( -0.7099999999999933000, 0.04000000000000004900, -0.6000000000000003100 ) ) ;
#794 = LINE ( 'NONE', #2952, #1301 ) ;
#795 = PLANE ( 'NONE',  #2137 ) ;
#796 = ORIENTED_EDGE ( 'NONE', *, *, #1585, .T. ) ;
#797 = ORIENTED_EDGE ( 'NONE', *, *, #1965, .T. ) ;
#798 = CARTESIAN_POINT ( 'NONE',  ( -0.7500000000000001100, 0.5500000000000000400, 0.6000000000000000900 ) ) ;
#799 = DIRECTION ( 'NONE',  ( -0.0000000000000000000, 1.000000000000000000, -0.0000000000000000000 ) ) ;
#800 = VECTOR ( 'NONE', #2451, 1000.000000000000000 ) ;
#801 = VERTEX_POINT ( 'NONE', #1349 ) ;
#802 = ORIENTED_EDGE ( 'NONE', *, *, #2676, .F. ) ;
#803 = FILL_AREA_STYLE ('',( #2805 ) ) ;
#804 = ADVANCED_FACE ( 'NONE', ( #27 ), #692, .F. ) ;
#805 = AXIS2_PLACEMENT_3D ( 'NONE', #3046, #1065, #1400 ) ;
#806 = DIRECTION ( 'NONE',  ( -1.000000000000000000, 0.0000000000000000000, 2.710505431213759600E-016 ) ) ;
#807 = VERTEX_POINT ( 'NONE', #2024 ) ;
#808 = LINE ( 'NONE', #3101, #3017 ) ;
#809 = CARTESIAN_POINT ( 'NONE',  ( 0.7099999999999930800, 0.0000000000000000000, -1.000000000000000000 ) ) ;
#810 = CARTESIAN_POINT ( 'NONE',  ( -0.7500000000000000000, 0.0000000000000000000, -0.2000000000000000400 ) ) ;
#811 = DIRECTION ( 'NONE',  ( -1.000000000000000000, 0.0000000000000000000, 0.0000000000000000000 ) ) ;
#812 = EDGE_CURVE ( 'NONE', #729, #167, #2901, .T. ) ;
#813 = VECTOR ( 'NONE', #2432, 1000.000000000000000 ) ;
#814 = PLANE ( 'NONE',  #901 ) ;
#815 = CARTESIAN_POINT ( 'NONE',  ( -0.3500000000000001400, 0.03999999999999999400, -1.599999999999999900 ) ) ;
#816 = ORIENTED_EDGE ( 'NONE', *, *, #1471, .F. ) ;
#817 = VECTOR ( 'NONE', #1977, 1000.000000000000000 ) ;
#818 = EDGE_CURVE ( 'NONE', #2333, #3091, #342, .T. ) ;
#819 = DIRECTION ( 'NONE',  ( 0.0000000000000000000, -1.000000000000000000, 0.0000000000000000000 ) ) ;
#820 = LINE ( 'NONE', #1636, #2045 ) ;
#821 = DIRECTION ( 'NONE',  ( 0.0000000000000000000, 0.0000000000000000000, 1.000000000000000000 ) ) ;
#822 = AXIS2_PLACEMENT_3D ( 'NONE', #4087, #3085, #3118 ) ;
#823 = VECTOR ( 'NONE', #300, 1000.000000000000000 ) ;
#824 = DIRECTION ( 'NONE',  ( -1.000000000000000000, 0.0000000000000000000, -0.0000000000000000000 ) ) ;
#825 = ADVANCED_FACE ( 'NONE', ( #1814 ), #3370, .T. ) ;
#826 = ORIENTED_EDGE ( 'NONE', *, *, #1853, .F. ) ;
#827 = VERTEX_POINT ( 'NONE', #2643 ) ;
#828 = LINE ( 'NONE', #3289, #2257 ) ;
#829 = DIRECTION ( 'NONE',  ( -1.000000000000000000, 0.0000000000000000000, 0.0000000000000000000 ) ) ;
#830 = AXIS2_PLACEMENT_3D ( 'NONE', #4274, #6, #4260 ) ;
#831 = CARTESIAN_POINT ( 'NONE',  ( -0.7099999999999933000, 0.04000000000000004900, -1.600000000000000300 ) ) ;
#832 = ORIENTED_EDGE ( 'NONE', *, *, #4235, .F. ) ;
#833 = VECTOR ( 'NONE', #2165, 1000.000000000000000 ) ;
#834 = DIRECTION ( 'NONE',  ( 1.000000000000000000, -0.0000000000000000000, 0.0000000000000000000 ) ) ;
#835 = CARTESIAN_POINT ( 'NONE',  ( -0.7099999999999933000, 0.04000000000000004900, -1.600000000000000300 ) ) ;
#836 = VECTOR ( 'NONE', #518, 1000.000000000000000 ) ;
#837 = EDGE_CURVE ( 'NONE', #450, #3623, #2998, .T. ) ;
#838 = DIRECTION ( 'NONE',  ( 1.807003620809173900E-016, -0.0000000000000000000, -1.000000000000000000 ) ) ;
#839 = PLANE ( 'NONE',  #2608 ) ;
#840 = ORIENTED_EDGE ( 'NONE', *, *, #2655, .T. ) ;
#841 = VECTOR ( 'NONE', #4250, 1000.000000000000000 ) ;
#842 = UNCERTAINTY_MEASURE_WITH_UNIT (LENGTH_MEASURE( 1.000000000000000100E-005 ), #99, 'distance_accuracy_value', 'NONE');
#843 = EDGE_CURVE ( 'NONE', #3176, #879, #2743, .T. ) ;
#844 = DIRECTION ( 'NONE',  ( 0.0000000000000000000, 1.000000000000000000, 0.0000000000000000000 ) ) ;
#845 = VECTOR ( 'NONE', #3817, 1000.000000000000000 ) ;
#846 = VECTOR ( 'NONE', #2679, 1000.000000000000000 ) ;
#847 = AXIS2_PLACEMENT_3D ( 'NONE', #935, #2688, #3346 ) ;
#848 = EDGE_CURVE ( 'NONE', #3978, #3176, #3319, .T. ) ;
#849 = FACE_OUTER_BOUND ( 'NONE', #2411, .T. ) ;
#850 = ORIENTED_EDGE ( 'NONE', *, *, #1051, .F. ) ;
#851 = ORIENTED_EDGE ( 'NONE', *, *, #2407, .F. ) ;
#852 = AXIS2_PLACEMENT_3D ( 'NONE', #162, #2458, #3089 ) ;
#853 = ORIENTED_EDGE ( 'NONE', *, *, #624, .T. ) ;
#854 = ORIENTED_EDGE ( 'NONE', *, *, #312, .F. ) ;
#855 = CARTESIAN_POINT ( 'NONE',  ( 0.6249999999999837900, 0.0000000000000000000, 0.8249999999999992900 ) ) ;
#856 = ORIENTED_EDGE ( 'NONE', *, *, #2317, .F. ) ;
#857 = DIRECTION ( 'NONE',  ( -2.710505431213763100E-016, 0.0000000000000000000, -1.000000000000000000 ) ) ;
#858 = VERTEX_POINT ( 'NONE', #2052 ) ;
#859 = VECTOR ( 'NONE', #2623, 1000.000000000000000 ) ;
#860 = VERTEX_POINT ( 'NONE', #2409 ) ;
#861 = CARTESIAN_POINT ( 'NONE',  ( -0.7500000000000002200, 0.5500000000000000400, 1.600000000000000100 ) ) ;
#862 = PRESENTATION_STYLE_ASSIGNMENT (( #1083 ) ) ;
#863 = CARTESIAN_POINT ( 'NONE',  ( 0.3500000000000000900, 0.03999999999999999400, -0.6000000000000003100 ) ) ;
#864 = DIRECTION ( 'NONE',  ( -0.0000000000000000000, -0.0000000000000000000, 1.000000000000000000 ) ) ;
#865 = ADVANCED_FACE ( 'NONE', ( #1345 ), #2752, .F. ) ;
#866 = EDGE_CURVE ( 'NONE', #2871, #3172, #3213, .T. ) ;
#867 = VECTOR ( 'NONE', #3465, 1000.000000000000000 ) ;
#868 = CARTESIAN_POINT ( 'NONE',  ( -0.7099999999999933000, 0.5100000000000000100, -1.000000000000000000 ) ) ;
#869 = ORIENTED_EDGE ( 'NONE', *, *, #1834, .F. ) ;
#870 = CARTESIAN_POINT ( 'NONE',  ( -0.7099999999999933000, 0.04000000000000004900, -0.6000000000000000900 ) ) ;
#871 = LINE ( 'NONE', #2787, #3397 ) ;
#872 = EDGE_CURVE ( 'NONE', #4190, #1857, #2063, .T. ) ;
#873 = ORIENTED_EDGE ( 'NONE', *, *, #2261, .F. ) ;
#874 = CARTESIAN_POINT ( 'NONE',  ( 0.3500000000000002000, 0.03999999999999999400, -1.599999999999999000 ) ) ;
#875 =( NAMED_UNIT ( * ) PLANE_ANGLE_UNIT ( ) SI_UNIT ( $, .RADIAN. ) );
#876 = ORIENTED_EDGE ( 'NONE', *, *, #1415, .T. ) ;
#877 = VERTEX_POINT ( 'NONE', #3426 ) ;
#878 = VECTOR ( 'NONE', #3303, 1000.000000000000000 ) ;
#879 = VERTEX_POINT ( 'NONE', #1406 ) ;
#880 = FACE_OUTER_BOUND ( 'NONE', #477, .T. ) ;
#881 = ORIENTED_EDGE ( 'NONE', *, *, #3354, .F. ) ;
#882 = CARTESIAN_POINT ( 'NONE',  ( 0.7099999999999767600, 0.04000000000000004900, 0.5999999999999996400 ) ) ;
#883 = LINE ( 'NONE', #2885, #3312 ) ;
#884 = CARTESIAN_POINT ( 'NONE',  ( 0.7500000000000001100, 0.0000000000000000000, 0.5999999999999996400 ) ) ;
#885 = DIRECTION ( 'NONE',  ( 1.000000000000000000, 0.0000000000000000000, 0.0000000000000000000 ) ) ;
#886 = ORIENTED_EDGE ( 'NONE', *, *, #2293, .F. ) ;
#887 = DIRECTION ( 'NONE',  ( -0.0000000000000000000, -1.000000000000000000, -0.0000000000000000000 ) ) ;
#888 = LINE ( 'NONE', #2065, #3841 ) ;
#889 = ORIENTED_EDGE ( 'NONE', *, *, #2441, .F. ) ;
#890 = EDGE_CURVE ( 'NONE', #3721, #2284, #1143, .T. ) ;
#891 = DIRECTION ( 'NONE',  ( -2.710505431213759600E-016, 0.0000000000000000000, -1.000000000000000000 ) ) ;
#892 = CIRCLE ( 'NONE', #3499, 0.1750000000000000200 ) ;
#893 = PLANE ( 'NONE',  #3553 ) ;
#894 = ORIENTED_EDGE ( 'NONE', *, *, #3162, .F. ) ;
#895 = ORIENTED_EDGE ( 'NONE', *, *, #2825, .F. ) ;
#896 = EDGE_CURVE ( 'NONE', #3254, #3993, #3411, .T. ) ;
#897 = PLANE ( 'NONE',  #2790 ) ;
#898 = ORIENTED_EDGE ( 'NONE', *, *, #3500, .F. ) ;
#899 = EDGE_LOOP ( 'NONE', ( #2864, #2722, #3761, #498 ) ) ;
#900 = DIRECTION ( 'NONE',  ( 0.0000000000000000000, 1.000000000000000000, 0.0000000000000000000 ) ) ;
#901 = AXIS2_PLACEMENT_3D ( 'NONE', #4117, #2833, #1167 ) ;
#902 = FACE_OUTER_BOUND ( 'NONE', #4073, .T. ) ;
#903 = ORIENTED_EDGE ( 'NONE', *, *, #2261, .T. ) ;
#904 = EDGE_LOOP ( 'NONE', ( #4218, #3584, #761, #1410 ) ) ;
#905 = DIRECTION ( 'NONE',  ( 1.000000000000000000, 0.0000000000000000000, 0.0000000000000000000 ) ) ;
#906 = DIRECTION ( 'NONE',  ( 0.0000000000000000000, 1.000000000000000000, 0.0000000000000000000 ) ) ;
#907 =( NAMED_UNIT ( * ) SI_UNIT ( $, .STERADIAN. ) SOLID_ANGLE_UNIT ( ) );
#908 = PRESENTATION_LAYER_ASSIGNMENT (  '', '', ( #1928 ) ) ;
#909 = DIRECTION ( 'NONE',  ( -1.000000000000000000, 0.0000000000000000000, -7.228014483236699500E-016 ) ) ;
#910 = CARTESIAN_POINT ( 'NONE',  ( -0.3500000000000002000, 0.03999999999999999400, -1.000000000000000000 ) ) ;
#911 = FACE_OUTER_BOUND ( 'NONE', #240, .T. ) ;
#912 = CARTESIAN_POINT ( 'NONE',  ( -0.7099999999999933000, 0.5100000000000000100, -0.6000000000000003100 ) ) ;
#913 = EDGE_CURVE ( 'NONE', #4128, #3048, #2219, .T. ) ;
#914 = DIRECTION ( 'NONE',  ( 0.0000000000000000000, 1.000000000000000000, 0.0000000000000000000 ) ) ;
#915 = ORIENTED_EDGE ( 'NONE', *, *, #4068, .T. ) ;
#916 = LINE ( 'NONE', #1687, #3244 ) ;
#917 = UNCERTAINTY_MEASURE_WITH_UNIT (LENGTH_MEASURE( 1.000000000000000100E-005 ), #1378, 'distance_accuracy_value', 'NONE');
#918 = CARTESIAN_POINT ( 'NONE',  ( 0.3500000000000000900, 0.0000000000000000000, -0.2000000000000000900 ) ) ;
#919 = VECTOR ( 'NONE', #3238, 1000.000000000000000 ) ;
#920 = EDGE_CURVE ( 'NONE', #3410, #1140, #934, .T. ) ;
#921 = CARTESIAN_POINT ( 'NONE',  ( -0.6500000000000001300, 0.5500000000000000400, 1.400000000000000100 ) ) ;
#922 = DIRECTION ( 'NONE',  ( -1.807003620809173900E-016, -0.0000000000000000000, 1.000000000000000000 ) ) ;
#923 = ORIENTED_EDGE ( 'NONE', *, *, #546, .T. ) ;
#924 = ORIENTED_EDGE ( 'NONE', *, *, #3057, .F. ) ;
#925 = DIRECTION ( 'NONE',  ( 0.0000000000000000000, 1.000000000000000000, 0.0000000000000000000 ) ) ;
#926 = VECTOR ( 'NONE', #1346, 1000.000000000000000 ) ;
#927 = CARTESIAN_POINT ( 'NONE',  ( -0.4500000000000001800, 0.5500000000000000400, 1.400000000000000100 ) ) ;
#928 = CARTESIAN_POINT ( 'NONE',  ( 0.7100000000000001900, 0.5100000000000000100, 0.1999999999999998700 ) ) ;
#929 = ORIENTED_EDGE ( 'NONE', *, *, #951, .F. ) ;
#930 = COLOUR_RGB ( '',0.7921568627450980000, 0.8196078431372548800, 0.9333333333333333500 ) ;
#931 = PLANE ( 'NONE',  #1038 ) ;
#932 = PLANE ( 'NONE',  #2556 ) ;
#933 = CARTESIAN_POINT ( 'NONE',  ( -0.4499999999999835200, 0.04000000000000004900, -1.600000000000000300 ) ) ;
#934 = LINE ( 'NONE', #1074, #1865 ) ;
#935 = CARTESIAN_POINT ( 'NONE',  ( -0.7099999999999933000, 0.04000000000000004900, -1.600000000000000300 ) ) ;
#936 = AXIS2_PLACEMENT_3D ( 'NONE', #1953, #1279, #2597 ) ;
#937 = DIRECTION ( 'NONE',  ( -0.0000000000000000000, -0.0000000000000000000, 1.000000000000000000 ) ) ;
#938 = VECTOR ( 'NONE', #909, 1000.000000000000000 ) ;
#939 = DIRECTION ( 'NONE',  ( 1.000000000000000000, -0.0000000000000000000, 0.0000000000000000000 ) ) ;
#940 = CARTESIAN_POINT ( 'NONE',  ( -0.4500000000000002300, 0.0000000000000000000, -0.8249999999999988500 ) ) ;
#941 = DIRECTION ( 'NONE',  ( -0.0000000000000000000, -1.000000000000000000, -0.0000000000000000000 ) ) ;
#942 = VECTOR ( 'NONE', #1820, 1000.000000000000000 ) ;
#943 = EDGE_CURVE ( 'NONE', #2626, #417, #888, .T. ) ;
#944 = DIRECTION ( 'NONE',  ( -0.0000000000000000000, -0.0000000000000000000, 1.000000000000000000 ) ) ;
#945 = CARTESIAN_POINT ( 'NONE',  ( 0.7099999999999930800, 0.5100000000000000100, -1.000000000000000000 ) ) ;
#946 = LINE ( 'NONE', #997, #748 ) ;
#947 = PLANE ( 'NONE',  #936 ) ;
#948 = EDGE_LOOP ( 'NONE', ( #1700, #630, #1956, #2660 ) ) ;
#949 = VECTOR ( 'NONE', #3443, 1000.000000000000000 ) ;
#950 = ORIENTED_EDGE ( 'NONE', *, *, #970, .T. ) ;
#951 = EDGE_CURVE ( 'NONE', #879, #501, #2111, .T. ) ;
#952 = ORIENTED_EDGE ( 'NONE', *, *, #1674, .T. ) ;
#953 = CARTESIAN_POINT ( 'NONE',  ( 0.7500000000000000000, 0.5500000000000000400, -0.1999999999999999300 ) ) ;
#954 = VERTEX_POINT ( 'NONE', #3442 ) ;
#955 = DIRECTION ( 'NONE',  ( -0.0000000000000000000, 1.000000000000000000, -0.0000000000000000000 ) ) ;
#956 = ADVANCED_FACE ( 'NONE', ( #1450 ), #755, .F. ) ;
#957 = EDGE_LOOP ( 'NONE', ( #1484, #2229, #3514, #3637, #1274, #3942 ) ) ;
#958 = ORIENTED_EDGE ( 'NONE', *, *, #690, .T. ) ;
#959 = CARTESIAN_POINT ( 'NONE',  ( 0.4500000000000001800, 0.5100000000000000100, 1.600000000000000300 ) ) ;
#960 = VECTOR ( 'NONE', #2810, 1000.000000000000000 ) ;
#961 = CARTESIAN_POINT ( 'NONE',  ( 0.7100000000000001900, 0.5500000000000000400, -0.5999999999999996400 ) ) ;
#962 = PRESENTATION_STYLE_ASSIGNMENT (( #2113 ) ) ;
#963 = DIRECTION ( 'NONE',  ( -0.0000000000000000000, 1.000000000000000000, -0.0000000000000000000 ) ) ;
#964 = CARTESIAN_POINT ( 'NONE',  ( 0.7500000000000000000, 0.5500000000000000400, 0.1999999999999999300 ) ) ;
#965 = ORIENTED_EDGE ( 'NONE', *, *, #2489, .F. ) ;
#966 = CARTESIAN_POINT ( 'NONE',  ( 0.4499999999999837500, 0.0000000000000000000, 0.7750000000000008000 ) ) ;
#967 = FACE_OUTER_BOUND ( 'NONE', #1347, .T. ) ;
#968 = EDGE_LOOP ( 'NONE', ( #4043, #1354, #4186, #140, #379, #1680, #1941, #1405 ) ) ;
#969 = DIRECTION ( 'NONE',  ( 1.000000000000000000, 0.0000000000000000000, -0.0000000000000000000 ) ) ;
#970 = EDGE_CURVE ( 'NONE', #3233, #807, #2682, .T. ) ;
#971 = LINE ( 'NONE', #96, #1536 ) ;
#972 = ORIENTED_EDGE ( 'NONE', *, *, #144, .T. ) ;
#973 = CARTESIAN_POINT ( 'NONE',  ( -0.7500000000000001100, 0.5100000000000000100, 1.000000000000000000 ) ) ;
#974 = ADVANCED_FACE ( 'NONE', ( #3675 ), #839, .F. ) ;
#975 = DIRECTION ( 'NONE',  ( -1.000000000000000000, -0.0000000000000000000, 2.168404344971008100E-015 ) ) ;
#976 = EDGE_LOOP ( 'NONE', ( #1540, #4066, #3253, #655 ) ) ;
#977 = LINE ( 'NONE', #3271, #878 ) ;
#978 = EDGE_CURVE ( 'NONE', #4253, #2125, #4004, .T. ) ;
#979 = ORIENTED_EDGE ( 'NONE', *, *, #913, .T. ) ;
#980 = CARTESIAN_POINT ( 'NONE',  ( -0.7099999999999933000, 0.5100000000000000100, 0.2000000000000000400 ) ) ;
#981 = FACE_OUTER_BOUND ( 'NONE', #1307, .T. ) ;
#982 = EDGE_LOOP ( 'NONE', ( #3751, #1904, #742, #2300, #3644, #856, #1567, #1383 ) ) ;
#983 = AXIS2_PLACEMENT_3D ( 'NONE', #1832, #3800, #2485 ) ;
#984 = DIRECTION ( 'NONE',  ( 0.0000000000000000000, 0.0000000000000000000, -1.000000000000000000 ) ) ;
#985 = FACE_OUTER_BOUND ( 'NONE', #1934, .T. ) ;
#986 = CARTESIAN_POINT ( 'NONE',  ( -0.6249999999999919000, 0.04000000000000004900, -0.02500000000000006400 ) ) ;
#987 = VERTEX_POINT ( 'NONE', #228 ) ;
#988 = CARTESIAN_POINT ( 'NONE',  ( -0.6250000000000015500, 0.5100000000000000100, -0.6000000000000003100 ) ) ;
#989 = FACE_OUTER_BOUND ( 'NONE', #3562, .T. ) ;
#990 = CARTESIAN_POINT ( 'NONE',  ( 0.7099999999999849800, 0.5100000000000000100, -0.2000000000000002600 ) ) ;
#991 = VERTEX_POINT ( 'NONE', #533 ) ;
#992 = LINE ( 'NONE', #2817, #438 ) ;
#993 = DIRECTION ( 'NONE',  ( -1.000000000000000000, 0.0000000000000000000, 0.0000000000000000000 ) ) ;
#994 = DIRECTION ( 'NONE',  ( 0.0000000000000000000, -1.000000000000000000, 0.0000000000000000000 ) ) ;
#995 = ADVANCED_FACE ( 'NONE', ( #592 ), #516, .F. ) ;
#996 = LINE ( 'NONE', #1429, #4276 ) ;
#997 = CARTESIAN_POINT ( 'NONE',  ( 0.7500000000000002200, 0.5500000000000000400, 1.599999999999999200 ) ) ;
#998 = ORIENTED_EDGE ( 'NONE', *, *, #2149, .T. ) ;
#999 = ORIENTED_EDGE ( 'NONE', *, *, #3949, .T. ) ;
#1000 = EDGE_CURVE ( 'NONE', #2250, #987, #1768, .T. ) ;
#1001 = CARTESIAN_POINT ( 'NONE',  ( 0.0000000000000000000, 0.0000000000000000000, 0.0000000000000000000 ) ) ;
#1002 = LINE ( 'NONE', #3556, #3227 ) ;
#1003 = ORIENTED_EDGE ( 'NONE', *, *, #3110, .T. ) ;
#1004 = ORIENTED_EDGE ( 'NONE', *, *, #3431, .F. ) ;
#1005 = CIRCLE ( 'NONE', #595, 0.1750000000000000200 ) ;
#1006 = EDGE_CURVE ( 'NONE', #15, #3243, #1913, .T. ) ;
#1007 = CARTESIAN_POINT ( 'NONE',  ( -0.3500000000000004800, 0.03999999999999999400, 0.9999999999999995600 ) ) ;
#1008 = ORIENTED_EDGE ( 'NONE', *, *, #2976, .F. ) ;
#1009 = DIRECTION ( 'NONE',  ( 1.000000000000000000, -0.0000000000000000000, -0.0000000000000000000 ) ) ;
#1010 = CARTESIAN_POINT ( 'NONE',  ( 0.7500000000000001100, 0.5500000000000000400, 0.9999999999999991100 ) ) ;
#1011 = AXIS2_PLACEMENT_3D ( 'NONE', #2585, #4221, #4251 ) ;
#1012 = CARTESIAN_POINT ( 'NONE',  ( -0.7500000000000001100, 0.0000000000000000000, 0.6000000000000000900 ) ) ;
#1013 = ADVANCED_FACE ( 'NONE', ( #3896 ), #3159, .T. ) ;
#1014 = PLANE ( 'NONE',  #2412 ) ;
#1015 = EDGE_LOOP ( 'NONE', ( #1770, #4013, #1554, #543, #3740, #3295, #3944, #2358 ) ) ;
#1016 = VECTOR ( 'NONE', #3602, 1000.000000000000000 ) ;
#1017 = DIRECTION ( 'NONE',  ( -0.0000000000000000000, -1.000000000000000000, -0.0000000000000000000 ) ) ;
#1018 = VECTOR ( 'NONE', #1996, 1000.000000000000000 ) ;
#1019 = DIRECTION ( 'NONE',  ( 0.7071067811865474600, -0.7071067811865474600, -0.0000000000000000000 ) ) ;
#1020 = EDGE_LOOP ( 'NONE', ( #2546, #593, #2707, #1515 ) ) ;
#1021 = VECTOR ( 'NONE', #2763, 1000.000000000000000 ) ;
#1022 = EDGE_CURVE ( 'NONE', #63, #991, #1764, .T. ) ;
#1023 = PLANE ( 'NONE',  #2241 ) ;
#1024 = ORIENTED_EDGE ( 'NONE', *, *, #3838, .F. ) ;
#1025 = ORIENTED_EDGE ( 'NONE', *, *, #1193, .F. ) ;
#1026 = LINE ( 'NONE', #437, #4146 ) ;
#1027 = CARTESIAN_POINT ( 'NONE',  ( -0.7099999999999933000, 0.5100000000000000100, -1.600000000000000300 ) ) ;
#1028 = ORIENTED_EDGE ( 'NONE', *, *, #1340, .F. ) ;
#1029 = CARTESIAN_POINT ( 'NONE',  ( -0.7099999999999933000, 0.04000000000000004900, 0.5999999999999994200 ) ) ;
#1030 = EDGE_CURVE ( 'NONE', #4190, #693, #736, .T. ) ;
#1031 = CYLINDRICAL_SURFACE ( 'NONE', #2725, 0.1750000000000000200 ) ;
#1032 = CARTESIAN_POINT ( 'NONE',  ( -0.7099999999999933000, 0.04000000000000004900, -0.2000000000000003200 ) ) ;
#1033 = ADVANCED_FACE ( 'NONE', ( #3948 ), #2498, .T. ) ;
#1034 = LINE ( 'NONE', #1981, #3777 ) ;
#1035 = PRESENTATION_LAYER_ASSIGNMENT (  '', '', ( #2355 ) ) ;
#1036 = PLANE ( 'NONE',  #3199 ) ;
#1037 = VECTOR ( 'NONE', #1294, 1000.000000000000000 ) ;
#1038 = AXIS2_PLACEMENT_3D ( 'NONE', #2275, #2900, #336 ) ;
#1039 = DIRECTION ( 'NONE',  ( 0.0000000000000000000, -0.0000000000000000000, 1.000000000000000000 ) ) ;
#1040 = LINE ( 'NONE', #108, #1403 ) ;
#1041 =( NAMED_UNIT ( * ) PLANE_ANGLE_UNIT ( ) SI_UNIT ( $, .RADIAN. ) );
#1042 = ORIENTED_EDGE ( 'NONE', *, *, #1226, .F. ) ;
#1043 = DIRECTION ( 'NONE',  ( 0.0000000000000000000, 0.0000000000000000000, -1.000000000000000000 ) ) ;
#1044 = EDGE_LOOP ( 'NONE', ( #1376, #1197, #3125, #3716, #1333, #3605, #1262, #1649 ) ) ;
#1045 = EDGE_CURVE ( 'NONE', #3842, #3954, #2162, .T. ) ;
#1046 = FACE_OUTER_BOUND ( 'NONE', #233, .T. ) ;
#1047 = VERTEX_POINT ( 'NONE', #2120 ) ;
#1048 = ORIENTED_EDGE ( 'NONE', *, *, #2865, .T. ) ;
#1049 = CARTESIAN_POINT ( 'NONE',  ( 0.4500000000000001800, 0.5500000000000000400, -0.1999999999999999300 ) ) ;
#1050 = ORIENTED_EDGE ( 'NONE', *, *, #1471, .T. ) ;
#1051 = EDGE_CURVE ( 'NONE', #3911, #3596, #4205, .T. ) ;
#1052 = ORIENTED_EDGE ( 'NONE', *, *, #359, .F. ) ;
#1053 = FILL_AREA_STYLE ('',( #3030 ) ) ;
#1054 = ADVANCED_FACE ( 'NONE', ( #4154 ), #1188, .F. ) ;
#1055 = FACE_OUTER_BOUND ( 'NONE', #1699, .T. ) ;
#1056 = PLANE ( 'NONE',  #2953 ) ;
#1057 = FACE_OUTER_BOUND ( 'NONE', #1978, .T. ) ;
#1058 = AXIS2_PLACEMENT_3D ( 'NONE', #3654, #1369, #394 ) ;
#1059 = DIRECTION ( 'NONE',  ( 1.000000000000000000, -0.0000000000000000000, -6.377659838150644000E-016 ) ) ;
#1060 = VERTEX_POINT ( 'NONE', #4215 ) ;
#1061 = EDGE_CURVE ( 'NONE', #2490, #2816, #883, .T. ) ;
#1062 = DIRECTION ( 'NONE',  ( -1.000000000000000000, 0.0000000000000000000, 0.0000000000000000000 ) ) ;
#1063 = VECTOR ( 'NONE', #1893, 1000.000000000000000 ) ;
#1064 = CARTESIAN_POINT ( 'NONE',  ( -0.4500000000000001800, 0.5500000000000000400, -1.400000000000000100 ) ) ;
#1065 = DIRECTION ( 'NONE',  ( -0.0000000000000000000, 1.000000000000000000, 0.0000000000000000000 ) ) ;
#1066 = PRESENTATION_LAYER_ASSIGNMENT (  '', '', ( #718 ) ) ;
#1067 = CARTESIAN_POINT ( 'NONE',  ( -0.4500000000000001800, 0.5500000000000000400, -1.400000000000000100 ) ) ;
#1068 = VECTOR ( 'NONE', #3836, 1000.000000000000000 ) ;
#1069 = ORIENTED_EDGE ( 'NONE', *, *, #4006, .F. ) ;
#1070 = CARTESIAN_POINT ( 'NONE',  ( -0.6249999999999920100, 0.04000000000000004900, 0.02499999999999963400 ) ) ;
#1071 = CARTESIAN_POINT ( 'NONE',  ( 0.0000000000000000000, 0.5500000000000000400, 0.0000000000000000000 ) ) ;
#1072 = PRODUCT_CONTEXT ( 'NONE', #1684, 'mechanical' ) ;
#1073 = VECTOR ( 'NONE', #3027, 1000.000000000000000 ) ;
#1074 = CARTESIAN_POINT ( 'NONE',  ( 0.7500000000000001100, 0.03999999999999999400, -0.9999999999999991100 ) ) ;
#1075 = PRESENTATION_STYLE_ASSIGNMENT (( #2133 ) ) ;
#1076 = CARTESIAN_POINT ( 'NONE',  ( -0.7099999999999933000, 0.04000000000000004900, -0.2000000000000000900 ) ) ;
#1077 = ADVANCED_FACE ( 'NONE', ( #2418 ), #893, .T. ) ;
#1078 = LINE ( 'NONE', #3651, #3149 ) ;
#1079 = EDGE_CURVE ( 'NONE', #148, #4120, #2061, .T. ) ;
#1080 = DIRECTION ( 'NONE',  ( 1.000000000000000000, 0.0000000000000000000, -0.0000000000000000000 ) ) ;
#1081 = FILL_AREA_STYLE_COLOUR ( '', #1108 ) ;
#1082 = DIRECTION ( 'NONE',  ( 0.0000000000000000000, -1.000000000000000000, 0.0000000000000000000 ) ) ;
#1083 = SURFACE_STYLE_USAGE ( .BOTH. , #2060 ) ;
#1084 = FACE_OUTER_BOUND ( 'NONE', #2799, .T. ) ;
#1085 = CARTESIAN_POINT ( 'NONE',  ( -0.7500000000000001100, 0.5500000000000000400, -1.000000000000000000 ) ) ;
#1086 = EDGE_CURVE ( 'NONE', #4069, #1469, #1962, .T. ) ;
#1087 = LINE ( 'NONE', #1332, #2528 ) ;
#1088 = CARTESIAN_POINT ( 'NONE',  ( -0.7099999999999933000, 0.04000000000000004900, -1.600000000000000300 ) ) ;
#1089 = CARTESIAN_POINT ( 'NONE',  ( 0.6500000000000001300, 0.5500000000000000400, 1.599999999999999000 ) ) ;
#1090 = VECTOR ( 'NONE', #3868, 1000.000000000000000 ) ;
#1091 = AXIS2_PLACEMENT_3D ( 'NONE', #1085, #1755, #2434 ) ;
#1092 = DIRECTION ( 'NONE',  ( 0.0000000000000000000, 0.0000000000000000000, -1.000000000000000000 ) ) ;
#1093 = CARTESIAN_POINT ( 'NONE',  ( -0.7099999999999933000, 0.5100000000000000100, 1.599999999999998500 ) ) ;
#1094 = FACE_OUTER_BOUND ( 'NONE', #1229, .T. ) ;
#1095 = CARTESIAN_POINT ( 'NONE',  ( 0.6250000000000013300, 0.5100000000000000100, -1.000000000000000000 ) ) ;
#1096 = ADVANCED_FACE ( 'NONE', ( #3892 ), #787, .F. ) ;
#1097 = AXIS2_PLACEMENT_3D ( 'NONE', #3635, #2967, #3290 ) ;
#1098 = CARTESIAN_POINT ( 'NONE',  ( -0.7099999999999933000, 0.5500000000000000400, 0.2000000000000000400 ) ) ;
#1099 = ORIENTED_EDGE ( 'NONE', *, *, #1883, .T. ) ;
#1100 = VERTEX_POINT ( 'NONE', #3555 ) ;
#1101 = FACE_OUTER_BOUND ( 'NONE', #608, .T. ) ;
#1102 = VERTEX_POINT ( 'NONE', #3214 ) ;
#1103 = CARTESIAN_POINT ( 'NONE',  ( 0.7100000000000001900, 0.04000000000000004900, -1.600000000000000300 ) ) ;
#1104 = ORIENTED_EDGE ( 'NONE', *, *, #2080, .T. ) ;
#1105 = LINE ( 'NONE', #201, #3743 ) ;
#1106 = EDGE_CURVE ( 'NONE', #858, #3788, #1293, .T. ) ;
#1107 = DIRECTION ( 'NONE',  ( -0.0000000000000000000, -0.0000000000000000000, -1.000000000000000000 ) ) ;
#1108 = COLOUR_RGB ( '',1.000000000000000000, 1.000000000000000000, 1.000000000000000000 ) ;
#1109 = CARTESIAN_POINT ( 'NONE',  ( -0.6500000000000001300, 0.5500000000000000400, -1.599999999999999900 ) ) ;
#1110 = EDGE_CURVE ( 'NONE', #2931, #1851, #339, .T. ) ;
#1111 = CARTESIAN_POINT ( 'NONE',  ( -0.4500000000000001800, 0.5100000000000000100, 1.400000000000000100 ) ) ;
#1112 = LINE ( 'NONE', #735, #567 ) ;
#1113 = DIRECTION ( 'NONE',  ( 0.0000000000000000000, 0.0000000000000000000, -1.000000000000000000 ) ) ;
#1114 = VERTEX_POINT ( 'NONE', #3204 ) ;
#1115 = VECTOR ( 'NONE', #3284, 1000.000000000000000 ) ;
#1116 = EDGE_CURVE ( 'NONE', #199, #1, #2526, .T. ) ;
#1117 = DIRECTION ( 'NONE',  ( 0.0000000000000000000, 0.0000000000000000000, 1.000000000000000000 ) ) ;
#1118 = ADVANCED_FACE ( 'NONE', ( #2848 ), #2567, .F. ) ;
#1119 = VECTOR ( 'NONE', #1017, 1000.000000000000000 ) ;
#1120 = LINE ( 'NONE', #1890, #3881 ) ;
#1121 = DIRECTION ( 'NONE',  ( -0.0000000000000000000, -1.000000000000000000, -0.0000000000000000000 ) ) ;
#1122 = EDGE_LOOP ( 'NONE', ( #1176, #2964, #2081, #4138 ) ) ;
#1123 = AXIS2_PLACEMENT_3D ( 'NONE', #252, #1650, #1285 ) ;
#1124 = DIRECTION ( 'NONE',  ( 1.807003620809173900E-016, 0.0000000000000000000, 1.000000000000000000 ) ) ;
#1125 = LINE ( 'NONE', #2174, #1852 ) ;
#1126 = DIRECTION ( 'NONE',  ( -0.0000000000000000000, -0.0000000000000000000, 1.000000000000000000 ) ) ;
#1127 = EDGE_LOOP ( 'NONE', ( #1048, #1192, #1381, #3096 ) ) ;
#1128 = FILL_AREA_STYLE ('',( #3064 ) ) ;
#1129 = DIRECTION ( 'NONE',  ( 0.0000000000000000000, 1.000000000000000000, 0.0000000000000000000 ) ) ;
#1130 = VERTEX_POINT ( 'NONE', #2913 ) ;
#1131 = ORIENTED_EDGE ( 'NONE', *, *, #3200, .F. ) ;
#1132 = FACE_OUTER_BOUND ( 'NONE', #1601, .T. ) ;
#1133 = PRODUCT_RELATED_PRODUCT_CATEGORY ( 'part', '', ( #2114 ) ) ;
#1134 = EDGE_CURVE ( 'NONE', #3015, #807, #588, .T. ) ;
#1135 = VERTEX_POINT ( 'NONE', #2208 ) ;
#1136 = DIRECTION ( 'NONE',  ( 1.000000000000000000, 0.0000000000000000000, 0.0000000000000000000 ) ) ;
#1137 = DIRECTION ( 'NONE',  ( -1.000000000000000000, -0.0000000000000000000, 7.228014483236699500E-016 ) ) ;
#1138 = ORIENTED_EDGE ( 'NONE', *, *, #659, .F. ) ;
#1139 = LINE ( 'NONE', #1419, #428 ) ;
#1140 = VERTEX_POINT ( 'NONE', #4199 ) ;
#1141 = EDGE_CURVE ( 'NONE', #860, #877, #3407, .T. ) ;
#1142 = CARTESIAN_POINT ( 'NONE',  ( 0.7100000000000001900, 0.5500000000000000400, 0.5999999999999996400 ) ) ;
#1143 = LINE ( 'NONE', #4000, #789 ) ;
#1144 = DIRECTION ( 'NONE',  ( -0.0000000000000000000, 1.000000000000000000, -0.0000000000000000000 ) ) ;
#1145 = ADVANCED_FACE ( 'NONE', ( #3263 ), #3879, .F. ) ;
#1146 = VERTEX_POINT ( 'NONE', #1967 ) ;
#1147 = CARTESIAN_POINT ( 'NONE',  ( -0.7099999999999933000, 0.5100000000000000100, -1.600000000000000300 ) ) ;
#1148 = FACE_OUTER_BOUND ( 'NONE', #3090, .T. ) ;
#1149 = VECTOR ( 'NONE', #1092, 1000.000000000000000 ) ;
#1150 = DIRECTION ( 'NONE',  ( -0.0000000000000000000, 1.000000000000000000, 0.0000000000000000000 ) ) ;
#1151 = AXIS2_PLACEMENT_3D ( 'NONE', #460, #1749, #3435 ) ;
#1152 = ORIENTED_EDGE ( 'NONE', *, *, #4204, .F. ) ;
#1153 = ORIENTED_EDGE ( 'NONE', *, *, #4090, .F. ) ;
#1154 = CARTESIAN_POINT ( 'NONE',  ( 0.6250000000000001100, 0.0000000000000000000, -0.7750000000000004700 ) ) ;
#1155 = PLANE ( 'NONE',  #776 ) ;
#1156 = LINE ( 'NONE', #3763, #706 ) ;
#1157 = ORIENTED_EDGE ( 'NONE', *, *, #2425, .T. ) ;
#1158 = DIRECTION ( 'NONE',  ( 1.000000000000000000, 0.0000000000000000000, 0.0000000000000000000 ) ) ;
#1159 = STYLED_ITEM ( 'NONE', ( #2778 ), #4247 ) ;
#1160 = DIRECTION ( 'NONE',  ( -1.000000000000000000, 0.0000000000000000000, 0.0000000000000000000 ) ) ;
#1161 = VERTEX_POINT ( 'NONE', #366 ) ;
#1162 = ORIENTED_EDGE ( 'NONE', *, *, #739, .F. ) ;
#1163 = FACE_OUTER_BOUND ( 'NONE', #2593, .T. ) ;
#1164 = DIRECTION ( 'NONE',  ( 0.0000000000000000000, 0.0000000000000000000, -1.000000000000000000 ) ) ;
#1165 = ADVANCED_FACE ( 'NONE', ( #1084 ), #697, .T. ) ;
#1166 = EDGE_CURVE ( 'NONE', #2413, #3148, #3997, .T. ) ;
#1167 = DIRECTION ( 'NONE',  ( 0.0000000000000000000, -0.0000000000000000000, -1.000000000000000000 ) ) ;
#1168 = LINE ( 'NONE', #2335, #817 ) ;
#1169 = AXIS2_PLACEMENT_3D ( 'NONE', #986, #24, #2315 ) ;
#1170 = CARTESIAN_POINT ( 'NONE',  ( -0.4500000000000001800, 0.5500000000000000400, 1.600000000000000300 ) ) ;
#1171 = CARTESIAN_POINT ( 'NONE',  ( 0.6500000000000001300, 0.5500000000000000400, 1.399999999999999200 ) ) ;
#1172 = LINE ( 'NONE', #3549, #3659 ) ;
#1173 = ORIENTED_EDGE ( 'NONE', *, *, #1141, .F. ) ;
#1174 = DIRECTION ( 'NONE',  ( 0.0000000000000000000, 0.0000000000000000000, 1.000000000000000000 ) ) ;
#1175 = CARTESIAN_POINT ( 'NONE',  ( 0.0000000000000000000, 0.5500000000000000400, 0.0000000000000000000 ) ) ;
#1176 = ORIENTED_EDGE ( 'NONE', *, *, #2455, .F. ) ;
#1177 = LINE ( 'NONE', #2561, #466 ) ;
#1178 = CARTESIAN_POINT ( 'NONE',  ( -0.7099999999999933000, 0.5100000000000000100, -1.600000000000000300 ) ) ;
#1179 = ORIENTED_EDGE ( 'NONE', *, *, #469, .T. ) ;
#1180 = VERTEX_POINT ( 'NONE', #1328 ) ;
#1181 = DIRECTION ( 'NONE',  ( -0.0000000000000000000, 1.000000000000000000, -0.0000000000000000000 ) ) ;
#1182 = CARTESIAN_POINT ( 'NONE',  ( -0.7099999999999765400, 0.5100000000000000100, 0.9999999999999995600 ) ) ;
#1183 = CARTESIAN_POINT ( 'NONE',  ( -0.7099999999999933000, 0.04000000000000004900, 1.599999999999998500 ) ) ;
#1184 = ORIENTED_EDGE ( 'NONE', *, *, #1998, .T. ) ;
#1185 = ADVANCED_FACE ( 'NONE', ( #1661 ), #72, .F. ) ;
#1186 = VECTOR ( 'NONE', #1448, 1000.000000000000000 ) ;
#1187 = CARTESIAN_POINT ( 'NONE',  ( 0.7099999999999849800, 0.0000000000000000000, 0.1999999999999994300 ) ) ;
#1188 = CYLINDRICAL_SURFACE ( 'NONE', #2464, 0.1750000000000000700 ) ;
#1189 = EDGE_CURVE ( 'NONE', #3243, #3087, #691, .T. ) ;
#1190 = PLANE ( 'NONE',  #2877 ) ;
#1191 = VECTOR ( 'NONE', #78, 1000.000000000000000 ) ;
#1192 = ORIENTED_EDGE ( 'NONE', *, *, #3116, .T. ) ;
#1193 = EDGE_CURVE ( 'NONE', #4120, #2540, #2371, .T. ) ;
#1194 = CARTESIAN_POINT ( 'NONE',  ( 0.6250000000000013300, 0.0000000000000000000, -0.6000000000000005300 ) ) ;
#1195 = DIRECTION ( 'NONE',  ( -1.000000000000000000, 0.0000000000000000000, 0.0000000000000000000 ) ) ;
#1196 = VECTOR ( 'NONE', #2862, 1000.000000000000000 ) ;
#1197 = ORIENTED_EDGE ( 'NONE', *, *, #866, .F. ) ;
#1198 = DIRECTION ( 'NONE',  ( 0.0000000000000000000, 0.0000000000000000000, 1.000000000000000000 ) ) ;
#1199 = CARTESIAN_POINT ( 'NONE',  ( 0.4500000000000001800, 0.5100000000000000100, -1.600000000000000300 ) ) ;
#1200 = FACE_OUTER_BOUND ( 'NONE', #3620, .T. ) ;
#1201 = EDGE_CURVE ( 'NONE', #2706, #1704, #2215, .T. ) ;
#1202 = CARTESIAN_POINT ( 'NONE',  ( 0.3499999999999999800, 0.03999999999999999400, 0.5999999999999998700 ) ) ;
#1203 = ORIENTED_EDGE ( 'NONE', *, *, #414, .F. ) ;
#1204 = ORIENTED_EDGE ( 'NONE', *, *, #3384, .F. ) ;
#1205 = EDGE_LOOP ( 'NONE', ( #3579, #298, #952, #179, #3801, #420, #1592, #3972 ) ) ;
#1206 = AXIS2_PLACEMENT_3D ( 'NONE', #1622, #3219, #3946 ) ;
#1207 = ORIENTED_EDGE ( 'NONE', *, *, #3438, .T. ) ;
#1208 = ORIENTED_EDGE ( 'NONE', *, *, #3134, .T. ) ;
#1209 = LINE ( 'NONE', #2580, #3532 ) ;
#1210 = DIRECTION ( 'NONE',  ( -1.000000000000000000, 0.0000000000000000000, 0.0000000000000000000 ) ) ;
#1211 = VERTEX_POINT ( 'NONE', #1576 ) ;
#1212 = DIRECTION ( 'NONE',  ( 0.0000000000000000000, 0.0000000000000000000, 1.000000000000000000 ) ) ;
#1213 = ORIENTED_EDGE ( 'NONE', *, *, #255, .T. ) ;
#1214 = DIRECTION ( 'NONE',  ( 0.0000000000000000000, 0.0000000000000000000, -1.000000000000000000 ) ) ;
#1215 = VECTOR ( 'NONE', #925, 1000.000000000000000 ) ;
#1216 = FILL_AREA_STYLE_COLOUR ( '', #930 ) ;
#1217 = PLANE ( 'NONE',  #3095 ) ;
#1218 = VECTOR ( 'NONE', #2131, 1000.000000000000000 ) ;
#1219 = DIRECTION ( 'NONE',  ( 0.0000000000000000000, -1.000000000000000000, 0.0000000000000000000 ) ) ;
#1220 = CARTESIAN_POINT ( 'NONE',  ( -0.7099999999999933000, 0.5100000000000000100, 0.1999999999999996500 ) ) ;
#1221 = EDGE_CURVE ( 'NONE', #2340, #4226, #1341, .T. ) ;
#1222 = VERTEX_POINT ( 'NONE', #1763 ) ;
#1223 = LINE ( 'NONE', #71, #1479 ) ;
#1224 = CARTESIAN_POINT ( 'NONE',  ( 0.6500000000000001300, 0.5100000000000000100, 1.599999999999999000 ) ) ;
#1225 = LINE ( 'NONE', #3702, #1384 ) ;
#1226 = EDGE_CURVE ( 'NONE', #2436, #3054, #1861, .T. ) ;
#1227 = DIRECTION ( 'NONE',  ( -0.0000000000000000000, -1.000000000000000000, -0.0000000000000000000 ) ) ;
#1228 = VERTEX_POINT ( 'NONE', #3725 ) ;
#1229 = EDGE_LOOP ( 'NONE', ( #3887, #2684, #1799, #3358 ) ) ;
#1230 = FACE_OUTER_BOUND ( 'NONE', #707, .T. ) ;
#1231 = DIRECTION ( 'NONE',  ( 1.000000000000000000, -0.0000000000000000000, 2.710505431213761100E-016 ) ) ;
#1232 = ADVANCED_FACE ( 'NONE', ( #985 ), #795, .F. ) ;
#1233 = AXIS2_PLACEMENT_3D ( 'NONE', #1612, #1593, #2589 ) ;
#1234 = DIRECTION ( 'NONE',  ( 1.807003620809173900E-016, 0.0000000000000000000, 1.000000000000000000 ) ) ;
#1235 = ORIENTED_EDGE ( 'NONE', *, *, #3406, .F. ) ;
#1236 = ORIENTED_EDGE ( 'NONE', *, *, #639, .F. ) ;
#1237 = CIRCLE ( 'NONE', #2273, 0.1749999999999999100 ) ;
#1238 = ORIENTED_EDGE ( 'NONE', *, *, #2206, .T. ) ;
#1239 = CARTESIAN_POINT ( 'NONE',  ( -0.4500000000000001800, 0.5500000000000000400, -1.600000000000000300 ) ) ;
#1240 = VERTEX_POINT ( 'NONE', #503 ) ;
#1241 = VECTOR ( 'NONE', #975, 1000.000000000000000 ) ;
#1242 = EDGE_LOOP ( 'NONE', ( #1263, #1694, #1284, #3462, #2523, #4100, #2809, #3226 ) ) ;
#1243 = DIRECTION ( 'NONE',  ( -1.000000000000000000, 0.0000000000000000000, 7.228014483236699500E-016 ) ) ;
#1244 = ORIENTED_EDGE ( 'NONE', *, *, #462, .T. ) ;
#1245 = DIRECTION ( 'NONE',  ( -1.000000000000000000, 0.0000000000000000000, -0.0000000000000000000 ) ) ;
#1246 = LINE ( 'NONE', #4263, #1241 ) ;
#1247 = PLANE ( 'NONE',  #1368 ) ;
#1248 = ORIENTED_EDGE ( 'NONE', *, *, #1666, .F. ) ;
#1249 = EDGE_CURVE ( 'NONE', #3805, #2803, #430, .T. ) ;
#1250 = PLANE ( 'NONE',  #830 ) ;
#1251 = FACE_OUTER_BOUND ( 'NONE', #3429, .T. ) ;
#1252 = DIRECTION ( 'NONE',  ( 1.000000000000000000, 0.0000000000000000000, 1.355252715606880000E-016 ) ) ;
#1253 = PLANE ( 'NONE',  #727 ) ;
#1254 = ORIENTED_EDGE ( 'NONE', *, *, #3629, .T. ) ;
#1255 = LINE ( 'NONE', #1399, #3573 ) ;
#1256 = CARTESIAN_POINT ( 'NONE',  ( -0.3500000000000003100, -0.0000000000000000000, -0.2000000000000000900 ) ) ;
#1257 = EDGE_LOOP ( 'NONE', ( #1489, #82, #356, #3257 ) ) ;
#1258 = EDGE_LOOP ( 'NONE', ( #3857, #2285, #1724, #1069 ) ) ;
#1259 = CARTESIAN_POINT ( 'NONE',  ( 0.7100000000000001900, 0.04000000000000004900, 0.5999999999999998700 ) ) ;
#1260 = AXIS2_PLACEMENT_3D ( 'NONE', #710, #2365, #408 ) ;
#1261 = CIRCLE ( 'NONE', #1379, 0.1750000000000000200 ) ;
#1262 = ORIENTED_EDGE ( 'NONE', *, *, #2183, .T. ) ;
#1263 = ORIENTED_EDGE ( 'NONE', *, *, #4209, .T. ) ;
#1264 = VECTOR ( 'NONE', #4026, 1000.000000000000000 ) ;
#1265 = AXIS2_PLACEMENT_3D ( 'NONE', #4239, #900, #1212 ) ;
#1266 = DIRECTION ( 'NONE',  ( -0.0000000000000000000, -1.000000000000000000, -0.0000000000000000000 ) ) ;
#1267 = ORIENTED_EDGE ( 'NONE', *, *, #2325, .T. ) ;
#1268 = PLANE ( 'NONE',  #69 ) ;
#1269 = FACE_OUTER_BOUND ( 'NONE', #1416, .T. ) ;
#1270 = EDGE_LOOP ( 'NONE', ( #2495, #2442, #1445, #3664, #73, #4067, #2573, #1631 ) ) ;
#1271 = CARTESIAN_POINT ( 'NONE',  ( -0.4500000000000002300, 0.5100000000000000100, -0.6000000000000003100 ) ) ;
#1272 = EDGE_CURVE ( 'NONE', #545, #2668, #131, .T. ) ;
#1273 = DIRECTION ( 'NONE',  ( 0.0000000000000000000, -1.000000000000000000, 0.0000000000000000000 ) ) ;
#1274 = ORIENTED_EDGE ( 'NONE', *, *, #3660, .T. ) ;
#1275 = VECTOR ( 'NONE', #3674, 1000.000000000000000 ) ;
#1276 = DIRECTION ( 'NONE',  ( 0.0000000000000000000, 1.000000000000000000, 0.0000000000000000000 ) ) ;
#1277 = DIRECTION ( 'NONE',  ( 0.0000000000000000000, 1.000000000000000000, 0.0000000000000000000 ) ) ;
#1278 = FACE_OUTER_BOUND ( 'NONE', #3007, .T. ) ;
#1279 = DIRECTION ( 'NONE',  ( -0.0000000000000000000, 1.000000000000000000, 0.0000000000000000000 ) ) ;
#1280 = EDGE_CURVE ( 'NONE', #3243, #603, #2951, .T. ) ;
#1281 = ORIENTED_EDGE ( 'NONE', *, *, #812, .T. ) ;
#1282 = LINE ( 'NONE', #1067, #2094 ) ;
#1283 = SURFACE_SIDE_STYLE ('',( #2639 ) ) ;
#1284 = ORIENTED_EDGE ( 'NONE', *, *, #4035, .T. ) ;
#1285 = DIRECTION ( 'NONE',  ( 0.0000000000000000000, 0.0000000000000000000, 1.000000000000000000 ) ) ;
#1286 = VECTOR ( 'NONE', #1361, 1000.000000000000000 ) ;
#1287 = MANIFOLD_SOLID_BREP ( 'Pin 4', #2040 ) ;
#1288 = DIRECTION ( 'NONE',  ( -1.355252715606880000E-016, -0.0000000000000000000, 1.000000000000000000 ) ) ;
#1289 = ORIENTED_EDGE ( 'NONE', *, *, #3348, .F. ) ;
#1290 = ORIENTED_EDGE ( 'NONE', *, *, #3402, .T. ) ;
#1291 = LINE ( 'NONE', #2380, #2057 ) ;
#1292 = DIRECTION ( 'NONE',  ( -1.000000000000000000, 0.0000000000000000000, -0.0000000000000000000 ) ) ;
#1293 = LINE ( 'NONE', #3260, #2107 ) ;
#1294 = DIRECTION ( 'NONE',  ( 2.710505431213763100E-016, -0.0000000000000000000, -1.000000000000000000 ) ) ;
#1295 = CARTESIAN_POINT ( 'NONE',  ( 0.7500000000000000000, 0.5500000000000000400, 0.1999999999999999300 ) ) ;
#1296 = ADVANCED_FACE ( 'NONE', ( #280 ), #604, .F. ) ;
#1297 = VECTOR ( 'NONE', #2947, 1000.000000000000000 ) ;
#1298 = VECTOR ( 'NONE', #3698, 1000.000000000000000 ) ;
#1299 = EDGE_CURVE ( 'NONE', #1717, #3728, #2735, .T. ) ;
#1300 = CARTESIAN_POINT ( 'NONE',  ( -0.7500000000000000000, 0.0000000000000000000, 0.2000000000000000400 ) ) ;
#1301 = VECTOR ( 'NONE', #914, 1000.000000000000000 ) ;
#1302 = ORIENTED_EDGE ( 'NONE', *, *, #812, .F. ) ;
#1303 = ORIENTED_EDGE ( 'NONE', *, *, #1272, .F. ) ;
#1304 = EDGE_CURVE ( 'NONE', #3009, #2803, #1139, .T. ) ;
#1305 =( NAMED_UNIT ( * ) SI_UNIT ( $, .STERADIAN. ) SOLID_ANGLE_UNIT ( ) );
#1306 = CARTESIAN_POINT ( 'NONE',  ( -0.6500000000000001300, 0.5500000000000000400, 1.400000000000000100 ) ) ;
#1307 = EDGE_LOOP ( 'NONE', ( #1735, #425, #3098, #2641 ) ) ;
#1308 = CLOSED_SHELL ( 'NONE', ( #786, #2348, #4110, #767, #40, #3184, #1013, #4222, #3372, #1466, #3229, #3094 ) ) ;
#1309 = DIRECTION ( 'NONE',  ( 7.228014483236699500E-016, -0.0000000000000000000, 1.000000000000000000 ) ) ;
#1310 = LINE ( 'NONE', #4155, #3860 ) ;
#1311 = DIRECTION ( 'NONE',  ( -1.000000000000000000, 0.0000000000000000000, 6.377659838150644000E-016 ) ) ;
#1312 = STYLED_ITEM ( 'NONE', ( #2944 ), #1790 ) ;
#1313 = ORIENTED_EDGE ( 'NONE', *, *, #3354, .T. ) ;
#1314 = ADVANCED_FACE ( 'NONE', ( #126 ), #3121, .F. ) ;
#1315 = VECTOR ( 'NONE', #329, 1000.000000000000000 ) ;
#1316 = ORIENTED_EDGE ( 'NONE', *, *, #4227, .T. ) ;
#1317 = LINE ( 'NONE', #1391, #2505 ) ;
#1318 = DIRECTION ( 'NONE',  ( 0.0000000000000000000, 0.0000000000000000000, 1.000000000000000000 ) ) ;
#1319 = CARTESIAN_POINT ( 'NONE',  ( -0.7099999999999933000, 0.04000000000000004900, 1.599999999999998500 ) ) ;
#1320 = CARTESIAN_POINT ( 'NONE',  ( 0.6500000000000001300, 0.5100000000000000100, 1.399999999999999200 ) ) ;
#1321 = DIRECTION ( 'NONE',  ( 1.000000000000000000, 0.0000000000000000000, -0.0000000000000000000 ) ) ;
#1322 = ORIENTED_EDGE ( 'NONE', *, *, #1022, .F. ) ;
#1323 = LINE ( 'NONE', #3604, #1433 ) ;
#1324 = EDGE_CURVE ( 'NONE', #3509, #3693, #1906, .T. ) ;
#1325 = CARTESIAN_POINT ( 'NONE',  ( 0.4500000000000002300, 0.5500000000000000400, -0.5999999999999998700 ) ) ;
#1326 = VECTOR ( 'NONE', #2059, 1000.000000000000000 ) ;
#1327 = PLANE ( 'NONE',  #3264 ) ;
#1328 = CARTESIAN_POINT ( 'NONE',  ( -0.6500000000000001300, 0.5100000000000000100, 1.400000000000000100 ) ) ;
#1329 = VECTOR ( 'NONE', #142, 1000.000000000000000 ) ;
#1330 = EDGE_CURVE ( 'NONE', #2668, #161, #732, .T. ) ;
#1331 = ORIENTED_EDGE ( 'NONE', *, *, #733, .T. ) ;
#1332 = CARTESIAN_POINT ( 'NONE',  ( 0.4299999999999996600, 0.5500000000000000400, -1.600000000000000300 ) ) ;
#1333 = ORIENTED_EDGE ( 'NONE', *, *, #1638, .T. ) ;
#1334 = VERTEX_POINT ( 'NONE', #45 ) ;
#1335 = SURFACE_STYLE_FILL_AREA ( #1128 ) ;
#1336 = CARTESIAN_POINT ( 'NONE',  ( -0.7099999999999765400, 0.0000000000000000000, 0.9999999999999995600 ) ) ;
#1337 = ADVANCED_FACE ( 'NONE', ( #1395 ), #3775, .F. ) ;
#1338 = EDGE_LOOP ( 'NONE', ( #3175, #1313, #2465, #1627 ) ) ;
#1339 = AXIS2_PLACEMENT_3D ( 'NONE', #775, #432, #1080 ) ;
#1340 = EDGE_CURVE ( 'NONE', #2308, #3560, #1291, .T. ) ;
#1341 = CIRCLE ( 'NONE', #822, 0.1750000000000000700 ) ;
#1342 = DIRECTION ( 'NONE',  ( -1.807003620809173900E-016, 0.0000000000000000000, 1.000000000000000000 ) ) ;
#1343 = VERTEX_POINT ( 'NONE', #427 ) ;
#1344 = DIRECTION ( 'NONE',  ( -7.228014483236699500E-016, 0.0000000000000000000, -1.000000000000000000 ) ) ;
#1345 = FACE_OUTER_BOUND ( 'NONE', #4049, .T. ) ;
#1346 = DIRECTION ( 'NONE',  ( 0.0000000000000000000, -1.000000000000000000, 0.0000000000000000000 ) ) ;
#1347 = EDGE_LOOP ( 'NONE', ( #4223, #3589, #1452, #2153 ) ) ;
#1348 = VECTOR ( 'NONE', #578, 1000.000000000000000 ) ;
#1349 = CARTESIAN_POINT ( 'NONE',  ( -0.3500000000000002000, -0.0000000000000000000, -1.000000000000000000 ) ) ;
#1350 = PLANE ( 'NONE',  #3704 ) ;
#1351 = EDGE_CURVE ( 'NONE', #1572, #1891, #1958, .T. ) ;
#1352 = FACE_OUTER_BOUND ( 'NONE', #948, .T. ) ;
#1353 = DIRECTION ( 'NONE',  ( 1.000000000000000000, -0.0000000000000000000, 2.710505431213761100E-016 ) ) ;
#1354 = ORIENTED_EDGE ( 'NONE', *, *, #2909, .F. ) ;
#1355 = EDGE_LOOP ( 'NONE', ( #3989, #2744, #3427, #2221 ) ) ;
#1356 = ORIENTED_EDGE ( 'NONE', *, *, #2689, .F. ) ;
#1357 = EDGE_CURVE ( 'NONE', #1774, #3908, #3259, .T. ) ;
#1358 = CARTESIAN_POINT ( 'NONE',  ( -0.7500000000000001100, 0.03999999999999999400, -0.6000000000000000900 ) ) ;
#1359 = ADVANCED_FACE ( 'NONE', ( #2009 ), #153, .F. ) ;
#1360 = CARTESIAN_POINT ( 'NONE',  ( -0.4500000000000001800, 0.5500000000000000400, -1.600000000000000300 ) ) ;
#1361 = DIRECTION ( 'NONE',  ( -0.0000000000000000000, -0.0000000000000000000, 1.000000000000000000 ) ) ;
#1362 = DIRECTION ( 'NONE',  ( -0.0000000000000000000, -0.0000000000000000000, -1.000000000000000000 ) ) ;
#1363 = ORIENTED_EDGE ( 'NONE', *, *, #1834, .T. ) ;
#1364 = VECTOR ( 'NONE', #219, 1000.000000000000000 ) ;
#1365 = DIRECTION ( 'NONE',  ( -1.000000000000000000, -0.0000000000000000000, 7.228014483236699500E-016 ) ) ;
#1366 = ORIENTED_EDGE ( 'NONE', *, *, #2773, .T. ) ;
#1367 = CARTESIAN_POINT ( 'NONE',  ( 0.3499999999999999800, 0.0000000000000000000, 0.1999999999999996500 ) ) ;
#1368 = AXIS2_PLACEMENT_3D ( 'NONE', #2936, #1273, #2910 ) ;
#1369 = DIRECTION ( 'NONE',  ( 1.000000000000000000, -0.0000000000000000000, 0.0000000000000000000 ) ) ;
#1370 = VECTOR ( 'NONE', #2780, 1000.000000000000000 ) ;
#1371 = CARTESIAN_POINT ( 'NONE',  ( 0.7500000000000000000, 0.5500000000000000400, 0.1999999999999999300 ) ) ;
#1372 = LINE ( 'NONE', #206, #2607 ) ;
#1373 = EDGE_LOOP ( 'NONE', ( #1875, #1028, #719, #334 ) ) ;
#1374 = ORIENTED_EDGE ( 'NONE', *, *, #2564, .F. ) ;
#1375 = DIRECTION ( 'NONE',  ( 1.000000000000000000, -0.0000000000000000000, -0.0000000000000000000 ) ) ;
#1376 = ORIENTED_EDGE ( 'NONE', *, *, #2961, .T. ) ;
#1377 = VECTOR ( 'NONE', #2596, 1000.000000000000000 ) ;
#1378 =( LENGTH_UNIT ( ) NAMED_UNIT ( * ) SI_UNIT ( .MILLI., .METRE. ) );
#1379 = AXIS2_PLACEMENT_3D ( 'NONE', #3923, #4201, #1926 ) ;
#1380 = LINE ( 'NONE', #2486, #1068 ) ;
#1381 = ORIENTED_EDGE ( 'NONE', *, *, #1299, .F. ) ;
#1382 = ADVANCED_FACE ( 'NONE', ( #880 ), #1739, .T. ) ;
#1383 = ORIENTED_EDGE ( 'NONE', *, *, #107, .T. ) ;
#1384 = VECTOR ( 'NONE', #666, 1000.000000000000000 ) ;
#1385 = EDGE_CURVE ( 'NONE', #2250, #1100, #1858, .T. ) ;
#1386 = CARTESIAN_POINT ( 'NONE',  ( 0.3499999999999999800, 0.0000000000000000000, 0.5999999999999998700 ) ) ;
#1387 = DIRECTION ( 'NONE',  ( -0.0000000000000000000, -1.000000000000000000, -0.0000000000000000000 ) ) ;
#1388 = ORIENTED_EDGE ( 'NONE', *, *, #2325, .F. ) ;
#1389 = ORIENTED_EDGE ( 'NONE', *, *, #772, .F. ) ;
#1390 = VECTOR ( 'NONE', #3981, 1000.000000000000000 ) ;
#1391 = CARTESIAN_POINT ( 'NONE',  ( -0.6500000000000001300, 0.5100000000000000100, -1.400000000000000100 ) ) ;
#1392 = ORIENTED_EDGE ( 'NONE', *, *, #2455, .T. ) ;
#1393 = CARTESIAN_POINT ( 'NONE',  ( 0.3500000000000000900, 0.0000000000000000000, -0.2000000000000000900 ) ) ;
#1394 = DIRECTION ( 'NONE',  ( 0.0000000000000000000, 0.0000000000000000000, -1.000000000000000000 ) ) ;
#1395 = FACE_OUTER_BOUND ( 'NONE', #1990, .T. ) ;
#1396 = CARTESIAN_POINT ( 'NONE',  ( 0.3499999999999999800, 0.03999999999999999400, 0.5999999999999998700 ) ) ;
#1397 = DIRECTION ( 'NONE',  ( -1.000000000000000000, 0.0000000000000000000, 7.228014483236699500E-016 ) ) ;
#1398 = VECTOR ( 'NONE', #3846, 1000.000000000000000 ) ;
#1399 = CARTESIAN_POINT ( 'NONE',  ( 0.7500000000000001100, 0.5500000000000000400, 0.5999999999999996400 ) ) ;
#1400 = DIRECTION ( 'NONE',  ( 0.0000000000000000000, -0.0000000000000000000, 1.000000000000000000 ) ) ;
#1401 = LINE ( 'NONE', #594, #841 ) ;
#1402 = ADVANCED_FACE ( 'NONE', ( #981 ), #1031, .F. ) ;
#1403 = VECTOR ( 'NONE', #459, 1000.000000000000000 ) ;
#1404 = ORIENTED_EDGE ( 'NONE', *, *, #526, .F. ) ;
#1405 = ORIENTED_EDGE ( 'NONE', *, *, #3684, .T. ) ;
#1406 = CARTESIAN_POINT ( 'NONE',  ( -0.6500000000000001300, 0.5500000000000000400, 1.599999999999999900 ) ) ;
#1407 = EDGE_CURVE ( 'NONE', #155, #3853, #3511, .T. ) ;
#1408 = ORIENTED_EDGE ( 'NONE', *, *, #1385, .F. ) ;
#1409 = EDGE_LOOP ( 'NONE', ( #1886, #1743, #368, #2824 ) ) ;
#1410 = ORIENTED_EDGE ( 'NONE', *, *, #1807, .F. ) ;
#1411 = SURFACE_STYLE_USAGE ( .BOTH. , #4076 ) ;
#1412 = CARTESIAN_POINT ( 'NONE',  ( -0.4499999999999834700, 0.5100000000000000100, 0.7750000000000010200 ) ) ;
#1413 = VERTEX_POINT ( 'NONE', #3242 ) ;
#1414 = MANIFOLD_SOLID_BREP ( 'Pin 2', #1539 ) ;
#1415 = EDGE_CURVE ( 'NONE', #1114, #3954, #2574, .T. ) ;
#1416 = EDGE_LOOP ( 'NONE', ( #1267, #1595, #1933, #1208, #3897, #998 ) ) ;
#1417 = DIRECTION ( 'NONE',  ( -1.000000000000000000, 0.0000000000000000000, -7.228014483236699500E-016 ) ) ;
#1418 = LINE ( 'NONE', #154, #2392 ) ;
#1419 = CARTESIAN_POINT ( 'NONE',  ( -0.4499999999999918500, 0.5100000000000000100, -0.02499999999999887400 ) ) ;
#1420 = VERTEX_POINT ( 'NONE', #1199 ) ;
#1421 = LINE ( 'NONE', #3774, #453 ) ;
#1422 = AXIS2_PLACEMENT_3D ( 'NONE', #3045, #2398, #448 ) ;
#1423 = CARTESIAN_POINT ( 'NONE',  ( -0.7500000000000000000, 0.5500000000000000400, -0.2000000000000000400 ) ) ;
#1424 = CARTESIAN_POINT ( 'NONE',  ( -0.7099999999999933000, 0.5100000000000000100, -1.600000000000000300 ) ) ;
#1425 = CARTESIAN_POINT ( 'NONE',  ( -0.3500000000000002600, 0.03999999999999999400, -0.6000000000000003100 ) ) ;
#1426 = ADVANCED_FACE ( 'NONE', ( #174 ), #3933, .F. ) ;
#1427 = ORIENTED_EDGE ( 'NONE', *, *, #4116, .F. ) ;
#1428 = FACE_OUTER_BOUND ( 'NONE', #1122, .T. ) ;
#1429 = CARTESIAN_POINT ( 'NONE',  ( -0.4499999999999835200, 0.5100000000000000100, 0.7750000000000010200 ) ) ;
#1430 = AXIS2_PLACEMENT_3D ( 'NONE', #2102, #3776, #168 ) ;
#1431 = DIRECTION ( 'NONE',  ( 1.000000000000000000, 0.0000000000000000000, 1.355252715606880000E-016 ) ) ;
#1432 = ORIENTED_EDGE ( 'NONE', *, *, #406, .F. ) ;
#1433 = VECTOR ( 'NONE', #1619, 1000.000000000000000 ) ;
#1434 =( NAMED_UNIT ( * ) PLANE_ANGLE_UNIT ( ) SI_UNIT ( $, .RADIAN. ) );
#1435 = VECTOR ( 'NONE', #1562, 1000.000000000000000 ) ;
#1436 = AXIS2_PLACEMENT_3D ( 'NONE', #3367, #3052, #2717 ) ;
#1437 = DIRECTION ( 'NONE',  ( 0.0000000000000000000, -1.000000000000000000, 0.0000000000000000000 ) ) ;
#1438 = ORIENTED_EDGE ( 'NONE', *, *, #526, .T. ) ;
#1439 = ORIENTED_EDGE ( 'NONE', *, *, #457, .T. ) ;
#1440 = VERTEX_POINT ( 'NONE', #3458 ) ;
#1441 = LINE ( 'NONE', #2349, #2786 ) ;
#1442 = EDGE_CURVE ( 'NONE', #3891, #603, #636, .T. ) ;
#1443 = DIRECTION ( 'NONE',  ( -0.0000000000000000000, 1.000000000000000000, -0.0000000000000000000 ) ) ;
#1444 = DIRECTION ( 'NONE',  ( -0.0000000000000000000, 1.000000000000000000, -0.0000000000000000000 ) ) ;
#1445 = ORIENTED_EDGE ( 'NONE', *, *, #978, .T. ) ;
#1446 =( NAMED_UNIT ( * ) PLANE_ANGLE_UNIT ( ) SI_UNIT ( $, .RADIAN. ) );
#1447 = VECTOR ( 'NONE', #3764, 1000.000000000000000 ) ;
#1448 = DIRECTION ( 'NONE',  ( -0.0000000000000000000, -1.000000000000000000, -0.0000000000000000000 ) ) ;
#1449 = EDGE_CURVE ( 'NONE', #1560, #2586, #3154, .T. ) ;
#1450 = FACE_OUTER_BOUND ( 'NONE', #2305, .T. ) ;
#1451 = CARTESIAN_POINT ( 'NONE',  ( -0.7099999999999933000, 0.04000000000000004900, 0.5999999999999998700 ) ) ;
#1452 = ORIENTED_EDGE ( 'NONE', *, *, #1110, .T. ) ;
#1453 = DIRECTION ( 'NONE',  ( -1.000000000000000000, 0.0000000000000000000, 0.0000000000000000000 ) ) ;
#1454 = CARTESIAN_POINT ( 'NONE',  ( -0.7099999999999933000, 0.04000000000000004900, -1.600000000000000300 ) ) ;
#1455 = CARTESIAN_POINT ( 'NONE',  ( 0.7099999999999767600, 0.5100000000000000100, 0.5999999999999996400 ) ) ;
#1456 = VECTOR ( 'NONE', #1973, 1000.000000000000000 ) ;
#1457 = AXIS2_PLACEMENT_3D ( 'NONE', #1534, #2176, #4213 ) ;
#1458 = SURFACE_STYLE_USAGE ( .BOTH. , #3408 ) ;
#1459 = ORIENTED_EDGE ( 'NONE', *, *, #1280, .T. ) ;
#1460 = EDGE_LOOP ( 'NONE', ( #2014, #2361, #2128, #3707 ) ) ;
#1461 = CARTESIAN_POINT ( 'NONE',  ( 0.7100000000000001900, 0.04000000000000004900, -1.600000000000000300 ) ) ;
#1462 = LINE ( 'NONE', #4160, #1626 ) ;
#1463 = ORIENTED_EDGE ( 'NONE', *, *, #241, .F. ) ;
#1464 = DIRECTION ( 'NONE',  ( -2.710505431213759600E-016, 0.0000000000000000000, 1.000000000000000000 ) ) ;
#1465 = ORIENTED_EDGE ( 'NONE', *, *, #848, .F. ) ;
#1466 = ADVANCED_FACE ( 'NONE', ( #4259 ), #1481, .F. ) ;
#1467 = EDGE_CURVE ( 'NONE', #3961, #3054, #4050, .T. ) ;
#1468 = DIRECTION ( 'NONE',  ( -0.0000000000000000000, -0.0000000000000000000, 1.000000000000000000 ) ) ;
#1469 = VERTEX_POINT ( 'NONE', #1551 ) ;
#1470 = CARTESIAN_POINT ( 'NONE',  ( 0.4499999999999918500, 0.0000000000000000000, -0.02499999999999899500 ) ) ;
#1471 = EDGE_CURVE ( 'NONE', #3631, #2332, #3945, .T. ) ;
#1472 = CARTESIAN_POINT ( 'NONE',  ( 0.6500000000000001300, 0.5500000000000000400, 1.599999999999999000 ) ) ;
#1473 = CARTESIAN_POINT ( 'NONE',  ( 0.3499999999999998700, 0.03999999999999999400, 1.599999999999998500 ) ) ;
#1474 = LINE ( 'NONE', #3395, #52 ) ;
#1475 = CARTESIAN_POINT ( 'NONE',  ( -0.6500000000000001300, 0.5500000000000000400, -1.599999999999999900 ) ) ;
#1476 = CARTESIAN_POINT ( 'NONE',  ( -0.6250000000000002200, 0.0000000000000000000, -0.8249999999999999600 ) ) ;
#1477 = CARTESIAN_POINT ( 'NONE',  ( -0.7500000000000001100, 0.5500000000000000400, -1.000000000000000000 ) ) ;
#1478 = ORIENTED_EDGE ( 'NONE', *, *, #1581, .T. ) ;
#1479 = VECTOR ( 'NONE', #3648, 1000.000000000000000 ) ;
#1480 = AXIS2_PLACEMENT_3D ( 'NONE', #1566, #1219, #272 ) ;
#1481 = PLANE ( 'NONE',  #4156 ) ;
#1482 = DIRECTION ( 'NONE',  ( -2.710505431213761600E-016, 0.0000000000000000000, 1.000000000000000000 ) ) ;
#1483 = CIRCLE ( 'NONE', #418, 0.1750000000000000200 ) ;
#1484 = ORIENTED_EDGE ( 'NONE', *, *, #3306, .T. ) ;
#1485 = CARTESIAN_POINT ( 'NONE',  ( -0.7099999999999933000, 0.0000000000000000000, -1.000000000000000000 ) ) ;
#1486 = VECTOR ( 'NONE', #1144, 1000.000000000000000 ) ;
#1487 = PLANE ( 'NONE',  #3180 ) ;
#1488 = ADVANCED_FACE ( 'NONE', ( #335 ), #1871, .T. ) ;
#1489 = ORIENTED_EDGE ( 'NONE', *, *, #1106, .F. ) ;
#1490 = DIRECTION ( 'NONE',  ( 0.0000000000000000000, 0.0000000000000000000, -1.000000000000000000 ) ) ;
#1491 = ORIENTED_EDGE ( 'NONE', *, *, #2213, .T. ) ;
#1492 = VERTEX_POINT ( 'NONE', #590 ) ;
#1493 = LINE ( 'NONE', #1720, #926 ) ;
#1494 = EDGE_CURVE ( 'NONE', #2308, #4140, #3722, .T. ) ;
#1495 = EDGE_LOOP ( 'NONE', ( #4093, #3152, #3714, #3627 ) ) ;
#1496 = DIRECTION ( 'NONE',  ( 1.000000000000000000, 0.0000000000000000000, 0.0000000000000000000 ) ) ;
#1497 = DIRECTION ( 'NONE',  ( -1.000000000000000000, -0.0000000000000000000, -0.0000000000000000000 ) ) ;
#1498 = EDGE_CURVE ( 'NONE', #3823, #2754, #1758, .T. ) ;
#1499 = COLOUR_RGB ( '',0.7921568627450980000, 0.8196078431372548800, 0.9333333333333333500 ) ;
#1500 = ORIENTED_EDGE ( 'NONE', *, *, #3339, .F. ) ;
#1501 = DIRECTION ( 'NONE',  ( -1.355252715606880000E-016, -0.0000000000000000000, 1.000000000000000000 ) ) ;
#1502 = LINE ( 'NONE', #3886, #3417 ) ;
#1503 =( GEOMETRIC_REPRESENTATION_CONTEXT ( 3 ) GLOBAL_UNCERTAINTY_ASSIGNED_CONTEXT ( ( #1611 ) ) GLOBAL_UNIT_ASSIGNED_CONTEXT ( ( #2541, #3547, #3520 ) ) REPRESENTATION_CONTEXT ( 'NONE', 'WORKASPACE' ) );
#1504 = EDGE_CURVE ( 'NONE', #1604, #3015, #2521, .T. ) ;
#1505 = CARTESIAN_POINT ( 'NONE',  ( -0.4499999999999835200, 0.04000000000000004900, 0.8249999999999984000 ) ) ;
#1506 = CYLINDRICAL_SURFACE ( 'NONE', #1787, 0.1750000000000002400 ) ;
#1507 = DIRECTION ( 'NONE',  ( 0.0000000000000000000, -0.0000000000000000000, 1.000000000000000000 ) ) ;
#1508 = ADVANCED_FACE ( 'NONE', ( #2899 ), #2552, .F. ) ;
#1509 = FACE_OUTER_BOUND ( 'NONE', #51, .T. ) ;
#1510 = CARTESIAN_POINT ( 'NONE',  ( -0.7099999999999933000, 0.5100000000000000100, -1.600000000000000300 ) ) ;
#1511 = DIRECTION ( 'NONE',  ( 0.0000000000000000000, 1.000000000000000000, 0.0000000000000000000 ) ) ;
#1512 = DIRECTION ( 'NONE',  ( -1.000000000000000000, 0.0000000000000000000, 0.0000000000000000000 ) ) ;
#1513 = FACE_OUTER_BOUND ( 'NONE', #1205, .T. ) ;
#1514 = ORIENTED_EDGE ( 'NONE', *, *, #3215, .T. ) ;
#1515 = ORIENTED_EDGE ( 'NONE', *, *, #2095, .F. ) ;
#1516 = PLANE ( 'NONE',  #3650 ) ;
#1517 = CARTESIAN_POINT ( 'NONE',  ( 0.6249999999999837900, 0.04000000000000004900, 0.8249999999999992900 ) ) ;
#1518 = ORIENTED_EDGE ( 'NONE', *, *, #3810, .F. ) ;
#1519 = ORIENTED_EDGE ( 'NONE', *, *, #197, .T. ) ;
#1520 = COLOUR_RGB ( '',0.7921568627450980000, 0.8196078431372548800, 0.9333333333333333500 ) ;
#1521 = CARTESIAN_POINT ( 'NONE',  ( -0.4500000000000001800, 0.5500000000000000400, 1.000000000000000000 ) ) ;
#1522 = CARTESIAN_POINT ( 'NONE',  ( 0.7100000000000001900, 0.04000000000000004900, -1.600000000000000300 ) ) ;
#1523 = CARTESIAN_POINT ( 'NONE',  ( -0.7099999999999933000, 0.04000000000000004900, -1.600000000000000300 ) ) ;
#1524 = EDGE_CURVE ( 'NONE', #1146, #1334, #3769, .T. ) ;
#1525 = ORIENTED_EDGE ( 'NONE', *, *, #2489, .T. ) ;
#1526 = FACE_OUTER_BOUND ( 'NONE', #2710, .T. ) ;
#1527 = FILL_AREA_STYLE_COLOUR ( '', #2584 ) ;
#1528 = LINE ( 'NONE', #2990, #1986 ) ;
#1529 = EDGE_CURVE ( 'NONE', #4169, #3961, #4099, .T. ) ;
#1530 = DIRECTION ( 'NONE',  ( 0.0000000000000000000, 1.000000000000000000, -0.0000000000000000000 ) ) ;
#1531 =( NAMED_UNIT ( * ) SI_UNIT ( $, .STERADIAN. ) SOLID_ANGLE_UNIT ( ) );
#1532 = VECTOR ( 'NONE', #1009, 1000.000000000000000 ) ;
#1533 = EDGE_LOOP ( 'NONE', ( #1997, #1976, #3070, #3825 ) ) ;
#1534 = CARTESIAN_POINT ( 'NONE',  ( -0.4500000000000001800, 0.5500000000000000400, -1.400000000000000100 ) ) ;
#1535 = PRESENTATION_LAYER_ASSIGNMENT (  '', '', ( #1312 ) ) ;
#1536 = VECTOR ( 'NONE', #2375, 1000.000000000000000 ) ;
#1537 = DIRECTION ( 'NONE',  ( 1.000000000000000000, 0.0000000000000000000, -0.0000000000000000000 ) ) ;
#1538 = ORIENTED_EDGE ( 'NONE', *, *, #4060, .F. ) ;
#1539 = CLOSED_SHELL ( 'NONE', ( #3072, #956, #1817, #2173, #3682, #2770, #2723, #3742, #1648, #1488 ) ) ;
#1540 = ORIENTED_EDGE ( 'NONE', *, *, #3833, .T. ) ;
#1541 = CARTESIAN_POINT ( 'NONE',  ( 0.7500000000000002200, 0.0000000000000000000, -1.599999999999999200 ) ) ;
#1542 = MECHANICAL_DESIGN_GEOMETRIC_PRESENTATION_REPRESENTATION (  '', ( #2037 ), #1771 ) ;
#1543 = ORIENTED_EDGE ( 'NONE', *, *, #3281, .F. ) ;
#1544 = ORIENTED_EDGE ( 'NONE', *, *, #2832, .F. ) ;
#1545 = LINE ( 'NONE', #688, #3559 ) ;
#1546 = CARTESIAN_POINT ( 'NONE',  ( 0.3500000000000002000, 0.0000000000000000000, -1.000000000000000000 ) ) ;
#1547 = CARTESIAN_POINT ( 'NONE',  ( -0.7099999999999933000, 0.04000000000000004900, -1.600000000000000300 ) ) ;
#1548 = VERTEX_POINT ( 'NONE', #1220 ) ;
#1549 = PRESENTATION_STYLE_ASSIGNMENT (( #629 ) ) ;
#1550 = EDGE_CURVE ( 'NONE', #3788, #3911, #1806, .T. ) ;
#1551 = CARTESIAN_POINT ( 'NONE',  ( -0.7099999999999933000, 0.5100000000000000100, 1.599999999999998500 ) ) ;
#1552 = DIRECTION ( 'NONE',  ( -0.0000000000000000000, 1.000000000000000000, -0.0000000000000000000 ) ) ;
#1553 = LINE ( 'NONE', #2011, #1191 ) ;
#1554 = ORIENTED_EDGE ( 'NONE', *, *, #2383, .F. ) ;
#1555 = EDGE_CURVE ( 'NONE', #3065, #3853, #2362, .T. ) ;
#1556 = FILL_AREA_STYLE ('',( #1527 ) ) ;
#1557 = CARTESIAN_POINT ( 'NONE',  ( -0.7099999999999933000, 0.04000000000000004900, -1.600000000000000300 ) ) ;
#1558 = DIRECTION ( 'NONE',  ( -1.000000000000000000, 0.0000000000000000000, -0.0000000000000000000 ) ) ;
#1559 = FACE_OUTER_BOUND ( 'NONE', #1338, .T. ) ;
#1560 = VERTEX_POINT ( 'NONE', #1629 ) ;
#1561 = CARTESIAN_POINT ( 'NONE',  ( -0.4500000000000002300, 0.5500000000000000400, -0.6000000000000003100 ) ) ;
#1562 = DIRECTION ( 'NONE',  ( -0.0000000000000000000, 1.000000000000000000, -0.0000000000000000000 ) ) ;
#1563 = ORIENTED_EDGE ( 'NONE', *, *, #1351, .F. ) ;
#1564 = EDGE_CURVE ( 'NONE', #3453, #603, #828, .T. ) ;
#1565 = DIRECTION ( 'NONE',  ( 0.0000000000000000000, 0.0000000000000000000, 1.000000000000000000 ) ) ;
#1566 = CARTESIAN_POINT ( 'NONE',  ( 0.0000000000000000000, 0.5500000000000000400, 0.0000000000000000000 ) ) ;
#1567 = ORIENTED_EDGE ( 'NONE', *, *, #2680, .F. ) ;
#1568 = ORIENTED_EDGE ( 'NONE', *, *, #1860, .T. ) ;
#1569 = AXIS2_PLACEMENT_3D ( 'NONE', #3639, #1663, #384 ) ;
#1570 = ORIENTED_EDGE ( 'NONE', *, *, #1221, .T. ) ;
#1571 = VECTOR ( 'NONE', #4072, 1000.000000000000100 ) ;
#1572 = VERTEX_POINT ( 'NONE', #3588 ) ;
#1573 = DIRECTION ( 'NONE',  ( 0.0000000000000000000, 0.0000000000000000000, -1.000000000000000000 ) ) ;
#1574 = EDGE_LOOP ( 'NONE', ( #129, #3399, #2334, #124 ) ) ;
#1575 = DIRECTION ( 'NONE',  ( 0.0000000000000000000, -0.0000000000000000000, 1.000000000000000000 ) ) ;
#1576 = CARTESIAN_POINT ( 'NONE',  ( -0.7099999999999933000, 0.04000000000000004900, -1.600000000000000300 ) ) ;
#1577 = CARTESIAN_POINT ( 'NONE',  ( -0.3500000000000005300, 0.03999999999999999400, 1.399999999999999700 ) ) ;
#1578 = ORIENTED_EDGE ( 'NONE', *, *, #190, .T. ) ;
#1579 = DIRECTION ( 'NONE',  ( 1.000000000000000000, -0.0000000000000000000, -7.228014483236699500E-016 ) ) ;
#1580 = VECTOR ( 'NONE', #211, 1000.000000000000000 ) ;
#1581 = EDGE_CURVE ( 'NONE', #3081, #155, #1237, .T. ) ;
#1582 = CARTESIAN_POINT ( 'NONE',  ( -0.7099999999999933000, 0.5500000000000000400, 1.000000000000000000 ) ) ;
#1583 = LINE ( 'NONE', #4135, #712 ) ;
#1584 = DIRECTION ( 'NONE',  ( 1.355252715606880000E-016, 0.0000000000000000000, -1.000000000000000000 ) ) ;
#1585 = EDGE_CURVE ( 'NONE', #2764, #2984, #4255, .T. ) ;
#1586 = ORIENTED_EDGE ( 'NONE', *, *, #2189, .T. ) ;
#1587 = FACE_OUTER_BOUND ( 'NONE', #1270, .T. ) ;
#1588 = CARTESIAN_POINT ( 'NONE',  ( 0.7099999999999849800, 0.0000000000000000000, -0.2000000000000002600 ) ) ;
#1589 = VECTOR ( 'NONE', #204, 1000.000000000000000 ) ;
#1590 = AXIS2_PLACEMENT_3D ( 'NONE', #1325, #1353, #2345 ) ;
#1591 = CARTESIAN_POINT ( 'NONE',  ( 0.7100000000000001900, 0.04000000000000004900, -0.9999999999999991100 ) ) ;
#1592 = ORIENTED_EDGE ( 'NONE', *, *, #331, .T. ) ;
#1593 = DIRECTION ( 'NONE',  ( 1.000000000000000000, 0.0000000000000000000, 0.0000000000000000000 ) ) ;
#1594 = ORIENTED_EDGE ( 'NONE', *, *, #4068, .F. ) ;
#1595 = ORIENTED_EDGE ( 'NONE', *, *, #1907, .T. ) ;
#1596 = LINE ( 'NONE', #2232, #726 ) ;
#1597 = VERTEX_POINT ( 'NONE', #1659 ) ;
#1598 = AXIS2_PLACEMENT_3D ( 'NONE', #910, #3901, #3929 ) ;
#1599 = DIRECTION ( 'NONE',  ( -0.0000000000000000000, -1.000000000000000000, -0.0000000000000000000 ) ) ;
#1600 = DIRECTION ( 'NONE',  ( -1.000000000000000000, 0.0000000000000000000, 0.0000000000000000000 ) ) ;
#1601 = EDGE_LOOP ( 'NONE', ( #2993, #1500, #2834, #244 ) ) ;
#1602 = VERTEX_POINT ( 'NONE', #945 ) ;
#1603 = LINE ( 'NONE', #2378, #530 ) ;
#1604 = VERTEX_POINT ( 'NONE', #1952 ) ;
#1605 = DIRECTION ( 'NONE',  ( -0.0000000000000000000, 1.000000000000000000, -0.0000000000000000000 ) ) ;
#1606 = EDGE_LOOP ( 'NONE', ( #1042, #2000, #1905, #85 ) ) ;
#1607 = VECTOR ( 'NONE', #2943, 1000.000000000000000 ) ;
#1608 = ADVANCED_FACE ( 'NONE', ( #2414 ), #2291, .F. ) ;
#1609 = ORIENTED_EDGE ( 'NONE', *, *, #546, .F. ) ;
#1610 = PLANE ( 'NONE',  #1708 ) ;
#1611 = UNCERTAINTY_MEASURE_WITH_UNIT (LENGTH_MEASURE( 1.000000000000000100E-005 ), #2541, 'distance_accuracy_value', 'NONE');
#1612 = CARTESIAN_POINT ( 'NONE',  ( 0.7100000000000001900, 0.04000000000000004900, -1.600000000000000300 ) ) ;
#1613 = CARTESIAN_POINT ( 'NONE',  ( -0.7500000000000000000, 0.5500000000000000400, -0.2000000000000000400 ) ) ;
#1614 = ORIENTED_EDGE ( 'NONE', *, *, #3920, .F. ) ;
#1615 = EDGE_CURVE ( 'NONE', #2706, #2962, #3353, .T. ) ;
#1616 = LINE ( 'NONE', #3534, #791 ) ;
#1617 = DIRECTION ( 'NONE',  ( -0.0000000000000000000, -0.0000000000000000000, 1.000000000000000000 ) ) ;
#1618 = DIRECTION ( 'NONE',  ( 0.0000000000000000000, 0.0000000000000000000, 1.000000000000000000 ) ) ;
#1619 = DIRECTION ( 'NONE',  ( -1.000000000000000000, 0.0000000000000000000, 0.0000000000000000000 ) ) ;
#1620 = LINE ( 'NONE', #4173, #3115 ) ;
#1621 =( NAMED_UNIT ( * ) PLANE_ANGLE_UNIT ( ) SI_UNIT ( $, .RADIAN. ) );
#1622 = CARTESIAN_POINT ( 'NONE',  ( 0.6249999999999837900, 0.5100000000000000100, 0.8249999999999992900 ) ) ;
#1623 = LINE ( 'NONE', #2591, #3420 ) ;
#1624 = DIRECTION ( 'NONE',  ( -0.0000000000000000000, -1.000000000000000000, -0.0000000000000000000 ) ) ;
#1625 = DIRECTION ( 'NONE',  ( -1.000000000000000000, 0.0000000000000000000, 0.0000000000000000000 ) ) ;
#1626 = VECTOR ( 'NONE', #1482, 1000.000000000000000 ) ;
#1627 = ORIENTED_EDGE ( 'NONE', *, *, #2448, .T. ) ;
#1628 = ORIENTED_EDGE ( 'NONE', *, *, #896, .F. ) ;
#1629 = CARTESIAN_POINT ( 'NONE',  ( 0.7100000000000001900, 0.5100000000000000100, -0.5999999999999998700 ) ) ;
#1630 = DIRECTION ( 'NONE',  ( -6.377659838150644000E-016, 0.0000000000000000000, -1.000000000000000000 ) ) ;
#1631 = ORIENTED_EDGE ( 'NONE', *, *, #739, .T. ) ;
#1632 = VERTEX_POINT ( 'NONE', #2981 ) ;
#1633 = LINE ( 'NONE', #1854, #4175 ) ;
#1634 = AXIS2_PLACEMENT_3D ( 'NONE', #2390, #2699, #4052 ) ;
#1635 = CARTESIAN_POINT ( 'NONE',  ( -0.7099999999999933000, 0.5100000000000000100, -1.600000000000000300 ) ) ;
#1636 = CARTESIAN_POINT ( 'NONE',  ( -0.3500000000000004800, 0.03999999999999999400, 0.9999999999999995600 ) ) ;
#1637 = FACE_OUTER_BOUND ( 'NONE', #782, .T. ) ;
#1638 = EDGE_CURVE ( 'NONE', #570, #729, #1545, .T. ) ;
#1639 = CARTESIAN_POINT ( 'NONE',  ( -0.6500000000000001300, 0.5100000000000000100, 1.599999999999999900 ) ) ;
#1640 = VECTOR ( 'NONE', #857, 1000.000000000000000 ) ;
#1641 = DIRECTION ( 'NONE',  ( 1.000000000000000000, 0.0000000000000000000, -7.228014483236699500E-016 ) ) ;
#1642 = CARTESIAN_POINT ( 'NONE',  ( -0.6500000000000001300, 0.5500000000000000400, -1.400000000000000100 ) ) ;
#1643 = FACE_OUTER_BOUND ( 'NONE', #32, .T. ) ;
#1644 = EDGE_CURVE ( 'NONE', #827, #3823, #3207, .T. ) ;
#1645 = EDGE_LOOP ( 'NONE', ( #2705, #3610, #2579, #2230, #1964, #529, #3858, #4171 ) ) ;
#1646 = VECTOR ( 'NONE', #1288, 1000.000000000000000 ) ;
#1647 = CARTESIAN_POINT ( 'NONE',  ( 0.6250000000000000000, 0.0000000000000000000, -0.8250000000000001800 ) ) ;
#1648 = ADVANCED_FACE ( 'NONE', ( #3455 ), #1056, .F. ) ;
#1649 = ORIENTED_EDGE ( 'NONE', *, *, #2996, .T. ) ;
#1650 = DIRECTION ( 'NONE',  ( 0.0000000000000000000, 1.000000000000000000, 0.0000000000000000000 ) ) ;
#1651 = FACE_OUTER_BOUND ( 'NONE', #2868, .T. ) ;
#1652 = DIRECTION ( 'NONE',  ( -2.710505431213761100E-016, -0.0000000000000000000, 1.000000000000000000 ) ) ;
#1653 = DIRECTION ( 'NONE',  ( -0.0000000000000000000, -1.000000000000000000, -0.0000000000000000000 ) ) ;
#1654 = ORIENTED_EDGE ( 'NONE', *, *, #3518, .F. ) ;
#1655 = ORIENTED_EDGE ( 'NONE', *, *, #4166, .F. ) ;
#1656 = VECTOR ( 'NONE', #3543, 1000.000000000000000 ) ;
#1657 = DIRECTION ( 'NONE',  ( -1.000000000000000000, 0.0000000000000000000, 0.0000000000000000000 ) ) ;
#1658 = VERTEX_POINT ( 'NONE', #55 ) ;
#1659 = CARTESIAN_POINT ( 'NONE',  ( -0.3500000000000005300, 0.03999999999999999400, 1.599999999999999900 ) ) ;
#1660 = CARTESIAN_POINT ( 'NONE',  ( -0.3500000000000003700, 0.03999999999999999400, 0.1999999999999996500 ) ) ;
#1661 = FACE_OUTER_BOUND ( 'NONE', #43, .T. ) ;
#1662 = CARTESIAN_POINT ( 'NONE',  ( -0.6249999999999835700, 0.04000000000000004900, 0.8249999999999995100 ) ) ;
#1663 = DIRECTION ( 'NONE',  ( -0.0000000000000000000, 1.000000000000000000, -0.0000000000000000000 ) ) ;
#1664 = VECTOR ( 'NONE', #785, 1000.000000000000000 ) ;
#1665 = VECTOR ( 'NONE', #3177, 1000.000000000000000 ) ;
#1666 = EDGE_CURVE ( 'NONE', #3300, #3504, #631, .T. ) ;
#1667 = DIRECTION ( 'NONE',  ( 0.0000000000000000000, 1.000000000000000000, 0.0000000000000000000 ) ) ;
#1668 = ADVANCED_FACE ( 'NONE', ( #1701 ), #3032, .F. ) ;
#1669 = CIRCLE ( 'NONE', #2023, 0.1750000000000000700 ) ;
#1670 = PLANE ( 'NONE',  #1097 ) ;
#1671 = DIRECTION ( 'NONE',  ( 0.0000000000000000000, 0.0000000000000000000, 1.000000000000000000 ) ) ;
#1672 = CARTESIAN_POINT ( 'NONE',  ( -0.7500000000000002200, 0.5500000000000000400, 1.600000000000000100 ) ) ;
#1673 = VERTEX_POINT ( 'NONE', #2322 ) ;
#1674 = EDGE_CURVE ( 'NONE', #1729, #2881, #1493, .T. ) ;
#1675 = CARTESIAN_POINT ( 'NONE',  ( 0.4500000000000001800, 0.5500000000000000400, 0.9999999999999991100 ) ) ;
#1676 = EDGE_LOOP ( 'NONE', ( #582, #2942, #392, #4019 ) ) ;
#1677 = DIRECTION ( 'NONE',  ( 1.000000000000000000, 0.0000000000000000000, 0.0000000000000000000 ) ) ;
#1678 = CARTESIAN_POINT ( 'NONE',  ( 0.7500000000000000000, 0.03999999999999999400, 0.1999999999999999300 ) ) ;
#1679 = LINE ( 'NONE', #4170, #4168 ) ;
#1680 = ORIENTED_EDGE ( 'NONE', *, *, #2287, .F. ) ;
#1681 = CARTESIAN_POINT ( 'NONE',  ( -0.7099999999999920800, 0.04000000000000004900, 0.2000000000000003200 ) ) ;
#1682 = AXIS2_PLACEMENT_3D ( 'NONE', #2429, #1431, #476 ) ;
#1683 = ORIENTED_EDGE ( 'NONE', *, *, #4103, .T. ) ;
#1684 = APPLICATION_CONTEXT ( 'automotive_design' ) ;
#1685 = AXIS2_PLACEMENT_3D ( 'NONE', #2781, #3117, #4142 ) ;
#1686 = LINE ( 'NONE', #2837, #258 ) ;
#1687 = CARTESIAN_POINT ( 'NONE',  ( -0.7099999999999924100, 0.04000000000000004900, -0.2000000000000000900 ) ) ;
#1688 = ADVANCED_FACE ( 'NONE', ( #1132 ), #1014, .F. ) ;
#1689 = VECTOR ( 'NONE', #2223, 1000.000000000000000 ) ;
#1690 = EDGE_CURVE ( 'NONE', #674, #2395, #70, .T. ) ;
#1691 = CARTESIAN_POINT ( 'NONE',  ( 0.4299999999999997200, 0.5500000000000000400, 1.600000000000000300 ) ) ;
#1692 = ORIENTED_EDGE ( 'NONE', *, *, #1141, .T. ) ;
#1693 = VECTOR ( 'NONE', #2659, 1000.000000000000000 ) ;
#1694 = ORIENTED_EDGE ( 'NONE', *, *, #2889, .F. ) ;
#1695 = DIRECTION ( 'NONE',  ( 1.000000000000000000, 0.0000000000000000000, -0.0000000000000000000 ) ) ;
#1696 = CARTESIAN_POINT ( 'NONE',  ( 0.7099999999999767600, 0.5100000000000000100, 0.9999999999999995600 ) ) ;
#1697 = LINE ( 'NONE', #3169, #3990 ) ;
#1698 = EDGE_CURVE ( 'NONE', #1604, #2051, #1603, .T. ) ;
#1699 = EDGE_LOOP ( 'NONE', ( #3544, #2797, #731, #1153 ) ) ;
#1700 = ORIENTED_EDGE ( 'NONE', *, *, #1718, .T. ) ;
#1701 = FACE_OUTER_BOUND ( 'NONE', #3745, .T. ) ;
#1702 = ORIENTED_EDGE ( 'NONE', *, *, #197, .F. ) ;
#1703 = AXIS2_PLACEMENT_3D ( 'NONE', #3621, #378, #1292 ) ;
#1704 = VERTEX_POINT ( 'NONE', #750 ) ;
#1705 = DIRECTION ( 'NONE',  ( -0.0000000000000000000, 0.0000000000000000000, 1.000000000000000000 ) ) ;
#1706 = ADVANCED_FACE ( 'NONE', ( #275 ), #2047, .T. ) ;
#1707 = SURFACE_STYLE_FILL_AREA ( #4277 ) ;
#1708 = AXIS2_PLACEMENT_3D ( 'NONE', #3266, #939, #3597 ) ;
#1709 = DIRECTION ( 'NONE',  ( 0.0000000000000000000, 0.0000000000000000000, -1.000000000000000000 ) ) ;
#1710 =( NAMED_UNIT ( * ) SI_UNIT ( $, .STERADIAN. ) SOLID_ANGLE_UNIT ( ) );
#1711 = CARTESIAN_POINT ( 'NONE',  ( 0.7500000000000001100, 0.0000000000000000000, 0.9999999999999991100 ) ) ;
#1712 = EDGE_CURVE ( 'NONE', #3343, #3009, #1441, .T. ) ;
#1713 = LINE ( 'NONE', #1732, #3004 ) ;
#1714 = DIRECTION ( 'NONE',  ( -0.0000000000000000000, -0.0000000000000000000, -1.000000000000000000 ) ) ;
#1715 = CARTESIAN_POINT ( 'NONE',  ( -0.7500000000000001100, 0.5500000000000000400, 0.6000000000000000900 ) ) ;
#1716 = VECTOR ( 'NONE', #941, 1000.000000000000000 ) ;
#1717 = VERTEX_POINT ( 'NONE', #1989 ) ;
#1718 = EDGE_CURVE ( 'NONE', #1413, #3065, #2002, .T. ) ;
#1719 = CARTESIAN_POINT ( 'NONE',  ( 0.7500000000000000000, 0.03999999999999999400, -0.1999999999999999300 ) ) ;
#1720 = CARTESIAN_POINT ( 'NONE',  ( 0.3500000000000000900, 0.03999999999999999400, -0.2000000000000000900 ) ) ;
#1721 = DIRECTION ( 'NONE',  ( 0.0000000000000000000, 0.0000000000000000000, -1.000000000000000000 ) ) ;
#1722 = ORIENTED_EDGE ( 'NONE', *, *, #2072, .T. ) ;
#1723 = LINE ( 'NONE', #3160, #4018 ) ;
#1724 = ORIENTED_EDGE ( 'NONE', *, *, #331, .F. ) ;
#1725 = ORIENTED_EDGE ( 'NONE', *, *, #2299, .F. ) ;
#1726 = AXIS2_PLACEMENT_3D ( 'NONE', #1675, #2997, #1043 ) ;
#1727 = CARTESIAN_POINT ( 'NONE',  ( -0.7099999999999933000, 0.5100000000000000100, -1.600000000000000300 ) ) ;
#1728 = ORIENTED_EDGE ( 'NONE', *, *, #3719, .T. ) ;
#1729 = VERTEX_POINT ( 'NONE', #2019 ) ;
#1730 = ADVANCED_FACE ( 'NONE', ( #585 ), #4009, .F. ) ;
#1731 = LINE ( 'NONE', #3158, #1580 ) ;
#1732 = CARTESIAN_POINT ( 'NONE',  ( -0.4500000000000001800, 0.5500000000000000400, 1.400000000000000100 ) ) ;
#1733 = CIRCLE ( 'NONE', #1123, 0.1750000000000000200 ) ;
#1734 = CARTESIAN_POINT ( 'NONE',  ( -0.4500000000000001800, 0.5100000000000000100, -0.8249999999999988500 ) ) ;
#1735 = ORIENTED_EDGE ( 'NONE', *, *, #23, .T. ) ;
#1736 = DIRECTION ( 'NONE',  ( -1.000000000000000000, 0.0000000000000000000, -0.0000000000000000000 ) ) ;
#1737 = CARTESIAN_POINT ( 'NONE',  ( 0.7100000000000001900, 0.04000000000000004900, -0.5999999999999998700 ) ) ;
#1738 = LINE ( 'NONE', #1012, #4129 ) ;
#1739 = PLANE ( 'NONE',  #1841 ) ;
#1740 = MECHANICAL_DESIGN_GEOMETRIC_PRESENTATION_REPRESENTATION (  '', ( #2231 ), #3191 ) ;
#1741 = FACE_OUTER_BOUND ( 'NONE', #3831, .T. ) ;
#1742 = DIRECTION ( 'NONE',  ( -0.0000000000000000000, 1.000000000000000000, -0.0000000000000000000 ) ) ;
#1743 = ORIENTED_EDGE ( 'NONE', *, *, #2860, .T. ) ;
#1744 = LINE ( 'NONE', #4033, #2983 ) ;
#1745 = EDGE_CURVE ( 'NONE', #2490, #491, #4203, .T. ) ;
#1746 = PLANE ( 'NONE',  #1339 ) ;
#1747 =( NAMED_UNIT ( * ) PLANE_ANGLE_UNIT ( ) SI_UNIT ( $, .RADIAN. ) );
#1748 = ORIENTED_EDGE ( 'NONE', *, *, #2509, .T. ) ;
#1749 = DIRECTION ( 'NONE',  ( -1.000000000000000000, 0.0000000000000000000, 0.0000000000000000000 ) ) ;
#1750 = ORIENTED_EDGE ( 'NONE', *, *, #4235, .T. ) ;
#1751 = VECTOR ( 'NONE', #3497, 1000.000000000000100 ) ;
#1752 = DIRECTION ( 'NONE',  ( 0.0000000000000000000, -1.000000000000000000, 0.0000000000000000000 ) ) ;
#1753 = ADVANCED_FACE ( 'NONE', ( #3099 ), #3670, .F. ) ;
#1754 = ORIENTED_EDGE ( 'NONE', *, *, #2050, .T. ) ;
#1755 = DIRECTION ( 'NONE',  ( 0.0000000000000000000, 0.0000000000000000000, -1.000000000000000000 ) ) ;
#1756 = EDGE_CURVE ( 'NONE', #3728, #2991, #473, .T. ) ;
#1757 = ORIENTED_EDGE ( 'NONE', *, *, #3384, .T. ) ;
#1758 = LINE ( 'NONE', #2179, #3404 ) ;
#1759 = VERTEX_POINT ( 'NONE', #3079 ) ;
#1760 = CARTESIAN_POINT ( 'NONE',  ( -0.7099999999999933000, 0.04000000000000004900, 1.599999999999998500 ) ) ;
#1761 = DIRECTION ( 'NONE',  ( -1.000000000000000000, 0.0000000000000000000, -0.0000000000000000000 ) ) ;
#1762 = CARTESIAN_POINT ( 'NONE',  ( -0.4500000000000002300, 0.5500000000000000400, 0.6000000000000003100 ) ) ;
#1763 = CARTESIAN_POINT ( 'NONE',  ( 0.7500000000000002200, 0.0000000000000000000, -1.599999999999999200 ) ) ;
#1764 = LINE ( 'NONE', #2164, #3210 ) ;
#1765 = EDGE_LOOP ( 'NONE', ( #1859, #1804, #1525, #2568 ) ) ;
#1766 = DIRECTION ( 'NONE',  ( 0.0000000000000000000, 0.0000000000000000000, 1.000000000000000000 ) ) ;
#1767 = ORIENTED_EDGE ( 'NONE', *, *, #2663, .F. ) ;
#1768 = LINE ( 'NONE', #2470, #2792 ) ;
#1769 = CARTESIAN_POINT ( 'NONE',  ( 0.6249999999999932300, 0.04000000000000004900, 0.1999999999999994800 ) ) ;
#1770 = ORIENTED_EDGE ( 'NONE', *, *, #3601, .T. ) ;
#1771 =( GEOMETRIC_REPRESENTATION_CONTEXT ( 3 ) GLOBAL_UNCERTAINTY_ASSIGNED_CONTEXT ( ( #591 ) ) GLOBAL_UNIT_ASSIGNED_CONTEXT ( ( #3730, #1747, #3026 ) ) REPRESENTATION_CONTEXT ( 'NONE', 'WORKASPACE' ) );
#1772 = DIRECTION ( 'NONE',  ( 0.0000000000000000000, 0.0000000000000000000, -1.000000000000000000 ) ) ;
#1773 = CARTESIAN_POINT ( 'NONE',  ( -0.7500000000000000000, 0.5500000000000000400, 0.2000000000000000400 ) ) ;
#1774 = VERTEX_POINT ( 'NONE', #151 ) ;
#1775 = ADVANCED_FACE ( 'NONE', ( #2211 ), #3422, .F. ) ;
#1776 = EDGE_CURVE ( 'NONE', #237, #3811, #1026, .T. ) ;
#1777 = ORIENTED_EDGE ( 'NONE', *, *, #1914, .T. ) ;
#1778 = EDGE_LOOP ( 'NONE', ( #3433, #3787, #2309, #2493, #3129, #2842 ) ) ;
#1779 = CLOSED_SHELL ( 'NONE', ( #3396, #2652, #1314, #2928, #1382, #3003, #1426, #2391, #3294, #825 ) ) ;
#1780 = PLANE ( 'NONE',  #2695 ) ;
#1781 = LINE ( 'NONE', #2721, #1571 ) ;
#1782 = EDGE_LOOP ( 'NONE', ( #2869, #2987, #4174, #3883 ) ) ;
#1783 = EDGE_CURVE ( 'NONE', #2918, #3009, #730, .T. ) ;
#1784 = EDGE_LOOP ( 'NONE', ( #721, #1052, #832, #3178 ) ) ;
#1785 = DIRECTION ( 'NONE',  ( 1.000000000000000000, 0.0000000000000000000, 7.228014483236699500E-016 ) ) ;
#1786 = VECTOR ( 'NONE', #4167, 1000.000000000000000 ) ;
#1787 = AXIS2_PLACEMENT_3D ( 'NONE', #855, #1845, #3150 ) ;
#1788 = CARTESIAN_POINT ( 'NONE',  ( -0.6249999999999835700, 0.5100000000000000100, 0.8249999999999995100 ) ) ;
#1789 = EDGE_CURVE ( 'NONE', #729, #297, #3940, .T. ) ;
#1790 = MANIFOLD_SOLID_BREP ( 'Pin 6', #1779 ) ;
#1791 = AXIS2_PLACEMENT_3D ( 'NONE', #2283, #661, #2958 ) ;
#1792 = PLANE ( 'NONE',  #2783 ) ;
#1793 = ORIENTED_EDGE ( 'NONE', *, *, #1221, .F. ) ;
#1794 = VECTOR ( 'NONE', #306, 1000.000000000000000 ) ;
#1795 = DIRECTION ( 'NONE',  ( 0.0000000000000000000, 0.0000000000000000000, -1.000000000000000000 ) ) ;
#1796 = CARTESIAN_POINT ( 'NONE',  ( -0.6249999999999920100, 0.5100000000000000100, 0.02499999999999963400 ) ) ;
#1797 = CARTESIAN_POINT ( 'NONE',  ( 0.7099999999999930800, 0.0000000000000000000, -0.6000000000000005300 ) ) ;
#1798 = VECTOR ( 'NONE', #2921, 1000.000000000000000 ) ;
#1799 = ORIENTED_EDGE ( 'NONE', *, *, #3660, .F. ) ;
#1800 = EDGE_CURVE ( 'NONE', #3315, #764, #16, .T. ) ;
#1801 = DIRECTION ( 'NONE',  ( -1.000000000000000000, -0.0000000000000000000, -0.0000000000000000000 ) ) ;
#1802 = VECTOR ( 'NONE', #4180, 1000.000000000000000 ) ;
#1803 = PLANE ( 'NONE',  #2341 ) ;
#1804 = ORIENTED_EDGE ( 'NONE', *, *, #559, .T. ) ;
#1805 = ORIENTED_EDGE ( 'NONE', *, *, #1385, .T. ) ;
#1806 = LINE ( 'NONE', #2940, #3255 ) ;
#1807 = EDGE_CURVE ( 'NONE', #1548, #29, #269, .T. ) ;
#1808 = CARTESIAN_POINT ( 'NONE',  ( -0.7099999999999933000, 0.04000000000000004900, -1.000000000000000000 ) ) ;
#1809 = DIRECTION ( 'NONE',  ( -1.000000000000000000, -0.0000000000000000000, -0.0000000000000000000 ) ) ;
#1810 = ORIENTED_EDGE ( 'NONE', *, *, #2377, .F. ) ;
#1811 = PLANE ( 'NONE',  #2732 ) ;
#1812 = DIRECTION ( 'NONE',  ( 0.0000000000000000000, 0.0000000000000000000, -1.000000000000000000 ) ) ;
#1813 = ORIENTED_EDGE ( 'NONE', *, *, #575, .T. ) ;
#1814 = FACE_OUTER_BOUND ( 'NONE', #3143, .T. ) ;
#1815 = DIRECTION ( 'NONE',  ( 0.0000000000000000000, -1.000000000000000000, 0.0000000000000000000 ) ) ;
#1816 = CARTESIAN_POINT ( 'NONE',  ( 0.7100000000000001900, 0.04000000000000004900, -1.600000000000000300 ) ) ;
#1817 = ADVANCED_FACE ( 'NONE', ( #1230 ), #3759, .F. ) ;
#1818 = ORIENTED_EDGE ( 'NONE', *, *, #624, .F. ) ;
#1819 = AXIS2_PLACEMENT_3D ( 'NONE', #940, #3223, #4256 ) ;
#1820 = DIRECTION ( 'NONE',  ( 0.0000000000000000000, -1.000000000000000000, 0.0000000000000000000 ) ) ;
#1821 = DIRECTION ( 'NONE',  ( 0.0000000000000000000, 0.0000000000000000000, -1.000000000000000000 ) ) ;
#1822 = LINE ( 'NONE', #203, #2119 ) ;
#1823 = CARTESIAN_POINT ( 'NONE',  ( -0.7500000000000000000, 0.0000000000000000000, 0.2000000000000000400 ) ) ;
#1824 = ORIENTED_EDGE ( 'NONE', *, *, #23, .F. ) ;
#1825 = EDGE_LOOP ( 'NONE', ( #354, #1303, #778, #2587 ) ) ;
#1826 = VECTOR ( 'NONE', #2846, 1000.000000000000000 ) ;
#1827 = VERTEX_POINT ( 'NONE', #4098 ) ;
#1828 = FILL_AREA_STYLE_COLOUR ( '', #1499 ) ;
#1829 = ORIENTED_EDGE ( 'NONE', *, *, #1134, .T. ) ;
#1830 = EDGE_CURVE ( 'NONE', #2586, #3010, #2624, .T. ) ;
#1831 = VERTEX_POINT ( 'NONE', #3097 ) ;
#1832 = CARTESIAN_POINT ( 'NONE',  ( -0.7099999999999933000, 0.0000000000000000000, -0.6000000000000003100 ) ) ;
#1833 = DIRECTION ( 'NONE',  ( 0.0000000000000000000, -1.000000000000000000, 0.0000000000000000000 ) ) ;
#1834 = EDGE_CURVE ( 'NONE', #1211, #1060, #1897, .T. ) ;
#1835 = ADVANCED_FACE ( 'NONE', ( #1651 ), #3436, .F. ) ;
#1836 = DIRECTION ( 'NONE',  ( 6.377659838150644000E-016, 0.0000000000000000000, 1.000000000000000000 ) ) ;
#1837 = LINE ( 'NONE', #3522, #2501 ) ;
#1838 = ORIENTED_EDGE ( 'NONE', *, *, #3361, .F. ) ;
#1839 = CARTESIAN_POINT ( 'NONE',  ( 0.0000000000000000000, 0.5500000000000000400, 0.0000000000000000000 ) ) ;
#1840 = LINE ( 'NONE', #2003, #2396 ) ;
#1841 = AXIS2_PLACEMENT_3D ( 'NONE', #3128, #1129, #3113 ) ;
#1842 = DIRECTION ( 'NONE',  ( 0.0000000000000000000, -0.0000000000000000000, 1.000000000000000000 ) ) ;
#1843 = DIRECTION ( 'NONE',  ( -1.000000000000000000, 0.0000000000000000000, -2.710505431213759600E-016 ) ) ;
#1844 = LINE ( 'NONE', #4147, #770 ) ;
#1845 = DIRECTION ( 'NONE',  ( -0.0000000000000000000, 1.000000000000000000, -0.0000000000000000000 ) ) ;
#1846 = AXIS2_PLACEMENT_3D ( 'NONE', #3741, #2761, #1417 ) ;
#1847 = VECTOR ( 'NONE', #3678, 1000.000000000000000 ) ;
#1848 = PLANE ( 'NONE',  #3968 ) ;
#1849 = VECTOR ( 'NONE', #3296, 1000.000000000000000 ) ;
#1850 = CARTESIAN_POINT ( 'NONE',  ( -0.4500000000000001800, 0.5500000000000000400, 0.2000000000000000400 ) ) ;
#1851 = VERTEX_POINT ( 'NONE', #2791 ) ;
#1852 = VECTOR ( 'NONE', #2806, 1000.000000000000000 ) ;
#1853 = EDGE_CURVE ( 'NONE', #1102, #2490, #3665, .T. ) ;
#1854 = CARTESIAN_POINT ( 'NONE',  ( 0.4499999999999918500, 0.5100000000000000100, -0.02499999999999899500 ) ) ;
#1855 = DIRECTION ( 'NONE',  ( -1.000000000000000000, 0.0000000000000000000, 2.168404344971008100E-015 ) ) ;
#1856 = CARTESIAN_POINT ( 'NONE',  ( -0.7500000000000001100, 0.5500000000000000400, 0.6000000000000000900 ) ) ;
#1857 = VERTEX_POINT ( 'NONE', #1737 ) ;
#1858 = LINE ( 'NONE', #1797, #3618 ) ;
#1859 = ORIENTED_EDGE ( 'NONE', *, *, #2441, .T. ) ;
#1860 = EDGE_CURVE ( 'NONE', #1211, #2307, #1999, .T. ) ;
#1861 = LINE ( 'NONE', #3899, #2314 ) ;
#1862 = DIRECTION ( 'NONE',  ( 0.0000000000000000000, 0.0000000000000000000, 1.000000000000000000 ) ) ;
#1863 = DIRECTION ( 'NONE',  ( -2.710505431213759600E-016, -0.0000000000000000000, -1.000000000000000000 ) ) ;
#1864 = DIRECTION ( 'NONE',  ( -0.0000000000000000000, -1.000000000000000000, -0.0000000000000000000 ) ) ;
#1865 = VECTOR ( 'NONE', #4102, 1000.000000000000000 ) ;
#1866 = VERTEX_POINT ( 'NONE', #3856 ) ;
#1867 = EDGE_CURVE ( 'NONE', #1729, #4190, #2730, .T. ) ;
#1868 = PLANE ( 'NONE',  #4081 ) ;
#1869 = LINE ( 'NONE', #2140, #1196 ) ;
#1870 = CARTESIAN_POINT ( 'NONE',  ( -0.7099999999999849800, 0.5100000000000000100, -0.2000000000000000400 ) ) ;
#1871 = PLANE ( 'NONE',  #745 ) ;
#1872 = FACE_OUTER_BOUND ( 'NONE', #976, .T. ) ;
#1873 = DIRECTION ( 'NONE',  ( -0.0000000000000000000, 1.000000000000000000, -0.0000000000000000000 ) ) ;
#1874 = CARTESIAN_POINT ( 'NONE',  ( 0.4299999999999997200, 0.5500000000000000400, -1.600000000000000300 ) ) ;
#1875 = ORIENTED_EDGE ( 'NONE', *, *, #30, .F. ) ;
#1876 = ORIENTED_EDGE ( 'NONE', *, *, #4271, .F. ) ;
#1877 = CARTESIAN_POINT ( 'NONE',  ( -0.6500000000000001300, 0.5100000000000000100, 1.400000000000000100 ) ) ;
#1878 = DIRECTION ( 'NONE',  ( 0.0000000000000000000, 0.0000000000000000000, -1.000000000000000000 ) ) ;
#1879 = FACE_OUTER_BOUND ( 'NONE', #309, .T. ) ;
#1880 = VERTEX_POINT ( 'NONE', #2506 ) ;
#1881 = FACE_OUTER_BOUND ( 'NONE', #3179, .T. ) ;
#1882 = DIRECTION ( 'NONE',  ( 0.0000000000000000000, -1.000000000000000000, 0.0000000000000000000 ) ) ;
#1883 = EDGE_CURVE ( 'NONE', #2673, #3062, #2306, .T. ) ;
#1884 = VECTOR ( 'NONE', #3168, 1000.000000000000000 ) ;
#1885 = DIRECTION ( 'NONE',  ( -0.0000000000000000000, -1.000000000000000000, -0.0000000000000000000 ) ) ;
#1886 = ORIENTED_EDGE ( 'NONE', *, *, #896, .T. ) ;
#1887 = LINE ( 'NONE', #3804, #1218 ) ;
#1888 = EDGE_CURVE ( 'NONE', #3325, #1146, #3350, .T. ) ;
#1889 = CARTESIAN_POINT ( 'NONE',  ( -0.7099999999999933000, 0.04000000000000004900, 1.000000000000000000 ) ) ;
#1890 = CARTESIAN_POINT ( 'NONE',  ( -0.7500000000000001100, 0.5500000000000000400, -1.000000000000000000 ) ) ;
#1891 = VERTEX_POINT ( 'NONE', #2852 ) ;
#1892 = VECTOR ( 'NONE', #937, 1000.000000000000000 ) ;
#1893 = DIRECTION ( 'NONE',  ( -0.0000000000000000000, -0.0000000000000000000, 1.000000000000000000 ) ) ;
#1894 = CARTESIAN_POINT ( 'NONE',  ( -0.4300000000000001600, 0.5500000000000000400, 0.0000000000000000000 ) ) ;
#1895 = CYLINDRICAL_SURFACE ( 'NONE', #1569, 0.1750000000000000200 ) ;
#1896 = ORIENTED_EDGE ( 'NONE', *, *, #1045, .T. ) ;
#1897 = LINE ( 'NONE', #3127, #1021 ) ;
#1898 = AXIS2_PLACEMENT_3D ( 'NONE', #1461, #2469, #1113 ) ;
#1899 = CARTESIAN_POINT ( 'NONE',  ( 0.7100000000000001900, 0.5100000000000000100, 0.9999999999999991100 ) ) ;
#1900 = ORIENTED_EDGE ( 'NONE', *, *, #1644, .T. ) ;
#1901 = ORIENTED_EDGE ( 'NONE', *, *, #1644, .F. ) ;
#1902 = PLANE ( 'NONE',  #3744 ) ;
#1903 = FILL_AREA_STYLE ('',( #1216 ) ) ;
#1904 = ORIENTED_EDGE ( 'NONE', *, *, #4029, .F. ) ;
#1905 = ORIENTED_EDGE ( 'NONE', *, *, #1529, .T. ) ;
#1906 = LINE ( 'NONE', #933, #1607 ) ;
#1907 = EDGE_CURVE ( 'NONE', #827, #3672, #3448, .T. ) ;
#1908 = CARTESIAN_POINT ( 'NONE',  ( -0.7500000000000000000, 0.5500000000000000400, 0.2000000000000000400 ) ) ;
#1909 = CARTESIAN_POINT ( 'NONE',  ( -0.7099999999999933000, 0.5100000000000000100, -1.600000000000000300 ) ) ;
#1910 = ORIENTED_EDGE ( 'NONE', *, *, #913, .F. ) ;
#1911 = CARTESIAN_POINT ( 'NONE',  ( -0.3500000000000004200, 0.03999999999999999400, 0.5999999999999998700 ) ) ;
#1912 = DIRECTION ( 'NONE',  ( 1.000000000000000000, -0.0000000000000000000, 0.0000000000000000000 ) ) ;
#1913 = LINE ( 'NONE', #3813, #3051 ) ;
#1914 = EDGE_CURVE ( 'NONE', #524, #3504, #1125, .T. ) ;
#1915 = SURFACE_SIDE_STYLE ('',( #647 ) ) ;
#1916 = DIRECTION ( 'NONE',  ( 0.0000000000000000000, 0.0000000000000000000, 1.000000000000000000 ) ) ;
#1917 = LINE ( 'NONE', #564, #492 ) ;
#1918 = MANIFOLD_SOLID_BREP ( 'Pin 1', #2435 ) ;
#1919 = CARTESIAN_POINT ( 'NONE',  ( 0.7500000000000001100, 0.5500000000000000400, 0.5999999999999996400 ) ) ;
#1920 = CARTESIAN_POINT ( 'NONE',  ( 0.4500000000000001800, 0.5500000000000000400, -0.9999999999999991100 ) ) ;
#1921 = VECTOR ( 'NONE', #2069, 1000.000000000000000 ) ;
#1922 = CARTESIAN_POINT ( 'NONE',  ( -0.4499999999999918500, 0.5100000000000000100, -0.02499999999999883200 ) ) ;
#1923 = ADVANCED_FACE ( 'NONE', ( #779 ), #510, .F. ) ;
#1924 = CARTESIAN_POINT ( 'NONE',  ( -0.7099999999999933000, 0.5100000000000000100, -1.600000000000000300 ) ) ;
#1925 = VERTEX_POINT ( 'NONE', #238 ) ;
#1926 = DIRECTION ( 'NONE',  ( 0.0000000000000000000, 0.0000000000000000000, -1.000000000000000000 ) ) ;
#1927 = ORIENTED_EDGE ( 'NONE', *, *, #818, .T. ) ;
#1928 = STYLED_ITEM ( 'NONE', ( #862 ), #3083 ) ;
#1929 = LINE ( 'NONE', #3848, #4119 ) ;
#1930 = ORIENTED_EDGE ( 'NONE', *, *, #1674, .F. ) ;
#1931 = CARTESIAN_POINT ( 'NONE',  ( -0.7099999999999933000, 0.5100000000000000100, 0.9999999999999995600 ) ) ;
#1932 = DIRECTION ( 'NONE',  ( -1.000000000000000000, 0.0000000000000000000, 2.710505431213763100E-016 ) ) ;
#1933 = ORIENTED_EDGE ( 'NONE', *, *, #2129, .T. ) ;
#1934 = EDGE_LOOP ( 'NONE', ( #2599, #583, #2468, #2919 ) ) ;
#1935 = CARTESIAN_POINT ( 'NONE',  ( -0.7099999999999933000, 0.04000000000000004900, -0.6000000000000005300 ) ) ;
#1936 = LINE ( 'NONE', #2602, #758 ) ;
#1937 = EDGE_CURVE ( 'NONE', #2308, #3376, #3201, .T. ) ;
#1938 = ORIENTED_EDGE ( 'NONE', *, *, #1776, .F. ) ;
#1939 = CARTESIAN_POINT ( 'NONE',  ( 0.7099999999999930800, 0.0000000000000000000, -0.6000000000000005300 ) ) ;
#1940 = VECTOR ( 'NONE', #2880, 1000.000000000000000 ) ;
#1941 = ORIENTED_EDGE ( 'NONE', *, *, #843, .F. ) ;
#1942 = EDGE_CURVE ( 'NONE', #2703, #1222, #4094, .T. ) ;
#1943 = VECTOR ( 'NONE', #703, 1000.000000000000000 ) ;
#1944 = CARTESIAN_POINT ( 'NONE',  ( -0.7099999999999933000, 0.5100000000000000100, -0.6000000000000000900 ) ) ;
#1945 = ADVANCED_FACE ( 'NONE', ( #2888 ), #2522, .F. ) ;
#1946 = LINE ( 'NONE', #2802, #3710 ) ;
#1947 = EDGE_LOOP ( 'NONE', ( #999, #3120, #1543, #1910 ) ) ;
#1948 = CARTESIAN_POINT ( 'NONE',  ( 0.3499999999999999800, 0.0000000000000000000, 0.5999999999999998700 ) ) ;
#1949 = DIRECTION ( 'NONE',  ( 0.0000000000000000000, -1.000000000000000000, 0.0000000000000000000 ) ) ;
#1950 = VECTOR ( 'NONE', #84, 1000.000000000000000 ) ;
#1951 = CARTESIAN_POINT ( 'NONE',  ( 0.4499999999999919600, 0.04000000000000004900, -1.600000000000000300 ) ) ;
#1952 = CARTESIAN_POINT ( 'NONE',  ( -0.7099999999999933000, 0.04000000000000004900, -0.6000000000000003100 ) ) ;
#1953 = CARTESIAN_POINT ( 'NONE',  ( 0.0000000000000000000, 0.0000000000000000000, 0.0000000000000000000 ) ) ;
#1954 = EDGE_LOOP ( 'NONE', ( #2292, #3066, #274, #1538 ) ) ;
#1955 = VECTOR ( 'NONE', #2116, 1000.000000000000000 ) ;
#1956 = ORIENTED_EDGE ( 'NONE', *, *, #3348, .T. ) ;
#1957 = ORIENTED_EDGE ( 'NONE', *, *, #3643, .F. ) ;
#1958 = LINE ( 'NONE', #4083, #1186 ) ;
#1959 = DIRECTION ( 'NONE',  ( 1.000000000000000000, 0.0000000000000000000, -0.0000000000000000000 ) ) ;
#1960 = EDGE_LOOP ( 'NONE', ( #1374, #2191, #1805, #3078 ) ) ;
#1961 = CARTESIAN_POINT ( 'NONE',  ( -0.7500000000000001100, 0.5500000000000000400, -0.6000000000000000900 ) ) ;
#1962 = LINE ( 'NONE', #1909, #3727 ) ;
#1963 = DIRECTION ( 'NONE',  ( 1.000000000000000000, 0.0000000000000000000, 0.0000000000000000000 ) ) ;
#1964 = ORIENTED_EDGE ( 'NONE', *, *, #3377, .T. ) ;
#1965 = EDGE_CURVE ( 'NONE', #136, #3842, #4249, .T. ) ;
#1966 = VECTOR ( 'NONE', #3056, 1000.000000000000000 ) ;
#1967 = CARTESIAN_POINT ( 'NONE',  ( 0.4499999999999836400, 0.04000000000000004900, 0.8249999999999980700 ) ) ;
#1968 = ORIENTED_EDGE ( 'NONE', *, *, #215, .T. ) ;
#1969 = LINE ( 'NONE', #474, #1090 ) ;
#1970 = EDGE_CURVE ( 'NONE', #4084, #4128, #577, .T. ) ;
#1971 = CARTESIAN_POINT ( 'NONE',  ( -0.4500000000000001800, 0.5500000000000000400, 1.600000000000000300 ) ) ;
#1972 = LINE ( 'NONE', #1681, #4010 ) ;
#1973 = DIRECTION ( 'NONE',  ( -0.0000000000000000000, -1.000000000000000000, -0.0000000000000000000 ) ) ;
#1974 =( GEOMETRIC_REPRESENTATION_CONTEXT ( 3 ) GLOBAL_UNCERTAINTY_ASSIGNED_CONTEXT ( ( #4188 ) ) GLOBAL_UNIT_ASSIGNED_CONTEXT ( ( #2598, #3530, #907 ) ) REPRESENTATION_CONTEXT ( 'NONE', 'WORKASPACE' ) );
#1975 = ORIENTED_EDGE ( 'NONE', *, *, #3200, .T. ) ;
#1976 = ORIENTED_EDGE ( 'NONE', *, *, #2590, .F. ) ;
#1977 = DIRECTION ( 'NONE',  ( 0.0000000000000000000, -1.000000000000000000, 0.0000000000000000000 ) ) ;
#1978 = EDGE_LOOP ( 'NONE', ( #2685, #4252, #243, #1938 ) ) ;
#1979 = FACE_OUTER_BOUND ( 'NONE', #468, .T. ) ;
#1980 = AXIS2_PLACEMENT_3D ( 'NONE', #2424, #1453, #429 ) ;
#1981 = CARTESIAN_POINT ( 'NONE',  ( 0.4500000000000002300, 0.5100000000000000100, -0.5999999999999998700 ) ) ;
#1982 = PLANE ( 'NONE',  #3593 ) ;
#1983 = VECTOR ( 'NONE', #1624, 1000.000000000000000 ) ;
#1984 = EDGE_CURVE ( 'NONE', #1492, #2586, #2670, .T. ) ;
#1985 = CARTESIAN_POINT ( 'NONE',  ( -0.7500000000000001100, 0.0000000000000000000, -0.6000000000000000900 ) ) ;
#1986 = VECTOR ( 'NONE', #2347, 1000.000000000000000 ) ;
#1987 = DIRECTION ( 'NONE',  ( -1.000000000000000000, -0.0000000000000000000, -0.0000000000000000000 ) ) ;
#1988 = DIRECTION ( 'NONE',  ( 0.0000000000000000000, -1.000000000000000000, 0.0000000000000000000 ) ) ;
#1989 = CARTESIAN_POINT ( 'NONE',  ( -0.6500000000000001300, 0.5500000000000000400, -1.599999999999999900 ) ) ;
#1990 = EDGE_LOOP ( 'NONE', ( #2519, #3611, #3692, #4017 ) ) ;
#1991 = FACE_OUTER_BOUND ( 'NONE', #2893, .T. ) ;
#1992 = DIRECTION ( 'NONE',  ( -0.0000000000000000000, -1.000000000000000000, -0.0000000000000000000 ) ) ;
#1993 = EDGE_CURVE ( 'NONE', #2413, #3631, #1697, .T. ) ;
#1994 = CIRCLE ( 'NONE', #852, 0.1749999999999998200 ) ;
#1995 = CARTESIAN_POINT ( 'NONE',  ( 0.4500000000000001800, 0.5500000000000000400, -1.600000000000000300 ) ) ;
#1996 = DIRECTION ( 'NONE',  ( -1.000000000000000000, 0.0000000000000000000, 0.0000000000000000000 ) ) ;
#1997 = ORIENTED_EDGE ( 'NONE', *, *, #632, .T. ) ;
#1998 = EDGE_CURVE ( 'NONE', #687, #260, #66, .T. ) ;
#1999 = LINE ( 'NONE', #116, #4196 ) ;
#2000 = ORIENTED_EDGE ( 'NONE', *, *, #2996, .F. ) ;
#2001 = ORIENTED_EDGE ( 'NONE', *, *, #3601, .F. ) ;
#2002 = CIRCLE ( 'NONE', #2056, 0.1750000000000000200 ) ;
#2003 = CARTESIAN_POINT ( 'NONE',  ( -0.3500000000000003700, 0.03999999999999999400, 0.1999999999999996500 ) ) ;
#2004 = ADVANCED_FACE ( 'NONE', ( #3092 ), #2840, .T. ) ;
#2005 = CARTESIAN_POINT ( 'NONE',  ( 0.7100000000000001900, 0.04000000000000004900, -1.600000000000000300 ) ) ;
#2006 = ORIENTED_EDGE ( 'NONE', *, *, #2712, .T. ) ;
#2007 = DIRECTION ( 'NONE',  ( 0.0000000000000000000, 0.0000000000000000000, -1.000000000000000000 ) ) ;
#2008 = VERTEX_POINT ( 'NONE', #2204 ) ;
#2009 = FACE_OUTER_BOUND ( 'NONE', #2513, .T. ) ;
#2010 = VERTEX_POINT ( 'NONE', #1271 ) ;
#2011 = CARTESIAN_POINT ( 'NONE',  ( 0.7100000000000001900, 0.5100000000000000100, -1.600000000000000300 ) ) ;
#2012 = VECTOR ( 'NONE', #2708, 1000.000000000000000 ) ;
#2013 = EDGE_CURVE ( 'NONE', #2157, #1658, #3885, .T. ) ;
#2014 = ORIENTED_EDGE ( 'NONE', *, *, #1086, .T. ) ;
#2015 = VECTOR ( 'NONE', #320, 1000.000000000000000 ) ;
#2016 = EDGE_CURVE ( 'NONE', #1222, #260, #2986, .T. ) ;
#2017 = CARTESIAN_POINT ( 'NONE',  ( -0.4499999999999918500, 0.5100000000000000100, 0.02499999999999844000 ) ) ;
#2018 = DIRECTION ( 'NONE',  ( 1.000000000000000000, 0.0000000000000000000, -2.710505431213761100E-016 ) ) ;
#2019 = CARTESIAN_POINT ( 'NONE',  ( 0.3500000000000000900, 0.03999999999999999400, -0.2000000000000000900 ) ) ;
#2020 = VECTOR ( 'NONE', #3834, 1000.000000000000000 ) ;
#2021 = SURFACE_SIDE_STYLE ('',( #3818 ) ) ;
#2022 = ORIENTED_EDGE ( 'NONE', *, *, #920, .T. ) ;
#2023 = AXIS2_PLACEMENT_3D ( 'NONE', #3977, #2030, #2664 ) ;
#2024 = CARTESIAN_POINT ( 'NONE',  ( -0.7099999999999849800, 0.5100000000000000100, -0.2000000000000000400 ) ) ;
#2025 = ORIENTED_EDGE ( 'NONE', *, *, #1993, .T. ) ;
#2026 = DIRECTION ( 'NONE',  ( 0.0000000000000000000, 0.0000000000000000000, 1.000000000000000000 ) ) ;
#2027 = ADVANCED_FACE ( 'NONE', ( #470 ), #3903, .F. ) ;
#2028 = VECTOR ( 'NONE', #2026, 1000.000000000000000 ) ;
#2029 = ORIENTED_EDGE ( 'NONE', *, *, #1524, .T. ) ;
#2030 = DIRECTION ( 'NONE',  ( 0.0000000000000000000, 1.000000000000000000, 0.0000000000000000000 ) ) ;
#2031 = AXIS2_PLACEMENT_3D ( 'NONE', #927, #1214, #1245 ) ;
#2032 = CARTESIAN_POINT ( 'NONE',  ( -0.7500000000000001100, 0.5500000000000000400, -0.6000000000000000900 ) ) ;
#2033 = ORIENTED_EDGE ( 'NONE', *, *, #3493, .F. ) ;
#2034 = FACE_OUTER_BOUND ( 'NONE', #1765, .T. ) ;
#2035 = DIRECTION ( 'NONE',  ( -0.0000000000000000000, -1.000000000000000000, -0.0000000000000000000 ) ) ;
#2036 = FILL_AREA_STYLE_COLOUR ( '', #115 ) ;
#2037 = STYLED_ITEM ( 'NONE', ( #2239 ), #3456 ) ;
#2038 = CARTESIAN_POINT ( 'NONE',  ( -0.4500000000000001800, 0.5500000000000000400, 1.600000000000000300 ) ) ;
#2039 = DIRECTION ( 'NONE',  ( 0.0000000000000000000, 0.0000000000000000000, 1.000000000000000000 ) ) ;
#2040 = CLOSED_SHELL ( 'NONE', ( #4152, #2087, #2132, #1508, #3460, #974, #1118, #508, #3726, #64, #4022, #2433 ) ) ;
#2041 = LINE ( 'NONE', #3950, #1063 ) ;
#2042 = EDGE_CURVE ( 'NONE', #3062, #1114, #1596, .T. ) ;
#2043 = PLANE ( 'NONE',  #1422 ) ;
#2044 = CARTESIAN_POINT ( 'NONE',  ( 0.4499999999999919100, 0.0000000000000000000, 0.02499999999999818700 ) ) ;
#2045 = VECTOR ( 'NONE', #994, 1000.000000000000000 ) ;
#2046 = ADVANCED_FACE ( 'NONE', ( #123 ), #3932, .T. ) ;
#2047 = PLANE ( 'NONE',  #3390 ) ;
#2048 = ORIENTED_EDGE ( 'NONE', *, *, #2564, .T. ) ;
#2049 = VECTOR ( 'NONE', #969, 1000.000000000000000 ) ;
#2050 = EDGE_CURVE ( 'NONE', #3148, #2186, #330, .T. ) ;
#2051 = VERTEX_POINT ( 'NONE', #912 ) ;
#2052 = CARTESIAN_POINT ( 'NONE',  ( 0.7100000000000001900, 0.04000000000000004900, -1.600000000000000300 ) ) ;
#2053 = ORIENTED_EDGE ( 'NONE', *, *, #1942, .T. ) ;
#2054 = DIRECTION ( 'NONE',  ( -0.0000000000000000000, 0.0000000000000000000, 1.000000000000000000 ) ) ;
#2055 = ORIENTED_EDGE ( 'NONE', *, *, #2353, .T. ) ;
#2056 = AXIS2_PLACEMENT_3D ( 'NONE', #723, #2992, #2007 ) ;
#2057 = VECTOR ( 'NONE', #1394, 1000.000000000000000 ) ;
#2058 = DIRECTION ( 'NONE',  ( -0.0000000000000000000, -1.000000000000000000, -0.0000000000000000000 ) ) ;
#2059 = DIRECTION ( 'NONE',  ( 1.000000000000000000, 0.0000000000000000000, 0.0000000000000000000 ) ) ;
#2060 = SURFACE_SIDE_STYLE ('',( #2089 ) ) ;
#2061 = LINE ( 'NONE', #3230, #22 ) ;
#2062 =( NAMED_UNIT ( * ) PLANE_ANGLE_UNIT ( ) SI_UNIT ( $, .RADIAN. ) );
#2063 = LINE ( 'NONE', #105, #1966 ) ;
#2064 = DIRECTION ( 'NONE',  ( 0.0000000000000000000, 0.0000000000000000000, -1.000000000000000000 ) ) ;
#2065 = CARTESIAN_POINT ( 'NONE',  ( -0.7099999999999933000, 0.04000000000000004900, -1.600000000000000300 ) ) ;
#2066 = ADVANCED_FACE ( 'NONE', ( #2937 ), #598, .F. ) ;
#2067 = EDGE_CURVE ( 'NONE', #3423, #1851, #1177, .T. ) ;
#2068 = LINE ( 'NONE', #3463, #942 ) ;
#2069 = DIRECTION ( 'NONE',  ( 1.000000000000000000, 0.0000000000000000000, 0.0000000000000000000 ) ) ;
#2070 = PLANE ( 'NONE',  #1682 ) ;
#2071 = LINE ( 'NONE', #1371, #1456 ) ;
#2072 = EDGE_CURVE ( 'NONE', #2186, #4258, #3935, .T. ) ;
#2073 = DIRECTION ( 'NONE',  ( 1.000000000000000000, 0.0000000000000000000, -0.0000000000000000000 ) ) ;
#2074 = ORIENTED_EDGE ( 'NONE', *, *, #2515, .T. ) ;
#2075 = EDGE_LOOP ( 'NONE', ( #2025, #1050, #3447, #773 ) ) ;
#2076 = ORIENTED_EDGE ( 'NONE', *, *, #837, .F. ) ;
#2077 = DIRECTION ( 'NONE',  ( -1.000000000000000000, 0.0000000000000000000, 0.0000000000000000000 ) ) ;
#2078 = AXIS2_PLACEMENT_3D ( 'NONE', #2177, #2829, #3473 ) ;
#2079 = VERTEX_POINT ( 'NONE', #959 ) ;
#2080 = EDGE_CURVE ( 'NONE', #2250, #1413, #4191, .T. ) ;
#2081 = ORIENTED_EDGE ( 'NONE', *, *, #1340, .T. ) ;
#2082 = CLOSED_SHELL ( 'NONE', ( #2543, #2700, #4127, #2747, #187, #2477, #3137, #424, #1185, #2410, #644, #20 ) ) ;
#2083 = VECTOR ( 'NONE', #1885, 1000.000000000000000 ) ;
#2084 = DIRECTION ( 'NONE',  ( -2.710505431213763100E-016, 0.0000000000000000000, -1.000000000000000000 ) ) ;
#2085 = VECTOR ( 'NONE', #2588, 1000.000000000000000 ) ;
#2086 = CARTESIAN_POINT ( 'NONE',  ( 0.7099999999999849800, 0.5100000000000000100, 0.1999999999999994300 ) ) ;
#2087 = ADVANCED_FACE ( 'NONE', ( #3502 ), #4211, .F. ) ;
#2088 = DIRECTION ( 'NONE',  ( 0.0000000000000000000, 1.000000000000000000, -0.0000000000000000000 ) ) ;
#2089 = SURFACE_STYLE_FILL_AREA ( #1053 ) ;
#2090 = ORIENTED_EDGE ( 'NONE', *, *, #1867, .T. ) ;
#2091 = LINE ( 'NONE', #271, #2143 ) ;
#2092 = CARTESIAN_POINT ( 'NONE',  ( -0.7500000000000002200, 0.5500000000000000400, 1.600000000000000100 ) ) ;
#2093 = CARTESIAN_POINT ( 'NONE',  ( -0.7099999999999765400, 0.04000000000000004900, 0.9999999999999995600 ) ) ;
#2094 = VECTOR ( 'NONE', #1387, 1000.000000000000000 ) ;
#2095 = EDGE_CURVE ( 'NONE', #3652, #954, #2726, .T. ) ;
#2096 = DIRECTION ( 'NONE',  ( -0.0000000000000000000, -1.000000000000000000, -0.0000000000000000000 ) ) ;
#2097 = VERTEX_POINT ( 'NONE', #266 ) ;
#2098 = DIRECTION ( 'NONE',  ( 0.0000000000000000000, 0.0000000000000000000, 1.000000000000000000 ) ) ;
#2099 = VECTOR ( 'NONE', #1579, 1000.000000000000000 ) ;
#2100 = CARTESIAN_POINT ( 'NONE',  ( 0.0000000000000000000, 0.5500000000000000400, 0.0000000000000000000 ) ) ;
#2101 = VERTEX_POINT ( 'NONE', #1546 ) ;
#2102 = CARTESIAN_POINT ( 'NONE',  ( 0.7099999999999849800, 0.0000000000000000000, -0.2000000000000002600 ) ) ;
#2103 = EDGE_CURVE ( 'NONE', #2340, #2333, #2886, .T. ) ;
#2104 = ORIENTED_EDGE ( 'NONE', *, *, #2544, .F. ) ;
#2105 = VERTEX_POINT ( 'NONE', #4240 ) ;
#2106 = ORIENTED_EDGE ( 'NONE', *, *, #2804, .T. ) ;
#2107 = VECTOR ( 'NONE', #1276, 1000.000000000000000 ) ;
#2108 = AXIS2_PLACEMENT_3D ( 'NONE', #1517, #209, #1812 ) ;
#2109 = ORIENTED_EDGE ( 'NONE', *, *, #3324, .F. ) ;
#2110 = CARTESIAN_POINT ( 'NONE',  ( -0.7099999999999933000, 0.5100000000000000100, -1.600000000000000300 ) ) ;
#2111 = LINE ( 'NONE', #2737, #1664 ) ;
#2112 = CARTESIAN_POINT ( 'NONE',  ( 0.4500000000000000700, 0.0000000000000000000, -0.8249999999999990700 ) ) ;
#2113 = SURFACE_STYLE_USAGE ( .BOTH. , #4164 ) ;
#2114 = PRODUCT ( 'ACASA470124701P100', 'ACASA470124701P100', '', ( #1072 ) ) ;
#2115 = ORIENTED_EDGE ( 'NONE', *, *, #1504, .T. ) ;
#2116 = DIRECTION ( 'NONE',  ( 0.0000000000000000000, -1.000000000000000000, 0.0000000000000000000 ) ) ;
#2117 = LINE ( 'NONE', #1194, #31 ) ;
#2118 = CARTESIAN_POINT ( 'NONE',  ( -0.7500000000000001100, 0.0000000000000000000, 1.000000000000000000 ) ) ;
#2119 = VECTOR ( 'NONE', #829, 1000.000000000000000 ) ;
#2120 = CARTESIAN_POINT ( 'NONE',  ( 0.7500000000000001100, 0.0000000000000000000, -0.5999999999999996400 ) ) ;
#2121 = PLANE ( 'NONE',  #509 ) ;
#2122 = CARTESIAN_POINT ( 'NONE',  ( -0.4499999999999918500, 0.0000000000000000000, -0.02499999999999883200 ) ) ;
#2123 = EDGE_CURVE ( 'NONE', #545, #1759, #3298, .T. ) ;
#2124 = VERTEX_POINT ( 'NONE', #3212 ) ;
#2125 = VERTEX_POINT ( 'NONE', #1948 ) ;
#2126 = CARTESIAN_POINT ( 'NONE',  ( 0.3499999999999999800, 0.03999999999999999400, 0.1999999999999996500 ) ) ;
#2127 = FACE_OUTER_BOUND ( 'NONE', #2212, .T. ) ;
#2128 = ORIENTED_EDGE ( 'NONE', *, *, #5, .F. ) ;
#2129 = EDGE_CURVE ( 'NONE', #3672, #2147, #1120, .T. ) ;
#2130 = ORIENTED_EDGE ( 'NONE', *, *, #1449, .T. ) ;
#2131 = DIRECTION ( 'NONE',  ( 2.710505431213759600E-016, 0.0000000000000000000, -1.000000000000000000 ) ) ;
#2132 = ADVANCED_FACE ( 'NONE', ( #3035 ), #3717, .F. ) ;
#2133 = SURFACE_STYLE_USAGE ( .BOTH. , #2822 ) ;
#2134 = DIRECTION ( 'NONE',  ( 0.0000000000000000000, 0.0000000000000000000, 1.000000000000000000 ) ) ;
#2135 = ORIENTED_EDGE ( 'NONE', *, *, #2989, .F. ) ;
#2136 = DIRECTION ( 'NONE',  ( 1.000000000000000000, 0.0000000000000000000, 0.0000000000000000000 ) ) ;
#2137 = AXIS2_PLACEMENT_3D ( 'NONE', #3103, #811, #173 ) ;
#2138 = ORIENTED_EDGE ( 'NONE', *, *, #519, .F. ) ;
#2139 = CIRCLE ( 'NONE', #1265, 0.1750000000000000200 ) ;
#2140 = CARTESIAN_POINT ( 'NONE',  ( -0.7099999999999933000, 0.04000000000000004900, -1.600000000000000300 ) ) ;
#2141 = CARTESIAN_POINT ( 'NONE',  ( -0.6250000000000003300, 0.04000000000000004900, -0.7750000000000002400 ) ) ;
#2142 = ORIENTED_EDGE ( 'NONE', *, *, #2353, .F. ) ;
#2143 = VECTOR ( 'NONE', #601, 1000.000000000000000 ) ;
#2144 = CARTESIAN_POINT ( 'NONE',  ( 0.7500000000000001100, 0.5500000000000000400, -0.5999999999999996400 ) ) ;
#2145 = CARTESIAN_POINT ( 'NONE',  ( -0.7500000000000002200, 0.5500000000000000400, -1.600000000000000100 ) ) ;
#2146 = LINE ( 'NONE', #4002, #2719 ) ;
#2147 = VERTEX_POINT ( 'NONE', #3614 ) ;
#2148 = LINE ( 'NONE', #1393, #522 ) ;
#2149 = EDGE_CURVE ( 'NONE', #4071, #1717, #1744, .T. ) ;
#2150 = CARTESIAN_POINT ( 'NONE',  ( -0.7500000000000001100, 0.5500000000000000400, 0.6000000000000000900 ) ) ;
#2151 = DIRECTION ( 'NONE',  ( 0.0000000000000000000, 0.0000000000000000000, 1.000000000000000000 ) ) ;
#2152 = VECTOR ( 'NONE', #1809, 1000.000000000000000 ) ;
#2153 = ORIENTED_EDGE ( 'NONE', *, *, #2067, .F. ) ;
#2154 = VECTOR ( 'NONE', #4200, 1000.000000000000000 ) ;
#2155 = EDGE_CURVE ( 'NONE', #161, #3994, #525, .T. ) ;
#2156 = CARTESIAN_POINT ( 'NONE',  ( -0.4499999999999835200, 0.0000000000000000000, 0.8249999999999984000 ) ) ;
#2157 = VERTEX_POINT ( 'NONE', #1734 ) ;
#2158 = ORIENTED_EDGE ( 'NONE', *, *, #4035, .F. ) ;
#2159 = DIRECTION ( 'NONE',  ( 0.0000000000000000000, -0.0000000000000000000, 1.000000000000000000 ) ) ;
#2160 = VECTOR ( 'NONE', #213, 1000.000000000000000 ) ;
#2161 = CARTESIAN_POINT ( 'NONE',  ( -0.7500000000000001100, 0.5500000000000000400, 0.6000000000000000900 ) ) ;
#2162 = LINE ( 'NONE', #4139, #1398 ) ;
#2163 = CARTESIAN_POINT ( 'NONE',  ( -0.7099999999999849800, 0.0000000000000000000, 0.1999999999999996500 ) ) ;
#2164 = CARTESIAN_POINT ( 'NONE',  ( 0.7500000000000001100, 0.5500000000000000400, -0.9999999999999991100 ) ) ;
#2165 = DIRECTION ( 'NONE',  ( 0.0000000000000000000, -0.0000000000000000000, 1.000000000000000000 ) ) ;
#2166 = PLANE ( 'NONE',  #3998 ) ;
#2167 = DIRECTION ( 'NONE',  ( 0.0000000000000000000, -0.0000000000000000000, 1.000000000000000000 ) ) ;
#2168 = ORIENTED_EDGE ( 'NONE', *, *, #1304, .T. ) ;
#2169 = LINE ( 'NONE', #701, #434 ) ;
#2170 = AXIS2_PLACEMENT_3D ( 'NONE', #3890, #2925, #1878 ) ;
#2171 = VECTOR ( 'NONE', #2693, 1000.000000000000000 ) ;
#2172 = DIRECTION ( 'NONE',  ( -0.0000000000000000000, -0.0000000000000000000, 1.000000000000000000 ) ) ;
#2173 = ADVANCED_FACE ( 'NONE', ( #574 ), #2271, .F. ) ;
#2174 = CARTESIAN_POINT ( 'NONE',  ( 0.7099999999999767600, 0.0000000000000000000, 0.9999999999999995600 ) ) ;
#2175 = ORIENTED_EDGE ( 'NONE', *, *, #3080, .T. ) ;
#2176 = DIRECTION ( 'NONE',  ( 0.0000000000000000000, -0.0000000000000000000, 1.000000000000000000 ) ) ;
#2177 = CARTESIAN_POINT ( 'NONE',  ( 0.7099999999999767600, 0.0000000000000000000, 0.5999999999999996400 ) ) ;
#2178 = ORIENTED_EDGE ( 'NONE', *, *, #1324, .F. ) ;
#2179 = CARTESIAN_POINT ( 'NONE',  ( -0.7500000000000002200, 0.0000000000000000000, -1.600000000000000100 ) ) ;
#2180 = ORIENTED_EDGE ( 'NONE', *, *, #2600, .F. ) ;
#2181 = CARTESIAN_POINT ( 'NONE',  ( -0.6249999999999846800, 0.04000000000000004900, 0.5999999999999998700 ) ) ;
#2182 = ORIENTED_EDGE ( 'NONE', *, *, #414, .T. ) ;
#2183 = EDGE_CURVE ( 'NONE', #297, #4169, #3820, .T. ) ;
#2184 = ORIENTED_EDGE ( 'NONE', *, *, #1045, .F. ) ;
#2185 = CARTESIAN_POINT ( 'NONE',  ( -0.4500000000000001800, 0.5100000000000000100, 0.2000000000000000400 ) ) ;
#2186 = VERTEX_POINT ( 'NONE', #763 ) ;
#2187 = FACE_OUTER_BOUND ( 'NONE', #2970, .T. ) ;
#2188 = CARTESIAN_POINT ( 'NONE',  ( -0.7500000000000002200, 0.0000000000000000000, -1.600000000000000100 ) ) ;
#2189 = EDGE_CURVE ( 'NONE', #4226, #3557, #324, .T. ) ;
#2190 = CARTESIAN_POINT ( 'NONE',  ( 0.4500000000000002300, 0.5500000000000000400, -0.5999999999999998700 ) ) ;
#2191 = ORIENTED_EDGE ( 'NONE', *, *, #1000, .F. ) ;
#2192 = DIRECTION ( 'NONE',  ( 0.0000000000000000000, 0.0000000000000000000, -1.000000000000000000 ) ) ;
#2193 = LINE ( 'NONE', #2545, #663 ) ;
#2194 =( LENGTH_UNIT ( ) NAMED_UNIT ( * ) SI_UNIT ( .MILLI., .METRE. ) );
#2195 = EDGE_LOOP ( 'NONE', ( #2175, #3042, #3694, #3894 ) ) ;
#2196 = CARTESIAN_POINT ( 'NONE',  ( 0.7100000000000001900, 0.5100000000000000100, -1.600000000000000300 ) ) ;
#2197 = DIRECTION ( 'NONE',  ( 0.0000000000000000000, 0.0000000000000000000, -1.000000000000000000 ) ) ;
#2198 = VECTOR ( 'NONE', #3016, 1000.000000000000000 ) ;
#2199 = CARTESIAN_POINT ( 'NONE',  ( 0.7099999999999767600, 0.04000000000000004900, 0.9999999999999995600 ) ) ;
#2200 = CARTESIAN_POINT ( 'NONE',  ( -0.4500000000000001800, 0.5500000000000000400, -1.000000000000000000 ) ) ;
#2201 = FACE_OUTER_BOUND ( 'NONE', #322, .T. ) ;
#2202 = CARTESIAN_POINT ( 'NONE',  ( 0.6249999999999849000, 0.5100000000000000100, 0.9999999999999995600 ) ) ;
#2203 = ORIENTED_EDGE ( 'NONE', *, *, #1494, .F. ) ;
#2204 = CARTESIAN_POINT ( 'NONE',  ( 0.7500000000000001100, 0.0000000000000000000, -0.9999999999999991100 ) ) ;
#2205 = VECTOR ( 'NONE', #195, 1000.000000000000000 ) ;
#2206 = EDGE_CURVE ( 'NONE', #954, #2124, #214, .T. ) ;
#2207 = ORIENTED_EDGE ( 'NONE', *, *, #659, .T. ) ;
#2208 = CARTESIAN_POINT ( 'NONE',  ( -0.4500000000000001800, 0.5100000000000000100, -1.400000000000000100 ) ) ;
#2209 = ORIENTED_EDGE ( 'NONE', *, *, #1698, .F. ) ;
#2210 = CARTESIAN_POINT ( 'NONE',  ( 0.0000000000000000000, 0.0000000000000000000, 0.0000000000000000000 ) ) ;
#2211 = FACE_OUTER_BOUND ( 'NONE', #1242, .T. ) ;
#2212 = EDGE_LOOP ( 'NONE', ( #1748, #850, #1207, #436 ) ) ;
#2213 = EDGE_CURVE ( 'NONE', #388, #2079, #774, .T. ) ;
#2214 = EDGE_LOOP ( 'NONE', ( #2494, #2945, #2207, #2678 ) ) ;
#2215 = LINE ( 'NONE', #4131, #3835 ) ;
#2216 = CLOSED_SHELL ( 'NONE', ( #3640, #2004, #1033, #3936, #130, #3318, #1165, #4047, #3917, #1077, #2046, #686, #662, #865, #2789, #374, #166, #1096, #1835, #1945, #804, #2027, #2615, #995, #2985, #398, #1232, #2635, #1753, #327, #1337, #3893, #4193, #207, #3023, #1054, #3703, #1296, #1402, #2066, #2675, #443 ) ) ;
#2217 = CARTESIAN_POINT ( 'NONE',  ( 0.0000000000000000000, 0.5500000000000000400, 0.0000000000000000000 ) ) ;
#2218 = CARTESIAN_POINT ( 'NONE',  ( 0.4500000000000001800, 0.5500000000000000400, -1.399999999999999200 ) ) ;
#2219 = LINE ( 'NONE', #2394, #3519 ) ;
#2220 = AXIS2_PLACEMENT_3D ( 'NONE', #1154, #1181, #537 ) ;
#2221 = ORIENTED_EDGE ( 'NONE', *, *, #4265, .T. ) ;
#2222 = EDGE_CURVE ( 'NONE', #303, #1135, #1282, .T. ) ;
#2223 = DIRECTION ( 'NONE',  ( -0.0000000000000000000, 1.000000000000000000, -0.0000000000000000000 ) ) ;
#2224 = LINE ( 'NONE', #2555, #938 ) ;
#2225 = CARTESIAN_POINT ( 'NONE',  ( 0.6249999999999919000, 0.0000000000000000000, -0.02500000000000023400 ) ) ;
#2226 = AXIS2_PLACEMENT_3D ( 'NONE', #1070, #1752, #407 ) ;
#2227 = FACE_OUTER_BOUND ( 'NONE', #2605, .T. ) ;
#2228 = CARTESIAN_POINT ( 'NONE',  ( 0.7500000000000001100, 0.5500000000000000400, -0.5999999999999996400 ) ) ;
#2229 = ORIENTED_EDGE ( 'NONE', *, *, #2095, .T. ) ;
#2230 = ORIENTED_EDGE ( 'NONE', *, *, #2825, .T. ) ;
#2231 = STYLED_ITEM ( 'NONE', ( #572 ), #3724 ) ;
#2232 = CARTESIAN_POINT ( 'NONE',  ( -0.4500000000000001800, 0.5300000000000000300, 1.600000000000000300 ) ) ;
#2233 = EDGE_CURVE ( 'NONE', #3409, #2079, #1225, .T. ) ;
#2234 = ORIENTED_EDGE ( 'NONE', *, *, #2266, .T. ) ;
#2235 = LINE ( 'NONE', #369, #2028 ) ;
#2236 = ORIENTED_EDGE ( 'NONE', *, *, #792, .T. ) ;
#2237 = ORIENTED_EDGE ( 'NONE', *, *, #1615, .T. ) ;
#2238 = EDGE_CURVE ( 'NONE', #682, #161, #3985, .T. ) ;
#2239 = PRESENTATION_STYLE_ASSIGNMENT (( #1411 ) ) ;
#2240 = LINE ( 'NONE', #2577, #511 ) ;
#2241 = AXIS2_PLACEMENT_3D ( 'NONE', #4020, #401, #3630 ) ;
#2242 = CARTESIAN_POINT ( 'NONE',  ( -0.4500000000000001800, 0.5500000000000000400, 1.600000000000000300 ) ) ;
#2243 = DIRECTION ( 'NONE',  ( 0.0000000000000000000, 0.0000000000000000000, -1.000000000000000000 ) ) ;
#2244 = CARTESIAN_POINT ( 'NONE',  ( -0.7099999999999765400, 0.5100000000000000100, 0.5999999999999998700 ) ) ;
#2245 = LINE ( 'NONE', #1951, #1016 ) ;
#2246 = DIRECTION ( 'NONE',  ( 0.0000000000000000000, -0.0000000000000000000, 1.000000000000000000 ) ) ;
#2247 = AXIS2_PLACEMENT_3D ( 'NONE', #1961, #1309, #2388 ) ;
#2248 = DIRECTION ( 'NONE',  ( -0.0000000000000000000, 1.000000000000000000, -0.0000000000000000000 ) ) ;
#2249 = VECTOR ( 'NONE', #2933, 1000.000000000000000 ) ;
#2250 = VERTEX_POINT ( 'NONE', #734 ) ;
#2251 = VECTOR ( 'NONE', #2359, 1000.000000000000000 ) ;
#2252 = CARTESIAN_POINT ( 'NONE',  ( -0.7500000000000000000, 0.03999999999999999400, -0.2000000000000000400 ) ) ;
#2253 = ORIENTED_EDGE ( 'NONE', *, *, #2969, .F. ) ;
#2254 = VERTEX_POINT ( 'NONE', #419 ) ;
#2255 = ORIENTED_EDGE ( 'NONE', *, *, #3131, .T. ) ;
#2256 = CARTESIAN_POINT ( 'NONE',  ( 0.3499999999999998700, 0.0000000000000000000, 1.599999999999998500 ) ) ;
#2257 = VECTOR ( 'NONE', #3970, 1000.000000000000000 ) ;
#2258 = DIRECTION ( 'NONE',  ( -1.000000000000000000, -0.0000000000000000000, -0.0000000000000000000 ) ) ;
#2259 = ORIENTED_EDGE ( 'NONE', *, *, #122, .T. ) ;
#2260 = LINE ( 'NONE', #3005, #1286 ) ;
#2261 = EDGE_CURVE ( 'NONE', #3993, #3509, #3607, .T. ) ;
#2262 = PLANE ( 'NONE',  #4220 ) ;
#2263 = DIRECTION ( 'NONE',  ( -0.0000000000000000000, 1.000000000000000000, -0.0000000000000000000 ) ) ;
#2264 = VERTEX_POINT ( 'NONE', #435 ) ;
#2265 = VERTEX_POINT ( 'NONE', #2950 ) ;
#2266 = EDGE_CURVE ( 'NONE', #2871, #4084, #4141, .T. ) ;
#2267 = FILL_AREA_STYLE_COLOUR ( '', #3265 ) ;
#2268 = ORIENTED_EDGE ( 'NONE', *, *, #1249, .T. ) ;
#2269 = VECTOR ( 'NONE', #2531, 1000.000000000000000 ) ;
#2270 = PLANE ( 'NONE',  #3822 ) ;
#2271 = PLANE ( 'NONE',  #2247 ) ;
#2272 = LINE ( 'NONE', #3729, #1921 ) ;
#2273 = AXIS2_PLACEMENT_3D ( 'NONE', #2966, #1277, #1618 ) ;
#2274 = ORIENTED_EDGE ( 'NONE', *, *, #1888, .T. ) ;
#2275 = CARTESIAN_POINT ( 'NONE',  ( -0.7500000000000002200, 0.5500000000000000400, -1.600000000000000100 ) ) ;
#2276 = VECTOR ( 'NONE', #3391, 1000.000000000000000 ) ;
#2277 = ORIENTED_EDGE ( 'NONE', *, *, #2344, .T. ) ;
#2278 = PRESENTATION_LAYER_ASSIGNMENT (  '', '', ( #389 ) ) ;
#2279 = ORIENTED_EDGE ( 'NONE', *, *, #3833, .F. ) ;
#2280 = ORIENTED_EDGE ( 'NONE', *, *, #2676, .T. ) ;
#2281 = DIRECTION ( 'NONE',  ( 0.0000000000000000000, 0.0000000000000000000, -1.000000000000000000 ) ) ;
#2282 = ORIENTED_EDGE ( 'NONE', *, *, #1086, .F. ) ;
#2283 = CARTESIAN_POINT ( 'NONE',  ( -0.7099999999999933000, 0.04000000000000004900, -1.600000000000000300 ) ) ;
#2284 = VERTEX_POINT ( 'NONE', #2960 ) ;
#2285 = ORIENTED_EDGE ( 'NONE', *, *, #705, .T. ) ;
#2286 = VECTOR ( 'NONE', #2856, 1000.000000000000000 ) ;
#2287 = EDGE_CURVE ( 'NONE', #879, #25, #2836, .T. ) ;
#2288 = CARTESIAN_POINT ( 'NONE',  ( -0.6250000000000002200, 0.04000000000000004900, -0.8249999999999999600 ) ) ;
#2289 = ORIENTED_EDGE ( 'NONE', *, *, #338, .T. ) ;
#2290 = CARTESIAN_POINT ( 'NONE',  ( 0.7100000000000001900, 0.04000000000000004900, 1.599999999999998500 ) ) ;
#2291 = PLANE ( 'NONE',  #317 ) ;
#2292 = ORIENTED_EDGE ( 'NONE', *, *, #3608, .T. ) ;
#2293 = EDGE_CURVE ( 'NONE', #2540, #2124, #971, .T. ) ;
#2294 = VECTOR ( 'NONE', #4036, 1000.000000000000000 ) ;
#2295 = DIRECTION ( 'NONE',  ( 0.0000000000000000000, 0.0000000000000000000, -1.000000000000000000 ) ) ;
#2296 = DIRECTION ( 'NONE',  ( -0.0000000000000000000, -1.000000000000000000, -0.0000000000000000000 ) ) ;
#2297 = ORIENTED_EDGE ( 'NONE', *, *, #639, .T. ) ;
#2298 = VECTOR ( 'NONE', #1667, 1000.000000000000000 ) ;
#2299 = EDGE_CURVE ( 'NONE', #189, #3996, #1994, .T. ) ;
#2300 = ORIENTED_EDGE ( 'NONE', *, *, #1776, .T. ) ;
#2301 = VECTOR ( 'NONE', #3256, 1000.000000000000000 ) ;
#2302 = ORIENTED_EDGE ( 'NONE', *, *, #1585, .F. ) ;
#2303 = DIRECTION ( 'NONE',  ( 0.0000000000000000000, -0.0000000000000000000, 1.000000000000000000 ) ) ;
#2304 = ADVANCED_FACE ( 'NONE', ( #117 ), #449, .F. ) ;
#2305 = EDGE_LOOP ( 'NONE', ( #1316, #3837, #2297, #1179, #3616, #1563, #3679, #4079 ) ) ;
#2306 = LINE ( 'NONE', #182, #1751 ) ;
#2307 = VERTEX_POINT ( 'NONE', #815 ) ;
#2308 = VERTEX_POINT ( 'NONE', #3754 ) ;
#2309 = ORIENTED_EDGE ( 'NONE', *, *, #2680, .T. ) ;
#2310 = VECTOR ( 'NONE', #1375, 1000.000000000000000 ) ;
#2311 = DIRECTION ( 'NONE',  ( 1.000000000000000000, -0.0000000000000000000, -0.0000000000000000000 ) ) ;
#2312 = ORIENTED_EDGE ( 'NONE', *, *, #3643, .T. ) ;
#2313 = ORIENTED_EDGE ( 'NONE', *, *, #3955, .T. ) ;
#2314 = VECTOR ( 'NONE', #442, 1000.000000000000000 ) ;
#2315 = DIRECTION ( 'NONE',  ( 0.0000000000000000000, 0.0000000000000000000, -1.000000000000000000 ) ) ;
#2316 = ORIENTED_EDGE ( 'NONE', *, *, #2753, .T. ) ;
#2317 = EDGE_CURVE ( 'NONE', #1866, #1774, #3088, .T. ) ;
#2318 = ORIENTED_EDGE ( 'NONE', *, *, #3406, .T. ) ;
#2319 = CARTESIAN_POINT ( 'NONE',  ( 0.7100000000000001900, 0.04000000000000004900, -1.600000000000000300 ) ) ;
#2320 = VECTOR ( 'NONE', #157, 1000.000000000000000 ) ;
#2321 = DIRECTION ( 'NONE',  ( 0.7071067811865475700, -0.7071067811865475700, 0.0000000000000000000 ) ) ;
#2322 = CARTESIAN_POINT ( 'NONE',  ( -0.6249999999999846800, 0.04000000000000004900, 0.9999999999999995600 ) ) ;
#2323 = VERTEX_POINT ( 'NONE', #1455 ) ;
#2324 = VECTOR ( 'NONE', #3592, 1000.000000000000000 ) ;
#2325 = EDGE_CURVE ( 'NONE', #1717, #827, #263, .T. ) ;
#2326 = PLANE ( 'NONE',  #3641 ) ;
#2327 = DIRECTION ( 'NONE',  ( 0.0000000000000000000, -0.0000000000000000000, 1.000000000000000000 ) ) ;
#2328 = ADVANCED_FACE ( 'NONE', ( #2618 ), #1792, .F. ) ;
#2329 = VECTOR ( 'NONE', #1992, 1000.000000000000000 ) ;
#2330 = CARTESIAN_POINT ( 'NONE',  ( 0.7500000000000002200, 0.5500000000000000400, -1.599999999999999200 ) ) ;
#2331 =( GEOMETRIC_REPRESENTATION_CONTEXT ( 3 ) GLOBAL_UNCERTAINTY_ASSIGNED_CONTEXT ( ( #4058 ) ) GLOBAL_UNIT_ASSIGNED_CONTEXT ( ( #3512, #3824, #1531 ) ) REPRESENTATION_CONTEXT ( 'NONE', 'WORKASPACE' ) );
#2332 = VERTEX_POINT ( 'NONE', #2757 ) ;
#2333 = VERTEX_POINT ( 'NONE', #4132 ) ;
#2334 = ORIENTED_EDGE ( 'NONE', *, *, #890, .T. ) ;
#2335 = CARTESIAN_POINT ( 'NONE',  ( -0.3500000000000005300, 0.03999999999999999400, 1.599999999999999900 ) ) ;
#2336 = DIRECTION ( 'NONE',  ( 1.000000000000000000, 0.0000000000000000000, 0.0000000000000000000 ) ) ;
#2337 = CARTESIAN_POINT ( 'NONE',  ( -0.7099999999999933000, 0.04000000000000004900, 1.599999999999998500 ) ) ;
#2338 = EDGE_LOOP ( 'NONE', ( #3320, #2808, #3705, #3755 ) ) ;
#2339 = FACE_OUTER_BOUND ( 'NONE', #982, .T. ) ;
#2340 = VERTEX_POINT ( 'NONE', #1769 ) ;
#2341 = AXIS2_PLACEMENT_3D ( 'NONE', #172, #1843, #1464 ) ;
#2342 = CARTESIAN_POINT ( 'NONE',  ( 0.6249999999999920100, 0.0000000000000000000, 0.02499999999999946400 ) ) ;
#2343 = VECTOR ( 'NONE', #3937, 1000.000000000000000 ) ;
#2344 = EDGE_CURVE ( 'NONE', #2264, #3233, #676, .T. ) ;
#2345 = DIRECTION ( 'NONE',  ( 2.710505431213761100E-016, 0.0000000000000000000, -1.000000000000000000 ) ) ;
#2346 = CIRCLE ( 'NONE', #2226, 0.1750000000000000700 ) ;
#2347 = DIRECTION ( 'NONE',  ( 0.0000000000000000000, 0.0000000000000000000, 1.000000000000000000 ) ) ;
#2348 = ADVANCED_FACE ( 'NONE', ( #365 ), #1780, .F. ) ;
#2349 = CARTESIAN_POINT ( 'NONE',  ( -0.4499999999999918500, 0.0000000000000000000, 0.02499999999999844000 ) ) ;
#2350 = ORIENTED_EDGE ( 'NONE', *, *, #1907, .F. ) ;
#2351 = LINE ( 'NONE', #1582, #1794 ) ;
#2352 =( NAMED_UNIT ( * ) PLANE_ANGLE_UNIT ( ) SI_UNIT ( $, .RADIAN. ) );
#2353 = EDGE_CURVE ( 'NONE', #3091, #2323, #871, .T. ) ;
#2354 = VECTOR ( 'NONE', #955, 1000.000000000000000 ) ;
#2355 = STYLED_ITEM ( 'NONE', ( #1549 ), #1287 ) ;
#2356 = LINE ( 'NONE', #2112, #1486 ) ;
#2357 = CARTESIAN_POINT ( 'NONE',  ( 0.4500000000000001800, 0.5299999999999995800, 1.600000000000000300 ) ) ;
#2358 = ORIENTED_EDGE ( 'NONE', *, *, #2649, .T. ) ;
#2359 = DIRECTION ( 'NONE',  ( -0.0000000000000000000, 1.000000000000000000, -0.0000000000000000000 ) ) ;
#2360 = ORIENTED_EDGE ( 'NONE', *, *, #3250, .F. ) ;
#2361 = ORIENTED_EDGE ( 'NONE', *, *, #4257, .T. ) ;
#2362 = LINE ( 'NONE', #3922, #422 ) ;
#2363 = DIRECTION ( 'NONE',  ( -0.0000000000000000000, 1.000000000000000000, -0.0000000000000000000 ) ) ;
#2364 = ORIENTED_EDGE ( 'NONE', *, *, #765, .F. ) ;
#2365 = DIRECTION ( 'NONE',  ( -0.0000000000000000000, 1.000000000000000000, -0.0000000000000000000 ) ) ;
#2366 =( LENGTH_UNIT ( ) NAMED_UNIT ( * ) SI_UNIT ( .MILLI., .METRE. ) );
#2367 = ORIENTED_EDGE ( 'NONE', *, *, #2397, .T. ) ;
#2368 = DIRECTION ( 'NONE',  ( 2.168404344971008100E-015, 0.0000000000000000000, -1.000000000000000000 ) ) ;
#2369 = DIRECTION ( 'NONE',  ( -1.000000000000000000, 0.0000000000000000000, 0.0000000000000000000 ) ) ;
#2370 = ADVANCED_FACE ( 'NONE', ( #3196 ), #2070, .T. ) ;
#2371 = LINE ( 'NONE', #2920, #2740 ) ;
#2372 = EDGE_CURVE ( 'NONE', #189, #155, #2356, .T. ) ;
#2373 = CARTESIAN_POINT ( 'NONE',  ( -0.6249999999999919000, 0.0000000000000000000, -0.02500000000000006400 ) ) ;
#2374 = LINE ( 'NONE', #3209, #2479 ) ;
#2375 = DIRECTION ( 'NONE',  ( -1.000000000000000000, -0.0000000000000000000, 0.0000000000000000000 ) ) ;
#2376 = ORIENTED_EDGE ( 'NONE', *, *, #3167, .F. ) ;
#2377 = EDGE_CURVE ( 'NONE', #860, #1632, #3760, .T. ) ;
#2378 = CARTESIAN_POINT ( 'NONE',  ( -0.7099999999999933000, 0.0000000000000000000, -0.6000000000000003100 ) ) ;
#2379 = LINE ( 'NONE', #2444, #186 ) ;
#2380 = CARTESIAN_POINT ( 'NONE',  ( 0.3499999999999998700, 0.03999999999999999400, 1.599999999999998500 ) ) ;
#2381 = VECTOR ( 'NONE', #695, 1000.000000000000000 ) ;
#2382 = CARTESIAN_POINT ( 'NONE',  ( 0.4500000000000002300, 0.5500000000000000400, 0.5999999999999998700 ) ) ;
#2383 = EDGE_CURVE ( 'NONE', #1704, #3978, #3144, .T. ) ;
#2384 = DIRECTION ( 'NONE',  ( -1.000000000000000000, 0.0000000000000000000, -0.0000000000000000000 ) ) ;
#2385 = VECTOR ( 'NONE', #2471, 1000.000000000000000 ) ;
#2386 = EDGE_LOOP ( 'NONE', ( #485, #2282, #2870, #471, #3865, #3859 ) ) ;
#2387 = ORIENTED_EDGE ( 'NONE', *, *, #3539, .F. ) ;
#2388 = DIRECTION ( 'NONE',  ( 1.000000000000000000, 0.0000000000000000000, -7.228014483236699500E-016 ) ) ;
#2389 = ORIENTED_EDGE ( 'NONE', *, *, #3134, .F. ) ;
#2390 = CARTESIAN_POINT ( 'NONE',  ( -0.4499999999999918500, 0.0000000000000000000, -0.02499999999999887400 ) ) ;
#2391 = ADVANCED_FACE ( 'NONE', ( #2201 ), #4118, .F. ) ;
#2392 = VECTOR ( 'NONE', #467, 1000.000000000000000 ) ;
#2393 = LINE ( 'NONE', #2559, #2823 ) ;
#2394 = CARTESIAN_POINT ( 'NONE',  ( -0.4500000000000002300, 0.5500000000000000400, 0.6000000000000003100 ) ) ;
#2395 = VERTEX_POINT ( 'NONE', #1093 ) ;
#2396 = VECTOR ( 'NONE', #2979, 1000.000000000000000 ) ;
#2397 = EDGE_CURVE ( 'NONE', #104, #3631, #1946, .T. ) ;
#2398 = DIRECTION ( 'NONE',  ( 1.000000000000000000, 0.0000000000000000000, -0.0000000000000000000 ) ) ;
#2399 = VERTEX_POINT ( 'NONE', #1412 ) ;
#2400 = DIRECTION ( 'NONE',  ( -1.000000000000000000, 0.0000000000000000000, 0.0000000000000000000 ) ) ;
#2401 = ORIENTED_EDGE ( 'NONE', *, *, #3131, .F. ) ;
#2402 = LINE ( 'NONE', #678, #1532 ) ;
#2403 = ORIENTED_EDGE ( 'NONE', *, *, #3273, .T. ) ;
#2404 = PLANE ( 'NONE',  #539 ) ;
#2405 = DIRECTION ( 'NONE',  ( 0.0000000000000000000, 1.000000000000000000, 0.0000000000000000000 ) ) ;
#2406 = VECTOR ( 'NONE', #747, 1000.000000000000000 ) ;
#2407 = EDGE_CURVE ( 'NONE', #3423, #3286, #111, .T. ) ;
#2408 = CARTESIAN_POINT ( 'NONE',  ( 0.3499999999999998700, 0.03999999999999999400, 0.9999999999999995600 ) ) ;
#2409 = CARTESIAN_POINT ( 'NONE',  ( 0.4499999999999918500, 0.04000000000000004900, -0.02499999999999899500 ) ) ;
#2410 = ADVANCED_FACE ( 'NONE', ( #4034 ), #3165, .F. ) ;
#2411 = EDGE_LOOP ( 'NONE', ( #633, #1930, #2090, #740 ) ) ;
#2412 = AXIS2_PLACEMENT_3D ( 'NONE', #698, #3706, #1709 ) ;
#2413 = VERTEX_POINT ( 'NONE', #2819 ) ;
#2414 = FACE_OUTER_BOUND ( 'NONE', #1127, .T. ) ;
#2415 = DIRECTION ( 'NONE',  ( -2.710505431213763100E-016, 0.0000000000000000000, 1.000000000000000000 ) ) ;
#2416 = EDGE_LOOP ( 'NONE', ( #715, #2460, #1204, #929 ) ) ;
#2417 = CARTESIAN_POINT ( 'NONE',  ( -0.3500000000000004200, 0.0000000000000000000, 0.5999999999999998700 ) ) ;
#2418 = FACE_OUTER_BOUND ( 'NONE', #2446, .T. ) ;
#2419 = DIRECTION ( 'NONE',  ( 0.0000000000000000000, -1.000000000000000000, 0.0000000000000000000 ) ) ;
#2420 = ORIENTED_EDGE ( 'NONE', *, *, #144, .F. ) ;
#2421 = FACE_OUTER_BOUND ( 'NONE', #4232, .T. ) ;
#2422 = CARTESIAN_POINT ( 'NONE',  ( 0.7099999999999767600, 0.5100000000000000100, 0.9999999999999995600 ) ) ;
#2423 = ORIENTED_EDGE ( 'NONE', *, *, #1201, .T. ) ;
#2424 = CARTESIAN_POINT ( 'NONE',  ( -0.7099999999999933000, 0.04000000000000004900, -1.600000000000000300 ) ) ;
#2425 = EDGE_CURVE ( 'NONE', #687, #1831, #159, .T. ) ;
#2426 = LINE ( 'NONE', #1541, #1665 ) ;
#2427 = ORIENTED_EDGE ( 'NONE', *, *, #91, .T. ) ;
#2428 = CARTESIAN_POINT ( 'NONE',  ( -0.7500000000000001100, 0.5100000000000000100, 0.6000000000000000900 ) ) ;
#2429 = CARTESIAN_POINT ( 'NONE',  ( -0.3500000000000004200, 0.03999999999999999400, 0.5999999999999998700 ) ) ;
#2430 = FACE_OUTER_BOUND ( 'NONE', #2887, .T. ) ;
#2431 = EDGE_CURVE ( 'NONE', #3811, #1774, #1844, .T. ) ;
#2432 = DIRECTION ( 'NONE',  ( 0.0000000000000000000, 0.0000000000000000000, -1.000000000000000000 ) ) ;
#2433 = ADVANCED_FACE ( 'NONE', ( #4137 ), #1848, .T. ) ;
#2434 = DIRECTION ( 'NONE',  ( -1.000000000000000000, 0.0000000000000000000, -0.0000000000000000000 ) ) ;
#2435 = CLOSED_SHELL ( 'NONE', ( #2815, #2838, #1775, #2500, #3765, #1608, #3336, #3815, #2520, #348, #3416, #2566 ) ) ;
#2436 = VERTEX_POINT ( 'NONE', #2475 ) ;
#2437 = DIRECTION ( 'NONE',  ( -1.000000000000000000, -0.0000000000000000000, -0.0000000000000000000 ) ) ;
#2438 = AXIS2_PLACEMENT_3D ( 'NONE', #1423, #3736, #1761 ) ;
#2439 = VERTEX_POINT ( 'NONE', #870 ) ;
#2440 = VECTOR ( 'NONE', #3750, 1000.000000000000000 ) ;
#2441 = EDGE_CURVE ( 'NONE', #682, #68, #4246, .T. ) ;
#2442 = ORIENTED_EDGE ( 'NONE', *, *, #3245, .T. ) ;
#2443 = CARTESIAN_POINT ( 'NONE',  ( -0.4500000000000001800, 0.5100000000000000100, -1.600000000000000300 ) ) ;
#2444 = CARTESIAN_POINT ( 'NONE',  ( 0.7099999999999767600, 0.0000000000000000000, 0.5999999999999996400 ) ) ;
#2445 = PLANE ( 'NONE',  #178 ) ;
#2446 = EDGE_LOOP ( 'NONE', ( #1609, #561, #2914, #3808, #4278, #3394, #3195, #3421, #3594, #265, #3206, #531, #2138, #198, #535, #2076, #2647, #310, #881, #2563, #1248, #3505, #3012, #3220, #121, #2142, #3308, #2420, #3316, #1518, #2302, #754, #802, #1289, #3975, #472, #2109, #2364, #4031, #169 ) ) ;
#2447 = LINE ( 'NONE', #180, #813 ) ;
#2448 = EDGE_CURVE ( 'NONE', #648, #2254, #11, .T. ) ;
#2449 = LINE ( 'NONE', #2319, #1275 ) ;
#2450 = DIRECTION ( 'NONE',  ( -2.168404344971008100E-015, 0.0000000000000000000, -1.000000000000000000 ) ) ;
#2451 = DIRECTION ( 'NONE',  ( -0.0000000000000000000, 1.000000000000000000, -0.0000000000000000000 ) ) ;
#2452 = PLANE ( 'NONE',  #618 ) ;
#2453 = ORIENTED_EDGE ( 'NONE', *, *, #112, .T. ) ;
#2454 = VECTOR ( 'NONE', #1863, 1000.000000000000000 ) ;
#2455 = EDGE_CURVE ( 'NONE', #3376, #2617, #3445, .T. ) ;
#2456 = DIRECTION ( 'NONE',  ( 0.0000000000000000000, -1.000000000000000000, 0.0000000000000000000 ) ) ;
#2457 = ORIENTED_EDGE ( 'NONE', *, *, #3949, .F. ) ;
#2458 = DIRECTION ( 'NONE',  ( 0.0000000000000000000, -1.000000000000000000, 0.0000000000000000000 ) ) ;
#2459 = CLOSED_SHELL ( 'NONE', ( #2304, #1668, #1923, #3483, #3662, #87, #1688, #1145 ) ) ;
#2460 = ORIENTED_EDGE ( 'NONE', *, *, #3332, .T. ) ;
#2461 = VECTOR ( 'NONE', #556, 1000.000000000000000 ) ;
#2462 = DIRECTION ( 'NONE',  ( -0.0000000000000000000, -0.0000000000000000000, 1.000000000000000000 ) ) ;
#2463 = CARTESIAN_POINT ( 'NONE',  ( 0.6249999999999836800, 0.04000000000000004900, 0.7749999999999996900 ) ) ;
#2464 = AXIS2_PLACEMENT_3D ( 'NONE', #602, #2248, #3542 ) ;
#2465 = ORIENTED_EDGE ( 'NONE', *, *, #3539, .T. ) ;
#2466 = ORIENTED_EDGE ( 'NONE', *, *, #843, .T. ) ;
#2467 = VECTOR ( 'NONE', #2035, 1000.000000000000000 ) ;
#2468 = ORIENTED_EDGE ( 'NONE', *, *, #3580, .T. ) ;
#2469 = DIRECTION ( 'NONE',  ( 1.000000000000000000, 0.0000000000000000000, 0.0000000000000000000 ) ) ;
#2470 = CARTESIAN_POINT ( 'NONE',  ( 0.7100000000000001900, 0.04000000000000004900, -1.600000000000000300 ) ) ;
#2471 = DIRECTION ( 'NONE',  ( 0.0000000000000000000, 0.0000000000000000000, 1.000000000000000000 ) ) ;
#2472 = VECTOR ( 'NONE', #1882, 1000.000000000000000 ) ;
#2473 = AXIS2_PLACEMENT_3D ( 'NONE', #3964, #3, #3061 ) ;
#2474 = CARTESIAN_POINT ( 'NONE',  ( -0.4500000000000001800, 0.5100000000000000100, 1.600000000000000300 ) ) ;
#2475 = CARTESIAN_POINT ( 'NONE',  ( -0.3500000000000003700, 0.0000000000000000000, 0.1999999999999996500 ) ) ;
#2476 = CARTESIAN_POINT ( 'NONE',  ( 0.6500000000000001300, 0.5500000000000000400, 1.399999999999999200 ) ) ;
#2477 = ADVANCED_FACE ( 'NONE', ( #1643 ), #4162, .F. ) ;
#2478 = CARTESIAN_POINT ( 'NONE',  ( 0.4299999999999996600, 0.5500000000000000400, 0.0000000000000000000 ) ) ;
#2479 = VECTOR ( 'NONE', #3850, 1000.000000000000000 ) ;
#2480 = ORIENTED_EDGE ( 'NONE', *, *, #3041, .T. ) ;
#2481 = VECTOR ( 'NONE', #2456, 1000.000000000000000 ) ;
#2482 = DIRECTION ( 'NONE',  ( 0.0000000000000000000, 0.0000000000000000000, -1.000000000000000000 ) ) ;
#2483 = EDGE_CURVE ( 'NONE', #1673, #450, #1380, .T. ) ;
#2484 = VECTOR ( 'NONE', #557, 1000.000000000000000 ) ;
#2485 = DIRECTION ( 'NONE',  ( 1.000000000000000000, 0.0000000000000000000, 0.0000000000000000000 ) ) ;
#2486 = CARTESIAN_POINT ( 'NONE',  ( -0.6249999999999846800, 0.0000000000000000000, 0.9999999999999995600 ) ) ;
#2487 = LINE ( 'NONE', #2738, #752 ) ;
#2488 = ORIENTED_EDGE ( 'NONE', *, *, #1745, .F. ) ;
#2489 = EDGE_CURVE ( 'NONE', #1572, #3914, #2616, .T. ) ;
#2490 = VERTEX_POINT ( 'NONE', #220 ) ;
#2491 = CARTESIAN_POINT ( 'NONE',  ( -0.4500000000000001800, 0.5500000000000000400, -1.000000000000000000 ) ) ;
#2492 = CARTESIAN_POINT ( 'NONE',  ( 0.3500000000000000900, 0.03999999999999999400, -0.2000000000000000900 ) ) ;
#2493 = ORIENTED_EDGE ( 'NONE', *, *, #2663, .T. ) ;
#2494 = ORIENTED_EDGE ( 'NONE', *, *, #2745, .F. ) ;
#2495 = ORIENTED_EDGE ( 'NONE', *, *, #359, .T. ) ;
#2496 = VECTOR ( 'NONE', #1318, 1000.000000000000000 ) ;
#2497 = AXIS2_PLACEMENT_3D ( 'NONE', #2005, #295, #504 ) ;
#2498 = PLANE ( 'NONE',  #3338 ) ;
#2499 = CARTESIAN_POINT ( 'NONE',  ( -0.7099999999999933000, 0.5100000000000000100, -1.600000000000000300 ) ) ;
#2500 = ADVANCED_FACE ( 'NONE', ( #720 ), #1155, .F. ) ;
#2501 = VECTOR ( 'NONE', #2172, 1000.000000000000000 ) ;
#2502 = VERTEX_POINT ( 'NONE', #2835 ) ;
#2503 =( GEOMETRIC_REPRESENTATION_CONTEXT ( 3 ) GLOBAL_UNCERTAINTY_ASSIGNED_CONTEXT ( ( #3590 ) ) GLOBAL_UNIT_ASSIGNED_CONTEXT ( ( #527, #1446, #3482 ) ) REPRESENTATION_CONTEXT ( 'NONE', 'WORKASPACE' ) );
#2504 = DIRECTION ( 'NONE',  ( 0.0000000000000000000, 0.0000000000000000000, -1.000000000000000000 ) ) ;
#2505 = VECTOR ( 'NONE', #3093, 1000.000000000000000 ) ;
#2506 = CARTESIAN_POINT ( 'NONE',  ( -0.6250000000000015500, 0.04000000000000004900, -1.000000000000000000 ) ) ;
#2507 = LINE ( 'NONE', #3609, #1693 ) ;
#2508 = ORIENTED_EDGE ( 'NONE', *, *, #1166, .T. ) ;
#2509 = EDGE_CURVE ( 'NONE', #417, #3596, #4086, .T. ) ;
#2510 = PRODUCT_DEFINITION_FORMATION_WITH_SPECIFIED_SOURCE ( 'ANY', '', #2114, .NOT_KNOWN. ) ;
#2511 = CARTESIAN_POINT ( 'NONE',  ( 0.4499999999999836400, 0.0000000000000000000, 0.8249999999999980700 ) ) ;
#2512 = VECTOR ( 'NONE', #3523, 1000.000000000000000 ) ;
#2513 = EDGE_LOOP ( 'NONE', ( #484, #387, #1281, #2839 ) ) ;
#2514 = VECTOR ( 'NONE', #2073, 1000.000000000000000 ) ;
#2515 = EDGE_CURVE ( 'NONE', #2803, #3233, #1483, .T. ) ;
#2516 = DIRECTION ( 'NONE',  ( 0.0000000000000000000, -0.0000000000000000000, -1.000000000000000000 ) ) ;
#2517 = CARTESIAN_POINT ( 'NONE',  ( 0.4500000000000001800, 0.5500000000000000400, 1.399999999999999200 ) ) ;
#2518 = CARTESIAN_POINT ( 'NONE',  ( -0.7099999999999933000, 0.04000000000000004900, -1.600000000000000300 ) ) ;
#2519 = ORIENTED_EDGE ( 'NONE', *, *, #680, .T. ) ;
#2520 = ADVANCED_FACE ( 'NONE', ( #1278 ), #2878, .F. ) ;
#2521 = LINE ( 'NONE', #3528, #1656 ) ;
#2522 = PLANE ( 'NONE',  #3364 ) ;
#2523 = ORIENTED_EDGE ( 'NONE', *, *, #312, .T. ) ;
#2524 = STYLED_ITEM ( 'NONE', ( #3905 ), #478 ) ;
#2525 = EDGE_CURVE ( 'NONE', #92, #1548, #2558, .T. ) ;
#2526 = LINE ( 'NONE', #3246, #481 ) ;
#2527 = DIRECTION ( 'NONE',  ( -0.0000000000000000000, 1.000000000000000000, -0.0000000000000000000 ) ) ;
#2528 = VECTOR ( 'NONE', #1019, 1000.000000000000100 ) ;
#2529 = AXIS2_PLACEMENT_3D ( 'NONE', #223, #3222, #3889 ) ;
#2530 = ORIENTED_EDGE ( 'NONE', *, *, #2976, .T. ) ;
#2531 = DIRECTION ( 'NONE',  ( -0.0000000000000000000, -0.0000000000000000000, 1.000000000000000000 ) ) ;
#2532 = DIRECTION ( 'NONE',  ( 0.0000000000000000000, 1.000000000000000000, -0.0000000000000000000 ) ) ;
#2533 = VECTOR ( 'NONE', #1653, 1000.000000000000000 ) ;
#2534 = PLANE ( 'NONE',  #1457 ) ;
#2535 = CARTESIAN_POINT ( 'NONE',  ( 0.4500000000000002300, 0.5100000000000000100, 0.5999999999999998700 ) ) ;
#2536 = ORIENTED_EDGE ( 'NONE', *, *, #2317, .T. ) ;
#2537 = ORIENTED_EDGE ( 'NONE', *, *, #184, .T. ) ;
#2538 = EDGE_CURVE ( 'NONE', #1469, #25, #3247, .T. ) ;
#2539 = VECTOR ( 'NONE', #4126, 1000.000000000000000 ) ;
#2540 = VERTEX_POINT ( 'NONE', #2849 ) ;
#2541 =( LENGTH_UNIT ( ) NAMED_UNIT ( * ) SI_UNIT ( .MILLI., .METRE. ) );
#2542 = PLANE ( 'NONE',  #1598 ) ;
#2543 = ADVANCED_FACE ( 'NONE', ( #4187 ), #1268, .F. ) ;
#2544 = EDGE_CURVE ( 'NONE', #858, #3826, #3603, .T. ) ;
#2545 = CARTESIAN_POINT ( 'NONE',  ( 0.7500000000000001100, 0.5100000000000000100, -0.9999999999999991100 ) ) ;
#2546 = ORIENTED_EDGE ( 'NONE', *, *, #3162, .T. ) ;
#2547 = DIRECTION ( 'NONE',  ( 1.000000000000000000, 0.0000000000000000000, 0.0000000000000000000 ) ) ;
#2548 = FACE_OUTER_BOUND ( 'NONE', #2785, .T. ) ;
#2549 = DIRECTION ( 'NONE',  ( 0.0000000000000000000, 1.000000000000000000, 0.0000000000000000000 ) ) ;
#2550 = AXIS2_PLACEMENT_3D ( 'NONE', #3598, #110, #3628 ) ;
#2551 = DIRECTION ( 'NONE',  ( 0.0000000000000000000, 0.0000000000000000000, 1.000000000000000000 ) ) ;
#2552 = PLANE ( 'NONE',  #615 ) ;
#2553 = ORIENTED_EDGE ( 'NONE', *, *, #2804, .F. ) ;
#2554 = LINE ( 'NONE', #961, #3926 ) ;
#2555 = CARTESIAN_POINT ( 'NONE',  ( -0.7500000000000001100, 0.03999999999999999400, 0.6000000000000000900 ) ) ;
#2556 = AXIS2_PLACEMENT_3D ( 'NONE', #4230, #1912, #2197 ) ;
#2557 = CARTESIAN_POINT ( 'NONE',  ( 0.7100000000000001900, 0.5100000000000000100, -0.1999999999999999300 ) ) ;
#2558 = LINE ( 'NONE', #637, #2354 ) ;
#2559 = CARTESIAN_POINT ( 'NONE',  ( 0.4500000000000001800, 0.5299999999999995800, 1.600000000000000300 ) ) ;
#2560 = ORIENTED_EDGE ( 'NONE', *, *, #1415, .F. ) ;
#2561 = CARTESIAN_POINT ( 'NONE',  ( -0.4500000000000002300, 0.0000000000000000000, -0.7750000000000014700 ) ) ;
#2562 = DIRECTION ( 'NONE',  ( -1.000000000000000000, 0.0000000000000000000, 0.0000000000000000000 ) ) ;
#2563 = ORIENTED_EDGE ( 'NONE', *, *, #3415, .F. ) ;
#2564 = EDGE_CURVE ( 'NONE', #987, #2764, #210, .T. ) ;
#2565 = DIRECTION ( 'NONE',  ( -1.000000000000000000, 0.0000000000000000000, 0.0000000000000000000 ) ) ;
#2566 = ADVANCED_FACE ( 'NONE', ( #672 ), #2542, .T. ) ;
#2567 = PLANE ( 'NONE',  #1480 ) ;
#2568 = ORIENTED_EDGE ( 'NONE', *, *, #4095, .T. ) ;
#2569 = EDGE_LOOP ( 'NONE', ( #3900, #1578, #923, #3585 ) ) ;
#2570 = ORIENTED_EDGE ( 'NONE', *, *, #866, .T. ) ;
#2571 = EDGE_CURVE ( 'NONE', #3978, #2905, #3028, .T. ) ;
#2572 = PLANE ( 'NONE',  #847 ) ;
#2573 = ORIENTED_EDGE ( 'NONE', *, *, #4143, .T. ) ;
#2574 = LINE ( 'NONE', #3225, #3832 ) ;
#2575 = CARTESIAN_POINT ( 'NONE',  ( -0.7099999999999933000, 0.04000000000000004900, -1.600000000000000300 ) ) ;
#2576 = VERTEX_POINT ( 'NONE', #281 ) ;
#2577 = CARTESIAN_POINT ( 'NONE',  ( -0.7099999999999933000, 0.04000000000000004900, -1.600000000000000300 ) ) ;
#2578 = VECTOR ( 'NONE', #3681, 1000.000000000000000 ) ;
#2579 = ORIENTED_EDGE ( 'NONE', *, *, #872, .T. ) ;
#2580 = CARTESIAN_POINT ( 'NONE',  ( 0.6250000000000013300, 0.0000000000000000000, -1.000000000000000000 ) ) ;
#2581 = DIRECTION ( 'NONE',  ( -0.0000000000000000000, 1.000000000000000000, -0.0000000000000000000 ) ) ;
#2582 = ORIENTED_EDGE ( 'NONE', *, *, #431, .T. ) ;
#2583 = AXIS2_PLACEMENT_3D ( 'NONE', #2965, #1344, #373 ) ;
#2584 = COLOUR_RGB ( '',0.7921568627450980000, 0.8196078431372548800, 0.9333333333333333500 ) ;
#2585 = CARTESIAN_POINT ( 'NONE',  ( 0.6249999999999836800, 0.0000000000000000000, 0.7749999999999996900 ) ) ;
#2586 = VERTEX_POINT ( 'NONE', #2557 ) ;
#2587 = ORIENTED_EDGE ( 'NONE', *, *, #355, .T. ) ;
#2588 = DIRECTION ( 'NONE',  ( 0.0000000000000000000, 0.0000000000000000000, 1.000000000000000000 ) ) ;
#2589 = DIRECTION ( 'NONE',  ( 0.0000000000000000000, 0.0000000000000000000, -1.000000000000000000 ) ) ;
#2590 = EDGE_CURVE ( 'NONE', #4054, #1047, #520, .T. ) ;
#2591 = CARTESIAN_POINT ( 'NONE',  ( 0.7500000000000001100, 0.5500000000000000400, -0.5999999999999996400 ) ) ;
#2592 = LINE ( 'NONE', #1557, #2646 ) ;
#2593 = EDGE_LOOP ( 'NONE', ( #1203, #268, #3375, #2055 ) ) ;
#2594 = ORIENTED_EDGE ( 'NONE', *, *, #380, .T. ) ;
#2595 = ORIENTED_EDGE ( 'NONE', *, *, #1853, .T. ) ;
#2596 = DIRECTION ( 'NONE',  ( -1.000000000000000000, -0.0000000000000000000, 0.0000000000000000000 ) ) ;
#2597 = DIRECTION ( 'NONE',  ( 0.0000000000000000000, -0.0000000000000000000, 1.000000000000000000 ) ) ;
#2598 =( LENGTH_UNIT ( ) NAMED_UNIT ( * ) SI_UNIT ( .MILLI., .METRE. ) );
#2599 = ORIENTED_EDGE ( 'NONE', *, *, #221, .T. ) ;
#2600 = EDGE_CURVE ( 'NONE', #2905, #1161, #3816, .T. ) ;
#2601 = LINE ( 'NONE', #2118, #562 ) ;
#2602 = CARTESIAN_POINT ( 'NONE',  ( -0.3500000000000001400, 0.03999999999999999400, -1.599999999999999900 ) ) ;
#2603 = DIRECTION ( 'NONE',  ( -1.000000000000000000, 0.0000000000000000000, -0.0000000000000000000 ) ) ;
#2604 = CARTESIAN_POINT ( 'NONE',  ( 0.7500000000000001100, 0.0000000000000000000, 0.9999999999999991100 ) ) ;
#2605 = EDGE_LOOP ( 'NONE', ( #37, #2582, #1968, #2135 ) ) ;
#2606 = DIRECTION ( 'NONE',  ( 0.0000000000000000000, 0.0000000000000000000, -1.000000000000000000 ) ) ;
#2607 = VECTOR ( 'NONE', #1501, 1000.000000000000000 ) ;
#2608 = AXIS2_PLACEMENT_3D ( 'NONE', #549, #2450, #1855 ) ;
#2609 = ORIENTED_EDGE ( 'NONE', *, *, #3245, .F. ) ;
#2610 = DIRECTION ( 'NONE',  ( 0.0000000000000000000, 0.0000000000000000000, 1.000000000000000000 ) ) ;
#2611 = EDGE_CURVE ( 'NONE', #1334, #3300, #622, .T. ) ;
#2612 = CARTESIAN_POINT ( 'NONE',  ( -0.7500000000000000000, 0.03999999999999999400, 0.2000000000000000400 ) ) ;
#2613 = COLOUR_RGB ( '',0.7921568627450980000, 0.8196078431372548800, 0.9333333333333333500 ) ;
#2614 = PLANE ( 'NONE',  #259 ) ;
#2615 = ADVANCED_FACE ( 'NONE', ( #2934 ), #2831, .F. ) ;
#2616 = LINE ( 'NONE', #540, #2454 ) ;
#2617 = VERTEX_POINT ( 'NONE', #296 ) ;
#2618 = FACE_OUTER_BOUND ( 'NONE', #1533, .T. ) ;
#2619 = DIRECTION ( 'NONE',  ( 0.0000000000000000000, -1.000000000000000000, 0.0000000000000000000 ) ) ;
#2620 = PRODUCT_DEFINITION ( 'UNKNOWN', '', #2510, #642 ) ;
#2621 = VERTEX_POINT ( 'NONE', #1944 ) ;
#2622 = EDGE_LOOP ( 'NONE', ( #3362, #924, #496, #3021 ) ) ;
#2623 = DIRECTION ( 'NONE',  ( -1.000000000000000000, 0.0000000000000000000, -7.228014483236699500E-016 ) ) ;
#2624 = LINE ( 'NONE', #464, #1955 ) ;
#2625 = DIRECTION ( 'NONE',  ( 0.0000000000000000000, 0.0000000000000000000, -1.000000000000000000 ) ) ;
#2626 = VERTEX_POINT ( 'NONE', #2575 ) ;
#2627 = EDGE_CURVE ( 'NONE', #764, #1597, #3930, .T. ) ;
#2628 = CARTESIAN_POINT ( 'NONE',  ( -0.4500000000000001800, 0.5100000000000000100, 1.400000000000000100 ) ) ;
#2629 = EDGE_LOOP ( 'NONE', ( #1432, #3784, #3699, #606, #1404, #854 ) ) ;
#2630 = DIRECTION ( 'NONE',  ( -1.000000000000000000, 0.0000000000000000000, 0.0000000000000000000 ) ) ;
#2631 = VECTOR ( 'NONE', #4023, 1000.000000000000000 ) ;
#2632 = EDGE_CURVE ( 'NONE', #118, #781, #1172, .T. ) ;
#2633 = CARTESIAN_POINT ( 'NONE',  ( 0.3500000000000000900, 0.0000000000000000000, -0.6000000000000003100 ) ) ;
#2634 = CARTESIAN_POINT ( 'NONE',  ( -0.3500000000000002600, -0.0000000000000000000, -0.6000000000000003100 ) ) ;
#2635 = ADVANCED_FACE ( 'NONE', ( #319 ), #3595, .F. ) ;
#2636 = VECTOR ( 'NONE', #2720, 1000.000000000000000 ) ;
#2637 = ORIENTED_EDGE ( 'NONE', *, *, #4172, .F. ) ;
#2638 = PLANE ( 'NONE',  #3809 ) ;
#2639 = SURFACE_STYLE_FILL_AREA ( #3928 ) ;
#2640 = AXIS2_PLACEMENT_3D ( 'NONE', #1360, #3677, #74 ) ;
#2641 = ORIENTED_EDGE ( 'NONE', *, *, #190, .F. ) ;
#2642 = VERTEX_POINT ( 'NONE', #3311 ) ;
#2643 = CARTESIAN_POINT ( 'NONE',  ( -0.7500000000000002200, 0.5500000000000000400, -1.600000000000000100 ) ) ;
#2644 = ORIENTED_EDGE ( 'NONE', *, *, #2213, .F. ) ;
#2645 = CARTESIAN_POINT ( 'NONE',  ( -0.4500000000000001800, 0.5500000000000000400, 1.400000000000000100 ) ) ;
#2646 = VECTOR ( 'NONE', #2863, 1000.000000000000000 ) ;
#2647 = ORIENTED_EDGE ( 'NONE', *, *, #3867, .F. ) ;
#2648 = VERTEX_POINT ( 'NONE', #3976 ) ;
#2649 = EDGE_CURVE ( 'NONE', #764, #3326, #820, .T. ) ;
#2650 = DIRECTION ( 'NONE',  ( -0.0000000000000000000, -1.000000000000000000, -0.0000000000000000000 ) ) ;
#2651 = CARTESIAN_POINT ( 'NONE',  ( 0.6249999999999932300, 0.5100000000000000100, -0.2000000000000002600 ) ) ;
#2652 = ADVANCED_FACE ( 'NONE', ( #1741 ), #3988, .F. ) ;
#2653 = VECTOR ( 'NONE', #2728, 1000.000000000000000 ) ;
#2654 = DIRECTION ( 'NONE',  ( -1.000000000000000000, -0.0000000000000000000, 0.0000000000000000000 ) ) ;
#2655 = EDGE_CURVE ( 'NONE', #2101, #2008, #2146, .T. ) ;
#2656 = ORIENTED_EDGE ( 'NONE', *, *, #158, .F. ) ;
#2657 = LINE ( 'NONE', #4151, #3340 ) ;
#2658 = CARTESIAN_POINT ( 'NONE',  ( 0.7099999999999849800, 0.5100000000000000100, 0.1999999999999994300 ) ) ;
#2659 = DIRECTION ( 'NONE',  ( 0.0000000000000000000, 0.0000000000000000000, 1.000000000000000000 ) ) ;
#2660 = ORIENTED_EDGE ( 'NONE', *, *, #575, .F. ) ;
#2661 = FACE_OUTER_BOUND ( 'NONE', #2755, .T. ) ;
#2662 = PRESENTATION_LAYER_ASSIGNMENT (  '', '', ( #2524 ) ) ;
#2663 = EDGE_CURVE ( 'NONE', #1866, #2642, #2507, .T. ) ;
#2664 = DIRECTION ( 'NONE',  ( 0.0000000000000000000, 0.0000000000000000000, 1.000000000000000000 ) ) ;
#2665 = VECTOR ( 'NONE', #612, 1000.000000000000000 ) ;
#2666 = ORIENTED_EDGE ( 'NONE', *, *, #2123, .F. ) ;
#2667 = CARTESIAN_POINT ( 'NONE',  ( 0.4499999999999919100, 0.04000000000000004900, 0.02499999999999818700 ) ) ;
#2668 = VERTEX_POINT ( 'NONE', #2634 ) ;
#2669 = EDGE_LOOP ( 'NONE', ( #2106, #783, #1728, #3690 ) ) ;
#2670 = LINE ( 'NONE', #4136, #2205 ) ;
#2671 = ORIENTED_EDGE ( 'NONE', *, *, #3608, .F. ) ;
#2672 = DIRECTION ( 'NONE',  ( 0.0000000000000000000, 0.0000000000000000000, 1.000000000000000000 ) ) ;
#2673 = VERTEX_POINT ( 'NONE', #3959 ) ;
#2674 = VERTEX_POINT ( 'NONE', #3322 ) ;
#2675 = ADVANCED_FACE ( 'NONE', ( #967 ), #1895, .F. ) ;
#2676 = EDGE_CURVE ( 'NONE', #3151, #1100, #2402, .T. ) ;
#2677 = ORIENTED_EDGE ( 'NONE', *, *, #247, .T. ) ;
#2678 = ORIENTED_EDGE ( 'NONE', *, *, #3461, .T. ) ;
#2679 = DIRECTION ( 'NONE',  ( 0.0000000000000000000, -1.000000000000000000, 0.0000000000000000000 ) ) ;
#2680 = EDGE_CURVE ( 'NONE', #3884, #1866, #3345, .T. ) ;
#2681 = CARTESIAN_POINT ( 'NONE',  ( -0.7099999999999765400, 0.0000000000000000000, 0.9999999999999995600 ) ) ;
#2682 = LINE ( 'NONE', #1870, #486 ) ;
#2683 = DIRECTION ( 'NONE',  ( -0.0000000000000000000, 1.000000000000000000, 0.0000000000000000000 ) ) ;
#2684 = ORIENTED_EDGE ( 'NONE', *, *, #1942, .F. ) ;
#2685 = ORIENTED_EDGE ( 'NONE', *, *, #2779, .T. ) ;
#2686 = LINE ( 'NONE', #966, #3107 ) ;
#2687 = AXIS2_PLACEMENT_3D ( 'NONE', #4228, #291, #3907 ) ;
#2688 = DIRECTION ( 'NONE',  ( 0.0000000000000000000, -1.000000000000000000, 0.0000000000000000000 ) ) ;
#2689 = EDGE_CURVE ( 'NONE', #409, #199, #4134, .T. ) ;
#2690 = DIRECTION ( 'NONE',  ( -0.0000000000000000000, 0.0000000000000000000, 1.000000000000000000 ) ) ;
#2691 = CARTESIAN_POINT ( 'NONE',  ( 0.7500000000000001100, 0.5500000000000000400, -0.9999999999999991100 ) ) ;
#2692 = FACE_OUTER_BOUND ( 'NONE', #756, .T. ) ;
#2693 = DIRECTION ( 'NONE',  ( 1.000000000000000000, 0.0000000000000000000, 7.228014483236699500E-016 ) ) ;
#2694 = CARTESIAN_POINT ( 'NONE',  ( 0.7500000000000001100, 0.5100000000000000100, -0.5999999999999996400 ) ) ;
#2695 = AXIS2_PLACEMENT_3D ( 'NONE', #3419, #3108, #1124 ) ;
#2696 = CARTESIAN_POINT ( 'NONE',  ( 0.4500000000000001800, 0.5500000000000000400, -1.399999999999999200 ) ) ;
#2697 = VECTOR ( 'NONE', #1963, 1000.000000000000000 ) ;
#2698 = EDGE_LOOP ( 'NONE', ( #3645, #3454, #362, #3634, #3947, #4145, #2530, #2814 ) ) ;
#2699 = DIRECTION ( 'NONE',  ( 1.000000000000000000, 0.0000000000000000000, -0.0000000000000000000 ) ) ;
#2700 = ADVANCED_FACE ( 'NONE', ( #410 ), #1350, .F. ) ;
#2701 = DIRECTION ( 'NONE',  ( 0.0000000000000000000, 0.0000000000000000000, 1.000000000000000000 ) ) ;
#2702 =( NAMED_UNIT ( * ) PLANE_ANGLE_UNIT ( ) SI_UNIT ( $, .RADIAN. ) );
#2703 = VERTEX_POINT ( 'NONE', #48 ) ;
#2704 = VECTOR ( 'NONE', #2369, 1000.000000000000000 ) ;
#2705 = ORIENTED_EDGE ( 'NONE', *, *, #3566, .T. ) ;
#2706 = VERTEX_POINT ( 'NONE', #2645 ) ;
#2707 = ORIENTED_EDGE ( 'NONE', *, *, #2206, .F. ) ;
#2708 = DIRECTION ( 'NONE',  ( -0.0000000000000000000, -0.0000000000000000000, 1.000000000000000000 ) ) ;
#2709 = ORIENTED_EDGE ( 'NONE', *, *, #137, .F. ) ;
#2710 = EDGE_LOOP ( 'NONE', ( #521, #2656, #3795, #1722 ) ) ;
#2711 = FACE_OUTER_BOUND ( 'NONE', #279, .T. ) ;
#2712 = EDGE_CURVE ( 'NONE', #1673, #3966, #3441, .T. ) ;
#2713 = FACE_OUTER_BOUND ( 'NONE', #2924, .T. ) ;
#2714 = CARTESIAN_POINT ( 'NONE',  ( -0.3500000000000003100, 0.03999999999999999400, -0.2000000000000000900 ) ) ;
#2715 = ORIENTED_EDGE ( 'NONE', *, *, #2938, .F. ) ;
#2716 = VECTOR ( 'NONE', #411, 1000.000000000000000 ) ;
#2717 = DIRECTION ( 'NONE',  ( 1.000000000000000000, 0.0000000000000000000, 0.0000000000000000000 ) ) ;
#2718 = EDGE_CURVE ( 'NONE', #3015, #2264, #916, .T. ) ;
#2719 = VECTOR ( 'NONE', #2311, 1000.000000000000000 ) ;
#2720 = DIRECTION ( 'NONE',  ( -1.807003620809173900E-016, -0.0000000000000000000, 1.000000000000000000 ) ) ;
#2721 = CARTESIAN_POINT ( 'NONE',  ( 0.4299999999999996600, 0.5500000000000000400, 1.600000000000000300 ) ) ;
#2722 = ORIENTED_EDGE ( 'NONE', *, *, #184, .F. ) ;
#2723 = ADVANCED_FACE ( 'NONE', ( #1991 ), #2949, .F. ) ;
#2724 = LINE ( 'NONE', #2337, #1119 ) ;
#2725 = AXIS2_PLACEMENT_3D ( 'NONE', #1476, #3470, #2134 ) ;
#2726 = LINE ( 'NONE', #2218, #4039 ) ;
#2727 = CARTESIAN_POINT ( 'NONE',  ( 0.6249999999999932300, 0.0000000000000000000, -0.2000000000000002600 ) ) ;
#2728 = DIRECTION ( 'NONE',  ( 1.000000000000000000, 0.0000000000000000000, 0.0000000000000000000 ) ) ;
#2729 = ORIENTED_EDGE ( 'NONE', *, *, #3013, .T. ) ;
#2730 = LINE ( 'NONE', #2492, #2461 ) ;
#2731 = PLANE ( 'NONE',  #1846 ) ;
#2732 = AXIS2_PLACEMENT_3D ( 'NONE', #2476, #1158, #1795 ) ;
#2733 = ORIENTED_EDGE ( 'NONE', *, *, #2946, .F. ) ;
#2734 = CARTESIAN_POINT ( 'NONE',  ( -0.7500000000000001100, 0.03999999999999999400, 1.000000000000000000 ) ) ;
#2735 = LINE ( 'NONE', #1475, #2948 ) ;
#2736 = ORIENTED_EDGE ( 'NONE', *, *, #1800, .F. ) ;
#2737 = CARTESIAN_POINT ( 'NONE',  ( -0.6500000000000001300, 0.5500000000000000400, 1.400000000000000100 ) ) ;
#2738 = CARTESIAN_POINT ( 'NONE',  ( -0.7500000000000001100, 0.5100000000000000100, -0.6000000000000000900 ) ) ;
#2739 = DIRECTION ( 'NONE',  ( -2.710505431213761100E-016, 0.0000000000000000000, -1.000000000000000000 ) ) ;
#2740 = VECTOR ( 'NONE', #3575, 1000.000000000000000 ) ;
#2741 = EDGE_CURVE ( 'NONE', #3908, #3891, #619, .T. ) ;
#2742 = DIRECTION ( 'NONE',  ( -0.0000000000000000000, 1.000000000000000000, -0.0000000000000000000 ) ) ;
#2743 = LINE ( 'NONE', #145, #2320 ) ;
#2744 = ORIENTED_EDGE ( 'NONE', *, *, #632, .F. ) ;
#2745 = EDGE_CURVE ( 'NONE', #3062, #388, #2882, .T. ) ;
#2746 = PLANE ( 'NONE',  #101 ) ;
#2747 = ADVANCED_FACE ( 'NONE', ( #3657 ), #714, .F. ) ;
#2748 = DIRECTION ( 'NONE',  ( -1.000000000000000000, -0.0000000000000000000, -0.0000000000000000000 ) ) ;
#2749 = LINE ( 'NONE', #2428, #2171 ) ;
#2750 = LINE ( 'NONE', #1547, #2484 ) ;
#2751 = PRESENTATION_LAYER_ASSIGNMENT (  '', '', ( #119 ) ) ;
#2752 = PLANE ( 'NONE',  #3877 ) ;
#2753 = EDGE_CURVE ( 'NONE', #1420, #2265, #515, .T. ) ;
#2754 = VERTEX_POINT ( 'NONE', #3146 ) ;
#2755 = EDGE_LOOP ( 'NONE', ( #46, #1152, #2350, #1900 ) ) ;
#2756 = DIRECTION ( 'NONE',  ( -0.0000000000000000000, -0.0000000000000000000, 1.000000000000000000 ) ) ;
#2757 = CARTESIAN_POINT ( 'NONE',  ( 0.4500000000000002300, 0.5100000000000000100, 0.5999999999999998700 ) ) ;
#2758 = LINE ( 'NONE', #1523, #3123 ) ;
#2759 = ORIENTED_EDGE ( 'NONE', *, *, #2155, .F. ) ;
#2760 = ORIENTED_EDGE ( 'NONE', *, *, #1299, .T. ) ;
#2761 = DIRECTION ( 'NONE',  ( 7.228014483236699500E-016, 0.0000000000000000000, -1.000000000000000000 ) ) ;
#2762 = VECTOR ( 'NONE', #3843, 1000.000000000000000 ) ;
#2763 = DIRECTION ( 'NONE',  ( -0.0000000000000000000, -0.0000000000000000000, 1.000000000000000000 ) ) ;
#2764 = VERTEX_POINT ( 'NONE', #3071 ) ;
#2765 =( GEOMETRIC_REPRESENTATION_CONTEXT ( 3 ) GLOBAL_UNCERTAINTY_ASSIGNED_CONTEXT ( ( #917 ) ) GLOBAL_UNIT_ASSIGNED_CONTEXT ( ( #1378, #1041, #1710 ) ) REPRESENTATION_CONTEXT ( 'NONE', 'WORKASPACE' ) );
#2766 = ORIENTED_EDGE ( 'NONE', *, *, #2571, .T. ) ;
#2767 = LINE ( 'NONE', #2242, #2653 ) ;
#2768 = CARTESIAN_POINT ( 'NONE',  ( 0.7100000000000001900, 0.5100000000000000100, -1.600000000000000300 ) ) ;
#2769 = CARTESIAN_POINT ( 'NONE',  ( 0.4500000000000001800, 0.5100000000000000100, 1.399999999999999200 ) ) ;
#2770 = ADVANCED_FACE ( 'NONE', ( #3545 ), #2452, .F. ) ;
#2771 = EDGE_LOOP ( 'NONE', ( #2453, #446, #1927, #65 ) ) ;
#2772 = VECTOR ( 'NONE', #542, 1000.000000000000000 ) ;
#2773 = EDGE_CURVE ( 'NONE', #1180, #2962, #3876, .T. ) ;
#2774 = CARTESIAN_POINT ( 'NONE',  ( -0.3500000000000003100, 0.03999999999999999400, -0.2000000000000000900 ) ) ;
#2775 = ORIENTED_EDGE ( 'NONE', *, *, #2745, .T. ) ;
#2776 = LINE ( 'NONE', #2939, #156 ) ;
#2777 = DIRECTION ( 'NONE',  ( 1.000000000000000000, 0.0000000000000000000, 0.0000000000000000000 ) ) ;
#2778 = PRESENTATION_STYLE_ASSIGNMENT (( #724 ) ) ;
#2779 = EDGE_CURVE ( 'NONE', #237, #4140, #57, .T. ) ;
#2780 = DIRECTION ( 'NONE',  ( 0.0000000000000000000, 0.0000000000000000000, 1.000000000000000000 ) ) ;
#2781 = CARTESIAN_POINT ( 'NONE',  ( -0.7099999999999933000, 0.04000000000000004900, -1.600000000000000300 ) ) ;
#2782 = DIRECTION ( 'NONE',  ( -1.000000000000000000, -0.0000000000000000000, -0.0000000000000000000 ) ) ;
#2783 = AXIS2_PLACEMENT_3D ( 'NONE', #139, #4078, #2415 ) ;
#2784 = ORIENTED_EDGE ( 'NONE', *, *, #1000, .T. ) ;
#2785 = EDGE_LOOP ( 'NONE', ( #3480, #2313, #1004, #1099, #2775, #1491 ) ) ;
#2786 = VECTOR ( 'NONE', #3329, 1000.000000000000000 ) ;
#2787 = CARTESIAN_POINT ( 'NONE',  ( 0.7100000000000001900, 0.5100000000000000100, -1.600000000000000300 ) ) ;
#2788 = ORIENTED_EDGE ( 'NONE', *, *, #1351, .T. ) ;
#2789 = ADVANCED_FACE ( 'NONE', ( #3025 ), #288, .F. ) ;
#2790 = AXIS2_PLACEMENT_3D ( 'NONE', #3507, #4176, #2891 ) ;
#2791 = CARTESIAN_POINT ( 'NONE',  ( -0.4500000000000002300, 0.5100000000000000100, -0.7750000000000014700 ) ) ;
#2792 = VECTOR ( 'NONE', #2151, 1000.000000000000000 ) ;
#2793 = EDGE_LOOP ( 'NONE', ( #1757, #1366, #514, #3380 ) ) ;
#2794 = CARTESIAN_POINT ( 'NONE',  ( 0.7100000000000001900, 0.5100000000000000100, -1.600000000000000300 ) ) ;
#2795 = CARTESIAN_POINT ( 'NONE',  ( 0.7500000000000000000, 0.5500000000000000400, -0.1999999999999999300 ) ) ;
#2796 = EDGE_CURVE ( 'NONE', #2621, #702, #2041, .T. ) ;
#2797 = ORIENTED_EDGE ( 'NONE', *, *, #2525, .T. ) ;
#2798 = LINE ( 'NONE', #2890, #3363 ) ;
#2799 = EDGE_LOOP ( 'NONE', ( #1777, #3875, #2253, #3606 ) ) ;
#2800 = DIRECTION ( 'NONE',  ( -0.0000000000000000000, -0.0000000000000000000, -1.000000000000000000 ) ) ;
#2801 = DIRECTION ( 'NONE',  ( -0.0000000000000000000, 1.000000000000000000, -0.0000000000000000000 ) ) ;
#2802 = CARTESIAN_POINT ( 'NONE',  ( 0.7500000000000000000, 0.5100000000000000100, 0.1999999999999999300 ) ) ;
#2803 = VERTEX_POINT ( 'NONE', #1922 ) ;
#2804 = EDGE_CURVE ( 'NONE', #4226, #860, #2245, .T. ) ;
#2805 = FILL_AREA_STYLE_COLOUR ( '', #3653 ) ;
#2806 = DIRECTION ( 'NONE',  ( -0.0000000000000000000, 1.000000000000000000, -0.0000000000000000000 ) ) ;
#2807 = DIRECTION ( 'NONE',  ( -0.0000000000000000000, -1.000000000000000000, -0.0000000000000000000 ) ) ;
#2808 = ORIENTED_EDGE ( 'NONE', *, *, #1867, .F. ) ;
#2809 = ORIENTED_EDGE ( 'NONE', *, *, #2129, .F. ) ;
#2810 = DIRECTION ( 'NONE',  ( 0.0000000000000000000, 0.0000000000000000000, -1.000000000000000000 ) ) ;
#2811 = FACE_OUTER_BOUND ( 'NONE', #3034, .T. ) ;
#2812 = ORIENTED_EDGE ( 'NONE', *, *, #400, .F. ) ;
#2813 = CARTESIAN_POINT ( 'NONE',  ( 0.6500000000000001300, 0.0000000000000000000, 1.599999999999999000 ) ) ;
#2814 = ORIENTED_EDGE ( 'NONE', *, *, #1272, .T. ) ;
#2815 = ADVANCED_FACE ( 'NONE', ( #3600 ), #1250, .F. ) ;
#2816 = VERTEX_POINT ( 'NONE', #643 ) ;
#2817 = CARTESIAN_POINT ( 'NONE',  ( -0.7099999999999933000, 0.5100000000000000100, -0.6000000000000003100 ) ) ;
#2818 = ORIENTED_EDGE ( 'NONE', *, *, #1564, .F. ) ;
#2819 = CARTESIAN_POINT ( 'NONE',  ( 0.4500000000000001800, 0.5500000000000000400, 0.1999999999999999300 ) ) ;
#2820 = CARTESIAN_POINT ( 'NONE',  ( 0.7500000000000001100, 0.0000000000000000000, 0.5999999999999996400 ) ) ;
#2821 = ORIENTED_EDGE ( 'NONE', *, *, #164, .T. ) ;
#2822 = SURFACE_SIDE_STYLE ('',( #3304 ) ) ;
#2823 = VECTOR ( 'NONE', #613, 1000.000000000000000 ) ;
#2824 = ORIENTED_EDGE ( 'NONE', *, *, #3789, .F. ) ;
#2825 = EDGE_CURVE ( 'NONE', #1857, #1560, #2554, .T. ) ;
#2826 = DIRECTION ( 'NONE',  ( 2.710505431213761100E-016, 0.0000000000000000000, -1.000000000000000000 ) ) ;
#2827 = ORIENTED_EDGE ( 'NONE', *, *, #2627, .F. ) ;
#2828 = VECTOR ( 'NONE', #2782, 1000.000000000000000 ) ;
#2829 = DIRECTION ( 'NONE',  ( -0.0000000000000000000, 0.0000000000000000000, -1.000000000000000000 ) ) ;
#2830 = CARTESIAN_POINT ( 'NONE',  ( -0.7099999999999933000, 0.5100000000000000100, 1.000000000000000000 ) ) ;
#2831 = CYLINDRICAL_SURFACE ( 'NONE', #1011, 0.1750000000000000200 ) ;
#2832 = EDGE_CURVE ( 'NONE', #490, #3485, #2776, .T. ) ;
#2833 = DIRECTION ( 'NONE',  ( 0.0000000000000000000, -1.000000000000000000, 0.0000000000000000000 ) ) ;
#2834 = ORIENTED_EDGE ( 'NONE', *, *, #733, .F. ) ;
#2835 = CARTESIAN_POINT ( 'NONE',  ( 0.4500000000000001800, 0.5100000000000000100, -0.9999999999999991100 ) ) ;
#2836 = LINE ( 'NONE', #651, #1073 ) ;
#2837 = CARTESIAN_POINT ( 'NONE',  ( 0.6500000000000001300, 0.5500000000000000400, -1.399999999999999200 ) ) ;
#2838 = ADVANCED_FACE ( 'NONE', ( #2661 ), #931, .F. ) ;
#2839 = ORIENTED_EDGE ( 'NONE', *, *, #3110, .F. ) ;
#2840 = PLANE ( 'NONE',  #1233 ) ;
#2841 = AXIS2_PLACEMENT_3D ( 'NONE', #2342, #4027, #2039 ) ;
#2842 = ORIENTED_EDGE ( 'NONE', *, *, #1006, .T. ) ;
#2843 = EDGE_CURVE ( 'NONE', #2097, #4069, #2982, .T. ) ;
#2844 = VECTOR ( 'NONE', #3484, 1000.000000000000000 ) ;
#2845 = CARTESIAN_POINT ( 'NONE',  ( 0.4500000000000001800, 0.5500000000000000400, -0.1999999999999999300 ) ) ;
#2846 = DIRECTION ( 'NONE',  ( 1.000000000000000000, -0.0000000000000000000, -0.0000000000000000000 ) ) ;
#2847 = VECTOR ( 'NONE', #292, 1000.000000000000000 ) ;
#2848 = FACE_OUTER_BOUND ( 'NONE', #700, .T. ) ;
#2849 = CARTESIAN_POINT ( 'NONE',  ( 0.6500000000000001300, 0.5100000000000000100, -1.399999999999999200 ) ) ;
#2850 = ORIENTED_EDGE ( 'NONE', *, *, #1718, .F. ) ;
#2851 = CARTESIAN_POINT ( 'NONE',  ( -0.7099999999999765400, 0.04000000000000004900, 0.5999999999999998700 ) ) ;
#2852 = CARTESIAN_POINT ( 'NONE',  ( -0.4500000000000001800, 0.5100000000000000100, -0.2000000000000000400 ) ) ;
#2853 = VECTOR ( 'NONE', #3008, 1000.000000000000000 ) ;
#2854 = SURFACE_SIDE_STYLE ('',( #76 ) ) ;
#2855 = EDGE_LOOP ( 'NONE', ( #2875, #2182, #958, #2963 ) ) ;
#2856 = DIRECTION ( 'NONE',  ( -0.0000000000000000000, -1.000000000000000000, -0.0000000000000000000 ) ) ;
#2857 = DIRECTION ( 'NONE',  ( -0.0000000000000000000, 1.000000000000000000, -0.0000000000000000000 ) ) ;
#2858 = CARTESIAN_POINT ( 'NONE',  ( 0.4500000000000002300, 0.5500000000000000400, 0.5999999999999998700 ) ) ;
#2859 = ADVANCED_FACE ( 'NONE', ( #3136 ), #2614, .F. ) ;
#2860 = EDGE_CURVE ( 'NONE', #3993, #304, #3082, .T. ) ;
#2861 = VECTOR ( 'NONE', #1625, 1000.000000000000000 ) ;
#2862 = DIRECTION ( 'NONE',  ( -0.0000000000000000000, -1.000000000000000000, -0.0000000000000000000 ) ) ;
#2863 = DIRECTION ( 'NONE',  ( 1.000000000000000000, 0.0000000000000000000, 0.0000000000000000000 ) ) ;
#2864 = ORIENTED_EDGE ( 'NONE', *, *, #3013, .F. ) ;
#2865 = EDGE_CURVE ( 'NONE', #4071, #4001, #2091, .T. ) ;
#2866 = ORIENTED_EDGE ( 'NONE', *, *, #3772, .F. ) ;
#2867 = DIRECTION ( 'NONE',  ( 1.807003620809173900E-016, 0.0000000000000000000, 1.000000000000000000 ) ) ;
#2868 = EDGE_LOOP ( 'NONE', ( #653, #2048, #796, #441 ) ) ;
#2869 = ORIENTED_EDGE ( 'NONE', *, *, #3629, .F. ) ;
#2870 = ORIENTED_EDGE ( 'NONE', *, *, #2843, .F. ) ;
#2871 = VERTEX_POINT ( 'NONE', #1908 ) ;
#2872 = LINE ( 'NONE', #3190, #3647 ) ;
#2873 = AXIS2_PLACEMENT_3D ( 'NONE', #3291, #2263, #1671 ) ;
#2874 = CARTESIAN_POINT ( 'NONE',  ( -0.7099999999999933000, 0.5100000000000000100, -1.600000000000000300 ) ) ;
#2875 = ORIENTED_EDGE ( 'NONE', *, *, #1745, .T. ) ;
#2876 = FACE_OUTER_BOUND ( 'NONE', #2629, .T. ) ;
#2877 = AXIS2_PLACEMENT_3D ( 'NONE', #257, #3171, #1174 ) ;
#2878 = PLANE ( 'NONE',  #4130 ) ;
#2879 = FACE_OUTER_BOUND ( 'NONE', #1645, .T. ) ;
#2880 = DIRECTION ( 'NONE',  ( 0.0000000000000000000, 0.0000000000000000000, -1.000000000000000000 ) ) ;
#2881 = VERTEX_POINT ( 'NONE', #918 ) ;
#2882 = LINE ( 'NONE', #1971, #261 ) ;
#2883 = EDGE_CURVE ( 'NONE', #4069, #3315, #2351, .T. ) ;
#2884 = DIRECTION ( 'NONE',  ( 0.0000000000000000000, -0.0000000000000000000, 1.000000000000000000 ) ) ;
#2885 = CARTESIAN_POINT ( 'NONE',  ( 0.6249999999999849000, 0.0000000000000000000, 0.5999999999999996400 ) ) ;
#2886 = LINE ( 'NONE', #3537, #1435 ) ;
#2887 = EDGE_LOOP ( 'NONE', ( #95, #2644, #3798, #3718 ) ) ;
#2888 = FACE_OUTER_BOUND ( 'NONE', #2771, .T. ) ;
#2889 = EDGE_CURVE ( 'NONE', #98, #801, #3344, .T. ) ;
#2890 = CARTESIAN_POINT ( 'NONE',  ( -0.4500000000000001800, 0.5100000000000000100, -1.000000000000000000 ) ) ;
#2891 = DIRECTION ( 'NONE',  ( 0.0000000000000000000, 0.0000000000000000000, 1.000000000000000000 ) ) ;
#2892 = DIRECTION ( 'NONE',  ( -1.807003620809173900E-016, 0.0000000000000000000, -1.000000000000000000 ) ) ;
#2893 = EDGE_LOOP ( 'NONE', ( #1236, #2666, #1008, #915 ) ) ;
#2894 = ORIENTED_EDGE ( 'NONE', *, *, #2372, .F. ) ;
#2895 = CARTESIAN_POINT ( 'NONE',  ( 0.0000000000000000000, 0.0000000000000000000, -1.600000000000000300 ) ) ;
#2896 = CARTESIAN_POINT ( 'NONE',  ( 0.4500000000000001800, 0.5500000000000000400, 1.399999999999999200 ) ) ;
#2897 = CARTESIAN_POINT ( 'NONE',  ( 0.4500000000000000700, 0.5100000000000000100, -0.8249999999999990700 ) ) ;
#2898 = AXIS2_PLACEMENT_3D ( 'NONE', #1175, #1150, #1842 ) ;
#2899 = FACE_OUTER_BOUND ( 'NONE', #1015, .T. ) ;
#2900 = DIRECTION ( 'NONE',  ( 1.000000000000000000, 0.0000000000000000000, -1.807003620809173900E-016 ) ) ;
#2901 = LINE ( 'NONE', #1727, #2012 ) ;
#2902 = AXIS2_PLACEMENT_3D ( 'NONE', #664, #650, #3962 ) ;
#2903 = VERTEX_POINT ( 'NONE', #3341 ) ;
#2904 = CARTESIAN_POINT ( 'NONE',  ( -0.3500000000000002600, 0.03999999999999999400, -0.6000000000000003100 ) ) ;
#2905 = VERTEX_POINT ( 'NONE', #3317 ) ;
#2906 = CARTESIAN_POINT ( 'NONE',  ( -0.7500000000000001100, 0.5500000000000000400, 1.000000000000000000 ) ) ;
#2907 = FACE_OUTER_BOUND ( 'NONE', #2416, .T. ) ;
#2908 = CARTESIAN_POINT ( 'NONE',  ( -0.7099999999999933000, 0.5100000000000000100, 1.599999999999998500 ) ) ;
#2909 = EDGE_CURVE ( 'NONE', #1597, #4179, #1168, .T. ) ;
#2910 = DIRECTION ( 'NONE',  ( 0.0000000000000000000, -0.0000000000000000000, -1.000000000000000000 ) ) ;
#2911 = SURFACE_STYLE_USAGE ( .BOTH. , #2854 ) ;
#2912 = LINE ( 'NONE', #1510, #3734 ) ;
#2913 = CARTESIAN_POINT ( 'NONE',  ( -0.3500000000000003100, -0.0000000000000000000, -0.2000000000000000900 ) ) ;
#2914 = ORIENTED_EDGE ( 'NONE', *, *, #3738, .F. ) ;
#2915 = ORIENTED_EDGE ( 'NONE', *, *, #3572, .T. ) ;
#2916 = EDGE_CURVE ( 'NONE', #1857, #3010, #2449, .T. ) ;
#2917 = LINE ( 'NONE', #3174, #800 ) ;
#2918 = VERTEX_POINT ( 'NONE', #14 ) ;
#2919 = ORIENTED_EDGE ( 'NONE', *, *, #1524, .F. ) ;
#2920 = CARTESIAN_POINT ( 'NONE',  ( 0.6500000000000001300, 0.5100000000000000100, -1.399999999999999200 ) ) ;
#2921 = DIRECTION ( 'NONE',  ( -0.0000000000000000000, -1.000000000000000000, -0.0000000000000000000 ) ) ;
#2922 = EDGE_CURVE ( 'NONE', #1925, #1597, #1223, .T. ) ;
#2923 = ORIENTED_EDGE ( 'NONE', *, *, #3986, .T. ) ;
#2924 = EDGE_LOOP ( 'NONE', ( #505, #38, #2941, #1514 ) ) ;
#2925 = DIRECTION ( 'NONE',  ( 0.0000000000000000000, 1.000000000000000000, -0.0000000000000000000 ) ) ;
#2926 = VECTOR ( 'NONE', #2437, 1000.000000000000000 ) ;
#2927 = DIRECTION ( 'NONE',  ( 0.0000000000000000000, 0.0000000000000000000, 1.000000000000000000 ) ) ;
#2928 = ADVANCED_FACE ( 'NONE', ( #1587 ), #3327, .F. ) ;
#2929 = SURFACE_STYLE_FILL_AREA ( #803 ) ;
#2930 = AXIS2_PLACEMENT_3D ( 'NONE', #768, #806, #3112 ) ;
#2931 = VERTEX_POINT ( 'NONE', #988 ) ;
#2932 = VECTOR ( 'NONE', #3625, 1000.000000000000000 ) ;
#2933 = DIRECTION ( 'NONE',  ( -0.0000000000000000000, 1.000000000000000000, -0.0000000000000000000 ) ) ;
#2934 = FACE_OUTER_BOUND ( 'NONE', #3732, .T. ) ;
#2935 = CARTESIAN_POINT ( 'NONE',  ( 0.7500000000000001100, 0.5500000000000000400, 0.5999999999999996400 ) ) ;
#2936 = CARTESIAN_POINT ( 'NONE',  ( 0.0000000000000000000, 0.5100000000000000100, 0.0000000000000000000 ) ) ;
#2937 = FACE_OUTER_BOUND ( 'NONE', #361, .T. ) ;
#2938 = EDGE_CURVE ( 'NONE', #4197, #92, #716, .T. ) ;
#2939 = CARTESIAN_POINT ( 'NONE',  ( 0.7500000000000000000, 0.0000000000000000000, 0.1999999999999999300 ) ) ;
#2940 = CARTESIAN_POINT ( 'NONE',  ( -0.7099999999999933000, 0.5100000000000000100, -1.600000000000000300 ) ) ;
#2941 = ORIENTED_EDGE ( 'NONE', *, *, #2183, .F. ) ;
#2942 = ORIENTED_EDGE ( 'NONE', *, *, #1442, .T. ) ;
#2943 = DIRECTION ( 'NONE',  ( 0.0000000000000000000, 0.0000000000000000000, 1.000000000000000000 ) ) ;
#2944 = PRESENTATION_STYLE_ASSIGNMENT (( #1458 ) ) ;
#2945 = ORIENTED_EDGE ( 'NONE', *, *, #2042, .T. ) ;
#2946 = EDGE_CURVE ( 'NONE', #3065, #189, #3708, .T. ) ;
#2947 = DIRECTION ( 'NONE',  ( -0.0000000000000000000, -1.000000000000000000, -0.0000000000000000000 ) ) ;
#2948 = VECTOR ( 'NONE', #2807, 1000.000000000000000 ) ;
#2949 = PLANE ( 'NONE',  #1791 ) ;
#2950 = CARTESIAN_POINT ( 'NONE',  ( -0.4500000000000001800, 0.5100000000000000100, -1.600000000000000300 ) ) ;
#2951 = LINE ( 'NONE', #1089, #836 ) ;
#2952 = CARTESIAN_POINT ( 'NONE',  ( 0.7100000000000001900, 0.04000000000000004900, 1.599999999999998500 ) ) ;
#2953 = AXIS2_PLACEMENT_3D ( 'NONE', #42, #3342, #3688 ) ;
#2954 = ORIENTED_EDGE ( 'NONE', *, *, #1756, .T. ) ;
#2955 = VECTOR ( 'NONE', #3102, 1000.000000000000000 ) ;
#2956 = DIRECTION ( 'NONE',  ( -1.000000000000000000, 0.0000000000000000000, 6.377659838150644000E-016 ) ) ;
#2957 = VECTOR ( 'NONE', #1468, 1000.000000000000000 ) ;
#2958 = DIRECTION ( 'NONE',  ( 0.0000000000000000000, -0.0000000000000000000, -1.000000000000000000 ) ) ;
#2959 = CIRCLE ( 'NONE', #1169, 0.1750000000000000200 ) ;
#2960 = CARTESIAN_POINT ( 'NONE',  ( 0.7500000000000000000, 0.5500000000000000400, -0.1999999999999999300 ) ) ;
#2961 = EDGE_CURVE ( 'NONE', #2436, #3172, #316, .T. ) ;
#2962 = VERTEX_POINT ( 'NONE', #2628 ) ;
#2963 = ORIENTED_EDGE ( 'NONE', *, *, #1061, .F. ) ;
#2964 = ORIENTED_EDGE ( 'NONE', *, *, #1937, .F. ) ;
#2965 = CARTESIAN_POINT ( 'NONE',  ( 0.7500000000000001100, 0.5500000000000000400, 0.5999999999999996400 ) ) ;
#2966 = CARTESIAN_POINT ( 'NONE',  ( 0.6250000000000000000, 0.5100000000000000100, -0.8250000000000001800 ) ) ;
#2967 = DIRECTION ( 'NONE',  ( -1.000000000000000000, 0.0000000000000000000, 0.0000000000000000000 ) ) ;
#2968 = EDGE_LOOP ( 'NONE', ( #1244, #1568, #3305, #2312, #1901, #1388, #2760, #2954 ) ) ;
#2969 = EDGE_CURVE ( 'NONE', #2254, #2903, #461, .T. ) ;
#2970 = EDGE_LOOP ( 'NONE', ( #3185, #797, #1896, #282 ) ) ;
#2971 = ORIENTED_EDGE ( 'NONE', *, *, #600, .T. ) ;
#2972 = LINE ( 'NONE', #573, #2762 ) ;
#2973 = DIRECTION ( 'NONE',  ( 0.0000000000000000000, -0.0000000000000000000, 1.000000000000000000 ) ) ;
#2974 = LINE ( 'NONE', #2694, #859 ) ;
#2975 = AXIS2_PLACEMENT_3D ( 'NONE', #2373, #2742, #1766 ) ;
#2976 = EDGE_CURVE ( 'NONE', #2439, #545, #571, .T. ) ;
#2977 = DIRECTION ( 'NONE',  ( 0.0000000000000000000, 0.0000000000000000000, 1.000000000000000000 ) ) ;
#2978 = VECTOR ( 'NONE', #780, 1000.000000000000000 ) ;
#2979 = DIRECTION ( 'NONE',  ( 0.0000000000000000000, -1.000000000000000000, 0.0000000000000000000 ) ) ;
#2980 = MECHANICAL_DESIGN_GEOMETRIC_PRESENTATION_REPRESENTATION (  '', ( #389 ), #2503 ) ;
#2981 = CARTESIAN_POINT ( 'NONE',  ( 0.4499999999999919600, 0.5100000000000000100, -0.02499999999999898100 ) ) ;
#2982 = LINE ( 'NONE', #973, #1377 ) ;
#2983 = VECTOR ( 'NONE', #984, 1000.000000000000000 ) ;
#2984 = VERTEX_POINT ( 'NONE', #2651 ) ;
#2985 = ADVANCED_FACE ( 'NONE', ( #3812 ), #1327, .F. ) ;
#2986 = LINE ( 'NONE', #285, #823 ) ;
#2987 = ORIENTED_EDGE ( 'NONE', *, *, #920, .F. ) ;
#2988 = COLOUR_RGB ( '',0.7921568627450980000, 0.8196078431372548800, 0.9333333333333333500 ) ;
#2989 = EDGE_CURVE ( 'NONE', #3509, #2399, #363, .T. ) ;
#2990 = CARTESIAN_POINT ( 'NONE',  ( -0.4300000000000001600, 0.5500000000000000400, 0.0000000000000000000 ) ) ;
#2991 = VERTEX_POINT ( 'NONE', #1027 ) ;
#2992 = DIRECTION ( 'NONE',  ( 0.0000000000000000000, -1.000000000000000000, 0.0000000000000000000 ) ) ;
#2993 = ORIENTED_EDGE ( 'NONE', *, *, #3955, .F. ) ;
#2994 = VECTOR ( 'NONE', #3527, 1000.000000000000000 ) ;
#2995 = ORIENTED_EDGE ( 'NONE', *, *, #951, .T. ) ;
#2996 = EDGE_CURVE ( 'NONE', #4169, #2436, #1840, .T. ) ;
#2997 = DIRECTION ( 'NONE',  ( 1.000000000000000000, 0.0000000000000000000, 0.0000000000000000000 ) ) ;
#2998 = CIRCLE ( 'NONE', #3413, 0.1750000000000000200 ) ;
#2999 = PLANE ( 'NONE',  #1590 ) ;
#3000 = CYLINDRICAL_SURFACE ( 'NONE', #638, 0.1749999999999999100 ) ;
#3001 = AXIS2_PLACEMENT_3D ( 'NONE', #3135, #3870, #3494 ) ;
#3002 = DIRECTION ( 'NONE',  ( 1.000000000000000000, 0.0000000000000000000, 7.228014483236699500E-016 ) ) ;
#3003 = ADVANCED_FACE ( 'NONE', ( #911 ), #3301, .F. ) ;
#3004 = VECTOR ( 'NONE', #4092, 1000.000000000000000 ) ;
#3005 = CARTESIAN_POINT ( 'NONE',  ( 0.7100000000000001900, 0.5100000000000000100, -1.600000000000000300 ) ) ;
#3006 = PRESENTATION_LAYER_ASSIGNMENT (  '', '', ( #1159 ) ) ;
#3007 = EDGE_LOOP ( 'NONE', ( #869, #226, #3529, #1427 ) ) ;
#3008 = DIRECTION ( 'NONE',  ( -0.0000000000000000000, -1.000000000000000000, -0.0000000000000000000 ) ) ;
#3009 = VERTEX_POINT ( 'NONE', #2017 ) ;
#3010 = VERTEX_POINT ( 'NONE', #39 ) ;
#3011 = VECTOR ( 'NONE', #4028, 1000.000000000000000 ) ;
#3012 = ORIENTED_EDGE ( 'NONE', *, *, #3580, .F. ) ;
#3013 = EDGE_CURVE ( 'NONE', #4150, #3054, #1738, .T. ) ;
#3014 = DIRECTION ( 'NONE',  ( -0.0000000000000000000, 1.000000000000000000, -0.0000000000000000000 ) ) ;
#3015 = VERTEX_POINT ( 'NONE', #4021 ) ;
#3016 = DIRECTION ( 'NONE',  ( 0.0000000000000000000, -1.000000000000000000, 0.0000000000000000000 ) ) ;
#3017 = VECTOR ( 'NONE', #454, 1000.000000000000000 ) ;
#3018 = EDGE_CURVE ( 'NONE', #3966, #674, #152, .T. ) ;
#3019 = ORIENTED_EDGE ( 'NONE', *, *, #978, .F. ) ;
#3020 = LINE ( 'NONE', #284, #3288 ) ;
#3021 = ORIENTED_EDGE ( 'NONE', *, *, #2889, .T. ) ;
#3022 = PLANE ( 'NONE',  #1726 ) ;
#3023 = ADVANCED_FACE ( 'NONE', ( #3979 ), #114, .F. ) ;
#3024 = ORIENTED_EDGE ( 'NONE', *, *, #765, .T. ) ;
#3025 = FACE_OUTER_BOUND ( 'NONE', #246, .T. ) ;
#3026 =( NAMED_UNIT ( * ) SI_UNIT ( $, .STERADIAN. ) SOLID_ANGLE_UNIT ( ) );
#3027 = DIRECTION ( 'NONE',  ( -0.0000000000000000000, -1.000000000000000000, -0.0000000000000000000 ) ) ;
#3028 = LINE ( 'NONE', #2906, #1798 ) ;
#3029 = EDGE_LOOP ( 'NONE', ( #1692, #350, #3182, #1810 ) ) ;
#3030 = FILL_AREA_STYLE_COLOUR ( '', #2613 ) ;
#3031 = AXIS2_PLACEMENT_3D ( 'NONE', #1295, #2327, #1959 ) ;
#3032 = PLANE ( 'NONE',  #2640 ) ;
#3033 = FILL_AREA_STYLE_COLOUR ( '', #1520 ) ;
#3034 = EDGE_LOOP ( 'NONE', ( #2006, #4202, #3237, #4133 ) ) ;
#3035 = FACE_OUTER_BOUND ( 'NONE', #3486, .T. ) ;
#3036 = EDGE_LOOP ( 'NONE', ( #903, #102, #3124, #109 ) ) ;
#3037 = EDGE_LOOP ( 'NONE', ( #576, #2827, #2736, #3767 ) ) ;
#3038 = ORIENTED_EDGE ( 'NONE', *, *, #2712, .F. ) ;
#3039 = VECTOR ( 'NONE', #2419, 1000.000000000000000 ) ;
#3040 = PLANE ( 'NONE',  #234 ) ;
#3041 = EDGE_CURVE ( 'NONE', #3811, #3453, #1474, .T. ) ;
#3042 = ORIENTED_EDGE ( 'NONE', *, *, #4090, .T. ) ;
#3043 = ORIENTED_EDGE ( 'NONE', *, *, #1498, .F. ) ;
#3044 = VECTOR ( 'NONE', #3231, 1000.000000000000000 ) ;
#3045 = CARTESIAN_POINT ( 'NONE',  ( -0.4499999999999835200, 0.0000000000000000000, 0.7750000000000010200 ) ) ;
#3046 = CARTESIAN_POINT ( 'NONE',  ( -0.7099999999999933000, 0.5100000000000000100, -1.600000000000000300 ) ) ;
#3047 = EDGE_CURVE ( 'NONE', #3954, #2673, #1528, .T. ) ;
#3048 = VERTEX_POINT ( 'NONE', #3720 ) ;
#3049 = DIRECTION ( 'NONE',  ( -2.710505431213761100E-016, 0.0000000000000000000, -1.000000000000000000 ) ) ;
#3050 = ADVANCED_FACE ( 'NONE', ( #769 ), #2731, .F. ) ;
#3051 = VECTOR ( 'NONE', #3791, 1000.000000000000000 ) ;
#3052 = DIRECTION ( 'NONE',  ( 0.0000000000000000000, 0.0000000000000000000, 1.000000000000000000 ) ) ;
#3053 = CARTESIAN_POINT ( 'NONE',  ( 0.4500000000000001800, 0.5100000000000000100, 0.9999999999999991100 ) ) ;
#3054 = VERTEX_POINT ( 'NONE', #2417 ) ;
#3055 = PRESENTATION_STYLE_ASSIGNMENT (( #3307 ) ) ;
#3056 = DIRECTION ( 'NONE',  ( 1.000000000000000000, 0.0000000000000000000, 7.228014483236699500E-016 ) ) ;
#3057 = EDGE_CURVE ( 'NONE', #2307, #2576, #4183, .T. ) ;
#3058 = CARTESIAN_POINT ( 'NONE',  ( -0.7500000000000001100, 0.5500000000000000400, 1.000000000000000000 ) ) ;
#3059 = VECTOR ( 'NONE', #2096, 1000.000000000000000 ) ;
#3060 = AXIS2_PLACEMENT_3D ( 'NONE', #3552, #253, #614 ) ;
#3061 = DIRECTION ( 'NONE',  ( 0.0000000000000000000, 0.0000000000000000000, 1.000000000000000000 ) ) ;
#3062 = VERTEX_POINT ( 'NONE', #86 ) ;
#3063 = CARTESIAN_POINT ( 'NONE',  ( -0.7500000000000001100, 0.5500000000000000400, -0.6000000000000000900 ) ) ;
#3064 = FILL_AREA_STYLE_COLOUR ( '', #2988 ) ;
#3065 = VERTEX_POINT ( 'NONE', #766 ) ;
#3066 = ORIENTED_EDGE ( 'NONE', *, *, #1698, .T. ) ;
#3067 = ORIENTED_EDGE ( 'NONE', *, *, #1564, .T. ) ;
#3068 = DIRECTION ( 'NONE',  ( 1.000000000000000000, -0.0000000000000000000, -0.0000000000000000000 ) ) ;
#3069 = ORIENTED_EDGE ( 'NONE', *, *, #81, .T. ) ;
#3070 = ORIENTED_EDGE ( 'NONE', *, *, #53, .F. ) ;
#3071 = CARTESIAN_POINT ( 'NONE',  ( 0.7099999999999849800, 0.5100000000000000100, -0.2000000000000002600 ) ) ;
#3072 = ADVANCED_FACE ( 'NONE', ( #668 ), #2746, .F. ) ;
#3073 = LINE ( 'NONE', #1521, #1786 ) ;
#3074 = EDGE_CURVE ( 'NONE', #2674, #2157, #3752, .T. ) ;
#3075 = CARTESIAN_POINT ( 'NONE',  ( 0.4500000000000001800, 0.5500000000000000400, -0.9999999999999991100 ) ) ;
#3076 = LINE ( 'NONE', #1561, #3538 ) ;
#3077 = DIRECTION ( 'NONE',  ( -0.0000000000000000000, -1.000000000000000000, -0.0000000000000000000 ) ) ;
#3078 = ORIENTED_EDGE ( 'NONE', *, *, #759, .T. ) ;
#3079 = CARTESIAN_POINT ( 'NONE',  ( -0.3500000000000003100, 0.03999999999999999400, -0.2000000000000000900 ) ) ;
#3080 = EDGE_CURVE ( 'NONE', #3343, #4197, #2346, .T. ) ;
#3081 = VERTEX_POINT ( 'NONE', #1095 ) ;
#3082 = LINE ( 'NONE', #3540, #1689 ) ;
#3083 = MANIFOLD_SOLID_BREP ( 'Pin 7', #170 ) ;
#3084 = CARTESIAN_POINT ( 'NONE',  ( 0.3500000000000000900, 0.03999999999999999400, -0.2000000000000000900 ) ) ;
#3085 = DIRECTION ( 'NONE',  ( 0.0000000000000000000, -1.000000000000000000, 0.0000000000000000000 ) ) ;
#3086 = MECHANICAL_DESIGN_GEOMETRIC_PRESENTATION_REPRESENTATION (  '', ( #1312 ), #3314 ) ;
#3087 = VERTEX_POINT ( 'NONE', #4080 ) ;
#3088 = LINE ( 'NONE', #3446, #13 ) ;
#3089 = DIRECTION ( 'NONE',  ( 0.0000000000000000000, 0.0000000000000000000, -1.000000000000000000 ) ) ;
#3090 = EDGE_LOOP ( 'NONE', ( #1302, #4224, #3931, #321 ) ) ;
#3091 = VERTEX_POINT ( 'NONE', #2086 ) ;
#3092 = FACE_OUTER_BOUND ( 'NONE', #1960, .T. ) ;
#3093 = DIRECTION ( 'NONE',  ( 0.0000000000000000000, 0.0000000000000000000, -1.000000000000000000 ) ) ;
#3094 = ADVANCED_FACE ( 'NONE', ( #1428 ), #2404, .T. ) ;
#3095 = AXIS2_PLACEMENT_3D ( 'NONE', #3862, #242, #532 ) ;
#3096 = ORIENTED_EDGE ( 'NONE', *, *, #2149, .F. ) ;
#3097 = CARTESIAN_POINT ( 'NONE',  ( 0.7100000000000001900, 0.04000000000000004900, -1.600000000000000300 ) ) ;
#3098 = ORIENTED_EDGE ( 'NONE', *, *, #2013, .T. ) ;
#3099 = FACE_OUTER_BOUND ( 'NONE', #3036, .T. ) ;
#3100 = ORIENTED_EDGE ( 'NONE', *, *, #2611, .T. ) ;
#3101 = CARTESIAN_POINT ( 'NONE',  ( -0.6500000000000001300, 0.0000000000000000000, -1.599999999999999900 ) ) ;
#3102 = DIRECTION ( 'NONE',  ( -0.0000000000000000000, -1.000000000000000000, -0.0000000000000000000 ) ) ;
#3103 = CARTESIAN_POINT ( 'NONE',  ( 0.4499999999999837500, 0.0000000000000000000, 0.7750000000000008000 ) ) ;
#3104 = VECTOR ( 'NONE', #2551, 1000.000000000000000 ) ;
#3105 = EDGE_CURVE ( 'NONE', #3010, #1729, #3389, .T. ) ;
#3106 = PLANE ( 'NONE',  #4041 ) ;
#3107 = VECTOR ( 'NONE', #634, 1000.000000000000000 ) ;
#3108 = DIRECTION ( 'NONE',  ( -1.000000000000000000, 0.0000000000000000000, 1.807003620809173900E-016 ) ) ;
#3109 = ORIENTED_EDGE ( 'NONE', *, *, #2155, .T. ) ;
#3110 = EDGE_CURVE ( 'NONE', #3334, #167, #1112, .T. ) ;
#3111 = CARTESIAN_POINT ( 'NONE',  ( 0.6250000000000013300, 0.5100000000000000100, -0.6000000000000005300 ) ) ;
#3112 = DIRECTION ( 'NONE',  ( 2.710505431213759600E-016, 0.0000000000000000000, 1.000000000000000000 ) ) ;
#3113 = DIRECTION ( 'NONE',  ( 0.0000000000000000000, -0.0000000000000000000, 1.000000000000000000 ) ) ;
#3114 = CARTESIAN_POINT ( 'NONE',  ( 0.7500000000000001100, 0.0000000000000000000, -0.5999999999999996400 ) ) ;
#3115 = VECTOR ( 'NONE', #844, 1000.000000000000000 ) ;
#3116 = EDGE_CURVE ( 'NONE', #4001, #3728, #1317, .T. ) ;
#3117 = DIRECTION ( 'NONE',  ( 0.0000000000000000000, -1.000000000000000000, 0.0000000000000000000 ) ) ;
#3118 = DIRECTION ( 'NONE',  ( 0.0000000000000000000, 0.0000000000000000000, -1.000000000000000000 ) ) ;
#3119 = VERTEX_POINT ( 'NONE', #3365 ) ;
#3120 = ORIENTED_EDGE ( 'NONE', *, *, #3140, .T. ) ;
#3121 = PLANE ( 'NONE',  #227 ) ;
#3122 = PRODUCT_DEFINITION_SHAPE ( 'NONE', 'NONE',  #2620 ) ;
#3123 = VECTOR ( 'NONE', #864, 1000.000000000000000 ) ;
#3124 = ORIENTED_EDGE ( 'NONE', *, *, #4121, .T. ) ;
#3125 = ORIENTED_EDGE ( 'NONE', *, *, #3636, .F. ) ;
#3126 = DIRECTION ( 'NONE',  ( -7.228014483236699500E-016, 0.0000000000000000000, 1.000000000000000000 ) ) ;
#3127 = CARTESIAN_POINT ( 'NONE',  ( -0.7099999999999933000, 0.04000000000000004900, -1.600000000000000300 ) ) ;
#3128 = CARTESIAN_POINT ( 'NONE',  ( 0.0000000000000000000, 0.5500000000000000400, 0.0000000000000000000 ) ) ;
#3129 = ORIENTED_EDGE ( 'NONE', *, *, #3546, .T. ) ;
#3130 = VECTOR ( 'NONE', #3748, 1000.000000000000000 ) ;
#3131 = EDGE_CURVE ( 'NONE', #3119, #3410, #3871, .T. ) ;
#3132 = CARTESIAN_POINT ( 'NONE',  ( 0.3499999999999999800, 0.03999999999999999400, 0.5999999999999998700 ) ) ;
#3133 = CARTESIAN_POINT ( 'NONE',  ( -0.6500000000000001300, 0.0000000000000000000, 1.599999999999999900 ) ) ;
#3134 = EDGE_CURVE ( 'NONE', #2147, #303, #458, .T. ) ;
#3135 = CARTESIAN_POINT ( 'NONE',  ( -0.7099999999999933000, 0.04000000000000004900, -1.600000000000000300 ) ) ;
#3136 = FACE_OUTER_BOUND ( 'NONE', #1355, .T. ) ;
#3137 = ADVANCED_FACE ( 'NONE', ( #3292 ), #3757, .F. ) ;
#3138 = VECTOR ( 'NONE', #885, 1000.000000000000000 ) ;
#3139 = AXIS2_PLACEMENT_3D ( 'NONE', #2225, #4261, #4245 ) ;
#3140 = EDGE_CURVE ( 'NONE', #367, #570, #1887, .T. ) ;
#3141 = UNCERTAINTY_MEASURE_WITH_UNIT (LENGTH_MEASURE( 1.000000000000000100E-005 ), #2366, 'distance_accuracy_value', 'NONE');
#3142 = EDGE_LOOP ( 'NONE', ( #528, #397, #3855, #3646 ) ) ;
#3143 = EDGE_LOOP ( 'NONE', ( #1702, #3019, #3351, #175 ) ) ;
#3144 = LINE ( 'NONE', #128, #2152 ) ;
#3145 = PLANE ( 'NONE',  #1685 ) ;
#3146 = CARTESIAN_POINT ( 'NONE',  ( -0.7500000000000001100, 0.0000000000000000000, -1.000000000000000000 ) ) ;
#3147 = AXIS2_PLACEMENT_3D ( 'NONE', #1170, #834, #1490 ) ;
#3148 = VERTEX_POINT ( 'NONE', #4096 ) ;
#3149 = VECTOR ( 'NONE', #308, 1000.000000000000000 ) ;
#3150 = DIRECTION ( 'NONE',  ( 0.0000000000000000000, 0.0000000000000000000, 1.000000000000000000 ) ) ;
#3151 = VERTEX_POINT ( 'NONE', #3111 ) ;
#3152 = ORIENTED_EDGE ( 'NONE', *, *, #2372, .T. ) ;
#3153 = CARTESIAN_POINT ( 'NONE',  ( -0.7500000000000002200, 0.5500000000000000400, 1.600000000000000100 ) ) ;
#3154 = LINE ( 'NONE', #2794, #2160 ) ;
#3155 = MECHANICAL_DESIGN_GEOMETRIC_PRESENTATION_REPRESENTATION (  '', ( #1159 ), #3368 ) ;
#3156 = DIRECTION ( 'NONE',  ( 0.0000000000000000000, -1.000000000000000000, 0.0000000000000000000 ) ) ;
#3157 = ORIENTED_EDGE ( 'NONE', *, *, #705, .F. ) ;
#3158 = CARTESIAN_POINT ( 'NONE',  ( 0.4500000000000002300, 0.5500000000000000400, -0.5999999999999998700 ) ) ;
#3159 = PLANE ( 'NONE',  #2898 ) ;
#3160 = CARTESIAN_POINT ( 'NONE',  ( -0.7500000000000001100, 0.5500000000000000400, -0.6000000000000000900 ) ) ;
#3161 = ADVANCED_FACE ( 'NONE', ( #2879 ), #2445, .F. ) ;
#3162 = EDGE_CURVE ( 'NONE', #3652, #2540, #1686, .T. ) ;
#3163 = ORIENTED_EDGE ( 'NONE', *, *, #3723, .T. ) ;
#3164 = CARTESIAN_POINT ( 'NONE',  ( -0.4499999999999918500, 0.04000000000000004900, -0.02499999999999883200 ) ) ;
#3165 = PLANE ( 'NONE',  #3001 ) ;
#3166 = VECTOR ( 'NONE', #1107, 1000.000000000000000 ) ;
#3167 = EDGE_CURVE ( 'NONE', #4258, #490, #3495, .T. ) ;
#3168 = DIRECTION ( 'NONE',  ( -1.000000000000000000, -0.0000000000000000000, -0.0000000000000000000 ) ) ;
#3169 = CARTESIAN_POINT ( 'NONE',  ( 0.4500000000000001800, 0.5500000000000000400, 0.1999999999999999300 ) ) ;
#3170 = ORIENTED_EDGE ( 'NONE', *, *, #2544, .T. ) ;
#3171 = DIRECTION ( 'NONE',  ( -1.000000000000000000, 0.0000000000000000000, 0.0000000000000000000 ) ) ;
#3172 = VERTEX_POINT ( 'NONE', #1823 ) ;
#3173 = ORIENTED_EDGE ( 'NONE', *, *, #694, .F. ) ;
#3174 = CARTESIAN_POINT ( 'NONE',  ( -0.6250000000000015500, 0.0000000000000000000, -0.6000000000000003100 ) ) ;
#3175 = ORIENTED_EDGE ( 'NONE', *, *, #2969, .T. ) ;
#3176 = VERTEX_POINT ( 'NONE', #3153 ) ;
#3177 = DIRECTION ( 'NONE',  ( 1.807003620809173900E-016, -0.0000000000000000000, -1.000000000000000000 ) ) ;
#3178 = ORIENTED_EDGE ( 'NONE', *, *, #3402, .F. ) ;
#3179 = EDGE_LOOP ( 'NONE', ( #2537, #3283, #3582, #2570 ) ) ;
#3180 = AXIS2_PLACEMENT_3D ( 'NONE', #3821, #194, #2159 ) ;
#3181 = DIRECTION ( 'NONE',  ( 1.000000000000000000, 0.0000000000000000000, -2.168404344971008100E-015 ) ) ;
#3182 = ORIENTED_EDGE ( 'NONE', *, *, #3810, .T. ) ;
#3183 = CARTESIAN_POINT ( 'NONE',  ( -0.7099999999999933000, 0.04000000000000004900, -1.600000000000000300 ) ) ;
#3184 = ADVANCED_FACE ( 'NONE', ( #3541 ), #1811, .F. ) ;
#3185 = ORIENTED_EDGE ( 'NONE', *, *, #3431, .T. ) ;
#3186 = DIRECTION ( 'NONE',  ( 1.000000000000000000, 0.0000000000000000000, 0.0000000000000000000 ) ) ;
#3187 = FACE_OUTER_BOUND ( 'NONE', #222, .T. ) ;
#3188 = ORIENTED_EDGE ( 'NONE', *, *, #1984, .F. ) ;
#3189 = EDGE_CURVE ( 'NONE', #2079, #1420, #2447, .T. ) ;
#3190 = CARTESIAN_POINT ( 'NONE',  ( -0.7099999999999849800, 0.5100000000000000100, 0.1999999999999996500 ) ) ;
#3191 =( GEOMETRIC_REPRESENTATION_CONTEXT ( 3 ) GLOBAL_UNCERTAINTY_ASSIGNED_CONTEXT ( ( #3141 ) ) GLOBAL_UNIT_ASSIGNED_CONTEXT ( ( #2366, #2702, #738 ) ) REPRESENTATION_CONTEXT ( 'NONE', 'WORKASPACE' ) );
#3192 = EDGE_LOOP ( 'NONE', ( #445, #2277, #950, #4088 ) ) ;
#3193 = VECTOR ( 'NONE', #1987, 1000.000000000000000 ) ;
#3194 = EDGE_CURVE ( 'NONE', #3326, #4179, #2657, .T. ) ;
#3195 = ORIENTED_EDGE ( 'NONE', *, *, #970, .F. ) ;
#3196 = FACE_OUTER_BOUND ( 'NONE', #1606, .T. ) ;
#3197 = DIRECTION ( 'NONE',  ( -1.000000000000000000, 0.0000000000000000000, 0.0000000000000000000 ) ) ;
#3198 = ORIENTED_EDGE ( 'NONE', *, *, #3723, .F. ) ;
#3199 = AXIS2_PLACEMENT_3D ( 'NONE', #2330, #36, #1342 ) ;
#3200 = EDGE_CURVE ( 'NONE', #3996, #3826, #1583, .T. ) ;
#3201 = LINE ( 'NONE', #1473, #3613 ) ;
#3202 = ORIENTED_EDGE ( 'NONE', *, *, #2080, .F. ) ;
#3203 = PLANE ( 'NONE',  #77 ) ;
#3204 = CARTESIAN_POINT ( 'NONE',  ( -0.4500000000000001800, 0.5300000000000000300, -1.600000000000000300 ) ) ;
#3205 = CARTESIAN_POINT ( 'NONE',  ( -0.7099999999999933000, 0.04000000000000004900, 1.599999999999998500 ) ) ;
#3206 = ORIENTED_EDGE ( 'NONE', *, *, #3766, .F. ) ;
#3207 = LINE ( 'NONE', #737, #2467 ) ;
#3208 = ORIENTED_EDGE ( 'NONE', *, *, #255, .F. ) ;
#3209 = CARTESIAN_POINT ( 'NONE',  ( -0.7500000000000000000, 0.5500000000000000400, -0.2000000000000000400 ) ) ;
#3210 = VECTOR ( 'NONE', #212, 1000.000000000000000 ) ;
#3211 = DIRECTION ( 'NONE',  ( -0.0000000000000000000, -1.000000000000000000, -0.0000000000000000000 ) ) ;
#3212 = CARTESIAN_POINT ( 'NONE',  ( 0.4500000000000001800, 0.5100000000000000100, -1.399999999999999200 ) ) ;
#3213 = LINE ( 'NONE', #3780, #2955 ) ;
#3214 = CARTESIAN_POINT ( 'NONE',  ( 0.4499999999999837500, 0.04000000000000004900, 0.7750000000000008000 ) ) ;
#3215 = EDGE_CURVE ( 'NONE', #297, #3334, #616, .T. ) ;
#3216 = LINE ( 'NONE', #1386, #2276 ) ;
#3217 = MANIFOLD_SOLID_BREP ( 'Substrate 2', #2459 ) ;
#3218 = DIRECTION ( 'NONE',  ( -0.0000000000000000000, -1.000000000000000000, -0.0000000000000000000 ) ) ;
#3219 = DIRECTION ( 'NONE',  ( 0.0000000000000000000, 1.000000000000000000, 0.0000000000000000000 ) ) ;
#3220 = ORIENTED_EDGE ( 'NONE', *, *, #3273, .F. ) ;
#3221 = EDGE_CURVE ( 'NONE', #2576, #801, #1372, .T. ) ;
#3222 = DIRECTION ( 'NONE',  ( -0.0000000000000000000, 1.000000000000000000, 0.0000000000000000000 ) ) ;
#3223 = DIRECTION ( 'NONE',  ( 1.000000000000000000, 0.0000000000000000000, -0.0000000000000000000 ) ) ;
#3224 = CARTESIAN_POINT ( 'NONE',  ( 0.4500000000000001800, 0.5500000000000000400, -0.9999999999999991100 ) ) ;
#3225 = CARTESIAN_POINT ( 'NONE',  ( -0.4300000000000001600, 0.5500000000000000400, -1.600000000000000300 ) ) ;
#3226 = ORIENTED_EDGE ( 'NONE', *, *, #4204, .T. ) ;
#3227 = VECTOR ( 'NONE', #3909, 1000.000000000000000 ) ;
#3228 = ORIENTED_EDGE ( 'NONE', *, *, #3221, .T. ) ;
#3229 = ADVANCED_FACE ( 'NONE', ( #3187 ), #1487, .F. ) ;
#3230 = CARTESIAN_POINT ( 'NONE',  ( 0.6500000000000001300, 0.5500000000000000400, -1.599999999999999000 ) ) ;
#3231 = DIRECTION ( 'NONE',  ( 2.710505431213761100E-016, 0.0000000000000000000, 1.000000000000000000 ) ) ;
#3232 = ORIENTED_EDGE ( 'NONE', *, *, #1883, .F. ) ;
#3233 = VERTEX_POINT ( 'NONE', #165 ) ;
#3234 = LINE ( 'NONE', #861, #2286 ) ;
#3235 = DIRECTION ( 'NONE',  ( -0.0000000000000000000, 1.000000000000000000, -0.0000000000000000000 ) ) ;
#3236 = AXIS2_PLACEMENT_3D ( 'NONE', #513, #1437, #4101 ) ;
#3237 = ORIENTED_EDGE ( 'NONE', *, *, #3867, .T. ) ;
#3238 = DIRECTION ( 'NONE',  ( 1.000000000000000000, 0.0000000000000000000, -2.168404344971008100E-015 ) ) ;
#3239 = LINE ( 'NONE', #646, #2716 ) ;
#3240 = CARTESIAN_POINT ( 'NONE',  ( -0.4500000000000002300, 0.04000000000000004900, -1.600000000000000300 ) ) ;
#3241 = CARTESIAN_POINT ( 'NONE',  ( -0.7099999999999849800, 0.04000000000000004900, 0.1999999999999996500 ) ) ;
#3242 = CARTESIAN_POINT ( 'NONE',  ( 0.6250000000000013300, 0.04000000000000004900, -0.6000000000000005300 ) ) ;
#3243 = VERTEX_POINT ( 'NONE', #1472 ) ;
#3244 = VECTOR ( 'NONE', #4016, 1000.000000000000000 ) ;
#3245 = EDGE_CURVE ( 'NONE', #1, #4253, #1421, .T. ) ;
#3246 = CARTESIAN_POINT ( 'NONE',  ( 0.7100000000000001900, 0.04000000000000004900, -1.600000000000000300 ) ) ;
#3247 = LINE ( 'NONE', #3252, #919 ) ;
#3248 = ORIENTED_EDGE ( 'NONE', *, *, #487, .T. ) ;
#3249 = VECTOR ( 'NONE', #3739, 1000.000000000000000 ) ;
#3250 = EDGE_CURVE ( 'NONE', #3914, #2010, #3076, .T. ) ;
#3251 = DIRECTION ( 'NONE',  ( -0.0000000000000000000, -1.000000000000000000, -0.0000000000000000000 ) ) ;
#3252 = CARTESIAN_POINT ( 'NONE',  ( -0.6500000000000001300, 0.5100000000000000100, 1.599999999999999900 ) ) ;
#3253 = ORIENTED_EDGE ( 'NONE', *, *, #3267, .F. ) ;
#3254 = VERTEX_POINT ( 'NONE', #2851 ) ;
#3255 = VECTOR ( 'NONE', #307, 1000.000000000000000 ) ;
#3256 = DIRECTION ( 'NONE',  ( -0.0000000000000000000, -1.000000000000000000, -0.0000000000000000000 ) ) ;
#3257 = ORIENTED_EDGE ( 'NONE', *, *, #1550, .F. ) ;
#3258 = AXIS2_PLACEMENT_3D ( 'NONE', #835, #1160, #483 ) ;
#3259 = LINE ( 'NONE', #3053, #3673 ) ;
#3260 = CARTESIAN_POINT ( 'NONE',  ( 0.7100000000000001900, 0.04000000000000004900, -1.600000000000000300 ) ) ;
#3261 = ORIENTED_EDGE ( 'NONE', *, *, #3339, .T. ) ;
#3262 = CARTESIAN_POINT ( 'NONE',  ( -0.7099999999999849800, 0.0000000000000000000, -0.2000000000000000400 ) ) ;
#3263 = FACE_OUTER_BOUND ( 'NONE', #3535, .T. ) ;
#3264 = AXIS2_PLACEMENT_3D ( 'NONE', #4007, #670, #1695 ) ;
#3265 = COLOUR_RGB ( '',0.7921568627450980000, 0.8196078431372548800, 0.9333333333333333500 ) ;
#3266 = CARTESIAN_POINT ( 'NONE',  ( 0.7100000000000001900, 0.04000000000000004900, -1.600000000000000300 ) ) ;
#3267 = EDGE_CURVE ( 'NONE', #15, #3891, #3020, .T. ) ;
#3268 = VECTOR ( 'NONE', #2756, 1000.000000000000000 ) ;
#3269 = DIRECTION ( 'NONE',  ( 1.000000000000000000, 0.0000000000000000000, -0.0000000000000000000 ) ) ;
#3270 = LINE ( 'NONE', #3599, #2861 ) ;
#3271 = CARTESIAN_POINT ( 'NONE',  ( -0.7500000000000000000, 0.5500000000000000400, -0.2000000000000000400 ) ) ;
#3272 = UNCERTAINTY_MEASURE_WITH_UNIT (LENGTH_MEASURE( 1.000000000000000100E-005 ), #4053, 'distance_accuracy_value', 'NONE');
#3273 = EDGE_CURVE ( 'NONE', #2816, #1343, #2139, .T. ) ;
#3274 = FACE_OUTER_BOUND ( 'NONE', #18, .T. ) ;
#3275 = ORIENTED_EDGE ( 'NONE', *, *, #4182, .T. ) ;
#3276 = PLANE ( 'NONE',  #4181 ) ;
#3277 = ORIENTED_EDGE ( 'NONE', *, *, #380, .F. ) ;
#3278 = CARTESIAN_POINT ( 'NONE',  ( 0.4500000000000001800, 0.5100000000000000100, 1.399999999999999200 ) ) ;
#3279 =( GEOMETRIC_REPRESENTATION_CONTEXT ( 3 ) GLOBAL_UNCERTAINTY_ASSIGNED_CONTEXT ( ( #217 ) ) GLOBAL_UNIT_ASSIGNED_CONTEXT ( ( #3987, #1621, #1305 ) ) REPRESENTATION_CONTEXT ( 'NONE', 'WORKASPACE' ) );
#3280 = PLANE ( 'NONE',  #2902 ) ;
#3281 = EDGE_CURVE ( 'NONE', #3048, #570, #315, .T. ) ;
#3282 = EDGE_LOOP ( 'NONE', ( #4005, #853, #2387, #3669 ) ) ;
#3283 = ORIENTED_EDGE ( 'NONE', *, *, #457, .F. ) ;
#3284 = DIRECTION ( 'NONE',  ( 1.000000000000000000, 0.0000000000000000000, 0.0000000000000000000 ) ) ;
#3285 = LINE ( 'NONE', #3790, #3802 ) ;
#3286 = VERTEX_POINT ( 'NONE', #4178 ) ;
#3287 = DIRECTION ( 'NONE',  ( 0.0000000000000000000, 1.000000000000000000, 0.0000000000000000000 ) ) ;
#3288 = VECTOR ( 'NONE', #1227, 1000.000000000000000 ) ;
#3289 = CARTESIAN_POINT ( 'NONE',  ( -0.7099999999999933000, 0.5100000000000000100, 1.599999999999998500 ) ) ;
#3290 = DIRECTION ( 'NONE',  ( 0.0000000000000000000, 0.0000000000000000000, 1.000000000000000000 ) ) ;
#3291 = CARTESIAN_POINT ( 'NONE',  ( -0.6249999999999835700, 0.0000000000000000000, 0.8249999999999995100 ) ) ;
#3292 = FACE_OUTER_BOUND ( 'NONE', #957, .T. ) ;
#3293 = DIRECTION ( 'NONE',  ( -0.0000000000000000000, 1.000000000000000000, 0.0000000000000000000 ) ) ;
#3294 = ADVANCED_FACE ( 'NONE', ( #1637 ), #555, .F. ) ;
#3295 = ORIENTED_EDGE ( 'NONE', *, *, #2883, .T. ) ;
#3296 = DIRECTION ( 'NONE',  ( -0.0000000000000000000, -1.000000000000000000, -0.0000000000000000000 ) ) ;
#3297 = SHAPE_DEFINITION_REPRESENTATION ( #3122, #3724 ) ;
#3298 = LINE ( 'NONE', #2714, #1646 ) ;
#3299 = EDGE_CURVE ( 'NONE', #2502, #3119, #2193, .T. ) ;
#3300 = VERTEX_POINT ( 'NONE', #2202 ) ;
#3301 = PLANE ( 'NONE',  #3941 ) ;
#3302 = DIRECTION ( 'NONE',  ( 0.0000000000000000000, 0.0000000000000000000, 1.000000000000000000 ) ) ;
#3303 = DIRECTION ( 'NONE',  ( -0.0000000000000000000, -1.000000000000000000, -0.0000000000000000000 ) ) ;
#3304 = SURFACE_STYLE_FILL_AREA ( #3469 ) ;
#3305 = ORIENTED_EDGE ( 'NONE', *, *, #3057, .T. ) ;
#3306 = EDGE_CURVE ( 'NONE', #148, #3652, #1837, .T. ) ;
#3307 = SURFACE_STYLE_USAGE ( .BOTH. , #1283 ) ;
#3308 = ORIENTED_EDGE ( 'NONE', *, *, #818, .F. ) ;
#3309 = EDGE_LOOP ( 'NONE', ( #1570, #1586, #972, #125 ) ) ;
#3310 = VECTOR ( 'NONE', #2748, 1000.000000000000000 ) ;
#3311 = CARTESIAN_POINT ( 'NONE',  ( 0.4500000000000001800, 0.5500000000000000400, 1.399999999999999200 ) ) ;
#3312 = VECTOR ( 'NONE', #2581, 1000.000000000000000 ) ;
#3313 = CARTESIAN_POINT ( 'NONE',  ( -0.7500000000000001100, 0.0000000000000000000, 0.6000000000000000900 ) ) ;
#3314 =( GEOMETRIC_REPRESENTATION_CONTEXT ( 3 ) GLOBAL_UNCERTAINTY_ASSIGNED_CONTEXT ( ( #3924 ) ) GLOBAL_UNIT_ASSIGNED_CONTEXT ( ( #495, #2062, #482 ) ) REPRESENTATION_CONTEXT ( 'NONE', 'WORKASPACE' ) );
#3315 = VERTEX_POINT ( 'NONE', #1889 ) ;
#3316 = ORIENTED_EDGE ( 'NONE', *, *, #3719, .F. ) ;
#3317 = CARTESIAN_POINT ( 'NONE',  ( -0.7500000000000001100, 0.0000000000000000000, 1.000000000000000000 ) ) ;
#3318 = ADVANCED_FACE ( 'NONE', ( #3701 ), #1516, .T. ) ;
#3319 = LINE ( 'NONE', #2092, #2636 ) ;
#3320 = ORIENTED_EDGE ( 'NONE', *, *, #872, .F. ) ;
#3321 = LINE ( 'NONE', #1256, #1348 ) ;
#3322 = CARTESIAN_POINT ( 'NONE',  ( -0.4500000000000001800, 0.04000000000000004900, -0.8249999999999988500 ) ) ;
#3323 = LINE ( 'NONE', #3224, #1716 ) ;
#3324 = EDGE_CURVE ( 'NONE', #1602, #3081, #3921, .T. ) ;
#3325 = VERTEX_POINT ( 'NONE', #4210 ) ;
#3326 = VERTEX_POINT ( 'NONE', #3510 ) ;
#3327 = PLANE ( 'NONE',  #2583 ) ;
#3328 = CARTESIAN_POINT ( 'NONE',  ( 0.7100000000000001900, 0.04000000000000004900, -1.600000000000000300 ) ) ;
#3329 = DIRECTION ( 'NONE',  ( -0.0000000000000000000, 1.000000000000000000, -0.0000000000000000000 ) ) ;
#3330 = LINE ( 'NONE', #884, #1364 ) ;
#3331 = VERTEX_POINT ( 'NONE', #3551 ) ;
#3332 = EDGE_CURVE ( 'NONE', #25, #1180, #103, .T. ) ;
#3333 = CARTESIAN_POINT ( 'NONE',  ( -0.4499999999999918500, 0.04000000000000004900, -1.600000000000000300 ) ) ;
#3334 = VERTEX_POINT ( 'NONE', #264 ) ;
#3335 = ORIENTED_EDGE ( 'NONE', *, *, #1712, .T. ) ;
#3336 = ADVANCED_FACE ( 'NONE', ( #1269 ), #584, .T. ) ;
#3337 = LINE ( 'NONE', #793, #3918 ) ;
#3338 = AXIS2_PLACEMENT_3D ( 'NONE', #1522, #4157, #2482 ) ;
#3339 = EDGE_CURVE ( 'NONE', #553, #3409, #2393, .T. ) ;
#3340 = VECTOR ( 'NONE', #2462, 1000.000000000000000 ) ;
#3341 = CARTESIAN_POINT ( 'NONE',  ( 0.7100000000000001900, 0.5100000000000000100, 1.599999999999998500 ) ) ;
#3342 = DIRECTION ( 'NONE',  ( -0.0000000000000000000, 1.000000000000000000, 0.0000000000000000000 ) ) ;
#3343 = VERTEX_POINT ( 'NONE', #568 ) ;
#3344 = LINE ( 'NONE', #3586, #2198 ) ;
#3345 = LINE ( 'NONE', #3655, #1018 ) ;
#3346 = DIRECTION ( 'NONE',  ( 0.0000000000000000000, -0.0000000000000000000, -1.000000000000000000 ) ) ;
#3347 = ORIENTED_EDGE ( 'NONE', *, *, #35, .F. ) ;
#3348 = EDGE_CURVE ( 'NONE', #3853, #3151, #1733, .T. ) ;
#3349 = ORIENTED_EDGE ( 'NONE', *, *, #112, .F. ) ;
#3350 = CIRCLE ( 'NONE', #2108, 0.1750000000000001300 ) ;
#3351 = ORIENTED_EDGE ( 'NONE', *, *, #3493, .T. ) ;
#3352 = ORIENTED_EDGE ( 'NONE', *, *, #2632, .F. ) ;
#3353 = LINE ( 'NONE', #3633, #1390 ) ;
#3354 = EDGE_CURVE ( 'NONE', #2903, #2395, #3866, .T. ) ;
#3355 = ADVANCED_FACE ( 'NONE', ( #2713 ), #3280, .F. ) ;
#3356 = ORIENTED_EDGE ( 'NONE', *, *, #943, .F. ) ;
#3357 = SURFACE_SIDE_STYLE ('',( #627 ) ) ;
#3358 = ORIENTED_EDGE ( 'NONE', *, *, #609, .T. ) ;
#3359 = AXIS2_PLACEMENT_3D ( 'NONE', #3952, #1988, #41 ) ;
#3360 = DIRECTION ( 'NONE',  ( -0.0000000000000000000, 1.000000000000000000, -0.0000000000000000000 ) ) ;
#3361 = EDGE_CURVE ( 'NONE', #417, #1880, #7, .T. ) ;
#3362 = ORIENTED_EDGE ( 'NONE', *, *, #3221, .F. ) ;
#3363 = VECTOR ( 'NONE', #1573, 1000.000000000000000 ) ;
#3364 = AXIS2_PLACEMENT_3D ( 'NONE', #1187, #1836, #3452 ) ;
#3365 = CARTESIAN_POINT ( 'NONE',  ( 0.7100000000000001900, 0.5100000000000000100, -0.9999999999999991100 ) ) ;
#3366 = LINE ( 'NONE', #2110, #2957 ) ;
#3367 = CARTESIAN_POINT ( 'NONE',  ( 0.0000000000000000000, 0.0000000000000000000, 0.0000000000000000000 ) ) ;
#3368 =( GEOMETRIC_REPRESENTATION_CONTEXT ( 3 ) GLOBAL_UNCERTAINTY_ASSIGNED_CONTEXT ( ( #3272 ) ) GLOBAL_UNIT_ASSIGNED_CONTEXT ( ( #4053, #2352, #58 ) ) REPRESENTATION_CONTEXT ( 'NONE', 'WORKASPACE' ) );
#3369 = CIRCLE ( 'NONE', #9, 0.1750000000000000200 ) ;
#3370 = PLANE ( 'NONE',  #3578 ) ;
#3371 = PLANE ( 'NONE',  #1980 ) ;
#3372 = ADVANCED_FACE ( 'NONE', ( #1057 ), #1610, .F. ) ;
#3373 = LINE ( 'NONE', #2813, #949 ) ;
#3374 = ORIENTED_EDGE ( 'NONE', *, *, #2689, .T. ) ;
#3375 = ORIENTED_EDGE ( 'NONE', *, *, #581, .T. ) ;
#3376 = VERTEX_POINT ( 'NONE', #2256 ) ;
#3377 = EDGE_CURVE ( 'NONE', #1560, #1228, #2974, .T. ) ;
#3378 = PLANE ( 'NONE',  #805 ) ;
#3379 = ORIENTED_EDGE ( 'NONE', *, *, #1193, .T. ) ;
#3380 = ORIENTED_EDGE ( 'NONE', *, *, #276, .F. ) ;
#3381 = CARTESIAN_POINT ( 'NONE',  ( -0.3500000000000001400, 0.03999999999999999400, -1.599999999999999900 ) ) ;
#3382 = LINE ( 'NONE', #3333, #2496 ) ;
#3383 = APPLICATION_PROTOCOL_DEFINITION ( 'draft international standard', 'automotive_design', 1998, #75 ) ;
#3384 = EDGE_CURVE ( 'NONE', #501, #1180, #3491, .T. ) ;
#3385 = ORIENTED_EDGE ( 'NONE', *, *, #3772, .T. ) ;
#3386 = DIRECTION ( 'NONE',  ( 0.0000000000000000000, 1.000000000000000000, -0.0000000000000000000 ) ) ;
#3387 = ORIENTED_EDGE ( 'NONE', *, *, #1504, .F. ) ;
#3388 = DIRECTION ( 'NONE',  ( 0.0000000000000000000, 0.0000000000000000000, 1.000000000000000000 ) ) ;
#3389 = LINE ( 'NONE', #1719, #2294 ) ;
#3390 = AXIS2_PLACEMENT_3D ( 'NONE', #1071, #3663, #4024 ) ;
#3391 = DIRECTION ( 'NONE',  ( 0.0000000000000000000, 0.0000000000000000000, -1.000000000000000000 ) ) ;
#3392 = FILL_AREA_STYLE ('',( #1081 ) ) ;
#3393 = VECTOR ( 'NONE', #922, 1000.000000000000000 ) ;
#3394 = ORIENTED_EDGE ( 'NONE', *, *, #400, .T. ) ;
#3395 = CARTESIAN_POINT ( 'NONE',  ( 0.7100000000000001900, 0.5100000000000000100, -1.600000000000000300 ) ) ;
#3396 = ADVANCED_FACE ( 'NONE', ( #1526 ), #2270, .F. ) ;
#3397 = VECTOR ( 'NONE', #2098, 1000.000000000000000 ) ;
#3398 = DIRECTION ( 'NONE',  ( -1.000000000000000000, 0.0000000000000000000, -0.0000000000000000000 ) ) ;
#3399 = ORIENTED_EDGE ( 'NONE', *, *, #4006, .T. ) ;
#3400 = VECTOR ( 'NONE', #887, 1000.000000000000000 ) ;
#3401 = CARTESIAN_POINT ( 'NONE',  ( -0.4300000000000001600, 0.5500000000000000400, -1.600000000000000300 ) ) ;
#3402 = EDGE_CURVE ( 'NONE', #199, #104, #3649, .T. ) ;
#3403 = ORIENTED_EDGE ( 'NONE', *, *, #346, .F. ) ;
#3404 = VECTOR ( 'NONE', #1234, 1000.000000000000000 ) ;
#3405 = EDGE_LOOP ( 'NONE', ( #2255, #2022, #3531, #840, #3517, #1322, #3069, #3558 ) ) ;
#3406 = EDGE_CURVE ( 'NONE', #2674, #3423, #254, .T. ) ;
#3407 = CIRCLE ( 'NONE', #3359, 0.1750000000000000200 ) ;
#3408 = SURFACE_SIDE_STYLE ('',( #1335 ) ) ;
#3409 = VERTEX_POINT ( 'NONE', #2357 ) ;
#3410 = VERTEX_POINT ( 'NONE', #1591 ) ;
#3411 = LINE ( 'NONE', #1451, #286 ) ;
#3412 = PLANE ( 'NONE',  #3236 ) ;
#3413 = AXIS2_PLACEMENT_3D ( 'NONE', #1788, #3386, #3414 ) ;
#3414 = DIRECTION ( 'NONE',  ( 0.0000000000000000000, 0.0000000000000000000, -1.000000000000000000 ) ) ;
#3415 = EDGE_CURVE ( 'NONE', #3504, #2903, #404, .T. ) ;
#3416 = ADVANCED_FACE ( 'NONE', ( #2876 ), #3378, .F. ) ;
#3417 = VECTOR ( 'NONE', #3218, 1000.000000000000000 ) ;
#3418 = AXIS2_PLACEMENT_3D ( 'NONE', #2100, #819, #150 ) ;
#3419 = CARTESIAN_POINT ( 'NONE',  ( 0.7500000000000002200, 0.5500000000000000400, 1.599999999999999200 ) ) ;
#3420 = VECTOR ( 'NONE', #641, 1000.000000000000000 ) ;
#3421 = ORIENTED_EDGE ( 'NONE', *, *, #2515, .F. ) ;
#3422 = PLANE ( 'NONE',  #1091 ) ;
#3423 = VERTEX_POINT ( 'NONE', #3612 ) ;
#3424 = ORIENTED_EDGE ( 'NONE', *, *, #4182, .F. ) ;
#3425 = DIRECTION ( 'NONE',  ( -0.0000000000000000000, -1.000000000000000000, -0.0000000000000000000 ) ) ;
#3426 = CARTESIAN_POINT ( 'NONE',  ( 0.6249999999999932300, 0.04000000000000004900, -0.2000000000000002600 ) ) ;
#3427 = ORIENTED_EDGE ( 'NONE', *, *, #4045, .F. ) ;
#3428 = LINE ( 'NONE', #1103, #245 ) ;
#3429 = EDGE_LOOP ( 'NONE', ( #181, #451, #1478, #2894 ) ) ;
#3430 = EDGE_LOOP ( 'NONE', ( #753, #3564, #2180, #2001 ) ) ;
#3431 = EDGE_CURVE ( 'NONE', #2673, #136, #2767, .T. ) ;
#3432 = CARTESIAN_POINT ( 'NONE',  ( -0.4500000000000002300, 0.5100000000000000100, 0.6000000000000003100 ) ) ;
#3433 = ORIENTED_EDGE ( 'NONE', *, *, #1189, .T. ) ;
#3434 = VECTOR ( 'NONE', #3974, 1000.000000000000000 ) ;
#3435 = DIRECTION ( 'NONE',  ( 0.0000000000000000000, 0.0000000000000000000, 1.000000000000000000 ) ) ;
#3436 = PLANE ( 'NONE',  #1430 ) ;
#3437 = VECTOR ( 'NONE', #2363, 1000.000000000000000 ) ;
#3438 = EDGE_CURVE ( 'NONE', #3911, #2626, #2240, .T. ) ;
#3439 = PLANE ( 'NONE',  #1898 ) ;
#3440 = ORIENTED_EDGE ( 'NONE', *, *, #3927, .T. ) ;
#3441 = LINE ( 'NONE', #341, #4243 ) ;
#3442 = CARTESIAN_POINT ( 'NONE',  ( 0.4500000000000001800, 0.5500000000000000400, -1.399999999999999200 ) ) ;
#3443 = DIRECTION ( 'NONE',  ( 1.000000000000000000, 0.0000000000000000000, 2.168404344971008100E-015 ) ) ;
#3444 = AXIS2_PLACEMENT_3D ( 'NONE', #2463, #3156, #2192 ) ;
#3445 = LINE ( 'NONE', #523, #1589 ) ;
#3446 = CARTESIAN_POINT ( 'NONE',  ( 0.4500000000000001800, 0.5500000000000000400, 0.9999999999999991100 ) ) ;
#3447 = ORIENTED_EDGE ( 'NONE', *, *, #4143, .F. ) ;
#3448 = LINE ( 'NONE', #2145, #163 ) ;
#3449 = DIRECTION ( 'NONE',  ( 0.0000000000000000000, -1.000000000000000000, 0.0000000000000000000 ) ) ;
#3450 = AXIS2_PLACEMENT_3D ( 'NONE', #4237, #565, #1575 ) ;
#3451 = ORIENTED_EDGE ( 'NONE', *, *, #2344, .F. ) ;
#3452 = DIRECTION ( 'NONE',  ( 1.000000000000000000, 0.0000000000000000000, -6.377659838150644000E-016 ) ) ;
#3453 = VERTEX_POINT ( 'NONE', #433 ) ;
#3454 = ORIENTED_EDGE ( 'NONE', *, *, #2238, .F. ) ;
#3455 = FACE_OUTER_BOUND ( 'NONE', #447, .T. ) ;
#3456 = MANIFOLD_SOLID_BREP ( 'Substrate 1', #2216 ) ;
#3457 = CARTESIAN_POINT ( 'NONE',  ( 0.4500000000000001800, 0.5100000000000000100, 0.1999999999999999300 ) ) ;
#3458 = CARTESIAN_POINT ( 'NONE',  ( -0.4500000000000001800, 0.5100000000000000100, -1.000000000000000000 ) ) ;
#3459 = CARTESIAN_POINT ( 'NONE',  ( 0.7500000000000001100, 0.5500000000000000400, -0.5999999999999996400 ) ) ;
#3460 = ADVANCED_FACE ( 'NONE', ( #2711 ), #4280, .F. ) ;
#3461 = EDGE_CURVE ( 'NONE', #2265, #388, #4124, .T. ) ;
#3462 = ORIENTED_EDGE ( 'NONE', *, *, #4116, .T. ) ;
#3463 = CARTESIAN_POINT ( 'NONE',  ( -0.7099999999999933000, 0.5500000000000000400, -0.6000000000000000900 ) ) ;
#3464 = FACE_OUTER_BOUND ( 'NONE', #3792, .T. ) ;
#3465 = DIRECTION ( 'NONE',  ( 2.710505431213761100E-016, 0.0000000000000000000, 1.000000000000000000 ) ) ;
#3466 = ORIENTED_EDGE ( 'NONE', *, *, #2042, .F. ) ;
#3467 = EDGE_CURVE ( 'NONE', #3805, #3343, #3382, .T. ) ;
#3468 = CARTESIAN_POINT ( 'NONE',  ( 0.7100000000000001900, 0.5500000000000000400, -0.9999999999999991100 ) ) ;
#3469 = FILL_AREA_STYLE ('',( #3840 ) ) ;
#3470 = DIRECTION ( 'NONE',  ( -0.0000000000000000000, 1.000000000000000000, -0.0000000000000000000 ) ) ;
#3471 = CARTESIAN_POINT ( 'NONE',  ( -0.7500000000000000000, 0.5100000000000000100, -0.2000000000000000400 ) ) ;
#3472 = FACE_OUTER_BOUND ( 'NONE', #333, .T. ) ;
#3473 = DIRECTION ( 'NONE',  ( -1.000000000000000000, 0.0000000000000000000, 0.0000000000000000000 ) ) ;
#3474 = CARTESIAN_POINT ( 'NONE',  ( 0.7500000000000000000, 0.0000000000000000000, -0.1999999999999999300 ) ) ;
#3475 = FACE_OUTER_BOUND ( 'NONE', #1460, .T. ) ;
#3476 = DIRECTION ( 'NONE',  ( 0.0000000000000000000, 0.0000000000000000000, 1.000000000000000000 ) ) ;
#3477 =( GEOMETRIC_REPRESENTATION_CONTEXT ( 3 ) GLOBAL_UNCERTAINTY_ASSIGNED_CONTEXT ( ( #842 ) ) GLOBAL_UNIT_ASSIGNED_CONTEXT ( ( #99, #1434, #3733 ) ) REPRESENTATION_CONTEXT ( 'NONE', 'WORKASPACE' ) );
#3478 = CARTESIAN_POINT ( 'NONE',  ( 0.6500000000000001300, 0.5500000000000000400, -1.599999999999999000 ) ) ;
#3479 = FACE_OUTER_BOUND ( 'NONE', #4048, .T. ) ;
#3480 = ORIENTED_EDGE ( 'NONE', *, *, #2233, .F. ) ;
#3481 = ORIENTED_EDGE ( 'NONE', *, *, #1116, .F. ) ;
#3482 =( NAMED_UNIT ( * ) SI_UNIT ( $, .STERADIAN. ) SOLID_ANGLE_UNIT ( ) );
#3483 = ADVANCED_FACE ( 'NONE', ( #2548 ), #3957, .F. ) ;
#3484 = DIRECTION ( 'NONE',  ( 0.0000000000000000000, -1.000000000000000000, 0.0000000000000000000 ) ) ;
#3485 = VERTEX_POINT ( 'NONE', #1367 ) ;
#3486 = EDGE_LOOP ( 'NONE', ( #2237, #2677, #4123, #402 ) ) ;
#3487 = LINE ( 'NONE', #3114, #3130 ) ;
#3488 = EDGE_CURVE ( 'NONE', #2307, #98, #1936, .T. ) ;
#3489 = DIRECTION ( 'NONE',  ( 0.0000000000000000000, 1.000000000000000000, 0.0000000000000000000 ) ) ;
#3490 = DIRECTION ( 'NONE',  ( 0.0000000000000000000, -0.0000000000000000000, 1.000000000000000000 ) ) ;
#3491 = LINE ( 'NONE', #1306, #1983 ) ;
#3492 = ORIENTED_EDGE ( 'NONE', *, *, #792, .F. ) ;
#3493 = EDGE_CURVE ( 'NONE', #4253, #409, #3973, .T. ) ;
#3494 = DIRECTION ( 'NONE',  ( 0.0000000000000000000, -0.0000000000000000000, -1.000000000000000000 ) ) ;
#3495 = LINE ( 'NONE', #2820, #1640 ) ;
#3496 = DIRECTION ( 'NONE',  ( 1.000000000000000000, 0.0000000000000000000, 0.0000000000000000000 ) ) ;
#3497 = DIRECTION ( 'NONE',  ( -0.7071067811865474600, -0.7071067811865474600, -0.0000000000000000000 ) ) ;
#3498 = VECTOR ( 'NONE', #621, 1000.000000000000000 ) ;
#3499 = AXIS2_PLACEMENT_3D ( 'NONE', #1662, #2619, #2295 ) ;
#3500 = EDGE_CURVE ( 'NONE', #409, #3485, #4234, .T. ) ;
#3501 = DIRECTION ( 'NONE',  ( 0.0000000000000000000, -1.000000000000000000, 0.0000000000000000000 ) ) ;
#3502 = FACE_OUTER_BOUND ( 'NONE', #2793, .T. ) ;
#3503 = CARTESIAN_POINT ( 'NONE',  ( -0.6500000000000001300, 0.5500000000000000400, -1.400000000000000100 ) ) ;
#3504 = VERTEX_POINT ( 'NONE', #2422 ) ;
#3505 = ORIENTED_EDGE ( 'NONE', *, *, #2611, .F. ) ;
#3506 = COLOUR_RGB ( '',0.7921568627450980000, 0.8196078431372548800, 0.9333333333333333500 ) ;
#3507 = CARTESIAN_POINT ( 'NONE',  ( 0.0000000000000000000, 0.0000000000000000000, 0.0000000000000000000 ) ) ;
#3508 = ORIENTED_EDGE ( 'NONE', *, *, #1061, .T. ) ;
#3509 = VERTEX_POINT ( 'NONE', #488 ) ;
#3510 = CARTESIAN_POINT ( 'NONE',  ( -0.3500000000000004800, 0.0000000000000000000, 0.9999999999999995600 ) ) ;
#3511 = LINE ( 'NONE', #2897, #3563 ) ;
#3512 =( LENGTH_UNIT ( ) NAMED_UNIT ( * ) SI_UNIT ( .MILLI., .METRE. ) );
#3513 = CARTESIAN_POINT ( 'NONE',  ( 0.6500000000000001300, 0.5100000000000000100, 1.399999999999999200 ) ) ;
#3514 = ORIENTED_EDGE ( 'NONE', *, *, #241, .T. ) ;
#3515 = DIRECTION ( 'NONE',  ( -0.0000000000000000000, 1.000000000000000000, -0.0000000000000000000 ) ) ;
#3516 = DIRECTION ( 'NONE',  ( 0.0000000000000000000, -1.000000000000000000, 0.0000000000000000000 ) ) ;
#3517 = ORIENTED_EDGE ( 'NONE', *, *, #609, .F. ) ;
#3518 = EDGE_CURVE ( 'NONE', #702, #1891, #4074, .T. ) ;
#3519 = VECTOR ( 'NONE', #3749, 1000.000000000000000 ) ;
#3520 =( NAMED_UNIT ( * ) SI_UNIT ( $, .STERADIAN. ) SOLID_ANGLE_UNIT ( ) );
#3521 = AXIS2_PLACEMENT_3D ( 'NONE', #3615, #3904, #4272 ) ;
#3522 = CARTESIAN_POINT ( 'NONE',  ( 0.6500000000000001300, 0.5500000000000000400, -1.399999999999999200 ) ) ;
#3523 = DIRECTION ( 'NONE',  ( -1.000000000000000000, 0.0000000000000000000, 0.0000000000000000000 ) ) ;
#3524 = LINE ( 'NONE', #3953, #2015 ) ;
#3525 = CARTESIAN_POINT ( 'NONE',  ( -0.6500000000000001300, 0.5100000000000000100, -1.599999999999999900 ) ) ;
#3526 = MECHANICAL_DESIGN_GEOMETRIC_PRESENTATION_REPRESENTATION (  '', ( #2355 ), #1974 ) ;
#3527 = DIRECTION ( 'NONE',  ( -0.0000000000000000000, 1.000000000000000000, -0.0000000000000000000 ) ) ;
#3528 = CARTESIAN_POINT ( 'NONE',  ( -0.7099999999999933000, 0.04000000000000004900, -1.600000000000000300 ) ) ;
#3529 = ORIENTED_EDGE ( 'NONE', *, *, #406, .T. ) ;
#3530 =( NAMED_UNIT ( * ) PLANE_ANGLE_UNIT ( ) SI_UNIT ( $, .RADIAN. ) );
#3531 = ORIENTED_EDGE ( 'NONE', *, *, #137, .T. ) ;
#3532 = VECTOR ( 'NONE', #3700, 1000.000000000000000 ) ;
#3533 = ORIENTED_EDGE ( 'NONE', *, *, #497, .F. ) ;
#3534 = CARTESIAN_POINT ( 'NONE',  ( -0.7099999999999933000, 0.04000000000000004900, -1.600000000000000300 ) ) ;
#3535 = EDGE_LOOP ( 'NONE', ( #2560, #3466, #3232, #4122 ) ) ;
#3536 = DIRECTION ( 'NONE',  ( 0.0000000000000000000, 0.0000000000000000000, -1.000000000000000000 ) ) ;
#3537 = CARTESIAN_POINT ( 'NONE',  ( 0.6249999999999932300, 0.0000000000000000000, 0.1999999999999994800 ) ) ;
#3538 = VECTOR ( 'NONE', #3211, 1000.000000000000000 ) ;
#3539 = EDGE_CURVE ( 'NONE', #2395, #648, #200, .T. ) ;
#3540 = CARTESIAN_POINT ( 'NONE',  ( -0.6249999999999846800, 0.0000000000000000000, 0.5999999999999998700 ) ) ;
#3541 = FACE_OUTER_BOUND ( 'NONE', #1676, .T. ) ;
#3542 = DIRECTION ( 'NONE',  ( 0.0000000000000000000, 0.0000000000000000000, 1.000000000000000000 ) ) ;
#3543 = DIRECTION ( 'NONE',  ( 0.0000000000000000000, 0.0000000000000000000, 1.000000000000000000 ) ) ;
#3544 = ORIENTED_EDGE ( 'NONE', *, *, #2938, .T. ) ;
#3545 = FACE_OUTER_BOUND ( 'NONE', #3661, .T. ) ;
#3546 = EDGE_CURVE ( 'NONE', #2642, #15, #3285, .T. ) ;
#3547 =( NAMED_UNIT ( * ) PLANE_ANGLE_UNIT ( ) SI_UNIT ( $, .RADIAN. ) );
#3548 = CARTESIAN_POINT ( 'NONE',  ( 0.7099999999999930800, 0.04000000000000004900, -1.000000000000000000 ) ) ;
#3549 = CARTESIAN_POINT ( 'NONE',  ( 0.7500000000000002200, 0.0000000000000000000, 1.599999999999999200 ) ) ;
#3550 = VECTOR ( 'NONE', #235, 1000.000000000000000 ) ;
#3551 = CARTESIAN_POINT ( 'NONE',  ( 0.7100000000000001900, 0.5100000000000000100, -1.600000000000000300 ) ) ;
#3552 = CARTESIAN_POINT ( 'NONE',  ( 0.4499999999999918500, 0.0000000000000000000, -0.02499999999999899500 ) ) ;
#3553 = AXIS2_PLACEMENT_3D ( 'NONE', #1924, #906, #3587 ) ;
#3554 = CLOSED_SHELL ( 'NONE', ( #3050, #4003, #231, #3785, #3839, #1730, #3355, #1359, #704, #2370 ) ) ;
#3555 = CARTESIAN_POINT ( 'NONE',  ( 0.7099999999999930800, 0.5100000000000000100, -0.6000000000000005300 ) ) ;
#3556 = CARTESIAN_POINT ( 'NONE',  ( -0.7099999999999933000, 0.5500000000000000400, -1.000000000000000000 ) ) ;
#3557 = VERTEX_POINT ( 'NONE', #3778 ) ;
#3558 = ORIENTED_EDGE ( 'NONE', *, *, #3299, .T. ) ;
#3559 = VECTOR ( 'NONE', #2654, 1000.000000000000000 ) ;
#3560 = VERTEX_POINT ( 'NONE', #2408 ) ;
#3561 = CARTESIAN_POINT ( 'NONE',  ( 0.0000000000000000000, 0.0000000000000000000, 0.0000000000000000000 ) ) ;
#3562 = EDGE_LOOP ( 'NONE', ( #2536, #12, #2279, #1767 ) ) ;
#3563 = VECTOR ( 'NONE', #3919, 1000.000000000000000 ) ;
#3564 = ORIENTED_EDGE ( 'NONE', *, *, #4012, .F. ) ;
#3565 = VECTOR ( 'NONE', #3360, 1000.000000000000000 ) ;
#3566 = EDGE_CURVE ( 'NONE', #1047, #693, #3487, .T. ) ;
#3567 = PLANE ( 'NONE',  #3521 ) ;
#3568 = CARTESIAN_POINT ( 'NONE',  ( 0.0000000000000000000, 0.0000000000000000000, 0.0000000000000000000 ) ) ;
#3569 = LINE ( 'NONE', #1239, #83 ) ;
#3570 = CARTESIAN_POINT ( 'NONE',  ( -0.7500000000000001100, 0.5500000000000000400, 1.000000000000000000 ) ) ;
#3571 = CARTESIAN_POINT ( 'NONE',  ( 0.6500000000000001300, 0.5100000000000000100, -1.599999999999999000 ) ) ;
#3572 = EDGE_CURVE ( 'NONE', #3331, #3119, #506, .T. ) ;
#3573 = VECTOR ( 'NONE', #2084, 1000.000000000000000 ) ;
#3574 = DIRECTION ( 'NONE',  ( 0.0000000000000000000, -0.0000000000000000000, 1.000000000000000000 ) ) ;
#3575 = DIRECTION ( 'NONE',  ( 0.0000000000000000000, 0.0000000000000000000, 1.000000000000000000 ) ) ;
#3576 = DIRECTION ( 'NONE',  ( -0.0000000000000000000, -1.000000000000000000, -0.0000000000000000000 ) ) ;
#3577 = CYLINDRICAL_SURFACE ( 'NONE', #2975, 0.1750000000000000200 ) ;
#3578 = AXIS2_PLACEMENT_3D ( 'NONE', #1396, #3711, #4057 ) ;
#3579 = ORIENTED_EDGE ( 'NONE', *, *, #1830, .T. ) ;
#3580 = EDGE_CURVE ( 'NONE', #1343, #1334, #399, .T. ) ;
#3581 = DIRECTION ( 'NONE',  ( -1.000000000000000000, 0.0000000000000000000, -0.0000000000000000000 ) ) ;
#3582 = ORIENTED_EDGE ( 'NONE', *, *, #2266, .F. ) ;
#3583 = VECTOR ( 'NONE', #1552, 1000.000000000000000 ) ;
#3584 = ORIENTED_EDGE ( 'NONE', *, *, #3895, .T. ) ;
#3585 = ORIENTED_EDGE ( 'NONE', *, *, #2509, .F. ) ;
#3586 = CARTESIAN_POINT ( 'NONE',  ( -0.3500000000000002000, 0.03999999999999999400, -1.000000000000000000 ) ) ;
#3587 = DIRECTION ( 'NONE',  ( 0.0000000000000000000, -0.0000000000000000000, 1.000000000000000000 ) ) ;
#3588 = CARTESIAN_POINT ( 'NONE',  ( -0.4500000000000001800, 0.5500000000000000400, -0.2000000000000000400 ) ) ;
#3589 = ORIENTED_EDGE ( 'NONE', *, *, #4060, .T. ) ;
#3590 = UNCERTAINTY_MEASURE_WITH_UNIT (LENGTH_MEASURE( 1.000000000000000100E-005 ), #527, 'distance_accuracy_value', 'NONE');
#3591 = LINE ( 'NONE', #589, #353 ) ;
#3592 = DIRECTION ( 'NONE',  ( -1.000000000000000000, 0.0000000000000000000, 0.0000000000000000000 ) ) ;
#3593 = AXIS2_PLACEMENT_3D ( 'NONE', #1336, #2690, #1677 ) ;
#3594 = ORIENTED_EDGE ( 'NONE', *, *, #1304, .F. ) ;
#3595 = PLANE ( 'NONE',  #696 ) ;
#3596 = VERTEX_POINT ( 'NONE', #185 ) ;
#3597 = DIRECTION ( 'NONE',  ( 0.0000000000000000000, 0.0000000000000000000, -1.000000000000000000 ) ) ;
#3598 = CARTESIAN_POINT ( 'NONE',  ( -0.6249999999999834600, 0.04000000000000004900, 0.7749999999999999100 ) ) ;
#3599 = CARTESIAN_POINT ( 'NONE',  ( -0.4500000000000001800, 0.5100000000000000100, -1.400000000000000100 ) ) ;
#3600 = FACE_OUTER_BOUND ( 'NONE', #2968, .T. ) ;
#3601 = EDGE_CURVE ( 'NONE', #3326, #2905, #2601, .T. ) ;
#3602 = DIRECTION ( 'NONE',  ( 0.0000000000000000000, 0.0000000000000000000, -1.000000000000000000 ) ) ;
#3603 = LINE ( 'NONE', #596, #2665 ) ;
#3604 = CARTESIAN_POINT ( 'NONE',  ( -0.4500000000000001800, 0.5500000000000000400, -1.400000000000000100 ) ) ;
#3605 = ORIENTED_EDGE ( 'NONE', *, *, #1789, .T. ) ;
#3606 = ORIENTED_EDGE ( 'NONE', *, *, #3927, .F. ) ;
#3607 = CIRCLE ( 'NONE', #2550, 0.1750000000000000200 ) ;
#3608 = EDGE_CURVE ( 'NONE', #3286, #1604, #3337, .T. ) ;
#3609 = CARTESIAN_POINT ( 'NONE',  ( 0.4500000000000001800, 0.5500000000000000400, 0.9999999999999991100 ) ) ;
#3610 = ORIENTED_EDGE ( 'NONE', *, *, #1030, .F. ) ;
#3611 = ORIENTED_EDGE ( 'NONE', *, *, #2483, .T. ) ;
#3612 = CARTESIAN_POINT ( 'NONE',  ( -0.4500000000000002300, 0.04000000000000004900, -0.7750000000000014700 ) ) ;
#3613 = VECTOR ( 'NONE', #3806, 1000.000000000000000 ) ;
#3614 = CARTESIAN_POINT ( 'NONE',  ( -0.4500000000000001800, 0.5500000000000000400, -1.000000000000000000 ) ) ;
#3615 = CARTESIAN_POINT ( 'NONE',  ( 0.3500000000000002000, 0.03999999999999999400, -1.599999999999999000 ) ) ;
#3616 = ORIENTED_EDGE ( 'NONE', *, *, #3518, .T. ) ;
#3617 = ORIENTED_EDGE ( 'NONE', *, *, #1449, .F. ) ;
#3618 = VECTOR ( 'NONE', #3786, 1000.000000000000000 ) ;
#3619 = CARTESIAN_POINT ( 'NONE',  ( 0.4500000000000000100, 0.04000000000000004900, -1.600000000000000300 ) ) ;
#3620 = EDGE_LOOP ( 'NONE', ( #2821, #2268, #2074, #3451 ) ) ;
#3621 = CARTESIAN_POINT ( 'NONE',  ( -0.7099999999999933000, 0.0000000000000000000, -1.000000000000000000 ) ) ;
#3622 = VECTOR ( 'NONE', #3501, 1000.000000000000000 ) ;
#3623 = VERTEX_POINT ( 'NONE', #133 ) ;
#3624 = CARTESIAN_POINT ( 'NONE',  ( -0.7500000000000001100, 0.5500000000000000400, -0.6000000000000000900 ) ) ;
#3625 = DIRECTION ( 'NONE',  ( 1.000000000000000000, 0.0000000000000000000, 0.0000000000000000000 ) ) ;
#3626 = LINE ( 'NONE', #60, #3565 ) ;
#3627 = ORIENTED_EDGE ( 'NONE', *, *, #1555, .F. ) ;
#3628 = DIRECTION ( 'NONE',  ( 0.0000000000000000000, 0.0000000000000000000, -1.000000000000000000 ) ) ;
#3629 = EDGE_CURVE ( 'NONE', #1140, #687, #1418, .T. ) ;
#3630 = DIRECTION ( 'NONE',  ( 0.0000000000000000000, 0.0000000000000000000, 1.000000000000000000 ) ) ;
#3631 = VERTEX_POINT ( 'NONE', #3457 ) ;
#3632 = DIRECTION ( 'NONE',  ( -0.0000000000000000000, 1.000000000000000000, -0.0000000000000000000 ) ) ;
#3633 = CARTESIAN_POINT ( 'NONE',  ( -0.4500000000000001800, 0.5500000000000000400, 1.400000000000000100 ) ) ;
#3634 = ORIENTED_EDGE ( 'NONE', *, *, #3250, .T. ) ;
#3635 = CARTESIAN_POINT ( 'NONE',  ( -0.6500000000000001300, 0.5500000000000000400, 1.400000000000000100 ) ) ;
#3636 = EDGE_CURVE ( 'NONE', #3048, #2871, #4, .T. ) ;
#3637 = ORIENTED_EDGE ( 'NONE', *, *, #1022, .T. ) ;
#3638 = CARTESIAN_POINT ( 'NONE',  ( 0.0000000000000000000, 0.0000000000000000000, 1.599999999999998500 ) ) ;
#3639 = CARTESIAN_POINT ( 'NONE',  ( -0.6250000000000003300, 0.0000000000000000000, -0.7750000000000002400 ) ) ;
#3640 = ADVANCED_FACE ( 'NONE', ( #1163 ), #3439, .T. ) ;
#3641 = AXIS2_PLACEMENT_3D ( 'NONE', #3667, #2368, #713 ) ;
#3642 = FACE_OUTER_BOUND ( 'NONE', #1947, .T. ) ;
#3643 = EDGE_CURVE ( 'NONE', #2576, #3823, #808, .T. ) ;
#3644 = ORIENTED_EDGE ( 'NONE', *, *, #2431, .T. ) ;
#3645 = ORIENTED_EDGE ( 'NONE', *, *, #1330, .T. ) ;
#3646 = ORIENTED_EDGE ( 'NONE', *, *, #2909, .T. ) ;
#3647 = VECTOR ( 'NONE', #1496, 1000.000000000000000 ) ;
#3648 = DIRECTION ( 'NONE',  ( 1.000000000000000000, 0.0000000000000000000, 0.0000000000000000000 ) ) ;
#3649 = LINE ( 'NONE', #4270, #1215 ) ;
#3650 = AXIS2_PLACEMENT_3D ( 'NONE', #3183, #3197, #1198 ) ;
#3651 = CARTESIAN_POINT ( 'NONE',  ( -0.7500000000000001100, 0.0000000000000000000, -1.000000000000000000 ) ) ;
#3652 = VERTEX_POINT ( 'NONE', #171 ) ;
#3653 = COLOUR_RGB ( '',0.2509803921568627400, 0.2509803921568627400, 0.2509803921568627400 ) ;
#3654 = CARTESIAN_POINT ( 'NONE',  ( 0.7100000000000001900, 0.04000000000000004900, -1.600000000000000300 ) ) ;
#3655 = CARTESIAN_POINT ( 'NONE',  ( 0.7500000000000001100, 0.5500000000000000400, 0.9999999999999991100 ) ) ;
#3656 = ORIENTED_EDGE ( 'NONE', *, *, #3799, .F. ) ;
#3657 = FACE_OUTER_BOUND ( 'NONE', #3405, .T. ) ;
#3658 = CARTESIAN_POINT ( 'NONE',  ( 0.4500000000000000700, 0.04000000000000004900, -0.8249999999999990700 ) ) ;
#3659 = VECTOR ( 'NONE', #2892, 1000.000000000000000 ) ;
#3660 = EDGE_CURVE ( 'NONE', #991, #2703, #311, .T. ) ;
#3661 = EDGE_LOOP ( 'NONE', ( #2759, #4144, #3248, #3695 ) ) ;
#3662 = ADVANCED_FACE ( 'NONE', ( #2187 ), #3412, .F. ) ;
#3663 = DIRECTION ( 'NONE',  ( 0.0000000000000000000, 1.000000000000000000, 0.0000000000000000000 ) ) ;
#3664 = ORIENTED_EDGE ( 'NONE', *, *, #3838, .T. ) ;
#3665 = CIRCLE ( 'NONE', #3444, 0.1750000000000000200 ) ;
#3666 = EDGE_LOOP ( 'NONE', ( #3735, #3379, #894, #679 ) ) ;
#3667 = CARTESIAN_POINT ( 'NONE',  ( 0.6500000000000001300, 0.5500000000000000400, 1.599999999999999000 ) ) ;
#3668 = ORIENTED_EDGE ( 'NONE', *, *, #1970, .T. ) ;
#3669 = ORIENTED_EDGE ( 'NONE', *, *, #1690, .F. ) ;
#3670 = CYLINDRICAL_SURFACE ( 'NONE', #1260, 0.1750000000000000200 ) ;
#3671 = DIRECTION ( 'NONE',  ( -1.000000000000000000, 0.0000000000000000000, 0.0000000000000000000 ) ) ;
#3672 = VERTEX_POINT ( 'NONE', #1477 ) ;
#3673 = VECTOR ( 'NONE', #465, 1000.000000000000000 ) ;
#3674 = DIRECTION ( 'NONE',  ( -0.0000000000000000000, -0.0000000000000000000, 1.000000000000000000 ) ) ;
#3675 = FACE_OUTER_BOUND ( 'NONE', #968, .T. ) ;
#3676 = CARTESIAN_POINT ( 'NONE',  ( 0.4500000000000002300, 0.5500000000000000400, 0.5999999999999998700 ) ) ;
#3677 = DIRECTION ( 'NONE',  ( 0.0000000000000000000, 0.0000000000000000000, 1.000000000000000000 ) ) ;
#3678 = DIRECTION ( 'NONE',  ( -1.807003620809173900E-016, 0.0000000000000000000, -1.000000000000000000 ) ) ;
#3679 = ORIENTED_EDGE ( 'NONE', *, *, #559, .F. ) ;
#3680 = FACE_OUTER_BOUND ( 'NONE', #3430, .T. ) ;
#3681 = DIRECTION ( 'NONE',  ( 1.000000000000000000, 0.0000000000000000000, 0.0000000000000000000 ) ) ;
#3682 = ADVANCED_FACE ( 'NONE', ( #2034 ), #1868, .T. ) ;
#3683 = LINE ( 'NONE', #798, #347 ) ;
#3684 = EDGE_CURVE ( 'NONE', #3176, #1161, #3234, .T. ) ;
#3685 = EDGE_LOOP ( 'NONE', ( #3492, #2104, #4040, #3024 ) ) ;
#3686 = ORIENTED_EDGE ( 'NONE', *, *, #276, .T. ) ;
#3687 = CARTESIAN_POINT ( 'NONE',  ( 0.3499999999999998700, 0.03999999999999999400, 1.399999999999999700 ) ) ;
#3688 = DIRECTION ( 'NONE',  ( 0.0000000000000000000, -0.0000000000000000000, 1.000000000000000000 ) ) ;
#3689 = FACE_OUTER_BOUND ( 'NONE', #2386, .T. ) ;
#3690 = ORIENTED_EDGE ( 'NONE', *, *, #2189, .F. ) ;
#3691 = EDGE_CURVE ( 'NONE', #1704, #2097, #3073, .T. ) ;
#3692 = ORIENTED_EDGE ( 'NONE', *, *, #837, .T. ) ;
#3693 = VERTEX_POINT ( 'NONE', #1505 ) ;
#3694 = ORIENTED_EDGE ( 'NONE', *, *, #1783, .T. ) ;
#3695 = ORIENTED_EDGE ( 'NONE', *, *, #4227, .F. ) ;
#3696 = VECTOR ( 'NONE', #838, 1000.000000000000000 ) ;
#3697 =( GEOMETRIC_REPRESENTATION_CONTEXT ( 3 ) GLOBAL_UNCERTAINTY_ASSIGNED_CONTEXT ( ( #396 ) ) GLOBAL_UNIT_ASSIGNED_CONTEXT ( ( #2194, #875, #3874 ) ) REPRESENTATION_CONTEXT ( 'NONE', 'WORKASPACE' ) );
#3698 = DIRECTION ( 'NONE',  ( 0.0000000000000000000, 0.0000000000000000000, -1.000000000000000000 ) ) ;
#3699 = ORIENTED_EDGE ( 'NONE', *, *, #3116, .F. ) ;
#3700 = DIRECTION ( 'NONE',  ( -0.0000000000000000000, 1.000000000000000000, -0.0000000000000000000 ) ) ;
#3701 = FACE_OUTER_BOUND ( 'NONE', #904, .T. ) ;
#3702 = CARTESIAN_POINT ( 'NONE',  ( 0.4500000000000001800, 0.5500000000000000400, 1.600000000000000300 ) ) ;
#3703 = ADVANCED_FACE ( 'NONE', ( #1055 ), #4198, .F. ) ;
#3704 = AXIS2_PLACEMENT_3D ( 'NONE', #360, #62, #1321 ) ;
#3705 = ORIENTED_EDGE ( 'NONE', *, *, #3105, .F. ) ;
#3706 = DIRECTION ( 'NONE',  ( -0.7071067811865475700, -0.7071067811865475700, -0.0000000000000000000 ) ) ;
#3707 = ORIENTED_EDGE ( 'NONE', *, *, #2883, .F. ) ;
#3708 = LINE ( 'NONE', #3619, #205 ) ;
#3709 = CARTESIAN_POINT ( 'NONE',  ( 0.3499999999999999800, 0.03999999999999999400, 0.5999999999999998700 ) ) ;
#3710 = VECTOR ( 'NONE', #2400, 1000.000000000000000 ) ;
#3711 = DIRECTION ( 'NONE',  ( -1.000000000000000000, 0.0000000000000000000, -0.0000000000000000000 ) ) ;
#3712 = PLANE ( 'NONE',  #3915 ) ;
#3713 = EDGE_CURVE ( 'NONE', #3797, #1228, #1731, .T. ) ;
#3714 = ORIENTED_EDGE ( 'NONE', *, *, #1407, .T. ) ;
#3715 = VECTOR ( 'NONE', #1652, 1000.000000000000000 ) ;
#3716 = ORIENTED_EDGE ( 'NONE', *, *, #3281, .T. ) ;
#3717 = PLANE ( 'NONE',  #2473 ) ;
#3718 = ORIENTED_EDGE ( 'NONE', *, *, #2753, .F. ) ;
#3719 = EDGE_CURVE ( 'NONE', #1632, #3557, #1633, .T. ) ;
#3720 = CARTESIAN_POINT ( 'NONE',  ( -0.4500000000000001800, 0.5500000000000000400, 0.2000000000000000400 ) ) ;
#3721 = VERTEX_POINT ( 'NONE', #2845 ) ;
#3722 = LINE ( 'NONE', #3205, #2847 ) ;
#3723 = EDGE_CURVE ( 'NONE', #3325, #3300, #3591, .T. ) ;
#3724 = ADVANCED_BREP_SHAPE_REPRESENTATION ( 'ACASA470124701P100', ( #3217, #1918, #1414, #665, #1287, #4247, #1790, #3083, #478, #3456, #1436 ), #2765 ) ;
#3725 = CARTESIAN_POINT ( 'NONE',  ( 0.4500000000000002300, 0.5100000000000000100, -0.5999999999999998700 ) ) ;
#3726 = ADVANCED_FACE ( 'NONE', ( #658 ), #1217, .F. ) ;
#3727 = VECTOR ( 'NONE', #944, 1000.000000000000000 ) ;
#3728 = VERTEX_POINT ( 'NONE', #3525 ) ;
#3729 = CARTESIAN_POINT ( 'NONE',  ( -0.7500000000000001100, 0.5100000000000000100, -1.000000000000000000 ) ) ;
#3730 =( LENGTH_UNIT ( ) NAMED_UNIT ( * ) SI_UNIT ( .MILLI., .METRE. ) );
#3731 = LINE ( 'NONE', #383, #232 ) ;
#3732 = EDGE_LOOP ( 'NONE', ( #2595, #3508, #2403, #3173 ) ) ;
#3733 =( NAMED_UNIT ( * ) SI_UNIT ( $, .STERADIAN. ) SOLID_ANGLE_UNIT ( ) );
#3734 = VECTOR ( 'NONE', #3476, 1000.000000000000000 ) ;
#3735 = ORIENTED_EDGE ( 'NONE', *, *, #1079, .T. ) ;
#3736 = DIRECTION ( 'NONE',  ( 0.0000000000000000000, 0.0000000000000000000, -1.000000000000000000 ) ) ;
#3737 = ORIENTED_EDGE ( 'NONE', *, *, #2397, .F. ) ;
#3738 = EDGE_CURVE ( 'NONE', #1851, #2157, #2972, .T. ) ;
#3739 = DIRECTION ( 'NONE',  ( -1.000000000000000000, 0.0000000000000000000, -2.168404344971008100E-015 ) ) ;
#3740 = ORIENTED_EDGE ( 'NONE', *, *, #2843, .T. ) ;
#3741 = CARTESIAN_POINT ( 'NONE',  ( -0.7500000000000001100, 0.5500000000000000400, 0.6000000000000000900 ) ) ;
#3742 = ADVANCED_FACE ( 'NONE', ( #249 ), #1190, .F. ) ;
#3743 = VECTOR ( 'NONE', #2527, 1000.000000000000000 ) ;
#3744 = AXIS2_PLACEMENT_3D ( 'NONE', #2896, #4241, #3581 ) ;
#3745 = EDGE_LOOP ( 'NONE', ( #2184, #1331, #188, #2316, #1138, #876 ) ) ;
#3746 = VECTOR ( 'NONE', #2610, 1000.000000000000000 ) ;
#3747 = ORIENTED_EDGE ( 'NONE', *, *, #2741, .F. ) ;
#3748 = DIRECTION ( 'NONE',  ( -1.000000000000000000, 0.0000000000000000000, -7.228014483236699500E-016 ) ) ;
#3749 = DIRECTION ( 'NONE',  ( 2.710505431213759600E-016, 0.0000000000000000000, -1.000000000000000000 ) ) ;
#3750 = DIRECTION ( 'NONE',  ( -0.0000000000000000000, -1.000000000000000000, -0.0000000000000000000 ) ) ;
#3751 = ORIENTED_EDGE ( 'NONE', *, *, #3878, .T. ) ;
#3752 = LINE ( 'NONE', #423, #3437 ) ;
#3753 = CARTESIAN_POINT ( 'NONE',  ( -0.7099999999999933000, 0.04000000000000004900, 0.2000000000000000900 ) ) ;
#3754 = CARTESIAN_POINT ( 'NONE',  ( 0.3499999999999998700, 0.03999999999999999400, 1.599999999999998500 ) ) ;
#3755 = ORIENTED_EDGE ( 'NONE', *, *, #2916, .F. ) ;
#3756 = VECTOR ( 'NONE', #3632, 1000.000000000000000 ) ;
#3757 = PLANE ( 'NONE',  #3418 ) ;
#3758 = AXIS2_PLACEMENT_3D ( 'NONE', #2499, #534, #3490 ) ;
#3759 = PLANE ( 'NONE',  #2930 ) ;
#3760 = LINE ( 'NONE', #1470, #416 ) ;
#3761 = ORIENTED_EDGE ( 'NONE', *, *, #2961, .F. ) ;
#3762 = VECTOR ( 'NONE', #4153, 1000.000000000000000 ) ;
#3763 = CARTESIAN_POINT ( 'NONE',  ( 0.7500000000000001100, 0.5500000000000000400, -0.5999999999999996400 ) ) ;
#3764 = DIRECTION ( 'NONE',  ( 0.0000000000000000000, -1.000000000000000000, 0.0000000000000000000 ) ) ;
#3765 = ADVANCED_FACE ( 'NONE', ( #1979 ), #2534, .F. ) ;
#3766 = EDGE_CURVE ( 'NONE', #1548, #2918, #2872, .T. ) ;
#3767 = ORIENTED_EDGE ( 'NONE', *, *, #5, .T. ) ;
#3768 = ORIENTED_EDGE ( 'NONE', *, *, #3324, .T. ) ;
#3769 = LINE ( 'NONE', #2511, #684 ) ;
#3770 = DIRECTION ( 'NONE',  ( 0.0000000000000000000, -0.0000000000000000000, -1.000000000000000000 ) ) ;
#3771 = EDGE_LOOP ( 'NONE', ( #3925, #3335, #2168, #4030 ) ) ;
#3772 = EDGE_CURVE ( 'NONE', #1891, #2010, #1310, .T. ) ;
#3773 = EDGE_LOOP ( 'NONE', ( #2729, #587, #671, #1003, #2289, #2457, #3965, #1439 ) ) ;
#3774 = CARTESIAN_POINT ( 'NONE',  ( 0.7500000000000001100, 0.03999999999999999400, 0.5999999999999996400 ) ) ;
#3775 = CYLINDRICAL_SURFACE ( 'NONE', #2873, 0.1750000000000000200 ) ;
#3776 = DIRECTION ( 'NONE',  ( -0.0000000000000000000, 0.0000000000000000000, -1.000000000000000000 ) ) ;
#3777 = VECTOR ( 'NONE', #33, 1000.000000000000000 ) ;
#3778 = CARTESIAN_POINT ( 'NONE',  ( 0.4499999999999919100, 0.5100000000000000100, 0.02499999999999818700 ) ) ;
#3779 = AXIS2_PLACEMENT_3D ( 'NONE', #1894, #2321, #3969 ) ;
#3780 = CARTESIAN_POINT ( 'NONE',  ( -0.7500000000000000000, 0.5500000000000000400, 0.2000000000000000400 ) ) ;
#3781 = PLANE ( 'NONE',  #983 ) ;
#3782 = AXIS2_PLACEMENT_3D ( 'NONE', #2691, #4113, #4104 ) ;
#3783 = FACE_OUTER_BOUND ( 'NONE', #391, .T. ) ;
#3784 = ORIENTED_EDGE ( 'NONE', *, *, #1756, .F. ) ;
#3785 = ADVANCED_FACE ( 'NONE', ( #1881 ), #3203, .F. ) ;
#3786 = DIRECTION ( 'NONE',  ( -0.0000000000000000000, 1.000000000000000000, -0.0000000000000000000 ) ) ;
#3787 = ORIENTED_EDGE ( 'NONE', *, *, #4271, .T. ) ;
#3788 = VERTEX_POINT ( 'NONE', #2196 ) ;
#3789 = EDGE_CURVE ( 'NONE', #3254, #29, #1105, .T. ) ;
#3790 = CARTESIAN_POINT ( 'NONE',  ( 0.4500000000000001800, 0.5500000000000000400, 1.399999999999999200 ) ) ;
#3791 = DIRECTION ( 'NONE',  ( 0.0000000000000000000, 0.0000000000000000000, 1.000000000000000000 ) ) ;
#3792 = EDGE_LOOP ( 'NONE', ( #626, #2, #3617, #895 ) ) ;
#3793 = LINE ( 'NONE', #3133, #2539 ) ;
#3794 = CARTESIAN_POINT ( 'NONE',  ( -0.7099999999999933000, 0.04000000000000004900, -1.600000000000000300 ) ) ;
#3795 = ORIENTED_EDGE ( 'NONE', *, *, #267, .F. ) ;
#3796 = DIRECTION ( 'NONE',  ( -0.0000000000000000000, 1.000000000000000000, 0.0000000000000000000 ) ) ;
#3797 = VERTEX_POINT ( 'NONE', #2190 ) ;
#3798 = ORIENTED_EDGE ( 'NONE', *, *, #3461, .F. ) ;
#3799 = EDGE_CURVE ( 'NONE', #3996, #3081, #1209, .T. ) ;
#3800 = DIRECTION ( 'NONE',  ( -0.0000000000000000000, 0.0000000000000000000, 1.000000000000000000 ) ) ;
#3801 = ORIENTED_EDGE ( 'NONE', *, *, #656, .F. ) ;
#3802 = VECTOR ( 'NONE', #2136, 1000.000000000000000 ) ;
#3803 = DIRECTION ( 'NONE',  ( 1.000000000000000000, 0.0000000000000000000, -2.168404344971008100E-015 ) ) ;
#3804 = CARTESIAN_POINT ( 'NONE',  ( -0.4500000000000002300, 0.5100000000000000100, 0.6000000000000003100 ) ) ;
#3805 = VERTEX_POINT ( 'NONE', #3164 ) ;
#3806 = DIRECTION ( 'NONE',  ( 0.0000000000000000000, -1.000000000000000000, 0.0000000000000000000 ) ) ;
#3807 = SURFACE_STYLE_FILL_AREA ( #3392 ) ;
#3808 = ORIENTED_EDGE ( 'NONE', *, *, #1110, .F. ) ;
#3809 = AXIS2_PLACEMENT_3D ( 'NONE', #681, #364, #2977 ) ;
#3810 = EDGE_CURVE ( 'NONE', #2984, #1632, #1005, .T. ) ;
#3811 = VERTEX_POINT ( 'NONE', #1899 ) ;
#3812 = FACE_OUTER_BOUND ( 'NONE', #97, .T. ) ;
#3813 = CARTESIAN_POINT ( 'NONE',  ( 0.6500000000000001300, 0.5500000000000000400, 1.399999999999999200 ) ) ;
#3814 = CARTESIAN_POINT ( 'NONE',  ( -0.7099999999999933000, 0.5100000000000000100, -1.600000000000000300 ) ) ;
#3815 = ADVANCED_FACE ( 'NONE', ( #902 ), #897, .F. ) ;
#3816 = LINE ( 'NONE', #3916, #3393 ) ;
#3817 = DIRECTION ( 'NONE',  ( 0.0000000000000000000, -1.000000000000000000, 0.0000000000000000000 ) ) ;
#3818 = SURFACE_STYLE_FILL_AREA ( #4038 ) ;
#3819 = CARTESIAN_POINT ( 'NONE',  ( -0.7500000000000001100, 0.5500000000000000400, -0.6000000000000000900 ) ) ;
#3820 = LINE ( 'NONE', #2612, #2049 ) ;
#3821 = CARTESIAN_POINT ( 'NONE',  ( -0.7099999999999933000, 0.5100000000000000100, -1.600000000000000300 ) ) ;
#3822 = AXIS2_PLACEMENT_3D ( 'NONE', #4254, #1932, #403 ) ;
#3823 = VERTEX_POINT ( 'NONE', #2188 ) ;
#3824 =( NAMED_UNIT ( * ) PLANE_ANGLE_UNIT ( ) SI_UNIT ( $, .RADIAN. ) );
#3825 = ORIENTED_EDGE ( 'NONE', *, *, #656, .T. ) ;
#3826 = VERTEX_POINT ( 'NONE', #3548 ) ;
#3827 = VECTOR ( 'NONE', #1600, 1000.000000000000000 ) ;
#3828 = EDGE_LOOP ( 'NONE', ( #351, #1438, #683, #2389 ) ) ;
#3829 = DIRECTION ( 'NONE',  ( -0.0000000000000000000, 0.0000000000000000000, 1.000000000000000000 ) ) ;
#3830 = DIRECTION ( 'NONE',  ( -1.000000000000000000, -0.0000000000000000000, 6.377659838150644000E-016 ) ) ;
#3831 = EDGE_LOOP ( 'NONE', ( #4242, #898, #3374, #1290, #2367, #256, #3424, #193 ) ) ;
#3832 = VECTOR ( 'NONE', #4194, 1000.000000000000100 ) ;
#3833 = EDGE_CURVE ( 'NONE', #2642, #3908, #452, .T. ) ;
#3834 = DIRECTION ( 'NONE',  ( -0.0000000000000000000, 1.000000000000000000, -0.0000000000000000000 ) ) ;
#3835 = VECTOR ( 'NONE', #2800, 1000.000000000000000 ) ;
#3836 = DIRECTION ( 'NONE',  ( -0.0000000000000000000, 1.000000000000000000, -0.0000000000000000000 ) ) ;
#3837 = ORIENTED_EDGE ( 'NONE', *, *, #355, .F. ) ;
#3838 = EDGE_CURVE ( 'NONE', #2125, #4258, #3330, .T. ) ;
#3839 = ADVANCED_FACE ( 'NONE', ( #1101 ), #552, .T. ) ;
#3840 = FILL_AREA_STYLE_COLOUR ( '', #3506 ) ;
#3841 = VECTOR ( 'NONE', #120, 1000.000000000000000 ) ;
#3842 = VERTEX_POINT ( 'NONE', #1874 ) ;
#3843 = DIRECTION ( 'NONE',  ( -0.0000000000000000000, -0.0000000000000000000, -1.000000000000000000 ) ) ;
#3844 = LINE ( 'NONE', #2156, #2020 ) ;
#3845 = MECHANICAL_DESIGN_GEOMETRIC_PRESENTATION_REPRESENTATION (  '', ( #386 ), #3697 ) ;
#3846 = DIRECTION ( 'NONE',  ( -1.000000000000000000, -0.0000000000000000000, -0.0000000000000000000 ) ) ;
#3847 = DIRECTION ( 'NONE',  ( 0.0000000000000000000, 0.0000000000000000000, 1.000000000000000000 ) ) ;
#3848 = CARTESIAN_POINT ( 'NONE',  ( 0.3499999999999998700, 0.03999999999999999400, 0.9999999999999995600 ) ) ;
#3849 = LINE ( 'NONE', #67, #846 ) ;
#3850 = DIRECTION ( 'NONE',  ( 1.000000000000000000, 0.0000000000000000000, 0.0000000000000000000 ) ) ;
#3851 = CARTESIAN_POINT ( 'NONE',  ( 0.6249999999999919000, 0.5100000000000000100, -0.02500000000000023400 ) ) ;
#3852 = DIRECTION ( 'NONE',  ( 0.0000000000000000000, 0.0000000000000000000, 1.000000000000000000 ) ) ;
#3853 = VERTEX_POINT ( 'NONE', #4206 ) ;
#3854 = ORIENTED_EDGE ( 'NONE', *, *, #346, .T. ) ;
#3855 = ORIENTED_EDGE ( 'NONE', *, *, #2627, .T. ) ;
#3856 = CARTESIAN_POINT ( 'NONE',  ( 0.4500000000000001800, 0.5500000000000000400, 0.9999999999999991100 ) ) ;
#3857 = ORIENTED_EDGE ( 'NONE', *, *, #3713, .T. ) ;
#3858 = ORIENTED_EDGE ( 'NONE', *, *, #3963, .F. ) ;
#3859 = ORIENTED_EDGE ( 'NONE', *, *, #3332, .F. ) ;
#3860 = VECTOR ( 'NONE', #891, 1000.000000000000000 ) ;
#3861 = EDGE_CURVE ( 'NONE', #2626, #858, #2592, .T. ) ;
#3862 = CARTESIAN_POINT ( 'NONE',  ( -0.7099999999999933000, 0.04000000000000004900, -1.600000000000000300 ) ) ;
#3863 = PRESENTATION_LAYER_ASSIGNMENT (  '', '', ( #2231 ) ) ;
#3864 = CARTESIAN_POINT ( 'NONE',  ( 0.7500000000000001100, 0.5500000000000000400, 0.9999999999999991100 ) ) ;
#3865 = ORIENTED_EDGE ( 'NONE', *, *, #2773, .F. ) ;
#3866 = LINE ( 'NONE', #2908, #1884 ) ;
#3867 = EDGE_CURVE ( 'NONE', #674, #450, #146, .T. ) ;
#3868 = DIRECTION ( 'NONE',  ( 0.0000000000000000000, 1.000000000000000000, 0.0000000000000000000 ) ) ;
#3869 = ORIENTED_EDGE ( 'NONE', *, *, #3980, .F. ) ;
#3870 = DIRECTION ( 'NONE',  ( 0.0000000000000000000, -1.000000000000000000, 0.0000000000000000000 ) ) ;
#3871 = LINE ( 'NONE', #3468, #8 ) ;
#3872 = CARTESIAN_POINT ( 'NONE',  ( 0.7099999999999930800, 0.5100000000000000100, -1.000000000000000000 ) ) ;
#3873 = DIRECTION ( 'NONE',  ( 0.0000000000000000000, 0.0000000000000000000, -1.000000000000000000 ) ) ;
#3874 =( NAMED_UNIT ( * ) SI_UNIT ( $, .STERADIAN. ) SOLID_ANGLE_UNIT ( ) );
#3875 = ORIENTED_EDGE ( 'NONE', *, *, #3415, .T. ) ;
#3876 = LINE ( 'NONE', #1111, #1115 ) ;
#3877 = AXIS2_PLACEMENT_3D ( 'NONE', #809, #489, #771 ) ;
#3878 = EDGE_CURVE ( 'NONE', #781, #2617, #4279, .T. ) ;
#3879 = PLANE ( 'NONE',  #3779 ) ;
#3880 = CARTESIAN_POINT ( 'NONE',  ( -0.3500000000000004200, 0.03999999999999999400, 0.5999999999999998700 ) ) ;
#3881 = VECTOR ( 'NONE', #2547, 1000.000000000000000 ) ;
#3882 = AXIS2_PLACEMENT_3D ( 'NONE', #2217, #1530, #4192 ) ;
#3883 = ORIENTED_EDGE ( 'NONE', *, *, #2425, .F. ) ;
#3884 = VERTEX_POINT ( 'NONE', #61 ) ;
#3885 = CIRCLE ( 'NONE', #2170, 0.1750000000000000200 ) ;
#3886 = CARTESIAN_POINT ( 'NONE',  ( 0.7500000000000001100, 0.5500000000000000400, -0.9999999999999991100 ) ) ;
#3887 = ORIENTED_EDGE ( 'NONE', *, *, #497, .T. ) ;
#3888 = ORIENTED_EDGE ( 'NONE', *, *, #3377, .F. ) ;
#3889 = DIRECTION ( 'NONE',  ( 0.0000000000000000000, -0.0000000000000000000, 1.000000000000000000 ) ) ;
#3890 = CARTESIAN_POINT ( 'NONE',  ( -0.6250000000000002200, 0.5100000000000000100, -0.8249999999999999600 ) ) ;
#3891 = VERTEX_POINT ( 'NONE', #1320 ) ;
#3892 = FACE_OUTER_BOUND ( 'NONE', #3029, .T. ) ;
#3893 = ADVANCED_FACE ( 'NONE', ( #2811 ), #1982, .F. ) ;
#3894 = ORIENTED_EDGE ( 'NONE', *, *, #1712, .F. ) ;
#3895 = EDGE_CURVE ( 'NONE', #92, #3254, #2235, .T. ) ;
#3896 = FACE_OUTER_BOUND ( 'NONE', #1778, .T. ) ;
#3897 = ORIENTED_EDGE ( 'NONE', *, *, #4172, .T. ) ;
#3898 = SURFACE_STYLE_USAGE ( .BOTH. , #1915 ) ;
#3899 = CARTESIAN_POINT ( 'NONE',  ( -0.3500000000000004200, 0.0000000000000000000, 0.5999999999999998700 ) ) ;
#3900 = ORIENTED_EDGE ( 'NONE', *, *, #3361, .T. ) ;
#3901 = DIRECTION ( 'NONE',  ( 1.000000000000000000, 0.0000000000000000000, 1.355252715606880000E-016 ) ) ;
#3902 = AXIS2_PLACEMENT_3D ( 'NONE', #652, #2562, #2927 ) ;
#3903 = PLANE ( 'NONE',  #3060 ) ;
#3904 = DIRECTION ( 'NONE',  ( -1.000000000000000000, 0.0000000000000000000, 0.0000000000000000000 ) ) ;
#3905 = PRESENTATION_STYLE_ASSIGNMENT (( #3898 ) ) ;
#3906 = AXIS2_PLACEMENT_3D ( 'NONE', #831, #1082, #777 ) ;
#3907 = DIRECTION ( 'NONE',  ( 0.0000000000000000000, 0.0000000000000000000, -1.000000000000000000 ) ) ;
#3908 = VERTEX_POINT ( 'NONE', #2769 ) ;
#3909 = DIRECTION ( 'NONE',  ( 0.0000000000000000000, 1.000000000000000000, 0.0000000000000000000 ) ) ;
#3910 = LINE ( 'NONE', #2858, #2329 ) ;
#3911 = VERTEX_POINT ( 'NONE', #1424 ) ;
#3912 = ORIENTED_EDGE ( 'NONE', *, *, #164, .F. ) ;
#3913 = CARTESIAN_POINT ( 'NONE',  ( 0.7500000000000000000, 0.0000000000000000000, 0.1999999999999999300 ) ) ;
#3914 = VERTEX_POINT ( 'NONE', #4015 ) ;
#3915 = AXIS2_PLACEMENT_3D ( 'NONE', #3084, #2384, #2054 ) ;
#3916 = CARTESIAN_POINT ( 'NONE',  ( -0.7500000000000002200, 0.0000000000000000000, 1.600000000000000100 ) ) ;
#3917 = ADVANCED_FACE ( 'NONE', ( #192 ), #3040, .T. ) ;
#3918 = VECTOR ( 'NONE', #2077, 1000.000000000000000 ) ;
#3919 = DIRECTION ( 'NONE',  ( 0.0000000000000000000, 0.0000000000000000000, 1.000000000000000000 ) ) ;
#3920 = EDGE_CURVE ( 'NONE', #2010, #2621, #2487, .T. ) ;
#3921 = LINE ( 'NONE', #3872, #762 ) ;
#3922 = CARTESIAN_POINT ( 'NONE',  ( 0.4500000000000001200, 0.0000000000000000000, -0.7750000000000018000 ) ) ;
#3923 = CARTESIAN_POINT ( 'NONE',  ( -0.6249999999999834600, 0.5100000000000000100, 0.7749999999999999100 ) ) ;
#3924 = UNCERTAINTY_MEASURE_WITH_UNIT (LENGTH_MEASURE( 1.000000000000000100E-005 ), #495, 'distance_accuracy_value', 'NONE');
#3925 = ORIENTED_EDGE ( 'NONE', *, *, #3467, .T. ) ;
#3926 = VECTOR ( 'NONE', #2549, 1000.000000000000000 ) ;
#3927 = EDGE_CURVE ( 'NONE', #524, #2254, #3428, .T. ) ;
#3928 = FILL_AREA_STYLE ('',( #2267 ) ) ;
#3929 = DIRECTION ( 'NONE',  ( 1.355252715606880000E-016, 0.0000000000000000000, -1.000000000000000000 ) ) ;
#3930 = LINE ( 'NONE', #1577, #3498 ) ;
#3931 = ORIENTED_EDGE ( 'NONE', *, *, #3140, .F. ) ;
#3932 = PLANE ( 'NONE',  #4185 ) ;
#3933 = PLANE ( 'NONE',  #4244 ) ;
#3934 = AXIS2_PLACEMENT_3D ( 'NONE', #3328, #2336, #4008 ) ;
#3935 = LINE ( 'NONE', #2935, #2301 ) ;
#3936 = ADVANCED_FACE ( 'NONE', ( #2127 ), #3371, .T. ) ;
#3937 = DIRECTION ( 'NONE',  ( -1.000000000000000000, 0.0000000000000000000, 0.0000000000000000000 ) ) ;
#3938 = ORIENTED_EDGE ( 'NONE', *, *, #2796, .F. ) ;
#3939 = VERTEX_POINT ( 'NONE', #1076 ) ;
#3940 = LINE ( 'NONE', #1098, #3039 ) ;
#3941 = AXIS2_PLACEMENT_3D ( 'NONE', #1001, #54, #2303 ) ;
#3942 = ORIENTED_EDGE ( 'NONE', *, *, #4149, .T. ) ;
#3943 = CARTESIAN_POINT ( 'NONE',  ( 0.7500000000000001100, 0.0000000000000000000, -0.5999999999999996400 ) ) ;
#3944 = ORIENTED_EDGE ( 'NONE', *, *, #1800, .T. ) ;
#3945 = LINE ( 'NONE', #2535, #3044 ) ;
#3946 = DIRECTION ( 'NONE',  ( 0.0000000000000000000, 0.0000000000000000000, 1.000000000000000000 ) ) ;
#3947 = ORIENTED_EDGE ( 'NONE', *, *, #3920, .T. ) ;
#3948 = FACE_OUTER_BOUND ( 'NONE', #3685, .T. ) ;
#3949 = EDGE_CURVE ( 'NONE', #4128, #367, #302, .T. ) ;
#3950 = CARTESIAN_POINT ( 'NONE',  ( -0.7099999999999933000, 0.5100000000000000100, -1.600000000000000300 ) ) ;
#3951 = VECTOR ( 'NONE', #278, 1000.000000000000000 ) ;
#3952 = CARTESIAN_POINT ( 'NONE',  ( 0.6249999999999919000, 0.04000000000000004900, -0.02500000000000023400 ) ) ;
#3953 = CARTESIAN_POINT ( 'NONE',  ( -0.7500000000000001100, 0.5500000000000000400, -1.000000000000000000 ) ) ;
#3954 = VERTEX_POINT ( 'NONE', #3401 ) ;
#3955 = EDGE_CURVE ( 'NONE', #3409, #136, #1781, .T. ) ;
#3956 = VECTOR ( 'NONE', #1443, 1000.000000000000000 ) ;
#3957 = PLANE ( 'NONE',  #4284 ) ;
#3958 = DIRECTION ( 'NONE',  ( -0.0000000000000000000, 1.000000000000000000, 0.0000000000000000000 ) ) ;
#3959 = CARTESIAN_POINT ( 'NONE',  ( -0.4300000000000001600, 0.5500000000000000400, 1.600000000000000300 ) ) ;
#3960 = ADVANCED_FACE ( 'NONE', ( #849 ), #3712, .T. ) ;
#3961 = VERTEX_POINT ( 'NONE', #757 ) ;
#3962 = DIRECTION ( 'NONE',  ( 0.0000000000000000000, -0.0000000000000000000, -1.000000000000000000 ) ) ;
#3963 = EDGE_CURVE ( 'NONE', #4054, #3797, #1156, .T. ) ;
#3964 = CARTESIAN_POINT ( 'NONE',  ( -0.4500000000000001800, 0.5500000000000000400, 1.000000000000000000 ) ) ;
#3965 = ORIENTED_EDGE ( 'NONE', *, *, #1970, .F. ) ;
#3966 = VERTEX_POINT ( 'NONE', #2093 ) ;
#3967 = CARTESIAN_POINT ( 'NONE',  ( -0.4499999999999834700, 0.0000000000000000000, 0.7750000000000010200 ) ) ;
#3968 = AXIS2_PLACEMENT_3D ( 'NONE', #4177, #191, #2504 ) ;
#3969 = DIRECTION ( 'NONE',  ( 0.0000000000000000000, 0.0000000000000000000, 1.000000000000000000 ) ) ;
#3970 = DIRECTION ( 'NONE',  ( -1.000000000000000000, -0.0000000000000000000, -0.0000000000000000000 ) ) ;
#3971 = CARTESIAN_POINT ( 'NONE',  ( -0.7500000000000001100, 0.0000000000000000000, -0.6000000000000000900 ) ) ;
#3972 = ORIENTED_EDGE ( 'NONE', *, *, #1984, .T. ) ;
#3973 = LINE ( 'NONE', #3132, #960 ) ;
#3974 = DIRECTION ( 'NONE',  ( -0.0000000000000000000, -0.0000000000000000000, 1.000000000000000000 ) ) ;
#3975 = ORIENTED_EDGE ( 'NONE', *, *, #1407, .F. ) ;
#3976 = CARTESIAN_POINT ( 'NONE',  ( 0.7100000000000001900, 0.5100000000000000100, 0.5999999999999996400 ) ) ;
#3977 = CARTESIAN_POINT ( 'NONE',  ( 0.6249999999999920100, 0.5100000000000000100, 0.02499999999999946400 ) ) ;
#3978 = VERTEX_POINT ( 'NONE', #3058 ) ;
#3979 = FACE_OUTER_BOUND ( 'NONE', #3771, .T. ) ;
#3980 = EDGE_CURVE ( 'NONE', #3331, #4120, #4225, .T. ) ;
#3981 = DIRECTION ( 'NONE',  ( -0.0000000000000000000, -1.000000000000000000, -0.0000000000000000000 ) ) ;
#3982 = ORIENTED_EDGE ( 'NONE', *, *, #3080, .F. ) ;
#3983 = VECTOR ( 'NONE', #1641, 1000.000000000000000 ) ;
#3984 = CARTESIAN_POINT ( 'NONE',  ( -0.6249999999999932300, 0.04000000000000004900, 0.1999999999999997100 ) ) ;
#3985 = LINE ( 'NONE', #2032, #1849 ) ;
#3986 = EDGE_CURVE ( 'NONE', #3376, #118, #3373, .T. ) ;
#3987 =( LENGTH_UNIT ( ) NAMED_UNIT ( * ) SI_UNIT ( .MILLI., .METRE. ) );
#3988 = PLANE ( 'NONE',  #3031 ) ;
#3989 = ORIENTED_EDGE ( 'NONE', *, *, #3566, .F. ) ;
#3990 = VECTOR ( 'NONE', #225, 1000.000000000000000 ) ;
#3991 = CARTESIAN_POINT ( 'NONE',  ( -0.7099999999999933000, 0.5100000000000000100, 0.6000000000000003100 ) ) ;
#3992 = ORIENTED_EDGE ( 'NONE', *, *, #2865, .F. ) ;
#3993 = VERTEX_POINT ( 'NONE', #2181 ) ;
#3994 = VERTEX_POINT ( 'NONE', #810 ) ;
#3995 = VECTOR ( 'NONE', #88, 1000.000000000000000 ) ;
#3996 = VERTEX_POINT ( 'NONE', #550 ) ;
#3997 = LINE ( 'NONE', #3676, #2631 ) ;
#3998 = AXIS2_PLACEMENT_3D ( 'NONE', #3814, #3796, #1507 ) ;
#3999 = DIRECTION ( 'NONE',  ( 1.000000000000000000, -0.0000000000000000000, 1.807003620809173900E-016 ) ) ;
#4000 = CARTESIAN_POINT ( 'NONE',  ( 0.7500000000000000000, 0.5500000000000000400, -0.1999999999999999300 ) ) ;
#4001 = VERTEX_POINT ( 'NONE', #456 ) ;
#4002 = CARTESIAN_POINT ( 'NONE',  ( 0.7500000000000001100, 0.0000000000000000000, -0.9999999999999991100 ) ) ;
#4003 = ADVANCED_FACE ( 'NONE', ( #3642 ), #1803, .F. ) ;
#4004 = LINE ( 'NONE', #1202, #4212 ) ;
#4005 = ORIENTED_EDGE ( 'NONE', *, *, #3018, .F. ) ;
#4006 = EDGE_CURVE ( 'NONE', #3797, #3721, #1462, .T. ) ;
#4007 = CARTESIAN_POINT ( 'NONE',  ( 0.7099999999999767600, 0.0000000000000000000, 0.9999999999999995600 ) ) ;
#4008 = DIRECTION ( 'NONE',  ( 0.0000000000000000000, 0.0000000000000000000, -1.000000000000000000 ) ) ;
#4009 = PLANE ( 'NONE',  #444 ) ;
#4010 = VECTOR ( 'NONE', #1311, 1000.000000000000000 ) ;
#4011 = CARTESIAN_POINT ( 'NONE',  ( 0.7500000000000002200, 0.5500000000000000400, 1.599999999999999200 ) ) ;
#4012 = EDGE_CURVE ( 'NONE', #1161, #4179, #3793, .T. ) ;
#4013 = ORIENTED_EDGE ( 'NONE', *, *, #2571, .F. ) ;
#4014 = ORIENTED_EDGE ( 'NONE', *, *, #788, .F. ) ;
#4015 = CARTESIAN_POINT ( 'NONE',  ( -0.4500000000000002300, 0.5500000000000000400, -0.6000000000000003100 ) ) ;
#4016 = DIRECTION ( 'NONE',  ( 1.000000000000000000, 0.0000000000000000000, -6.377659838150644000E-016 ) ) ;
#4017 = ORIENTED_EDGE ( 'NONE', *, *, #431, .F. ) ;
#4018 = VECTOR ( 'NONE', #1137, 1000.000000000000000 ) ;
#4019 = ORIENTED_EDGE ( 'NONE', *, *, #1006, .F. ) ;
#4020 = CARTESIAN_POINT ( 'NONE',  ( -0.7099999999999933000, 0.04000000000000004900, -1.600000000000000300 ) ) ;
#4021 = CARTESIAN_POINT ( 'NONE',  ( -0.7099999999999849800, 0.04000000000000004900, -0.2000000000000000400 ) ) ;
#4022 = ADVANCED_FACE ( 'NONE', ( #3689 ), #2166, .F. ) ;
#4023 = DIRECTION ( 'NONE',  ( 2.710505431213761600E-016, -0.0000000000000000000, 1.000000000000000000 ) ) ;
#4024 = DIRECTION ( 'NONE',  ( 0.0000000000000000000, -0.0000000000000000000, 1.000000000000000000 ) ) ;
#4025 = VECTOR ( 'NONE', #1126, 1000.000000000000000 ) ;
#4026 = DIRECTION ( 'NONE',  ( 0.0000000000000000000, -1.000000000000000000, 0.0000000000000000000 ) ) ;
#4027 = DIRECTION ( 'NONE',  ( -0.0000000000000000000, 1.000000000000000000, -0.0000000000000000000 ) ) ;
#4028 = DIRECTION ( 'NONE',  ( 1.000000000000000000, 0.0000000000000000000, 0.0000000000000000000 ) ) ;
#4029 = EDGE_CURVE ( 'NONE', #3560, #2617, #1929, .T. ) ;
#4030 = ORIENTED_EDGE ( 'NONE', *, *, #1249, .F. ) ;
#4031 = ORIENTED_EDGE ( 'NONE', *, *, #1550, .T. ) ;
#4032 = VECTOR ( 'NONE', #1657, 1000.000000000000000 ) ;
#4033 = CARTESIAN_POINT ( 'NONE',  ( -0.6500000000000001300, 0.5500000000000000400, -1.400000000000000100 ) ) ;
#4034 = FACE_OUTER_BOUND ( 'NONE', #1782, .T. ) ;
#4035 = EDGE_CURVE ( 'NONE', #98, #1060, #1679, .T. ) ;
#4036 = DIRECTION ( 'NONE',  ( -1.000000000000000000, 0.0000000000000000000, 0.0000000000000000000 ) ) ;
#4037 = CARTESIAN_POINT ( 'NONE',  ( -0.7099999999999933000, 0.5100000000000000100, -1.600000000000000300 ) ) ;
#4038 = FILL_AREA_STYLE ('',( #2036 ) ) ;
#4039 = VECTOR ( 'NONE', #2258, 1000.000000000000000 ) ;
#4040 = ORIENTED_EDGE ( 'NONE', *, *, #1106, .T. ) ;
#4041 = AXIS2_PLACEMENT_3D ( 'NONE', #1454, #176, #3770 ) ;
#4042 = PLANE ( 'NONE',  #1058 ) ;
#4043 = ORIENTED_EDGE ( 'NONE', *, *, #4012, .T. ) ;
#4044 = ORIENTED_EDGE ( 'NONE', *, *, #3980, .T. ) ;
#4045 = EDGE_CURVE ( 'NONE', #2881, #4262, #607, .T. ) ;
#4046 = VECTOR ( 'NONE', #2701, 1000.000000000000000 ) ;
#4047 = ADVANCED_FACE ( 'NONE', ( #3274 ), #3145, .T. ) ;
#4048 = EDGE_LOOP ( 'NONE', ( #340, #1392, #147, #3352 ) ) ;
#4049 = EDGE_LOOP ( 'NONE', ( #1975, #2236, #3768, #3656 ) ) ;
#4050 = LINE ( 'NONE', #1911, #2472 ) ;
#4051 = CARTESIAN_POINT ( 'NONE',  ( 0.3500000000000002000, 0.0000000000000000000, -1.599999999999999000 ) ) ;
#4052 = DIRECTION ( 'NONE',  ( -0.0000000000000000000, 0.0000000000000000000, -1.000000000000000000 ) ) ;
#4053 =( LENGTH_UNIT ( ) NAMED_UNIT ( * ) SI_UNIT ( .MILLI., .METRE. ) );
#4054 = VERTEX_POINT ( 'NONE', #3459 ) ;
#4055 = PRESENTATION_LAYER_ASSIGNMENT (  '', '', ( #2037 ) ) ;
#4056 = LINE ( 'NONE', #294, #2324 ) ;
#4057 = DIRECTION ( 'NONE',  ( -0.0000000000000000000, 0.0000000000000000000, 1.000000000000000000 ) ) ;
#4058 = UNCERTAINTY_MEASURE_WITH_UNIT (LENGTH_MEASURE( 1.000000000000000100E-005 ), #3512, 'distance_accuracy_value', 'NONE');
#4059 = LINE ( 'NONE', #2727, #3956 ) ;
#4060 = EDGE_CURVE ( 'NONE', #3286, #2931, #2917, .T. ) ;
#4061 = CARTESIAN_POINT ( 'NONE',  ( -0.4500000000000001800, 0.5100000000000000100, 1.000000000000000000 ) ) ;
#4062 = CARTESIAN_POINT ( 'NONE',  ( -0.4500000000000001800, 0.5100000000000000100, 1.600000000000000300 ) ) ;
#4063 = FACE_OUTER_BOUND ( 'NONE', #623, .T. ) ;
#4064 = ADVANCED_FACE ( 'NONE', ( #1046 ), #502, .F. ) ;
#4065 = FILL_AREA_STYLE ('',( #3033 ) ) ;
#4066 = ORIENTED_EDGE ( 'NONE', *, *, #2741, .T. ) ;
#4067 = ORIENTED_EDGE ( 'NONE', *, *, #2050, .F. ) ;
#4068 = EDGE_CURVE ( 'NONE', #2439, #3939, #2758, .T. ) ;
#4069 = VERTEX_POINT ( 'NONE', #2830 ) ;
#4070 = DIRECTION ( 'NONE',  ( 1.000000000000000000, 0.0000000000000000000, 0.0000000000000000000 ) ) ;
#4071 = VERTEX_POINT ( 'NONE', #3503 ) ;
#4072 = DIRECTION ( 'NONE',  ( -0.7071067811865474600, 0.7071067811865474600, -0.0000000000000000000 ) ) ;
#4073 = EDGE_LOOP ( 'NONE', ( #1957, #3228, #4248, #3043 ) ) ;
#4074 = LINE ( 'NONE', #3471, #100 ) ;
#4075 = CARTESIAN_POINT ( 'NONE',  ( 0.7100000000000001900, 0.04000000000000004900, 0.1999999999999998700 ) ) ;
#4076 = SURFACE_SIDE_STYLE ('',( #3807 ) ) ;
#4077 = LINE ( 'NONE', #964, #2343 ) ;
#4078 = DIRECTION ( 'NONE',  ( -1.000000000000000000, 0.0000000000000000000, -2.710505431213763100E-016 ) ) ;
#4079 = ORIENTED_EDGE ( 'NONE', *, *, #4166, .T. ) ;
#4080 = CARTESIAN_POINT ( 'NONE',  ( 0.7500000000000002200, 0.5500000000000000400, 1.599999999999999200 ) ) ;
#4081 = AXIS2_PLACEMENT_3D ( 'NONE', #1839, #3489, #2884 ) ;
#4082 = VECTOR ( 'NONE', #685, 1000.000000000000000 ) ;
#4083 = CARTESIAN_POINT ( 'NONE',  ( -0.4500000000000001800, 0.5500000000000000400, -0.2000000000000000400 ) ) ;
#4084 = VERTEX_POINT ( 'NONE', #1856 ) ;
#4085 = DIRECTION ( 'NONE',  ( -0.0000000000000000000, -0.0000000000000000000, 1.000000000000000000 ) ) ;
#4086 = LINE ( 'NONE', #1485, #3550 ) ;
#4087 = CARTESIAN_POINT ( 'NONE',  ( 0.6249999999999920100, 0.04000000000000004900, 0.02499999999999946400 ) ) ;
#4088 = ORIENTED_EDGE ( 'NONE', *, *, #1134, .F. ) ;
#4089 = ADVANCED_FACE ( 'NONE', ( #1513 ), #2121, .F. ) ;
#4090 = EDGE_CURVE ( 'NONE', #4197, #2918, #500, .T. ) ;
#4091 = VECTOR ( 'NONE', #799, 1000.000000000000000 ) ;
#4092 = DIRECTION ( 'NONE',  ( 1.000000000000000000, -0.0000000000000000000, -0.0000000000000000000 ) ) ;
#4093 = ORIENTED_EDGE ( 'NONE', *, *, #2946, .T. ) ;
#4094 = LINE ( 'NONE', #569, #3400 ) ;
#4095 = EDGE_CURVE ( 'NONE', #3914, #682, #1723, .T. ) ;
#4096 = CARTESIAN_POINT ( 'NONE',  ( 0.4500000000000002300, 0.5500000000000000400, 0.5999999999999998700 ) ) ;
#4097 = ORIENTED_EDGE ( 'NONE', *, *, #2383, .T. ) ;
#4098 = CARTESIAN_POINT ( 'NONE',  ( -0.7099999999999933000, 0.5100000000000000100, -1.000000000000000000 ) ) ;
#4099 = LINE ( 'NONE', #3880, #2154 ) ;
#4100 = ORIENTED_EDGE ( 'NONE', *, *, #708, .F. ) ;
#4101 = DIRECTION ( 'NONE',  ( 0.0000000000000000000, -0.0000000000000000000, -1.000000000000000000 ) ) ;
#4102 = DIRECTION ( 'NONE',  ( -1.000000000000000000, 0.0000000000000000000, 0.0000000000000000000 ) ) ;
#4103 = EDGE_CURVE ( 'NONE', #2105, #491, #94, .T. ) ;
#4104 = DIRECTION ( 'NONE',  ( -1.000000000000000000, 0.0000000000000000000, -0.0000000000000000000 ) ) ;
#4105 = VECTOR ( 'NONE', #1742, 1000.000000000000000 ) ;
#4106 = CARTESIAN_POINT ( 'NONE',  ( -0.6249999999999846800, 0.5100000000000000100, 0.5999999999999998700 ) ) ;
#4107 = FACE_OUTER_BOUND ( 'NONE', #2338, .T. ) ;
#4108 = ORIENTED_EDGE ( 'NONE', *, *, #1914, .F. ) ;
#4109 = DIRECTION ( 'NONE',  ( -0.0000000000000000000, -1.000000000000000000, -0.0000000000000000000 ) ) ;
#4110 = ADVANCED_FACE ( 'NONE', ( #2339 ), #1253, .F. ) ;
#4111 = CARTESIAN_POINT ( 'NONE',  ( -0.7099999999999933000, 0.5100000000000000100, -1.600000000000000300 ) ) ;
#4112 = LINE ( 'NONE', #1010, #2533 ) ;
#4113 = DIRECTION ( 'NONE',  ( 0.0000000000000000000, 0.0000000000000000000, -1.000000000000000000 ) ) ;
#4114 = ORIENTED_EDGE ( 'NONE', *, *, #1998, .F. ) ;
#4115 = ORIENTED_EDGE ( 'NONE', *, *, #283, .F. ) ;
#4116 = EDGE_CURVE ( 'NONE', #1060, #1827, #1002, .T. ) ;
#4117 = CARTESIAN_POINT ( 'NONE',  ( 0.0000000000000000000, 0.0000000000000000000, 0.0000000000000000000 ) ) ;
#4118 = PLANE ( 'NONE',  #3906 ) ;
#4119 = VECTOR ( 'NONE', #202, 1000.000000000000000 ) ;
#4120 = VERTEX_POINT ( 'NONE', #3571 ) ;
#4121 = EDGE_CURVE ( 'NONE', #2399, #304, #1261, .T. ) ;
#4122 = ORIENTED_EDGE ( 'NONE', *, *, #3047, .F. ) ;
#4123 = ORIENTED_EDGE ( 'NONE', *, *, #3691, .F. ) ;
#4124 = LINE ( 'NONE', #675, #3434 ) ;
#4125 = DIRECTION ( 'NONE',  ( 0.0000000000000000000, 0.0000000000000000000, -1.000000000000000000 ) ) ;
#4126 = DIRECTION ( 'NONE',  ( 1.000000000000000000, -0.0000000000000000000, -2.168404344971008100E-015 ) ) ;
#4127 = ADVANCED_FACE ( 'NONE', ( #1879 ), #932, .F. ) ;
#4128 = VERTEX_POINT ( 'NONE', #563 ) ;
#4129 = VECTOR ( 'NONE', #3002, 1000.000000000000000 ) ;
#4130 = AXIS2_PLACEMENT_3D ( 'NONE', #2518, #1210, #1916 ) ;
#4131 = CARTESIAN_POINT ( 'NONE',  ( -0.4500000000000001800, 0.5500000000000000400, 1.000000000000000000 ) ) ;
#4132 = CARTESIAN_POINT ( 'NONE',  ( 0.6249999999999932300, 0.5100000000000000100, 0.1999999999999994800 ) ) ;
#4133 = ORIENTED_EDGE ( 'NONE', *, *, #2483, .F. ) ;
#4134 = LINE ( 'NONE', #1678, #1943 ) ;
#4135 = CARTESIAN_POINT ( 'NONE',  ( -0.7099999999999933000, 0.04000000000000004900, -1.000000000000000000 ) ) ;
#4136 = CARTESIAN_POINT ( 'NONE',  ( 0.7500000000000000000, 0.5100000000000000100, -0.1999999999999999300 ) ) ;
#4137 = FACE_OUTER_BOUND ( 'NONE', #3142, .T. ) ;
#4138 = ORIENTED_EDGE ( 'NONE', *, *, #4029, .T. ) ;
#4139 = CARTESIAN_POINT ( 'NONE',  ( -0.4500000000000001800, 0.5500000000000000400, -1.600000000000000300 ) ) ;
#4140 = VERTEX_POINT ( 'NONE', #337 ) ;
#4141 = LINE ( 'NONE', #1715, #3715 ) ;
#4142 = DIRECTION ( 'NONE',  ( 0.0000000000000000000, -0.0000000000000000000, -1.000000000000000000 ) ) ;
#4143 = EDGE_CURVE ( 'NONE', #3148, #2332, #3910, .T. ) ;
#4144 = ORIENTED_EDGE ( 'NONE', *, *, #1330, .F. ) ;
#4145 = ORIENTED_EDGE ( 'NONE', *, *, #439, .T. ) ;
#4146 = VECTOR ( 'NONE', #2405, 1000.000000000000000 ) ;
#4147 = CARTESIAN_POINT ( 'NONE',  ( 0.7500000000000001100, 0.5100000000000000100, 0.9999999999999991100 ) ) ;
#4148 = ORIENTED_EDGE ( 'NONE', *, *, #1888, .F. ) ;
#4149 = EDGE_CURVE ( 'NONE', #2703, #148, #1246, .T. ) ;
#4150 = VERTEX_POINT ( 'NONE', #673 ) ;
#4151 = CARTESIAN_POINT ( 'NONE',  ( -0.3500000000000005300, 0.0000000000000000000, 1.599999999999999900 ) ) ;
#4152 = ADVANCED_FACE ( 'NONE', ( #2907 ), #1670, .F. ) ;
#4153 = DIRECTION ( 'NONE',  ( 1.000000000000000000, 0.0000000000000000000, 7.228014483236699500E-016 ) ) ;
#4154 = FACE_OUTER_BOUND ( 'NONE', #2195, .T. ) ;
#4155 = CARTESIAN_POINT ( 'NONE',  ( -0.4500000000000002300, 0.5100000000000000100, -0.6000000000000003100 ) ) ;
#4156 = AXIS2_PLACEMENT_3D ( 'NONE', #3794, #1815, #4229 ) ;
#4157 = DIRECTION ( 'NONE',  ( 1.000000000000000000, 0.0000000000000000000, 0.0000000000000000000 ) ) ;
#4158 = ORIENTED_EDGE ( 'NONE', *, *, #439, .F. ) ;
#4159 = DIRECTION ( 'NONE',  ( 1.000000000000000000, -0.0000000000000000000, 0.0000000000000000000 ) ) ;
#4160 = CARTESIAN_POINT ( 'NONE',  ( 0.4500000000000002300, 0.5500000000000000400, -0.5999999999999998700 ) ) ;
#4161 = ORIENTED_EDGE ( 'NONE', *, *, #2448, .F. ) ;
#4162 = PLANE ( 'NONE',  #127 ) ;
#4163 = LINE ( 'NONE', #4061, #1298 ) ;
#4164 = SURFACE_SIDE_STYLE ('',( #2929 ) ) ;
#4165 = FACE_OUTER_BOUND ( 'NONE', #1495, .T. ) ;
#4166 = EDGE_CURVE ( 'NONE', #68, #3994, #977, .T. ) ;
#4167 = DIRECTION ( 'NONE',  ( -0.0000000000000000000, -1.000000000000000000, -0.0000000000000000000 ) ) ;
#4168 = VECTOR ( 'NONE', #517, 1000.000000000000000 ) ;
#4169 = VERTEX_POINT ( 'NONE', #1660 ) ;
#4170 = CARTESIAN_POINT ( 'NONE',  ( -0.7500000000000001100, 0.03999999999999999400, -1.000000000000000000 ) ) ;
#4171 = ORIENTED_EDGE ( 'NONE', *, *, #2590, .T. ) ;
#4172 = EDGE_CURVE ( 'NONE', #303, #4071, #1323, .T. ) ;
#4173 = CARTESIAN_POINT ( 'NONE',  ( 0.7100000000000001900, 0.04000000000000004900, -1.600000000000000300 ) ) ;
#4174 = ORIENTED_EDGE ( 'NONE', *, *, #600, .F. ) ;
#4175 = VECTOR ( 'NONE', #547, 1000.000000000000000 ) ;
#4176 = DIRECTION ( 'NONE',  ( 0.0000000000000000000, 1.000000000000000000, -0.0000000000000000000 ) ) ;
#4177 = CARTESIAN_POINT ( 'NONE',  ( -0.3500000000000005300, 0.03999999999999999400, 1.599999999999999900 ) ) ;
#4178 = CARTESIAN_POINT ( 'NONE',  ( -0.6250000000000015500, 0.04000000000000004900, -0.6000000000000003100 ) ) ;
#4179 = VERTEX_POINT ( 'NONE', #689 ) ;
#4180 = DIRECTION ( 'NONE',  ( 0.0000000000000000000, 0.0000000000000000000, -1.000000000000000000 ) ) ;
#4181 = AXIS2_PLACEMENT_3D ( 'NONE', #1635, #3958, #2973 ) ;
#4182 = EDGE_CURVE ( 'NONE', #1240, #2413, #4077, .T. ) ;
#4183 = LINE ( 'NONE', #3381, #2978 ) ;
#4184 = CARTESIAN_POINT ( 'NONE',  ( -0.6249999999999932300, 0.0000000000000000000, 0.1999999999999997100 ) ) ;
#4185 = AXIS2_PLACEMENT_3D ( 'NONE', #2895, #3873, #640 ) ;
#4186 = ORIENTED_EDGE ( 'NONE', *, *, #2922, .F. ) ;
#4187 = FACE_OUTER_BOUND ( 'NONE', #3666, .T. ) ;
#4188 = UNCERTAINTY_MEASURE_WITH_UNIT (LENGTH_MEASURE( 1.000000000000000100E-005 ), #2598, 'distance_accuracy_value', 'NONE');
#4189 = PLANE ( 'NONE',  #4269 ) ;
#4190 = VERTEX_POINT ( 'NONE', #28 ) ;
#4191 = LINE ( 'NONE', #1935, #2512 ) ;
#4192 = DIRECTION ( 'NONE',  ( 0.0000000000000000000, 0.0000000000000000000, 1.000000000000000000 ) ) ;
#4193 = ADVANCED_FACE ( 'NONE', ( #390 ), #2262, .F. ) ;
#4194 = DIRECTION ( 'NONE',  ( 0.7071067811865474600, 0.7071067811865474600, -0.0000000000000000000 ) ) ;
#4195 = EDGE_LOOP ( 'NONE', ( #1594, #4158, #277, #113 ) ) ;
#4196 = VECTOR ( 'NONE', #3186, 1000.000000000000000 ) ;
#4197 = VERTEX_POINT ( 'NONE', #3984 ) ;
#4198 = PLANE ( 'NONE',  #17 ) ;
#4199 = CARTESIAN_POINT ( 'NONE',  ( 0.3500000000000002000, 0.03999999999999999400, -1.000000000000000000 ) ) ;
#4200 = DIRECTION ( 'NONE',  ( -1.355252715606880000E-016, -0.0000000000000000000, 1.000000000000000000 ) ) ;
#4201 = DIRECTION ( 'NONE',  ( 0.0000000000000000000, 1.000000000000000000, -0.0000000000000000000 ) ) ;
#4202 = ORIENTED_EDGE ( 'NONE', *, *, #3018, .T. ) ;
#4203 = LINE ( 'NONE', #1029, #3995 ) ;
#4204 = EDGE_CURVE ( 'NONE', #3672, #2754, #3524, .T. ) ;
#4205 = LINE ( 'NONE', #2874, #3104 ) ;
#4206 = CARTESIAN_POINT ( 'NONE',  ( 0.4500000000000001200, 0.5100000000000000100, -0.7750000000000018000 ) ) ;
#4207 = CARTESIAN_POINT ( 'NONE',  ( -0.6249999999999919000, 0.5100000000000000100, -0.02500000000000006400 ) ) ;
#4208 = ORIENTED_EDGE ( 'NONE', *, *, #1937, .T. ) ;
#4209 = EDGE_CURVE ( 'NONE', #2754, #801, #1078, .T. ) ;
#4210 = CARTESIAN_POINT ( 'NONE',  ( 0.6249999999999849000, 0.04000000000000004900, 0.9999999999999995600 ) ) ;
#4211 = PLANE ( 'NONE',  #2031 ) ;
#4212 = VECTOR ( 'NONE', #3516, 1000.000000000000000 ) ;
#4213 = DIRECTION ( 'NONE',  ( 1.000000000000000000, 0.0000000000000000000, -0.0000000000000000000 ) ) ;
#4214 = VECTOR ( 'NONE', #3251, 1000.000000000000000 ) ;
#4215 = CARTESIAN_POINT ( 'NONE',  ( -0.7099999999999933000, 0.04000000000000004900, -1.000000000000000000 ) ) ;
#4216 = CARTESIAN_POINT ( 'NONE',  ( -0.3500000000000003100, 0.03999999999999999400, -0.2000000000000000900 ) ) ;
#4217 = DIRECTION ( 'NONE',  ( 0.0000000000000000000, -0.0000000000000000000, 1.000000000000000000 ) ) ;
#4218 = ORIENTED_EDGE ( 'NONE', *, *, #2525, .F. ) ;
#4219 = CARTESIAN_POINT ( 'NONE',  ( 0.7100000000000001900, 0.04000000000000004900, -1.600000000000000300 ) ) ;
#4220 = AXIS2_PLACEMENT_3D ( 'NONE', #3262, #1630, #2956 ) ;
#4221 = DIRECTION ( 'NONE',  ( -0.0000000000000000000, 1.000000000000000000, -0.0000000000000000000 ) ) ;
#4222 = ADVANCED_FACE ( 'NONE', ( #3479 ), #947, .F. ) ;
#4223 = ORIENTED_EDGE ( 'NONE', *, *, #2407, .T. ) ;
#4224 = ORIENTED_EDGE ( 'NONE', *, *, #1638, .F. ) ;
#4225 = LINE ( 'NONE', #1178, #44 ) ;
#4226 = VERTEX_POINT ( 'NONE', #2667 ) ;
#4227 = EDGE_CURVE ( 'NONE', #3994, #1130, #3239, .T. ) ;
#4228 = CARTESIAN_POINT ( 'NONE',  ( -0.6250000000000003300, 0.5100000000000000100, -0.7750000000000002400 ) ) ;
#4229 = DIRECTION ( 'NONE',  ( 0.0000000000000000000, -0.0000000000000000000, -1.000000000000000000 ) ) ;
#4230 = CARTESIAN_POINT ( 'NONE',  ( 0.4500000000000001800, 0.5500000000000000400, -0.9999999999999991100 ) ) ;
#4231 = DIRECTION ( 'NONE',  ( 0.0000000000000000000, 1.000000000000000000, 0.0000000000000000000 ) ) ;
#4232 = EDGE_LOOP ( 'NONE', ( #3347, #2203, #4208, #2923, #654, #580, #1459, #2818 ) ) ;
#4233 = ORIENTED_EDGE ( 'NONE', *, *, #3895, .F. ) ;
#4234 = LINE ( 'NONE', #382, #1264 ) ;
#4235 = EDGE_CURVE ( 'NONE', #104, #2648, #2260, .T. ) ;
#4236 = PLANE ( 'NONE',  #413 ) ;
#4237 = CARTESIAN_POINT ( 'NONE',  ( 0.0000000000000000000, 0.5500000000000000400, 0.0000000000000000000 ) ) ;
#4238 = CARTESIAN_POINT ( 'NONE',  ( 0.6500000000000001300, 0.5500000000000000400, 1.599999999999999000 ) ) ;
#4239 = CARTESIAN_POINT ( 'NONE',  ( 0.6249999999999836800, 0.5100000000000000100, 0.7749999999999996900 ) ) ;
#4240 = CARTESIAN_POINT ( 'NONE',  ( 0.7099999999999849800, 0.04000000000000004900, 0.1999999999999994300 ) ) ;
#4241 = DIRECTION ( 'NONE',  ( 0.0000000000000000000, 0.0000000000000000000, -1.000000000000000000 ) ) ;
#4242 = ORIENTED_EDGE ( 'NONE', *, *, #2832, .T. ) ;
#4243 = VECTOR ( 'NONE', #3671, 1000.000000000000000 ) ;
#4244 = AXIS2_PLACEMENT_3D ( 'NONE', #455, #4159, #4125 ) ;
#4245 = DIRECTION ( 'NONE',  ( 0.0000000000000000000, 0.0000000000000000000, 1.000000000000000000 ) ) ;
#4246 = LINE ( 'NONE', #3819, #867 ) ;
#4247 = MANIFOLD_SOLID_BREP ( 'Pin 5', #1308 ) ;
#4248 = ORIENTED_EDGE ( 'NONE', *, *, #4209, .F. ) ;
#4249 = LINE ( 'NONE', #2478, #1802 ) ;
#4250 = DIRECTION ( 'NONE',  ( -1.000000000000000000, -0.0000000000000000000, -0.0000000000000000000 ) ) ;
#4251 = DIRECTION ( 'NONE',  ( 0.0000000000000000000, 0.0000000000000000000, 1.000000000000000000 ) ) ;
#4252 = ORIENTED_EDGE ( 'NONE', *, *, #35, .T. ) ;
#4253 = VERTEX_POINT ( 'NONE', #3709 ) ;
#4254 = CARTESIAN_POINT ( 'NONE',  ( 0.7500000000000001100, 0.5500000000000000400, 0.5999999999999996400 ) ) ;
#4255 = LINE ( 'NONE', #990, #3827 ) ;
#4256 = DIRECTION ( 'NONE',  ( -0.0000000000000000000, 0.0000000000000000000, -1.000000000000000000 ) ) ;
#4257 = EDGE_CURVE ( 'NONE', #1469, #1925, #2724, .T. ) ;
#4258 = VERTEX_POINT ( 'NONE', #751 ) ;
#4259 = FACE_OUTER_BOUND ( 'NONE', #1373, .T. ) ;
#4260 = DIRECTION ( 'NONE',  ( 1.000000000000000000, 0.0000000000000000000, 2.168404344971008100E-015 ) ) ;
#4261 = DIRECTION ( 'NONE',  ( -0.0000000000000000000, 1.000000000000000000, -0.0000000000000000000 ) ) ;
#4262 = VERTEX_POINT ( 'NONE', #711 ) ;
#4263 = CARTESIAN_POINT ( 'NONE',  ( 0.6500000000000001300, 0.5500000000000000400, -1.599999999999999000 ) ) ;
#4264 = SURFACE_SIDE_STYLE ('',( #1707 ) ) ;
#4265 = EDGE_CURVE ( 'NONE', #2881, #693, #2148, .T. ) ;
#4266 = ORIENTED_EDGE ( 'NONE', *, *, #2016, .F. ) ;
#4267 = DIRECTION ( 'NONE',  ( 1.000000000000000000, -0.0000000000000000000, 0.0000000000000000000 ) ) ;
#4268 = LINE ( 'NONE', #4219, #2269 ) ;
#4269 = AXIS2_PLACEMENT_3D ( 'NONE', #3561, #610, #2516 ) ;
#4270 = CARTESIAN_POINT ( 'NONE',  ( 0.7100000000000001900, 0.5500000000000000400, 0.1999999999999999300 ) ) ;
#4271 = EDGE_CURVE ( 'NONE', #3087, #3884, #415, .T. ) ;
#4272 = DIRECTION ( 'NONE',  ( 0.0000000000000000000, 0.0000000000000000000, 1.000000000000000000 ) ) ;
#4273 = CYLINDRICAL_SURFACE ( 'NONE', #2220, 0.1750000000000000200 ) ;
#4274 = CARTESIAN_POINT ( 'NONE',  ( -0.6500000000000001300, 0.5500000000000000400, -1.599999999999999900 ) ) ;
#4275 = AXIS2_PLACEMENT_3D ( 'NONE', #2141, #1833, #1821 ) ;
#4276 = VECTOR ( 'NONE', #1714, 1000.000000000000000 ) ;
#4277 = FILL_AREA_STYLE ('',( #1828 ) ) ;
#4278 = ORIENTED_EDGE ( 'NONE', *, *, #371, .F. ) ;
#4279 = LINE ( 'NONE', #2604, #2704 ) ;
#4280 = PLANE ( 'NONE',  #208 ) ;
#4281 = ORIENTED_EDGE ( 'NONE', *, *, #2222, .T. ) ;
#4282 = DIRECTION ( 'NONE',  ( 0.0000000000000000000, 0.0000000000000000000, 1.000000000000000000 ) ) ;
#4283 = ORIENTED_EDGE ( 'NONE', *, *, #848, .T. ) ;
#4284 = AXIS2_PLACEMENT_3D ( 'NONE', #2038, #2064, #3398 ) ;
#4285 = CARTESIAN_POINT ( 'NONE',  ( -0.7099999999999765400, 0.0000000000000000000, 0.5999999999999998700 ) ) ;
ENDSEC;
END-ISO-10303-21;
